,Length,Frequency,Path,Part&under10,Part&10to30,Part&over30,NonPart&under10,NonPart&10to30,NonPart&over30,p
0,5,14,"(('exit', ('W_Validate application|suspend', 'W_Validate application|ate_abort')), ('enter', ('W_Validate application|ate_abort', 'W_Call incomplete files|schedule')), ('enter', ('W_Call incomplete files|schedule', 'W_Call incomplete files|start')), ('exit', ('W_Call incomplete files|start', 'A_Incomplete')), ('exit', ('A_Incomplete', 'W_Call incomplete files|suspend')))",195,668,282,1904,4907,1436,1.4175582929709662e-10
1,5,14,"(('exit', ('W_Validate application|suspend', 'W_Validate application|ate_abort')), ('enter', ('W_Validate application|ate_abort', 'W_Call incomplete files|schedule')), ('exit', ('W_Call incomplete files|schedule', 'W_Call incomplete files|start')), ('enter', ('W_Call incomplete files|start', 'A_Incomplete')), ('enter', ('A_Incomplete', 'W_Call incomplete files|suspend')))",195,668,282,1904,4907,1436,1.4175582929709662e-10
2,5,14,"(('exit', ('W_Validate application|suspend', 'W_Validate application|ate_abort')), ('enter', ('W_Validate application|ate_abort', 'W_Call incomplete files|schedule')), ('exit', ('W_Call incomplete files|schedule', 'W_Call incomplete files|start')), ('enter', ('W_Call incomplete files|start', 'A_Incomplete')), ('exit', ('A_Incomplete', 'W_Call incomplete files|suspend')))",195,668,282,1904,4907,1436,1.4175582929709662e-10
3,5,14,"(('exit', ('W_Validate application|suspend', 'W_Validate application|ate_abort')), ('enter', ('W_Validate application|ate_abort', 'W_Call incomplete files|schedule')), ('exit', ('W_Call incomplete files|schedule', 'W_Call incomplete files|start')), ('exit', ('W_Call incomplete files|start', 'A_Incomplete')), ('enter', ('A_Incomplete', 'W_Call incomplete files|suspend')))",195,668,282,1904,4907,1436,1.4175582929709662e-10
4,5,14,"(('exit', ('W_Validate application|suspend', 'W_Validate application|ate_abort')), ('enter', ('W_Validate application|ate_abort', 'W_Call incomplete files|schedule')), ('exit', ('W_Call incomplete files|schedule', 'W_Call incomplete files|start')), ('exit', ('W_Call incomplete files|start', 'A_Incomplete')), ('exit', ('A_Incomplete', 'W_Call incomplete files|suspend')))",195,668,282,1904,4907,1436,1.4175582929709662e-10
5,5,14,"(('exit', ('W_Validate application|suspend', 'W_Validate application|ate_abort')), ('exit', ('W_Validate application|ate_abort', 'W_Call incomplete files|schedule')), ('enter', ('W_Call incomplete files|schedule', 'W_Call incomplete files|start')), ('enter', ('W_Call incomplete files|start', 'A_Incomplete')), ('enter', ('A_Incomplete', 'W_Call incomplete files|suspend')))",195,668,282,1904,4907,1436,1.4175582929709662e-10
6,5,14,"(('exit', ('W_Validate application|suspend', 'W_Validate application|ate_abort')), ('exit', ('W_Validate application|ate_abort', 'W_Call incomplete files|schedule')), ('enter', ('W_Call incomplete files|schedule', 'W_Call incomplete files|start')), ('enter', ('W_Call incomplete files|start', 'A_Incomplete')), ('exit', ('A_Incomplete', 'W_Call incomplete files|suspend')))",195,668,282,1904,4907,1436,1.4175582929709662e-10
7,5,14,"(('exit', ('W_Validate application|suspend', 'W_Validate application|ate_abort')), ('exit', ('W_Validate application|ate_abort', 'W_Call incomplete files|schedule')), ('enter', ('W_Call incomplete files|schedule', 'W_Call incomplete files|start')), ('exit', ('W_Call incomplete files|start', 'A_Incomplete')), ('enter', ('A_Incomplete', 'W_Call incomplete files|suspend')))",195,668,282,1904,4907,1436,1.4175582929709662e-10
8,5,14,"(('exit', ('W_Validate application|suspend', 'W_Validate application|ate_abort')), ('exit', ('W_Validate application|ate_abort', 'W_Call incomplete files|schedule')), ('enter', ('W_Call incomplete files|schedule', 'W_Call incomplete files|start')), ('exit', ('W_Call incomplete files|start', 'A_Incomplete')), ('exit', ('A_Incomplete', 'W_Call incomplete files|suspend')))",195,668,282,1904,4907,1436,1.4175582929709662e-10
9,5,14,"(('exit', ('W_Validate application|suspend', 'W_Validate application|ate_abort')), ('exit', ('W_Validate application|ate_abort', 'W_Call incomplete files|schedule')), ('exit', ('W_Call incomplete files|schedule', 'W_Call incomplete files|start')), ('enter', ('W_Call incomplete files|start', 'A_Incomplete')), ('enter', ('A_Incomplete', 'W_Call incomplete files|suspend')))",195,668,282,1904,4907,1436,1.4175582929709662e-10
10,5,14,"(('exit', ('W_Validate application|suspend', 'W_Validate application|ate_abort')), ('exit', ('W_Validate application|ate_abort', 'W_Call incomplete files|schedule')), ('exit', ('W_Call incomplete files|schedule', 'W_Call incomplete files|start')), ('enter', ('W_Call incomplete files|start', 'A_Incomplete')), ('exit', ('A_Incomplete', 'W_Call incomplete files|suspend')))",195,668,282,1904,4907,1436,1.4175582929709662e-10
11,5,14,"(('exit', ('W_Validate application|suspend', 'W_Validate application|ate_abort')), ('exit', ('W_Validate application|ate_abort', 'W_Call incomplete files|schedule')), ('exit', ('W_Call incomplete files|schedule', 'W_Call incomplete files|start')), ('exit', ('W_Call incomplete files|start', 'A_Incomplete')), ('enter', ('A_Incomplete', 'W_Call incomplete files|suspend')))",195,668,282,1904,4907,1436,1.4175582929709662e-10
12,5,14,"(('exit', ('W_Validate application|suspend', 'W_Validate application|ate_abort')), ('exit', ('W_Validate application|ate_abort', 'W_Call incomplete files|schedule')), ('exit', ('W_Call incomplete files|schedule', 'W_Call incomplete files|start')), ('exit', ('W_Call incomplete files|start', 'A_Incomplete')), ('exit', ('A_Incomplete', 'W_Call incomplete files|suspend')))",195,668,282,1904,4907,1436,1.4175582929709662e-10
13,7,12,"(('exit', ('W_Call incomplete files|schedule', 'W_Call incomplete files|start')), ('enter', ('W_Call incomplete files|start', 'A_Incomplete')), ('enter', ('A_Incomplete', 'W_Call incomplete files|suspend')), ('enter', ('W_Call incomplete files|suspend', 'W_Call incomplete files|resume')), ('enter', ('W_Call incomplete files|resume', 'W_Call incomplete files|suspend')), ('exit', ('W_Call incomplete files|suspend', 'W_Call incomplete files|resume')), ('exit', ('W_Call incomplete files|resume', 'W_Call incomplete files|suspend')))",201,800,258,738,2997,1471,1.643139964091489e-07
14,7,12,"(('exit', ('W_Call incomplete files|schedule', 'W_Call incomplete files|start')), ('enter', ('W_Call incomplete files|start', 'A_Incomplete')), ('enter', ('A_Incomplete', 'W_Call incomplete files|suspend')), ('enter', ('W_Call incomplete files|suspend', 'W_Call incomplete files|resume')), ('exit', ('W_Call incomplete files|resume', 'W_Call incomplete files|suspend')), ('exit', ('W_Call incomplete files|suspend', 'W_Call incomplete files|resume')), ('enter', ('W_Call incomplete files|resume', 'W_Call incomplete files|suspend')))",201,800,258,738,2997,1471,1.643139964091489e-07
15,7,12,"(('exit', ('W_Call incomplete files|schedule', 'W_Call incomplete files|start')), ('enter', ('W_Call incomplete files|start', 'A_Incomplete')), ('enter', ('A_Incomplete', 'W_Call incomplete files|suspend')), ('exit', ('W_Call incomplete files|suspend', 'W_Call incomplete files|resume')), ('enter', ('W_Call incomplete files|resume', 'W_Call incomplete files|suspend')), ('enter', ('W_Call incomplete files|suspend', 'W_Call incomplete files|resume')), ('exit', ('W_Call incomplete files|resume', 'W_Call incomplete files|suspend')))",201,800,258,738,2997,1471,1.643139964091489e-07
16,7,12,"(('exit', ('W_Call incomplete files|schedule', 'W_Call incomplete files|start')), ('enter', ('W_Call incomplete files|start', 'A_Incomplete')), ('enter', ('A_Incomplete', 'W_Call incomplete files|suspend')), ('exit', ('W_Call incomplete files|suspend', 'W_Call incomplete files|resume')), ('exit', ('W_Call incomplete files|resume', 'W_Call incomplete files|suspend')), ('enter', ('W_Call incomplete files|suspend', 'W_Call incomplete files|resume')), ('enter', ('W_Call incomplete files|resume', 'W_Call incomplete files|suspend')))",201,800,258,738,2997,1471,1.643139964091489e-07
17,7,12,"(('exit', ('W_Call incomplete files|schedule', 'W_Call incomplete files|start')), ('enter', ('W_Call incomplete files|start', 'A_Incomplete')), ('exit', ('A_Incomplete', 'W_Call incomplete files|suspend')), ('enter', ('W_Call incomplete files|suspend', 'W_Call incomplete files|resume')), ('enter', ('W_Call incomplete files|resume', 'W_Call incomplete files|suspend')), ('exit', ('W_Call incomplete files|suspend', 'W_Call incomplete files|resume')), ('exit', ('W_Call incomplete files|resume', 'W_Call incomplete files|suspend')))",201,800,258,738,2997,1471,1.643139964091489e-07
18,7,12,"(('exit', ('W_Call incomplete files|schedule', 'W_Call incomplete files|start')), ('enter', ('W_Call incomplete files|start', 'A_Incomplete')), ('exit', ('A_Incomplete', 'W_Call incomplete files|suspend')), ('enter', ('W_Call incomplete files|suspend', 'W_Call incomplete files|resume')), ('exit', ('W_Call incomplete files|resume', 'W_Call incomplete files|suspend')), ('exit', ('W_Call incomplete files|suspend', 'W_Call incomplete files|resume')), ('enter', ('W_Call incomplete files|resume', 'W_Call incomplete files|suspend')))",201,800,258,738,2997,1471,1.643139964091489e-07
19,7,12,"(('exit', ('W_Call incomplete files|schedule', 'W_Call incomplete files|start')), ('enter', ('W_Call incomplete files|start', 'A_Incomplete')), ('exit', ('A_Incomplete', 'W_Call incomplete files|suspend')), ('exit', ('W_Call incomplete files|suspend', 'W_Call incomplete files|resume')), ('enter', ('W_Call incomplete files|resume', 'W_Call incomplete files|suspend')), ('enter', ('W_Call incomplete files|suspend', 'W_Call incomplete files|resume')), ('exit', ('W_Call incomplete files|resume', 'W_Call incomplete files|suspend')))",201,800,258,738,2997,1471,1.643139964091489e-07
20,7,12,"(('exit', ('W_Call incomplete files|schedule', 'W_Call incomplete files|start')), ('enter', ('W_Call incomplete files|start', 'A_Incomplete')), ('exit', ('A_Incomplete', 'W_Call incomplete files|suspend')), ('exit', ('W_Call incomplete files|suspend', 'W_Call incomplete files|resume')), ('exit', ('W_Call incomplete files|resume', 'W_Call incomplete files|suspend')), ('enter', ('W_Call incomplete files|suspend', 'W_Call incomplete files|resume')), ('enter', ('W_Call incomplete files|resume', 'W_Call incomplete files|suspend')))",201,800,258,738,2997,1471,1.643139964091489e-07
21,7,12,"(('exit', ('W_Call incomplete files|schedule', 'W_Call incomplete files|start')), ('exit', ('W_Call incomplete files|start', 'A_Incomplete')), ('enter', ('A_Incomplete', 'W_Call incomplete files|suspend')), ('enter', ('W_Call incomplete files|suspend', 'W_Call incomplete files|resume')), ('enter', ('W_Call incomplete files|resume', 'W_Call incomplete files|suspend')), ('exit', ('W_Call incomplete files|suspend', 'W_Call incomplete files|resume')), ('exit', ('W_Call incomplete files|resume', 'W_Call incomplete files|suspend')))",201,800,258,738,2997,1471,1.643139964091489e-07
22,7,12,"(('exit', ('W_Call incomplete files|schedule', 'W_Call incomplete files|start')), ('exit', ('W_Call incomplete files|start', 'A_Incomplete')), ('enter', ('A_Incomplete', 'W_Call incomplete files|suspend')), ('enter', ('W_Call incomplete files|suspend', 'W_Call incomplete files|resume')), ('exit', ('W_Call incomplete files|resume', 'W_Call incomplete files|suspend')), ('exit', ('W_Call incomplete files|suspend', 'W_Call incomplete files|resume')), ('enter', ('W_Call incomplete files|resume', 'W_Call incomplete files|suspend')))",201,800,258,738,2997,1471,1.643139964091489e-07
23,7,12,"(('exit', ('W_Call incomplete files|schedule', 'W_Call incomplete files|start')), ('exit', ('W_Call incomplete files|start', 'A_Incomplete')), ('enter', ('A_Incomplete', 'W_Call incomplete files|suspend')), ('exit', ('W_Call incomplete files|suspend', 'W_Call incomplete files|resume')), ('enter', ('W_Call incomplete files|resume', 'W_Call incomplete files|suspend')), ('enter', ('W_Call incomplete files|suspend', 'W_Call incomplete files|resume')), ('exit', ('W_Call incomplete files|resume', 'W_Call incomplete files|suspend')))",201,800,258,738,2997,1471,1.643139964091489e-07
24,7,12,"(('exit', ('W_Call incomplete files|schedule', 'W_Call incomplete files|start')), ('exit', ('W_Call incomplete files|start', 'A_Incomplete')), ('enter', ('A_Incomplete', 'W_Call incomplete files|suspend')), ('exit', ('W_Call incomplete files|suspend', 'W_Call incomplete files|resume')), ('exit', ('W_Call incomplete files|resume', 'W_Call incomplete files|suspend')), ('enter', ('W_Call incomplete files|suspend', 'W_Call incomplete files|resume')), ('enter', ('W_Call incomplete files|resume', 'W_Call incomplete files|suspend')))",201,800,258,738,2997,1471,1.643139964091489e-07
25,7,12,"(('exit', ('W_Call incomplete files|schedule', 'W_Call incomplete files|start')), ('exit', ('W_Call incomplete files|start', 'A_Incomplete')), ('exit', ('A_Incomplete', 'W_Call incomplete files|suspend')), ('enter', ('W_Call incomplete files|suspend', 'W_Call incomplete files|resume')), ('enter', ('W_Call incomplete files|resume', 'W_Call incomplete files|suspend')), ('exit', ('W_Call incomplete files|suspend', 'W_Call incomplete files|resume')), ('exit', ('W_Call incomplete files|resume', 'W_Call incomplete files|suspend')))",201,800,258,738,2997,1471,1.643139964091489e-07
26,7,12,"(('exit', ('W_Call incomplete files|schedule', 'W_Call incomplete files|start')), ('exit', ('W_Call incomplete files|start', 'A_Incomplete')), ('exit', ('A_Incomplete', 'W_Call incomplete files|suspend')), ('enter', ('W_Call incomplete files|suspend', 'W_Call incomplete files|resume')), ('exit', ('W_Call incomplete files|resume', 'W_Call incomplete files|suspend')), ('exit', ('W_Call incomplete files|suspend', 'W_Call incomplete files|resume')), ('enter', ('W_Call incomplete files|resume', 'W_Call incomplete files|suspend')))",201,800,258,738,2997,1471,1.643139964091489e-07
27,7,12,"(('exit', ('W_Call incomplete files|schedule', 'W_Call incomplete files|start')), ('exit', ('W_Call incomplete files|start', 'A_Incomplete')), ('exit', ('A_Incomplete', 'W_Call incomplete files|suspend')), ('exit', ('W_Call incomplete files|suspend', 'W_Call incomplete files|resume')), ('enter', ('W_Call incomplete files|resume', 'W_Call incomplete files|suspend')), ('enter', ('W_Call incomplete files|suspend', 'W_Call incomplete files|resume')), ('exit', ('W_Call incomplete files|resume', 'W_Call incomplete files|suspend')))",201,800,258,738,2997,1471,1.643139964091489e-07
28,7,12,"(('exit', ('W_Call incomplete files|schedule', 'W_Call incomplete files|start')), ('exit', ('W_Call incomplete files|start', 'A_Incomplete')), ('exit', ('A_Incomplete', 'W_Call incomplete files|suspend')), ('exit', ('W_Call incomplete files|suspend', 'W_Call incomplete files|resume')), ('exit', ('W_Call incomplete files|resume', 'W_Call incomplete files|suspend')), ('enter', ('W_Call incomplete files|suspend', 'W_Call incomplete files|resume')), ('enter', ('W_Call incomplete files|resume', 'W_Call incomplete files|suspend')))",201,800,258,738,2997,1471,1.643139964091489e-07
29,6,12,"(('exit', ('W_Call incomplete files|start', 'A_Incomplete')), ('enter', ('A_Incomplete', 'W_Call incomplete files|suspend')), ('enter', ('W_Call incomplete files|suspend', 'W_Call incomplete files|resume')), ('enter', ('W_Call incomplete files|resume', 'W_Call incomplete files|suspend')), ('exit', ('W_Call incomplete files|suspend', 'W_Call incomplete files|resume')), ('exit', ('W_Call incomplete files|resume', 'W_Call incomplete files|suspend')))",201,800,258,738,2997,1471,1.643139964091489e-07
30,6,12,"(('exit', ('W_Call incomplete files|start', 'A_Incomplete')), ('enter', ('A_Incomplete', 'W_Call incomplete files|suspend')), ('enter', ('W_Call incomplete files|suspend', 'W_Call incomplete files|resume')), ('exit', ('W_Call incomplete files|resume', 'W_Call incomplete files|suspend')), ('exit', ('W_Call incomplete files|suspend', 'W_Call incomplete files|resume')), ('enter', ('W_Call incomplete files|resume', 'W_Call incomplete files|suspend')))",201,800,258,738,2997,1471,1.643139964091489e-07
31,6,12,"(('exit', ('W_Call incomplete files|start', 'A_Incomplete')), ('enter', ('A_Incomplete', 'W_Call incomplete files|suspend')), ('exit', ('W_Call incomplete files|suspend', 'W_Call incomplete files|resume')), ('enter', ('W_Call incomplete files|resume', 'W_Call incomplete files|suspend')), ('enter', ('W_Call incomplete files|suspend', 'W_Call incomplete files|resume')), ('exit', ('W_Call incomplete files|resume', 'W_Call incomplete files|suspend')))",201,800,258,738,2997,1471,1.643139964091489e-07
32,6,12,"(('exit', ('W_Call incomplete files|start', 'A_Incomplete')), ('enter', ('A_Incomplete', 'W_Call incomplete files|suspend')), ('exit', ('W_Call incomplete files|suspend', 'W_Call incomplete files|resume')), ('exit', ('W_Call incomplete files|resume', 'W_Call incomplete files|suspend')), ('enter', ('W_Call incomplete files|suspend', 'W_Call incomplete files|resume')), ('enter', ('W_Call incomplete files|resume', 'W_Call incomplete files|suspend')))",201,800,258,738,2997,1471,1.643139964091489e-07
33,6,12,"(('exit', ('W_Call incomplete files|start', 'A_Incomplete')), ('exit', ('A_Incomplete', 'W_Call incomplete files|suspend')), ('enter', ('W_Call incomplete files|suspend', 'W_Call incomplete files|resume')), ('enter', ('W_Call incomplete files|resume', 'W_Call incomplete files|suspend')), ('exit', ('W_Call incomplete files|suspend', 'W_Call incomplete files|resume')), ('exit', ('W_Call incomplete files|resume', 'W_Call incomplete files|suspend')))",201,800,258,738,2997,1471,1.643139964091489e-07
34,6,12,"(('exit', ('W_Call incomplete files|start', 'A_Incomplete')), ('exit', ('A_Incomplete', 'W_Call incomplete files|suspend')), ('enter', ('W_Call incomplete files|suspend', 'W_Call incomplete files|resume')), ('exit', ('W_Call incomplete files|resume', 'W_Call incomplete files|suspend')), ('exit', ('W_Call incomplete files|suspend', 'W_Call incomplete files|resume')), ('enter', ('W_Call incomplete files|resume', 'W_Call incomplete files|suspend')))",201,800,258,738,2997,1471,1.643139964091489e-07
35,6,12,"(('exit', ('W_Call incomplete files|start', 'A_Incomplete')), ('exit', ('A_Incomplete', 'W_Call incomplete files|suspend')), ('exit', ('W_Call incomplete files|suspend', 'W_Call incomplete files|resume')), ('enter', ('W_Call incomplete files|resume', 'W_Call incomplete files|suspend')), ('enter', ('W_Call incomplete files|suspend', 'W_Call incomplete files|resume')), ('exit', ('W_Call incomplete files|resume', 'W_Call incomplete files|suspend')))",201,800,258,738,2997,1471,1.643139964091489e-07
36,6,12,"(('exit', ('W_Call incomplete files|start', 'A_Incomplete')), ('exit', ('A_Incomplete', 'W_Call incomplete files|suspend')), ('exit', ('W_Call incomplete files|suspend', 'W_Call incomplete files|resume')), ('exit', ('W_Call incomplete files|resume', 'W_Call incomplete files|suspend')), ('enter', ('W_Call incomplete files|suspend', 'W_Call incomplete files|resume')), ('enter', ('W_Call incomplete files|resume', 'W_Call incomplete files|suspend')))",201,800,258,738,2997,1471,1.643139964091489e-07
37,5,14,"(('exit', ('A_Incomplete', 'W_Call incomplete files|suspend')), ('enter', ('W_Call incomplete files|suspend', 'W_Call incomplete files|resume')), ('enter', ('W_Call incomplete files|resume', 'W_Call incomplete files|suspend')), ('exit', ('W_Call incomplete files|suspend', 'W_Call incomplete files|resume')), ('exit', ('W_Call incomplete files|resume', 'W_Call incomplete files|suspend')))",224,906,303,729,2948,1439,8.490005755090735e-07
38,5,14,"(('exit', ('A_Incomplete', 'W_Call incomplete files|suspend')), ('enter', ('W_Call incomplete files|suspend', 'W_Call incomplete files|resume')), ('exit', ('W_Call incomplete files|resume', 'W_Call incomplete files|suspend')), ('exit', ('W_Call incomplete files|suspend', 'W_Call incomplete files|resume')), ('enter', ('W_Call incomplete files|resume', 'W_Call incomplete files|suspend')))",224,906,303,729,2948,1439,8.490005755090735e-07
39,5,14,"(('exit', ('A_Incomplete', 'W_Call incomplete files|suspend')), ('exit', ('W_Call incomplete files|suspend', 'W_Call incomplete files|resume')), ('enter', ('W_Call incomplete files|resume', 'W_Call incomplete files|suspend')), ('enter', ('W_Call incomplete files|suspend', 'W_Call incomplete files|resume')), ('exit', ('W_Call incomplete files|resume', 'W_Call incomplete files|suspend')))",224,906,303,729,2948,1439,8.490005755090735e-07
40,5,14,"(('exit', ('A_Incomplete', 'W_Call incomplete files|suspend')), ('exit', ('W_Call incomplete files|suspend', 'W_Call incomplete files|resume')), ('exit', ('W_Call incomplete files|resume', 'W_Call incomplete files|suspend')), ('enter', ('W_Call incomplete files|suspend', 'W_Call incomplete files|resume')), ('enter', ('W_Call incomplete files|resume', 'W_Call incomplete files|suspend')))",224,906,303,729,2948,1439,8.490005755090735e-07
41,1,30,"(('enter', ('W_Validate application|suspend', 'W_Validate application|ate_abort')),)",371,1498,535,1762,4169,1206,0.0
42,4,14,"(('exit', ('W_Validate application|ate_abort', 'W_Call incomplete files|schedule')), ('enter', ('W_Call incomplete files|schedule', 'W_Call incomplete files|start')), ('enter', ('W_Call incomplete files|start', 'A_Incomplete')), ('enter', ('A_Incomplete', 'W_Call incomplete files|suspend')))",197,678,286,1927,4972,1453,8.259826156375993e-11
43,4,14,"(('exit', ('W_Validate application|ate_abort', 'W_Call incomplete files|schedule')), ('enter', ('W_Call incomplete files|schedule', 'W_Call incomplete files|start')), ('enter', ('W_Call incomplete files|start', 'A_Incomplete')), ('exit', ('A_Incomplete', 'W_Call incomplete files|suspend')))",197,678,286,1927,4972,1453,8.259826156375993e-11
44,4,14,"(('exit', ('W_Validate application|ate_abort', 'W_Call incomplete files|schedule')), ('enter', ('W_Call incomplete files|schedule', 'W_Call incomplete files|start')), ('exit', ('W_Call incomplete files|start', 'A_Incomplete')), ('enter', ('A_Incomplete', 'W_Call incomplete files|suspend')))",197,678,286,1927,4972,1453,8.259826156375993e-11
45,4,14,"(('exit', ('W_Validate application|ate_abort', 'W_Call incomplete files|schedule')), ('enter', ('W_Call incomplete files|schedule', 'W_Call incomplete files|start')), ('exit', ('W_Call incomplete files|start', 'A_Incomplete')), ('exit', ('A_Incomplete', 'W_Call incomplete files|suspend')))",197,678,286,1927,4972,1453,8.259826156375993e-11
46,4,14,"(('exit', ('W_Validate application|ate_abort', 'W_Call incomplete files|schedule')), ('exit', ('W_Call incomplete files|schedule', 'W_Call incomplete files|start')), ('enter', ('W_Call incomplete files|start', 'A_Incomplete')), ('enter', ('A_Incomplete', 'W_Call incomplete files|suspend')))",197,678,286,1927,4972,1453,8.259826156375993e-11
47,4,14,"(('exit', ('W_Validate application|ate_abort', 'W_Call incomplete files|schedule')), ('exit', ('W_Call incomplete files|schedule', 'W_Call incomplete files|start')), ('enter', ('W_Call incomplete files|start', 'A_Incomplete')), ('exit', ('A_Incomplete', 'W_Call incomplete files|suspend')))",197,678,286,1927,4972,1453,8.259826156375993e-11
48,4,14,"(('exit', ('W_Validate application|ate_abort', 'W_Call incomplete files|schedule')), ('exit', ('W_Call incomplete files|schedule', 'W_Call incomplete files|start')), ('exit', ('W_Call incomplete files|start', 'A_Incomplete')), ('enter', ('A_Incomplete', 'W_Call incomplete files|suspend')))",197,678,286,1927,4972,1453,8.259826156375993e-11
49,4,14,"(('exit', ('W_Validate application|ate_abort', 'W_Call incomplete files|schedule')), ('exit', ('W_Call incomplete files|schedule', 'W_Call incomplete files|start')), ('exit', ('W_Call incomplete files|start', 'A_Incomplete')), ('exit', ('A_Incomplete', 'W_Call incomplete files|suspend')))",197,678,286,1927,4972,1453,8.259826156375993e-11
50,1,54,"(('batch', ('A_Concept', 'W_Complete application|start')),)",436,1053,1009,2514,5079,4913,0.009636211280725782
51,1,290,"(('batch', ('W_Call after offers|suspend', 'W_Call after offers|ate_abort')),)",3340,4885,1473,2659,6869,1712,0.0
52,1,72,"(('batch', ('W_Call after offers|suspend', 'W_Call after offers|resume')),)",1349,3506,3177,2975,6784,6211,0.0021554758442819955
53,1,188,"(('batch', ('W_Call incomplete files|suspend', 'W_Call incomplete files|resume')),)",324,1708,966,2700,7037,1721,0.0
54,1,129,"(('batch', ('W_Call incomplete files|suspend', 'W_Call incomplete files|ate_abort')),)",501,1933,606,1439,4303,1260,6.065488119988416e-06
55,1,56,"(('delay', ('A_Concept', 'W_Complete application|start')),)",138,573,540,2812,5559,5382,9.547918011776346e-15
56,1,66,"(('delay', ('W_Validate application|suspend', 'W_Validate application|resume')),)",101,917,267,2588,6015,1581,0.0
57,2,10,"(('batch', ('W_Validate application|suspend', 'W_Validate application|resume')), ('workload', ('W_Validate application|resume', 'W_Validate application|suspend')))",85,332,89,2174,5552,1462,0.0017810421059764048
58,4,10,"(('batch', ('W_Call after offers|suspend', 'W_Call after offers|resume')), ('enter', ('W_Call after offers|resume', 'W_Call after offers|suspend')), ('exit', ('W_Call after offers|suspend', 'W_Call after offers|resume')), ('exit', ('W_Call after offers|resume', 'W_Call after offers|suspend')))",232,554,443,328,911,947,5.6871735410357616e-05
59,4,10,"(('batch', ('W_Call after offers|suspend', 'W_Call after offers|resume')), ('exit', ('W_Call after offers|resume', 'W_Call after offers|suspend')), ('exit', ('W_Call after offers|suspend', 'W_Call after offers|resume')), ('enter', ('W_Call after offers|resume', 'W_Call after offers|suspend')))",232,554,443,328,911,947,5.6871735410357616e-05
60,1,72,"(('batch', ('W_Validate application|suspend', 'W_Validate application|ate_abort')),)",346,1244,410,1787,4423,1331,2.8953339725745764e-09
61,1,34,"(('delay', ('W_Validate application|suspend', 'W_Validate application|ate_abort')),)",25,359,131,2108,5308,1610,0.0
62,5,17,"(('enter', ('W_Call after offers|ate_abort', 'W_Validate application|schedule')), ('enter', ('W_Validate application|schedule', 'W_Validate application|start')), ('enter', ('W_Validate application|start', 'A_Validating')), ('exit', ('A_Validating', 'O_Returned')), ('enter', ('O_Returned', 'W_Validate application|suspend')))",514,1311,279,4359,8297,1870,7.138838228337718e-07
63,5,17,"(('enter', ('W_Call after offers|ate_abort', 'W_Validate application|schedule')), ('enter', ('W_Validate application|schedule', 'W_Validate application|start')), ('enter', ('W_Validate application|start', 'A_Validating')), ('exit', ('A_Validating', 'O_Returned')), ('exit', ('O_Returned', 'W_Validate application|suspend')))",514,1311,279,4359,8297,1870,7.138838228337718e-07
64,5,17,"(('enter', ('W_Call after offers|ate_abort', 'W_Validate application|schedule')), ('enter', ('W_Validate application|schedule', 'W_Validate application|start')), ('exit', ('W_Validate application|start', 'A_Validating')), ('enter', ('A_Validating', 'O_Returned')), ('enter', ('O_Returned', 'W_Validate application|suspend')))",514,1311,279,4359,8297,1870,7.138838228337718e-07
65,5,17,"(('enter', ('W_Call after offers|ate_abort', 'W_Validate application|schedule')), ('enter', ('W_Validate application|schedule', 'W_Validate application|start')), ('exit', ('W_Validate application|start', 'A_Validating')), ('enter', ('A_Validating', 'O_Returned')), ('exit', ('O_Returned', 'W_Validate application|suspend')))",514,1311,279,4359,8297,1870,7.138838228337718e-07
66,5,17,"(('enter', ('W_Call after offers|ate_abort', 'W_Validate application|schedule')), ('enter', ('W_Validate application|schedule', 'W_Validate application|start')), ('exit', ('W_Validate application|start', 'A_Validating')), ('exit', ('A_Validating', 'O_Returned')), ('enter', ('O_Returned', 'W_Validate application|suspend')))",514,1311,279,4359,8297,1870,7.138838228337718e-07
67,5,17,"(('enter', ('W_Call after offers|ate_abort', 'W_Validate application|schedule')), ('enter', ('W_Validate application|schedule', 'W_Validate application|start')), ('exit', ('W_Validate application|start', 'A_Validating')), ('exit', ('A_Validating', 'O_Returned')), ('exit', ('O_Returned', 'W_Validate application|suspend')))",514,1311,279,4359,8297,1870,7.138838228337718e-07
68,5,17,"(('enter', ('W_Call after offers|ate_abort', 'W_Validate application|schedule')), ('exit', ('W_Validate application|schedule', 'W_Validate application|start')), ('enter', ('W_Validate application|start', 'A_Validating')), ('enter', ('A_Validating', 'O_Returned')), ('enter', ('O_Returned', 'W_Validate application|suspend')))",514,1311,279,4359,8297,1870,7.138838228337718e-07
69,5,17,"(('enter', ('W_Call after offers|ate_abort', 'W_Validate application|schedule')), ('exit', ('W_Validate application|schedule', 'W_Validate application|start')), ('enter', ('W_Validate application|start', 'A_Validating')), ('enter', ('A_Validating', 'O_Returned')), ('exit', ('O_Returned', 'W_Validate application|suspend')))",514,1311,279,4359,8297,1870,7.138838228337718e-07
70,5,17,"(('enter', ('W_Call after offers|ate_abort', 'W_Validate application|schedule')), ('exit', ('W_Validate application|schedule', 'W_Validate application|start')), ('enter', ('W_Validate application|start', 'A_Validating')), ('exit', ('A_Validating', 'O_Returned')), ('enter', ('O_Returned', 'W_Validate application|suspend')))",514,1311,279,4359,8297,1870,7.138838228337718e-07
71,5,17,"(('enter', ('W_Call after offers|ate_abort', 'W_Validate application|schedule')), ('exit', ('W_Validate application|schedule', 'W_Validate application|start')), ('enter', ('W_Validate application|start', 'A_Validating')), ('exit', ('A_Validating', 'O_Returned')), ('exit', ('O_Returned', 'W_Validate application|suspend')))",514,1311,279,4359,8297,1870,7.138838228337718e-07
72,5,17,"(('enter', ('W_Call after offers|ate_abort', 'W_Validate application|schedule')), ('exit', ('W_Validate application|schedule', 'W_Validate application|start')), ('exit', ('W_Validate application|start', 'A_Validating')), ('enter', ('A_Validating', 'O_Returned')), ('enter', ('O_Returned', 'W_Validate application|suspend')))",514,1311,279,4359,8297,1870,7.138838228337718e-07
73,5,17,"(('enter', ('W_Call after offers|ate_abort', 'W_Validate application|schedule')), ('exit', ('W_Validate application|schedule', 'W_Validate application|start')), ('exit', ('W_Validate application|start', 'A_Validating')), ('enter', ('A_Validating', 'O_Returned')), ('exit', ('O_Returned', 'W_Validate application|suspend')))",514,1311,279,4359,8297,1870,7.138838228337718e-07
74,5,17,"(('enter', ('W_Call after offers|ate_abort', 'W_Validate application|schedule')), ('exit', ('W_Validate application|schedule', 'W_Validate application|start')), ('exit', ('W_Validate application|start', 'A_Validating')), ('exit', ('A_Validating', 'O_Returned')), ('enter', ('O_Returned', 'W_Validate application|suspend')))",514,1311,279,4359,8297,1870,7.138838228337718e-07
75,5,17,"(('enter', ('W_Call after offers|ate_abort', 'W_Validate application|schedule')), ('exit', ('W_Validate application|schedule', 'W_Validate application|start')), ('exit', ('W_Validate application|start', 'A_Validating')), ('exit', ('A_Validating', 'O_Returned')), ('exit', ('O_Returned', 'W_Validate application|suspend')))",514,1311,279,4359,8297,1870,7.138838228337718e-07
76,4,18,"(('enter', ('W_Validate application|schedule', 'W_Validate application|start')), ('enter', ('W_Validate application|start', 'A_Validating')), ('enter', ('A_Validating', 'O_Returned')), ('enter', ('O_Returned', 'W_Validate application|suspend')))",555,1407,302,4961,9154,2067,1.2760273726541982e-08
77,4,18,"(('enter', ('W_Validate application|schedule', 'W_Validate application|start')), ('enter', ('W_Validate application|start', 'A_Validating')), ('enter', ('A_Validating', 'O_Returned')), ('exit', ('O_Returned', 'W_Validate application|suspend')))",555,1407,302,4961,9154,2067,1.2760273726541982e-08
78,4,18,"(('enter', ('W_Validate application|schedule', 'W_Validate application|start')), ('enter', ('W_Validate application|start', 'A_Validating')), ('exit', ('A_Validating', 'O_Returned')), ('enter', ('O_Returned', 'W_Validate application|suspend')))",555,1407,302,4961,9154,2067,1.2760273726541982e-08
79,4,18,"(('enter', ('W_Validate application|schedule', 'W_Validate application|start')), ('enter', ('W_Validate application|start', 'A_Validating')), ('exit', ('A_Validating', 'O_Returned')), ('exit', ('O_Returned', 'W_Validate application|suspend')))",555,1407,302,4961,9154,2067,1.2760273726541982e-08
80,4,18,"(('enter', ('W_Validate application|schedule', 'W_Validate application|start')), ('exit', ('W_Validate application|start', 'A_Validating')), ('enter', ('A_Validating', 'O_Returned')), ('enter', ('O_Returned', 'W_Validate application|suspend')))",555,1407,302,4961,9154,2067,1.2760273726541982e-08
81,4,18,"(('enter', ('W_Validate application|schedule', 'W_Validate application|start')), ('exit', ('W_Validate application|start', 'A_Validating')), ('enter', ('A_Validating', 'O_Returned')), ('exit', ('O_Returned', 'W_Validate application|suspend')))",555,1407,302,4961,9154,2067,1.2760273726541982e-08
82,4,18,"(('enter', ('W_Validate application|schedule', 'W_Validate application|start')), ('exit', ('W_Validate application|start', 'A_Validating')), ('exit', ('A_Validating', 'O_Returned')), ('enter', ('O_Returned', 'W_Validate application|suspend')))",555,1407,302,4961,9154,2067,1.2760273726541982e-08
83,4,18,"(('enter', ('W_Validate application|schedule', 'W_Validate application|start')), ('exit', ('W_Validate application|start', 'A_Validating')), ('exit', ('A_Validating', 'O_Returned')), ('exit', ('O_Returned', 'W_Validate application|suspend')))",555,1407,302,4961,9154,2067,1.2760273726541982e-08
84,3,18,"(('enter', ('W_Validate application|start', 'A_Validating')), ('enter', ('A_Validating', 'O_Returned')), ('enter', ('O_Returned', 'W_Validate application|suspend')))",555,1407,302,4961,9154,2067,1.2760273726541982e-08
85,3,18,"(('enter', ('W_Validate application|start', 'A_Validating')), ('enter', ('A_Validating', 'O_Returned')), ('exit', ('O_Returned', 'W_Validate application|suspend')))",555,1407,302,4961,9154,2067,1.2760273726541982e-08
86,3,18,"(('enter', ('W_Validate application|start', 'A_Validating')), ('exit', ('A_Validating', 'O_Returned')), ('enter', ('O_Returned', 'W_Validate application|suspend')))",555,1407,302,4961,9154,2067,1.2760273726541982e-08
87,3,18,"(('enter', ('W_Validate application|start', 'A_Validating')), ('exit', ('A_Validating', 'O_Returned')), ('exit', ('O_Returned', 'W_Validate application|suspend')))",555,1407,302,4961,9154,2067,1.2760273726541982e-08
88,2,14,"(('enter', ('A_Validating', 'O_Returned')), ('workload', ('O_Returned', 'W_Validate application|suspend')))",448,1019,244,5067,9542,2125,0.0012305759755285584
89,1,12,"(('enter', ('W_Validate application|suspend', 'W_Validate application|resume')),)",313,1057,312,2376,5875,1536,5.546202365147579e-07
90,5,17,"(('exit', ('W_Call after offers|ate_abort', 'W_Validate application|schedule')), ('enter', ('W_Validate application|schedule', 'W_Validate application|start')), ('enter', ('W_Validate application|start', 'A_Validating')), ('enter', ('A_Validating', 'O_Returned')), ('enter', ('O_Returned', 'W_Validate application|suspend')))",514,1311,279,4359,8297,1870,7.138838228337718e-07
91,5,17,"(('exit', ('W_Call after offers|ate_abort', 'W_Validate application|schedule')), ('enter', ('W_Validate application|schedule', 'W_Validate application|start')), ('enter', ('W_Validate application|start', 'A_Validating')), ('enter', ('A_Validating', 'O_Returned')), ('exit', ('O_Returned', 'W_Validate application|suspend')))",514,1311,279,4359,8297,1870,7.138838228337718e-07
92,5,17,"(('exit', ('W_Call after offers|ate_abort', 'W_Validate application|schedule')), ('enter', ('W_Validate application|schedule', 'W_Validate application|start')), ('enter', ('W_Validate application|start', 'A_Validating')), ('exit', ('A_Validating', 'O_Returned')), ('enter', ('O_Returned', 'W_Validate application|suspend')))",514,1311,279,4359,8297,1870,7.138838228337718e-07
93,5,17,"(('exit', ('W_Call after offers|ate_abort', 'W_Validate application|schedule')), ('enter', ('W_Validate application|schedule', 'W_Validate application|start')), ('enter', ('W_Validate application|start', 'A_Validating')), ('exit', ('A_Validating', 'O_Returned')), ('exit', ('O_Returned', 'W_Validate application|suspend')))",514,1311,279,4359,8297,1870,7.138838228337718e-07
94,5,17,"(('exit', ('W_Call after offers|ate_abort', 'W_Validate application|schedule')), ('enter', ('W_Validate application|schedule', 'W_Validate application|start')), ('exit', ('W_Validate application|start', 'A_Validating')), ('enter', ('A_Validating', 'O_Returned')), ('enter', ('O_Returned', 'W_Validate application|suspend')))",514,1311,279,4359,8297,1870,7.138838228337718e-07
95,5,17,"(('exit', ('W_Call after offers|ate_abort', 'W_Validate application|schedule')), ('enter', ('W_Validate application|schedule', 'W_Validate application|start')), ('exit', ('W_Validate application|start', 'A_Validating')), ('enter', ('A_Validating', 'O_Returned')), ('exit', ('O_Returned', 'W_Validate application|suspend')))",514,1311,279,4359,8297,1870,7.138838228337718e-07
96,5,17,"(('exit', ('W_Call after offers|ate_abort', 'W_Validate application|schedule')), ('enter', ('W_Validate application|schedule', 'W_Validate application|start')), ('exit', ('W_Validate application|start', 'A_Validating')), ('exit', ('A_Validating', 'O_Returned')), ('enter', ('O_Returned', 'W_Validate application|suspend')))",514,1311,279,4359,8297,1870,7.138838228337718e-07
97,5,17,"(('exit', ('W_Call after offers|ate_abort', 'W_Validate application|schedule')), ('enter', ('W_Validate application|schedule', 'W_Validate application|start')), ('exit', ('W_Validate application|start', 'A_Validating')), ('exit', ('A_Validating', 'O_Returned')), ('exit', ('O_Returned', 'W_Validate application|suspend')))",514,1311,279,4359,8297,1870,7.138838228337718e-07
98,5,17,"(('exit', ('W_Call after offers|ate_abort', 'W_Validate application|schedule')), ('exit', ('W_Validate application|schedule', 'W_Validate application|start')), ('enter', ('W_Validate application|start', 'A_Validating')), ('enter', ('A_Validating', 'O_Returned')), ('enter', ('O_Returned', 'W_Validate application|suspend')))",514,1311,279,4359,8297,1870,7.138838228337718e-07
99,5,17,"(('exit', ('W_Call after offers|ate_abort', 'W_Validate application|schedule')), ('exit', ('W_Validate application|schedule', 'W_Validate application|start')), ('enter', ('W_Validate application|start', 'A_Validating')), ('enter', ('A_Validating', 'O_Returned')), ('exit', ('O_Returned', 'W_Validate application|suspend')))",514,1311,279,4359,8297,1870,7.138838228337718e-07
100,5,17,"(('exit', ('W_Call after offers|ate_abort', 'W_Validate application|schedule')), ('exit', ('W_Validate application|schedule', 'W_Validate application|start')), ('enter', ('W_Validate application|start', 'A_Validating')), ('exit', ('A_Validating', 'O_Returned')), ('enter', ('O_Returned', 'W_Validate application|suspend')))",514,1311,279,4359,8297,1870,7.138838228337718e-07
101,5,17,"(('exit', ('W_Call after offers|ate_abort', 'W_Validate application|schedule')), ('exit', ('W_Validate application|schedule', 'W_Validate application|start')), ('enter', ('W_Validate application|start', 'A_Validating')), ('exit', ('A_Validating', 'O_Returned')), ('exit', ('O_Returned', 'W_Validate application|suspend')))",514,1311,279,4359,8297,1870,7.138838228337718e-07
102,5,17,"(('exit', ('W_Call after offers|ate_abort', 'W_Validate application|schedule')), ('exit', ('W_Validate application|schedule', 'W_Validate application|start')), ('exit', ('W_Validate application|start', 'A_Validating')), ('enter', ('A_Validating', 'O_Returned')), ('enter', ('O_Returned', 'W_Validate application|suspend')))",514,1311,279,4359,8297,1870,7.138838228337718e-07
103,5,17,"(('exit', ('W_Call after offers|ate_abort', 'W_Validate application|schedule')), ('exit', ('W_Validate application|schedule', 'W_Validate application|start')), ('exit', ('W_Validate application|start', 'A_Validating')), ('enter', ('A_Validating', 'O_Returned')), ('exit', ('O_Returned', 'W_Validate application|suspend')))",514,1311,279,4359,8297,1870,7.138838228337718e-07
104,5,17,"(('exit', ('W_Call after offers|ate_abort', 'W_Validate application|schedule')), ('exit', ('W_Validate application|schedule', 'W_Validate application|start')), ('exit', ('W_Validate application|start', 'A_Validating')), ('exit', ('A_Validating', 'O_Returned')), ('enter', ('O_Returned', 'W_Validate application|suspend')))",514,1311,279,4359,8297,1870,7.138838228337718e-07
105,5,17,"(('exit', ('W_Call after offers|ate_abort', 'W_Validate application|schedule')), ('exit', ('W_Validate application|schedule', 'W_Validate application|start')), ('exit', ('W_Validate application|start', 'A_Validating')), ('exit', ('A_Validating', 'O_Returned')), ('exit', ('O_Returned', 'W_Validate application|suspend')))",514,1311,279,4359,8297,1870,7.138838228337718e-07
106,4,18,"(('exit', ('W_Validate application|schedule', 'W_Validate application|start')), ('enter', ('W_Validate application|start', 'A_Validating')), ('enter', ('A_Validating', 'O_Returned')), ('enter', ('O_Returned', 'W_Validate application|suspend')))",555,1407,302,4961,9154,2067,1.2760273726541982e-08
107,4,18,"(('exit', ('W_Validate application|schedule', 'W_Validate application|start')), ('enter', ('W_Validate application|start', 'A_Validating')), ('enter', ('A_Validating', 'O_Returned')), ('exit', ('O_Returned', 'W_Validate application|suspend')))",555,1407,302,4961,9154,2067,1.2760273726541982e-08
108,4,18,"(('exit', ('W_Validate application|schedule', 'W_Validate application|start')), ('enter', ('W_Validate application|start', 'A_Validating')), ('exit', ('A_Validating', 'O_Returned')), ('enter', ('O_Returned', 'W_Validate application|suspend')))",555,1407,302,4961,9154,2067,1.2760273726541982e-08
109,4,18,"(('exit', ('W_Validate application|schedule', 'W_Validate application|start')), ('enter', ('W_Validate application|start', 'A_Validating')), ('exit', ('A_Validating', 'O_Returned')), ('exit', ('O_Returned', 'W_Validate application|suspend')))",555,1407,302,4961,9154,2067,1.2760273726541982e-08
110,4,18,"(('exit', ('W_Validate application|schedule', 'W_Validate application|start')), ('exit', ('W_Validate application|start', 'A_Validating')), ('enter', ('A_Validating', 'O_Returned')), ('enter', ('O_Returned', 'W_Validate application|suspend')))",555,1407,302,4961,9154,2067,1.2760273726541982e-08
111,4,18,"(('exit', ('W_Validate application|schedule', 'W_Validate application|start')), ('exit', ('W_Validate application|start', 'A_Validating')), ('enter', ('A_Validating', 'O_Returned')), ('exit', ('O_Returned', 'W_Validate application|suspend')))",555,1407,302,4961,9154,2067,1.2760273726541982e-08
112,4,18,"(('exit', ('W_Validate application|schedule', 'W_Validate application|start')), ('exit', ('W_Validate application|start', 'A_Validating')), ('exit', ('A_Validating', 'O_Returned')), ('enter', ('O_Returned', 'W_Validate application|suspend')))",555,1407,302,4961,9154,2067,1.2760273726541982e-08
113,4,18,"(('exit', ('W_Validate application|schedule', 'W_Validate application|start')), ('exit', ('W_Validate application|start', 'A_Validating')), ('exit', ('A_Validating', 'O_Returned')), ('exit', ('O_Returned', 'W_Validate application|suspend')))",555,1407,302,4961,9154,2067,1.2760273726541982e-08
114,3,18,"(('exit', ('W_Validate application|start', 'A_Validating')), ('enter', ('A_Validating', 'O_Returned')), ('enter', ('O_Returned', 'W_Validate application|suspend')))",555,1407,302,4961,9154,2067,1.2760273726541982e-08
115,3,18,"(('exit', ('W_Validate application|start', 'A_Validating')), ('enter', ('A_Validating', 'O_Returned')), ('exit', ('O_Returned', 'W_Validate application|suspend')))",555,1407,302,4961,9154,2067,1.2760273726541982e-08
116,3,18,"(('exit', ('W_Validate application|start', 'A_Validating')), ('exit', ('A_Validating', 'O_Returned')), ('enter', ('O_Returned', 'W_Validate application|suspend')))",555,1407,302,4961,9154,2067,1.2760273726541982e-08
117,3,18,"(('exit', ('W_Validate application|start', 'A_Validating')), ('exit', ('A_Validating', 'O_Returned')), ('exit', ('O_Returned', 'W_Validate application|suspend')))",555,1407,302,4961,9154,2067,1.2760273726541982e-08
118,2,14,"(('exit', ('A_Validating', 'O_Returned')), ('workload', ('O_Returned', 'W_Validate application|suspend')))",448,1019,244,5067,9542,2125,0.0012305759755285584
119,4,12,"(('enter', ('W_Validate application|suspend', 'W_Validate application|resume')), ('enter', ('W_Validate application|resume', 'W_Validate application|suspend')), ('exit', ('W_Validate application|suspend', 'W_Validate application|resume')), ('exit', ('W_Validate application|resume', 'W_Validate application|suspend')))",156,750,242,842,2345,606,4.976874468098913e-11
120,4,11,"(('enter', ('W_Validate application|suspend', 'W_Validate application|resume')), ('exit', ('W_Validate application|resume', 'W_Validate application|suspend')), ('exit', ('W_Validate application|suspend', 'W_Validate application|resume')), ('enter', ('W_Validate application|resume', 'W_Validate application|suspend')))",143,723,212,846,2351,623,5.938347591438742e-10
121,4,11,"(('exit', ('W_Validate application|suspend', 'W_Validate application|resume')), ('enter', ('W_Validate application|resume', 'W_Validate application|suspend')), ('enter', ('W_Validate application|suspend', 'W_Validate application|resume')), ('exit', ('W_Validate application|resume', 'W_Validate application|suspend')))",143,723,212,846,2351,623,5.938347591438742e-10
122,4,13,"(('exit', ('W_Validate application|suspend', 'W_Validate application|resume')), ('exit', ('W_Validate application|resume', 'W_Validate application|suspend')), ('enter', ('W_Validate application|suspend', 'W_Validate application|resume')), ('enter', ('W_Validate application|resume', 'W_Validate application|suspend')))",166,799,246,837,2312,602,1.0057599197921263e-10
123,1,25,"(('enter', ('W_Validate application|complete', 'W_Call incomplete files|schedule')),)",180,872,365,1215,4048,1324,2.324552883514741e-09
124,1,25,"(('exit', ('W_Validate application|complete', 'W_Call incomplete files|schedule')),)",180,872,365,1215,4048,1324,2.324552883514741e-09
125,1,22,"(('workload', ('W_Validate application|complete', 'W_Call incomplete files|schedule')),)",137,575,226,1258,4345,1463,0.009227037657690063
126,1,23,"(('handover', ('W_Complete application|suspend', 'W_Complete application|resume')),)",105,368,392,1970,4583,4282,8.955126860943352e-06
127,1,31,"(('workload', ('O_Accepted', 'A_Pending')),)",721,3106,1165,4352,6813,1071,0.0
128,1,21,"(('handover', ('W_Call after offers|suspend', 'W_Call after offers|ate_abort')),)",311,647,120,5688,11107,3065,0.00043034344804382396
129,2,27,"(('enter', ('W_Call after offers|resume', 'W_Call after offers|suspend')), ('enter', ('W_Call after offers|suspend', 'W_Call after offers|ate_abort')))",969,2934,572,2917,6897,1425,6.899229831880405e-08
130,4,26,"(('enter', ('W_Call after offers|resume', 'W_Call after offers|suspend')), ('exit', ('W_Call after offers|suspend', 'W_Call after offers|resume')), ('exit', ('W_Call after offers|resume', 'W_Call after offers|suspend')), ('enter', ('W_Call after offers|suspend', 'W_Call after offers|ate_abort')))",897,2689,535,248,681,181,0.009775611080999447
131,1,32,"(('enter', ('W_Call after offers|suspend', 'W_Call after offers|ate_abort')),)",1520,3545,799,4479,8209,2386,4.007905118896815e-14
132,3,26,"(('exit', ('W_Call after offers|suspend', 'W_Call after offers|resume')), ('enter', ('W_Call after offers|resume', 'W_Call after offers|suspend')), ('enter', ('W_Call after offers|suspend', 'W_Call after offers|ate_abort')))",897,2689,535,2797,6589,1347,3.706906571698809e-07
133,3,26,"(('exit', ('W_Call after offers|suspend', 'W_Call after offers|resume')), ('exit', ('W_Call after offers|resume', 'W_Call after offers|suspend')), ('enter', ('W_Call after offers|suspend', 'W_Call after offers|ate_abort')))",897,2689,535,2797,6589,1347,3.706906571698809e-07
134,2,27,"(('exit', ('W_Call after offers|resume', 'W_Call after offers|suspend')), ('enter', ('W_Call after offers|suspend', 'W_Call after offers|ate_abort')))",969,2934,572,2917,6897,1425,6.899229831880405e-08
135,4,26,"(('exit', ('W_Call after offers|resume', 'W_Call after offers|suspend')), ('exit', ('W_Call after offers|suspend', 'W_Call after offers|resume')), ('enter', ('W_Call after offers|resume', 'W_Call after offers|suspend')), ('enter', ('W_Call after offers|suspend', 'W_Call after offers|ate_abort')))",897,2689,535,248,681,181,0.009775611080999447
136,1,16,"(('workload', ('O_Created', 'O_Sent (mail and online)')),)",454,969,1097,6545,11647,9579,0.0
137,1,13,"(('workload', ('W_Call after offers|resume', 'W_Call after offers|suspend')),)",218,539,550,4298,10317,9134,0.03064150980555591
138,1,17,"(('workload', ('W_Validate application|suspend', 'W_Validate application|resume')),)",124,411,111,2565,6521,1737,0.03162022040733481
139,1,32,"(('enter', ('O_Accepted', 'A_Pending')),)",919,3361,1195,4154,6558,1041,0.0
140,1,32,"(('exit', ('O_Accepted', 'A_Pending')),)",919,3361,1195,4154,6558,1041,0.0
141,2,10,"(('handover', ('W_Complete application|suspend', 'W_Complete application|resume')), ('workload', ('W_Complete application|resume', 'W_Complete application|suspend')))",17,133,131,1256,3343,3117,2.250676608517299e-05
142,1,32,"(('workload', ('W_Complete application|start', 'W_Complete application|suspend')),)",293,747,633,2059,4263,3772,0.018054884445369512
143,2,30,"(('workload', ('O_Sent (mail and online)', 'W_Complete application|ate_abort')), ('workload', ('W_Complete application|ate_abort', 'W_Call after offers|schedule')))",212,629,490,1681,3977,3332,0.02677396011707489
144,1,31,"(('workload', ('W_Complete application|ate_abort', 'W_Call after offers|schedule')),)",224,660,509,1708,3974,3350,0.014862402153995036
145,3,15,"(('workload', ('W_Call after offers|schedule', 'W_Call after offers|start')), ('workload', ('W_Call after offers|start', 'A_Complete')), ('workload', ('A_Complete', 'W_Call after offers|suspend')))",224,550,422,6709,12006,10197,0.0004370064548731012
146,2,16,"(('workload', ('W_Call after offers|start', 'A_Complete')), ('workload', ('A_Complete', 'W_Call after offers|suspend')))",254,622,466,6679,11934,10153,0.000147632977193779
147,1,16,"(('workload', ('A_Complete', 'W_Call after offers|suspend')),)",254,622,466,6679,11934,10153,0.000147632977193779
148,1,34,"(('workload', ('A_Validating', 'W_Validate application|suspend')),)",184,675,242,2219,6298,1774,7.028002164233271e-06
149,5,11,"(('workload', ('O_Sent (mail and online)', 'W_Complete application|complete')), ('workload', ('W_Complete application|complete', 'W_Call after offers|schedule')), ('workload', ('W_Call after offers|schedule', 'W_Call after offers|start')), ('workload', ('W_Call after offers|start', 'A_Complete')), ('workload', ('A_Complete', 'W_Call after offers|suspend')))",114,244,216,4291,7082,6112,0.03549041506619455
150,4,11,"(('workload', ('W_Complete application|complete', 'W_Call after offers|schedule')), ('workload', ('W_Call after offers|schedule', 'W_Call after offers|start')), ('workload', ('W_Call after offers|start', 'A_Complete')), ('workload', ('A_Complete', 'W_Call after offers|suspend')))",114,245,216,4398,7121,6155,0.02127025922808312
151,2,10,"(('workload', ('W_Complete application|resume', 'W_Complete application|suspend')), ('handover', ('W_Complete application|suspend', 'W_Complete application|resume')))",17,133,131,751,2097,2084,0.00013438137076504653
152,4,14,"(('exit', ('W_Call after offers|schedule', 'W_Call after offers|start')), ('exit', ('W_Call after offers|start', 'A_Complete')), ('enter', ('A_Complete', 'W_Call after offers|suspend')), ('enter', ('W_Call after offers|suspend', 'W_Call after offers|resume')))",306,902,921,3825,8931,8011,6.278825335215288e-07
153,4,14,"(('exit', ('W_Call after offers|schedule', 'W_Call after offers|start')), ('exit', ('W_Call after offers|start', 'A_Complete')), ('enter', ('A_Complete', 'W_Call after offers|suspend')), ('batch', ('W_Call after offers|suspend', 'W_Call after offers|resume')))",261,799,818,3871,9032,8115,2.501186596726157e-07
154,4,14,"(('exit', ('W_Call after offers|schedule', 'W_Call after offers|start')), ('exit', ('W_Call after offers|start', 'A_Complete')), ('exit', ('A_Complete', 'W_Call after offers|suspend')), ('enter', ('W_Call after offers|suspend', 'W_Call after offers|resume')))",306,902,921,3825,8931,8011,6.278825335215288e-07
155,4,14,"(('exit', ('W_Call after offers|schedule', 'W_Call after offers|start')), ('exit', ('W_Call after offers|start', 'A_Complete')), ('exit', ('A_Complete', 'W_Call after offers|suspend')), ('batch', ('W_Call after offers|suspend', 'W_Call after offers|resume')))",261,799,818,3871,9032,8115,2.501186596726157e-07
156,3,14,"(('exit', ('W_Call after offers|start', 'A_Complete')), ('enter', ('A_Complete', 'W_Call after offers|suspend')), ('enter', ('W_Call after offers|suspend', 'W_Call after offers|resume')))",306,902,921,3825,8931,8011,6.278825335215288e-07
157,3,14,"(('exit', ('W_Call after offers|start', 'A_Complete')), ('enter', ('A_Complete', 'W_Call after offers|suspend')), ('batch', ('W_Call after offers|suspend', 'W_Call after offers|resume')))",261,799,818,3871,9032,8115,2.501186596726157e-07
158,3,14,"(('exit', ('W_Call after offers|start', 'A_Complete')), ('exit', ('A_Complete', 'W_Call after offers|suspend')), ('enter', ('W_Call after offers|suspend', 'W_Call after offers|resume')))",306,902,921,3825,8931,8011,6.278825335215288e-07
159,3,14,"(('exit', ('W_Call after offers|start', 'A_Complete')), ('exit', ('A_Complete', 'W_Call after offers|suspend')), ('batch', ('W_Call after offers|suspend', 'W_Call after offers|resume')))",261,799,818,3871,9032,8115,2.501186596726157e-07
160,2,14,"(('exit', ('A_Complete', 'W_Call after offers|suspend')), ('enter', ('W_Call after offers|suspend', 'W_Call after offers|resume')))",306,902,921,3825,8931,8011,6.278825335215288e-07
161,2,15,"(('exit', ('A_Complete', 'W_Call after offers|suspend')), ('batch', ('W_Call after offers|suspend', 'W_Call after offers|resume')))",273,848,864,3860,8984,8069,5.043527728787467e-08
162,6,10,"(('exit', ('O_Sent (mail and online)', 'W_Complete application|complete')), ('enter', ('W_Complete application|complete', 'W_Call after offers|schedule')), ('enter', ('W_Call after offers|schedule', 'W_Call after offers|start')), ('enter', ('W_Call after offers|start', 'A_Complete')), ('enter', ('A_Complete', 'W_Call after offers|suspend')), ('batch', ('W_Call after offers|suspend', 'W_Call after offers|resume')))",129,374,356,2540,5387,4930,0.0027232679440987173
163,6,10,"(('exit', ('O_Sent (mail and online)', 'W_Complete application|complete')), ('enter', ('W_Complete application|complete', 'W_Call after offers|schedule')), ('enter', ('W_Call after offers|schedule', 'W_Call after offers|start')), ('enter', ('W_Call after offers|start', 'A_Complete')), ('exit', ('A_Complete', 'W_Call after offers|suspend')), ('batch', ('W_Call after offers|suspend', 'W_Call after offers|resume')))",129,374,356,2540,5387,4930,0.0027232679440987173
164,6,10,"(('exit', ('O_Sent (mail and online)', 'W_Complete application|complete')), ('enter', ('W_Complete application|complete', 'W_Call after offers|schedule')), ('enter', ('W_Call after offers|schedule', 'W_Call after offers|start')), ('exit', ('W_Call after offers|start', 'A_Complete')), ('enter', ('A_Complete', 'W_Call after offers|suspend')), ('batch', ('W_Call after offers|suspend', 'W_Call after offers|resume')))",129,374,356,2540,5387,4930,0.0027232679440987173
165,6,10,"(('exit', ('O_Sent (mail and online)', 'W_Complete application|complete')), ('enter', ('W_Complete application|complete', 'W_Call after offers|schedule')), ('enter', ('W_Call after offers|schedule', 'W_Call after offers|start')), ('exit', ('W_Call after offers|start', 'A_Complete')), ('exit', ('A_Complete', 'W_Call after offers|suspend')), ('batch', ('W_Call after offers|suspend', 'W_Call after offers|resume')))",129,374,356,2540,5387,4930,0.0027232679440987173
166,6,10,"(('exit', ('O_Sent (mail and online)', 'W_Complete application|complete')), ('enter', ('W_Complete application|complete', 'W_Call after offers|schedule')), ('exit', ('W_Call after offers|schedule', 'W_Call after offers|start')), ('enter', ('W_Call after offers|start', 'A_Complete')), ('enter', ('A_Complete', 'W_Call after offers|suspend')), ('batch', ('W_Call after offers|suspend', 'W_Call after offers|resume')))",129,374,356,2540,5387,4930,0.0027232679440987173
167,6,10,"(('exit', ('O_Sent (mail and online)', 'W_Complete application|complete')), ('enter', ('W_Complete application|complete', 'W_Call after offers|schedule')), ('exit', ('W_Call after offers|schedule', 'W_Call after offers|start')), ('enter', ('W_Call after offers|start', 'A_Complete')), ('exit', ('A_Complete', 'W_Call after offers|suspend')), ('batch', ('W_Call after offers|suspend', 'W_Call after offers|resume')))",129,374,356,2540,5387,4930,0.0027232679440987173
168,6,10,"(('exit', ('O_Sent (mail and online)', 'W_Complete application|complete')), ('enter', ('W_Complete application|complete', 'W_Call after offers|schedule')), ('exit', ('W_Call after offers|schedule', 'W_Call after offers|start')), ('exit', ('W_Call after offers|start', 'A_Complete')), ('enter', ('A_Complete', 'W_Call after offers|suspend')), ('batch', ('W_Call after offers|suspend', 'W_Call after offers|resume')))",129,374,356,2540,5387,4930,0.0027232679440987173
169,6,10,"(('exit', ('O_Sent (mail and online)', 'W_Complete application|complete')), ('enter', ('W_Complete application|complete', 'W_Call after offers|schedule')), ('exit', ('W_Call after offers|schedule', 'W_Call after offers|start')), ('exit', ('W_Call after offers|start', 'A_Complete')), ('exit', ('A_Complete', 'W_Call after offers|suspend')), ('batch', ('W_Call after offers|suspend', 'W_Call after offers|resume')))",129,374,356,2540,5387,4930,0.0027232679440987173
170,6,10,"(('exit', ('O_Sent (mail and online)', 'W_Complete application|complete')), ('exit', ('W_Complete application|complete', 'W_Call after offers|schedule')), ('enter', ('W_Call after offers|schedule', 'W_Call after offers|start')), ('enter', ('W_Call after offers|start', 'A_Complete')), ('enter', ('A_Complete', 'W_Call after offers|suspend')), ('batch', ('W_Call after offers|suspend', 'W_Call after offers|resume')))",129,374,356,2540,5387,4930,0.0027232679440987173
171,6,10,"(('exit', ('O_Sent (mail and online)', 'W_Complete application|complete')), ('exit', ('W_Complete application|complete', 'W_Call after offers|schedule')), ('enter', ('W_Call after offers|schedule', 'W_Call after offers|start')), ('enter', ('W_Call after offers|start', 'A_Complete')), ('exit', ('A_Complete', 'W_Call after offers|suspend')), ('batch', ('W_Call after offers|suspend', 'W_Call after offers|resume')))",129,374,356,2540,5387,4930,0.0027232679440987173
172,6,10,"(('exit', ('O_Sent (mail and online)', 'W_Complete application|complete')), ('exit', ('W_Complete application|complete', 'W_Call after offers|schedule')), ('enter', ('W_Call after offers|schedule', 'W_Call after offers|start')), ('exit', ('W_Call after offers|start', 'A_Complete')), ('enter', ('A_Complete', 'W_Call after offers|suspend')), ('batch', ('W_Call after offers|suspend', 'W_Call after offers|resume')))",129,374,356,2540,5387,4930,0.0027232679440987173
173,6,10,"(('exit', ('O_Sent (mail and online)', 'W_Complete application|complete')), ('exit', ('W_Complete application|complete', 'W_Call after offers|schedule')), ('enter', ('W_Call after offers|schedule', 'W_Call after offers|start')), ('exit', ('W_Call after offers|start', 'A_Complete')), ('exit', ('A_Complete', 'W_Call after offers|suspend')), ('batch', ('W_Call after offers|suspend', 'W_Call after offers|resume')))",129,374,356,2540,5387,4930,0.0027232679440987173
174,6,10,"(('exit', ('O_Sent (mail and online)', 'W_Complete application|complete')), ('exit', ('W_Complete application|complete', 'W_Call after offers|schedule')), ('exit', ('W_Call after offers|schedule', 'W_Call after offers|start')), ('enter', ('W_Call after offers|start', 'A_Complete')), ('enter', ('A_Complete', 'W_Call after offers|suspend')), ('batch', ('W_Call after offers|suspend', 'W_Call after offers|resume')))",129,374,356,2540,5387,4930,0.0027232679440987173
175,6,10,"(('exit', ('O_Sent (mail and online)', 'W_Complete application|complete')), ('exit', ('W_Complete application|complete', 'W_Call after offers|schedule')), ('exit', ('W_Call after offers|schedule', 'W_Call after offers|start')), ('enter', ('W_Call after offers|start', 'A_Complete')), ('exit', ('A_Complete', 'W_Call after offers|suspend')), ('batch', ('W_Call after offers|suspend', 'W_Call after offers|resume')))",129,374,356,2540,5387,4930,0.0027232679440987173
176,6,10,"(('exit', ('O_Sent (mail and online)', 'W_Complete application|complete')), ('exit', ('W_Complete application|complete', 'W_Call after offers|schedule')), ('exit', ('W_Call after offers|schedule', 'W_Call after offers|start')), ('exit', ('W_Call after offers|start', 'A_Complete')), ('enter', ('A_Complete', 'W_Call after offers|suspend')), ('batch', ('W_Call after offers|suspend', 'W_Call after offers|resume')))",129,374,356,2540,5387,4930,0.0027232679440987173
177,6,10,"(('exit', ('O_Sent (mail and online)', 'W_Complete application|complete')), ('exit', ('W_Complete application|complete', 'W_Call after offers|schedule')), ('exit', ('W_Call after offers|schedule', 'W_Call after offers|start')), ('exit', ('W_Call after offers|start', 'A_Complete')), ('exit', ('A_Complete', 'W_Call after offers|suspend')), ('batch', ('W_Call after offers|suspend', 'W_Call after offers|resume')))",129,374,356,2540,5387,4930,0.0027232679440987173
178,5,10,"(('exit', ('W_Complete application|complete', 'W_Call after offers|schedule')), ('enter', ('W_Call after offers|schedule', 'W_Call after offers|start')), ('enter', ('W_Call after offers|start', 'A_Complete')), ('enter', ('A_Complete', 'W_Call after offers|suspend')), ('batch', ('W_Call after offers|suspend', 'W_Call after offers|resume')))",130,374,357,2555,5406,4961,0.0031520374656258676
179,5,10,"(('exit', ('W_Complete application|complete', 'W_Call after offers|schedule')), ('enter', ('W_Call after offers|schedule', 'W_Call after offers|start')), ('enter', ('W_Call after offers|start', 'A_Complete')), ('exit', ('A_Complete', 'W_Call after offers|suspend')), ('batch', ('W_Call after offers|suspend', 'W_Call after offers|resume')))",130,374,357,2555,5406,4961,0.0031520374656258676
180,5,10,"(('exit', ('W_Complete application|complete', 'W_Call after offers|schedule')), ('enter', ('W_Call after offers|schedule', 'W_Call after offers|start')), ('exit', ('W_Call after offers|start', 'A_Complete')), ('enter', ('A_Complete', 'W_Call after offers|suspend')), ('batch', ('W_Call after offers|suspend', 'W_Call after offers|resume')))",130,374,357,2555,5406,4961,0.0031520374656258676
181,5,10,"(('exit', ('W_Complete application|complete', 'W_Call after offers|schedule')), ('enter', ('W_Call after offers|schedule', 'W_Call after offers|start')), ('exit', ('W_Call after offers|start', 'A_Complete')), ('exit', ('A_Complete', 'W_Call after offers|suspend')), ('batch', ('W_Call after offers|suspend', 'W_Call after offers|resume')))",130,374,357,2555,5406,4961,0.0031520374656258676
182,5,10,"(('exit', ('W_Complete application|complete', 'W_Call after offers|schedule')), ('exit', ('W_Call after offers|schedule', 'W_Call after offers|start')), ('enter', ('W_Call after offers|start', 'A_Complete')), ('enter', ('A_Complete', 'W_Call after offers|suspend')), ('batch', ('W_Call after offers|suspend', 'W_Call after offers|resume')))",130,374,357,2555,5406,4961,0.0031520374656258676
183,5,10,"(('exit', ('W_Complete application|complete', 'W_Call after offers|schedule')), ('exit', ('W_Call after offers|schedule', 'W_Call after offers|start')), ('enter', ('W_Call after offers|start', 'A_Complete')), ('exit', ('A_Complete', 'W_Call after offers|suspend')), ('batch', ('W_Call after offers|suspend', 'W_Call after offers|resume')))",130,374,357,2555,5406,4961,0.0031520374656258676
184,5,10,"(('exit', ('W_Complete application|complete', 'W_Call after offers|schedule')), ('exit', ('W_Call after offers|schedule', 'W_Call after offers|start')), ('exit', ('W_Call after offers|start', 'A_Complete')), ('enter', ('A_Complete', 'W_Call after offers|suspend')), ('batch', ('W_Call after offers|suspend', 'W_Call after offers|resume')))",130,374,357,2555,5406,4961,0.0031520374656258676
185,5,10,"(('exit', ('W_Complete application|complete', 'W_Call after offers|schedule')), ('exit', ('W_Call after offers|schedule', 'W_Call after offers|start')), ('exit', ('W_Call after offers|start', 'A_Complete')), ('exit', ('A_Complete', 'W_Call after offers|suspend')), ('batch', ('W_Call after offers|suspend', 'W_Call after offers|resume')))",130,374,357,2555,5406,4961,0.0031520374656258676
186,2,15,"(('workload', ('O_Create Offer', 'O_Created')), ('workload', ('O_Created', 'O_Sent (mail and online)')))",410,939,1067,6589,11677,9609,0.0
187,1,33,"(('workload', ('W_Call incomplete files|suspend', 'W_Call incomplete files|resume')),)",86,334,225,2938,8411,2462,0.0
188,2,24,"(('enter', ('A_Validating', 'O_Returned')), ('enter', ('O_Returned', 'W_Validate application|suspend')))",752,1826,392,4764,8735,1977,1.3292255629515637e-08
189,2,24,"(('enter', ('A_Validating', 'O_Returned')), ('exit', ('O_Returned', 'W_Validate application|suspend')))",752,1826,392,4764,8735,1977,1.3292255629515637e-08
190,1,29,"(('enter', ('O_Returned', 'W_Validate application|suspend')),)",900,2160,457,4625,8415,1917,1.7256402973231388e-09
191,2,24,"(('exit', ('A_Validating', 'O_Returned')), ('enter', ('O_Returned', 'W_Validate application|suspend')))",752,1826,392,4764,8735,1977,1.3292255629515637e-08
192,2,24,"(('exit', ('A_Validating', 'O_Returned')), ('exit', ('O_Returned', 'W_Validate application|suspend')))",752,1826,392,4764,8735,1977,1.3292255629515637e-08
193,1,29,"(('exit', ('O_Returned', 'W_Validate application|suspend')),)",900,2160,457,4625,8415,1917,1.7256402973231388e-09
194,1,11,"(('workload', ('W_Call after offers|ate_abort', 'W_Validate application|schedule')),)",241,655,148,5175,10674,2560,0.00161416498136846
195,1,22,"(('workload', ('W_Call incomplete files|ate_abort', 'W_Validate application|schedule')),)",123,459,162,1914,6096,1811,0.026406147453417406
196,2,20,"(('workload', ('A_Validating', 'O_Returned')), ('workload', ('O_Returned', 'W_Validate application|suspend')))",578,1217,301,4937,9344,2068,0.012430016278624834
197,1,30,"(('workload', ('O_Returned', 'W_Validate application|suspend')),)",835,1800,410,4690,8775,1964,0.0044564451575943576
198,5,17,"(('enter', ('W_Call after offers|ate_abort', 'W_Validate application|schedule')), ('enter', ('W_Validate application|schedule', 'W_Validate application|start')), ('enter', ('W_Validate application|start', 'A_Validating')), ('enter', ('A_Validating', 'O_Returned')), ('enter', ('O_Returned', 'W_Validate application|suspend')))",514,1311,279,4359,8297,1870,7.138838228337718e-07
199,5,17,"(('enter', ('W_Call after offers|ate_abort', 'W_Validate application|schedule')), ('enter', ('W_Validate application|schedule', 'W_Validate application|start')), ('enter', ('W_Validate application|start', 'A_Validating')), ('enter', ('A_Validating', 'O_Returned')), ('exit', ('O_Returned', 'W_Validate application|suspend')))",514,1311,279,4359,8297,1870,7.138838228337718e-07
200,6,14,"(('exit', ('W_Call after offers|suspend', 'W_Call after offers|ate_abort')), ('exit', ('W_Call after offers|ate_abort', 'W_Validate application|schedule')), ('exit', ('W_Validate application|schedule', 'W_Validate application|start')), ('enter', ('W_Validate application|start', 'A_Validating')), ('exit', ('A_Validating', 'O_Returned')), ('enter', ('O_Returned', 'W_Validate application|suspend')))",422,1043,196,4345,7934,1425,9.226473349777109e-07
201,6,14,"(('exit', ('W_Call after offers|suspend', 'W_Call after offers|ate_abort')), ('exit', ('W_Call after offers|ate_abort', 'W_Validate application|schedule')), ('exit', ('W_Validate application|schedule', 'W_Validate application|start')), ('enter', ('W_Validate application|start', 'A_Validating')), ('exit', ('A_Validating', 'O_Returned')), ('exit', ('O_Returned', 'W_Validate application|suspend')))",422,1043,196,4345,7934,1425,9.226473349777109e-07
202,6,14,"(('exit', ('W_Call after offers|suspend', 'W_Call after offers|ate_abort')), ('exit', ('W_Call after offers|ate_abort', 'W_Validate application|schedule')), ('exit', ('W_Validate application|schedule', 'W_Validate application|start')), ('exit', ('W_Validate application|start', 'A_Validating')), ('enter', ('A_Validating', 'O_Returned')), ('enter', ('O_Returned', 'W_Validate application|suspend')))",422,1043,196,4345,7934,1425,9.226473349777109e-07
203,6,14,"(('exit', ('W_Call after offers|suspend', 'W_Call after offers|ate_abort')), ('exit', ('W_Call after offers|ate_abort', 'W_Validate application|schedule')), ('exit', ('W_Validate application|schedule', 'W_Validate application|start')), ('exit', ('W_Validate application|start', 'A_Validating')), ('enter', ('A_Validating', 'O_Returned')), ('exit', ('O_Returned', 'W_Validate application|suspend')))",422,1043,196,4345,7934,1425,9.226473349777109e-07
204,6,14,"(('exit', ('W_Call after offers|suspend', 'W_Call after offers|ate_abort')), ('exit', ('W_Call after offers|ate_abort', 'W_Validate application|schedule')), ('exit', ('W_Validate application|schedule', 'W_Validate application|start')), ('exit', ('W_Validate application|start', 'A_Validating')), ('exit', ('A_Validating', 'O_Returned')), ('enter', ('O_Returned', 'W_Validate application|suspend')))",422,1043,196,4345,7934,1425,9.226473349777109e-07
205,6,14,"(('exit', ('W_Call after offers|suspend', 'W_Call after offers|ate_abort')), ('exit', ('W_Call after offers|ate_abort', 'W_Validate application|schedule')), ('exit', ('W_Validate application|schedule', 'W_Validate application|start')), ('exit', ('W_Validate application|start', 'A_Validating')), ('exit', ('A_Validating', 'O_Returned')), ('exit', ('O_Returned', 'W_Validate application|suspend')))",422,1043,196,4345,7934,1425,9.226473349777109e-07
206,1,34,"(('exit', ('A_Validating', 'W_Validate application|suspend')),)",418,1605,587,1985,5368,1429,0.0
207,3,17,"(('workload', ('W_Call incomplete files|schedule', 'W_Call incomplete files|start')), ('workload', ('W_Call incomplete files|start', 'A_Incomplete')), ('workload', ('A_Incomplete', 'W_Call incomplete files|suspend')))",240,814,314,2889,8015,2356,5.329103848206174e-07
208,2,17,"(('workload', ('W_Call incomplete files|start', 'A_Incomplete')), ('workload', ('A_Incomplete', 'W_Call incomplete files|suspend')))",240,814,314,2889,8015,2356,5.329103848206174e-07
209,1,22,"(('workload', ('A_Incomplete', 'W_Call incomplete files|suspend')),)",344,1065,385,2785,7764,2285,0.00025446890150693235
210,1,16,"(('handover', ('W_Call incomplete files|suspend', 'W_Call incomplete files|resume')),)",59,308,235,2965,8437,2452,0.0
211,1,14,"(('workload', ('W_Validate application|ate_abort', 'W_Call incomplete files|schedule')),)",120,477,179,2029,5211,1567,3.430664043957421e-07
212,4,10,"(('workload', ('W_Validate application|complete', 'W_Call incomplete files|schedule')), ('workload', ('W_Call incomplete files|schedule', 'W_Call incomplete files|start')), ('workload', ('W_Call incomplete files|start', 'A_Incomplete')), ('workload', ('A_Incomplete', 'W_Call incomplete files|suspend')))",61,331,123,1198,4231,1456,0.00410500948146808
213,1,26,"(('handover', ('W_Validate application|suspend', 'W_Validate application|resume')),)",170,643,216,2519,6289,1632,1.5272868525428862e-09
214,2,16,"(('handover', ('W_Call incomplete files|suspend', 'W_Call incomplete files|resume')), ('workload', ('W_Call incomplete files|resume', 'W_Call incomplete files|suspend')))",113,573,392,2554,7723,2266,0.0
215,2,15,"(('workload', ('W_Call incomplete files|resume', 'W_Call incomplete files|suspend')), ('handover', ('W_Call incomplete files|suspend', 'W_Call incomplete files|resume')))",112,564,376,941,3516,1554,9.332978834208916e-12
216,2,10,"(('workload', ('W_Validate application|schedule', 'W_Validate application|start')), ('workload', ('W_Validate application|start', 'A_Validating')))",363,952,289,5876,11628,2717,1.6898238364149165e-10
217,1,12,"(('workload', ('W_Validate application|start', 'A_Validating')),)",419,1187,341,5820,11393,2665,1.9317880628477724e-14
218,2,14,"(('exit', ('O_Create Offer', 'O_Created')), ('enter', ('O_Created', 'O_Sent (mail and online)')))",534,1106,1289,6465,11510,9387,0.0
219,2,14,"(('exit', ('O_Create Offer', 'O_Created')), ('exit', ('O_Created', 'O_Sent (mail and online)')))",533,1106,1287,6466,11510,9389,0.0
220,1,15,"(('exit', ('O_Created', 'O_Sent (mail and online)')),)",554,1173,1358,6445,11443,9318,0.0
221,1,32,"(('enter', ('W_Call incomplete files|suspend', 'W_Call incomplete files|ate_abort')),)",292,1428,542,1648,4808,1324,0.0
222,1,26,"(('enter', ('W_Call incomplete files|ate_abort', 'W_Validate application|schedule')),)",276,1214,469,1761,5341,1504,8.881784197001252e-16
223,2,26,"(('exit', ('W_Call incomplete files|suspend', 'W_Call incomplete files|ate_abort')), ('enter', ('W_Call incomplete files|ate_abort', 'W_Validate application|schedule')))",259,1161,454,1680,5070,1411,0.0
224,2,26,"(('exit', ('W_Call incomplete files|suspend', 'W_Call incomplete files|ate_abort')), ('exit', ('W_Call incomplete files|ate_abort', 'W_Validate application|schedule')))",259,1161,454,1680,5070,1411,0.0
225,1,26,"(('exit', ('W_Call incomplete files|ate_abort', 'W_Validate application|schedule')),)",276,1214,469,1761,5341,1504,8.881784197001252e-16
226,4,14,"(('enter', ('W_Validate application|ate_abort', 'W_Call incomplete files|schedule')), ('enter', ('W_Call incomplete files|schedule', 'W_Call incomplete files|start')), ('enter', ('W_Call incomplete files|start', 'A_Incomplete')), ('enter', ('A_Incomplete', 'W_Call incomplete files|suspend')))",197,678,286,1927,4972,1453,8.259826156375993e-11
227,4,14,"(('enter', ('W_Validate application|ate_abort', 'W_Call incomplete files|schedule')), ('enter', ('W_Call incomplete files|schedule', 'W_Call incomplete files|start')), ('enter', ('W_Call incomplete files|start', 'A_Incomplete')), ('exit', ('A_Incomplete', 'W_Call incomplete files|suspend')))",197,678,286,1927,4972,1453,8.259826156375993e-11
228,4,14,"(('enter', ('W_Validate application|ate_abort', 'W_Call incomplete files|schedule')), ('enter', ('W_Call incomplete files|schedule', 'W_Call incomplete files|start')), ('exit', ('W_Call incomplete files|start', 'A_Incomplete')), ('enter', ('A_Incomplete', 'W_Call incomplete files|suspend')))",197,678,286,1927,4972,1453,8.259826156375993e-11
229,4,14,"(('enter', ('W_Validate application|ate_abort', 'W_Call incomplete files|schedule')), ('enter', ('W_Call incomplete files|schedule', 'W_Call incomplete files|start')), ('exit', ('W_Call incomplete files|start', 'A_Incomplete')), ('exit', ('A_Incomplete', 'W_Call incomplete files|suspend')))",197,678,286,1927,4972,1453,8.259826156375993e-11
230,4,14,"(('enter', ('W_Validate application|ate_abort', 'W_Call incomplete files|schedule')), ('exit', ('W_Call incomplete files|schedule', 'W_Call incomplete files|start')), ('enter', ('W_Call incomplete files|start', 'A_Incomplete')), ('enter', ('A_Incomplete', 'W_Call incomplete files|suspend')))",197,678,286,1927,4972,1453,8.259826156375993e-11
231,4,14,"(('enter', ('W_Validate application|ate_abort', 'W_Call incomplete files|schedule')), ('exit', ('W_Call incomplete files|schedule', 'W_Call incomplete files|start')), ('enter', ('W_Call incomplete files|start', 'A_Incomplete')), ('exit', ('A_Incomplete', 'W_Call incomplete files|suspend')))",197,678,286,1927,4972,1453,8.259826156375993e-11
232,4,14,"(('enter', ('W_Validate application|ate_abort', 'W_Call incomplete files|schedule')), ('exit', ('W_Call incomplete files|schedule', 'W_Call incomplete files|start')), ('exit', ('W_Call incomplete files|start', 'A_Incomplete')), ('enter', ('A_Incomplete', 'W_Call incomplete files|suspend')))",197,678,286,1927,4972,1453,8.259826156375993e-11
233,4,14,"(('enter', ('W_Validate application|ate_abort', 'W_Call incomplete files|schedule')), ('exit', ('W_Call incomplete files|schedule', 'W_Call incomplete files|start')), ('exit', ('W_Call incomplete files|start', 'A_Incomplete')), ('exit', ('A_Incomplete', 'W_Call incomplete files|suspend')))",197,678,286,1927,4972,1453,8.259826156375993e-11
234,7,12,"(('enter', ('W_Call incomplete files|schedule', 'W_Call incomplete files|start')), ('enter', ('W_Call incomplete files|start', 'A_Incomplete')), ('enter', ('A_Incomplete', 'W_Call incomplete files|suspend')), ('enter', ('W_Call incomplete files|suspend', 'W_Call incomplete files|resume')), ('enter', ('W_Call incomplete files|resume', 'W_Call incomplete files|suspend')), ('exit', ('W_Call incomplete files|suspend', 'W_Call incomplete files|resume')), ('exit', ('W_Call incomplete files|resume', 'W_Call incomplete files|suspend')))",201,800,258,738,2997,1471,1.643139964091489e-07
235,7,12,"(('enter', ('W_Call incomplete files|schedule', 'W_Call incomplete files|start')), ('enter', ('W_Call incomplete files|start', 'A_Incomplete')), ('enter', ('A_Incomplete', 'W_Call incomplete files|suspend')), ('enter', ('W_Call incomplete files|suspend', 'W_Call incomplete files|resume')), ('exit', ('W_Call incomplete files|resume', 'W_Call incomplete files|suspend')), ('exit', ('W_Call incomplete files|suspend', 'W_Call incomplete files|resume')), ('enter', ('W_Call incomplete files|resume', 'W_Call incomplete files|suspend')))",201,800,258,738,2997,1471,1.643139964091489e-07
236,7,12,"(('enter', ('W_Call incomplete files|schedule', 'W_Call incomplete files|start')), ('enter', ('W_Call incomplete files|start', 'A_Incomplete')), ('enter', ('A_Incomplete', 'W_Call incomplete files|suspend')), ('exit', ('W_Call incomplete files|suspend', 'W_Call incomplete files|resume')), ('enter', ('W_Call incomplete files|resume', 'W_Call incomplete files|suspend')), ('enter', ('W_Call incomplete files|suspend', 'W_Call incomplete files|resume')), ('exit', ('W_Call incomplete files|resume', 'W_Call incomplete files|suspend')))",201,800,258,738,2997,1471,1.643139964091489e-07
237,7,12,"(('enter', ('W_Call incomplete files|schedule', 'W_Call incomplete files|start')), ('enter', ('W_Call incomplete files|start', 'A_Incomplete')), ('enter', ('A_Incomplete', 'W_Call incomplete files|suspend')), ('exit', ('W_Call incomplete files|suspend', 'W_Call incomplete files|resume')), ('exit', ('W_Call incomplete files|resume', 'W_Call incomplete files|suspend')), ('enter', ('W_Call incomplete files|suspend', 'W_Call incomplete files|resume')), ('enter', ('W_Call incomplete files|resume', 'W_Call incomplete files|suspend')))",201,800,258,738,2997,1471,1.643139964091489e-07
238,7,12,"(('enter', ('W_Call incomplete files|schedule', 'W_Call incomplete files|start')), ('enter', ('W_Call incomplete files|start', 'A_Incomplete')), ('exit', ('A_Incomplete', 'W_Call incomplete files|suspend')), ('enter', ('W_Call incomplete files|suspend', 'W_Call incomplete files|resume')), ('enter', ('W_Call incomplete files|resume', 'W_Call incomplete files|suspend')), ('exit', ('W_Call incomplete files|suspend', 'W_Call incomplete files|resume')), ('exit', ('W_Call incomplete files|resume', 'W_Call incomplete files|suspend')))",201,800,258,738,2997,1471,1.643139964091489e-07
239,7,12,"(('enter', ('W_Call incomplete files|schedule', 'W_Call incomplete files|start')), ('enter', ('W_Call incomplete files|start', 'A_Incomplete')), ('exit', ('A_Incomplete', 'W_Call incomplete files|suspend')), ('enter', ('W_Call incomplete files|suspend', 'W_Call incomplete files|resume')), ('exit', ('W_Call incomplete files|resume', 'W_Call incomplete files|suspend')), ('exit', ('W_Call incomplete files|suspend', 'W_Call incomplete files|resume')), ('enter', ('W_Call incomplete files|resume', 'W_Call incomplete files|suspend')))",201,800,258,738,2997,1471,1.643139964091489e-07
240,7,12,"(('enter', ('W_Call incomplete files|schedule', 'W_Call incomplete files|start')), ('enter', ('W_Call incomplete files|start', 'A_Incomplete')), ('exit', ('A_Incomplete', 'W_Call incomplete files|suspend')), ('exit', ('W_Call incomplete files|suspend', 'W_Call incomplete files|resume')), ('enter', ('W_Call incomplete files|resume', 'W_Call incomplete files|suspend')), ('enter', ('W_Call incomplete files|suspend', 'W_Call incomplete files|resume')), ('exit', ('W_Call incomplete files|resume', 'W_Call incomplete files|suspend')))",201,800,258,738,2997,1471,1.643139964091489e-07
241,7,12,"(('enter', ('W_Call incomplete files|schedule', 'W_Call incomplete files|start')), ('enter', ('W_Call incomplete files|start', 'A_Incomplete')), ('exit', ('A_Incomplete', 'W_Call incomplete files|suspend')), ('exit', ('W_Call incomplete files|suspend', 'W_Call incomplete files|resume')), ('exit', ('W_Call incomplete files|resume', 'W_Call incomplete files|suspend')), ('enter', ('W_Call incomplete files|suspend', 'W_Call incomplete files|resume')), ('enter', ('W_Call incomplete files|resume', 'W_Call incomplete files|suspend')))",201,800,258,738,2997,1471,1.643139964091489e-07
242,7,12,"(('enter', ('W_Call incomplete files|schedule', 'W_Call incomplete files|start')), ('exit', ('W_Call incomplete files|start', 'A_Incomplete')), ('enter', ('A_Incomplete', 'W_Call incomplete files|suspend')), ('enter', ('W_Call incomplete files|suspend', 'W_Call incomplete files|resume')), ('enter', ('W_Call incomplete files|resume', 'W_Call incomplete files|suspend')), ('exit', ('W_Call incomplete files|suspend', 'W_Call incomplete files|resume')), ('exit', ('W_Call incomplete files|resume', 'W_Call incomplete files|suspend')))",201,800,258,738,2997,1471,1.643139964091489e-07
243,7,12,"(('enter', ('W_Call incomplete files|schedule', 'W_Call incomplete files|start')), ('exit', ('W_Call incomplete files|start', 'A_Incomplete')), ('enter', ('A_Incomplete', 'W_Call incomplete files|suspend')), ('enter', ('W_Call incomplete files|suspend', 'W_Call incomplete files|resume')), ('exit', ('W_Call incomplete files|resume', 'W_Call incomplete files|suspend')), ('exit', ('W_Call incomplete files|suspend', 'W_Call incomplete files|resume')), ('enter', ('W_Call incomplete files|resume', 'W_Call incomplete files|suspend')))",201,800,258,738,2997,1471,1.643139964091489e-07
244,7,12,"(('enter', ('W_Call incomplete files|schedule', 'W_Call incomplete files|start')), ('exit', ('W_Call incomplete files|start', 'A_Incomplete')), ('enter', ('A_Incomplete', 'W_Call incomplete files|suspend')), ('exit', ('W_Call incomplete files|suspend', 'W_Call incomplete files|resume')), ('enter', ('W_Call incomplete files|resume', 'W_Call incomplete files|suspend')), ('enter', ('W_Call incomplete files|suspend', 'W_Call incomplete files|resume')), ('exit', ('W_Call incomplete files|resume', 'W_Call incomplete files|suspend')))",201,800,258,738,2997,1471,1.643139964091489e-07
245,7,12,"(('enter', ('W_Call incomplete files|schedule', 'W_Call incomplete files|start')), ('exit', ('W_Call incomplete files|start', 'A_Incomplete')), ('enter', ('A_Incomplete', 'W_Call incomplete files|suspend')), ('exit', ('W_Call incomplete files|suspend', 'W_Call incomplete files|resume')), ('exit', ('W_Call incomplete files|resume', 'W_Call incomplete files|suspend')), ('enter', ('W_Call incomplete files|suspend', 'W_Call incomplete files|resume')), ('enter', ('W_Call incomplete files|resume', 'W_Call incomplete files|suspend')))",201,800,258,738,2997,1471,1.643139964091489e-07
246,7,12,"(('enter', ('W_Call incomplete files|schedule', 'W_Call incomplete files|start')), ('exit', ('W_Call incomplete files|start', 'A_Incomplete')), ('exit', ('A_Incomplete', 'W_Call incomplete files|suspend')), ('enter', ('W_Call incomplete files|suspend', 'W_Call incomplete files|resume')), ('enter', ('W_Call incomplete files|resume', 'W_Call incomplete files|suspend')), ('exit', ('W_Call incomplete files|suspend', 'W_Call incomplete files|resume')), ('exit', ('W_Call incomplete files|resume', 'W_Call incomplete files|suspend')))",201,800,258,738,2997,1471,1.643139964091489e-07
247,7,12,"(('enter', ('W_Call incomplete files|schedule', 'W_Call incomplete files|start')), ('exit', ('W_Call incomplete files|start', 'A_Incomplete')), ('exit', ('A_Incomplete', 'W_Call incomplete files|suspend')), ('enter', ('W_Call incomplete files|suspend', 'W_Call incomplete files|resume')), ('exit', ('W_Call incomplete files|resume', 'W_Call incomplete files|suspend')), ('exit', ('W_Call incomplete files|suspend', 'W_Call incomplete files|resume')), ('enter', ('W_Call incomplete files|resume', 'W_Call incomplete files|suspend')))",201,800,258,738,2997,1471,1.643139964091489e-07
248,7,12,"(('enter', ('W_Call incomplete files|schedule', 'W_Call incomplete files|start')), ('exit', ('W_Call incomplete files|start', 'A_Incomplete')), ('exit', ('A_Incomplete', 'W_Call incomplete files|suspend')), ('exit', ('W_Call incomplete files|suspend', 'W_Call incomplete files|resume')), ('enter', ('W_Call incomplete files|resume', 'W_Call incomplete files|suspend')), ('enter', ('W_Call incomplete files|suspend', 'W_Call incomplete files|resume')), ('exit', ('W_Call incomplete files|resume', 'W_Call incomplete files|suspend')))",201,800,258,738,2997,1471,1.643139964091489e-07
249,7,12,"(('enter', ('W_Call incomplete files|schedule', 'W_Call incomplete files|start')), ('exit', ('W_Call incomplete files|start', 'A_Incomplete')), ('exit', ('A_Incomplete', 'W_Call incomplete files|suspend')), ('exit', ('W_Call incomplete files|suspend', 'W_Call incomplete files|resume')), ('exit', ('W_Call incomplete files|resume', 'W_Call incomplete files|suspend')), ('enter', ('W_Call incomplete files|suspend', 'W_Call incomplete files|resume')), ('enter', ('W_Call incomplete files|resume', 'W_Call incomplete files|suspend')))",201,800,258,738,2997,1471,1.643139964091489e-07
250,6,12,"(('enter', ('W_Call incomplete files|start', 'A_Incomplete')), ('enter', ('A_Incomplete', 'W_Call incomplete files|suspend')), ('enter', ('W_Call incomplete files|suspend', 'W_Call incomplete files|resume')), ('enter', ('W_Call incomplete files|resume', 'W_Call incomplete files|suspend')), ('exit', ('W_Call incomplete files|suspend', 'W_Call incomplete files|resume')), ('exit', ('W_Call incomplete files|resume', 'W_Call incomplete files|suspend')))",201,800,258,738,2997,1471,1.643139964091489e-07
251,6,12,"(('enter', ('W_Call incomplete files|start', 'A_Incomplete')), ('enter', ('A_Incomplete', 'W_Call incomplete files|suspend')), ('enter', ('W_Call incomplete files|suspend', 'W_Call incomplete files|resume')), ('exit', ('W_Call incomplete files|resume', 'W_Call incomplete files|suspend')), ('exit', ('W_Call incomplete files|suspend', 'W_Call incomplete files|resume')), ('enter', ('W_Call incomplete files|resume', 'W_Call incomplete files|suspend')))",201,800,258,738,2997,1471,1.643139964091489e-07
252,6,12,"(('enter', ('W_Call incomplete files|start', 'A_Incomplete')), ('enter', ('A_Incomplete', 'W_Call incomplete files|suspend')), ('exit', ('W_Call incomplete files|suspend', 'W_Call incomplete files|resume')), ('enter', ('W_Call incomplete files|resume', 'W_Call incomplete files|suspend')), ('enter', ('W_Call incomplete files|suspend', 'W_Call incomplete files|resume')), ('exit', ('W_Call incomplete files|resume', 'W_Call incomplete files|suspend')))",201,800,258,738,2997,1471,1.643139964091489e-07
253,6,12,"(('enter', ('W_Call incomplete files|start', 'A_Incomplete')), ('enter', ('A_Incomplete', 'W_Call incomplete files|suspend')), ('exit', ('W_Call incomplete files|suspend', 'W_Call incomplete files|resume')), ('exit', ('W_Call incomplete files|resume', 'W_Call incomplete files|suspend')), ('enter', ('W_Call incomplete files|suspend', 'W_Call incomplete files|resume')), ('enter', ('W_Call incomplete files|resume', 'W_Call incomplete files|suspend')))",201,800,258,738,2997,1471,1.643139964091489e-07
254,6,12,"(('enter', ('W_Call incomplete files|start', 'A_Incomplete')), ('exit', ('A_Incomplete', 'W_Call incomplete files|suspend')), ('enter', ('W_Call incomplete files|suspend', 'W_Call incomplete files|resume')), ('enter', ('W_Call incomplete files|resume', 'W_Call incomplete files|suspend')), ('exit', ('W_Call incomplete files|suspend', 'W_Call incomplete files|resume')), ('exit', ('W_Call incomplete files|resume', 'W_Call incomplete files|suspend')))",201,800,258,738,2997,1471,1.643139964091489e-07
255,6,12,"(('enter', ('W_Call incomplete files|start', 'A_Incomplete')), ('exit', ('A_Incomplete', 'W_Call incomplete files|suspend')), ('enter', ('W_Call incomplete files|suspend', 'W_Call incomplete files|resume')), ('exit', ('W_Call incomplete files|resume', 'W_Call incomplete files|suspend')), ('exit', ('W_Call incomplete files|suspend', 'W_Call incomplete files|resume')), ('enter', ('W_Call incomplete files|resume', 'W_Call incomplete files|suspend')))",201,800,258,738,2997,1471,1.643139964091489e-07
256,6,12,"(('enter', ('W_Call incomplete files|start', 'A_Incomplete')), ('exit', ('A_Incomplete', 'W_Call incomplete files|suspend')), ('exit', ('W_Call incomplete files|suspend', 'W_Call incomplete files|resume')), ('enter', ('W_Call incomplete files|resume', 'W_Call incomplete files|suspend')), ('enter', ('W_Call incomplete files|suspend', 'W_Call incomplete files|resume')), ('exit', ('W_Call incomplete files|resume', 'W_Call incomplete files|suspend')))",201,800,258,738,2997,1471,1.643139964091489e-07
257,6,12,"(('enter', ('W_Call incomplete files|start', 'A_Incomplete')), ('exit', ('A_Incomplete', 'W_Call incomplete files|suspend')), ('exit', ('W_Call incomplete files|suspend', 'W_Call incomplete files|resume')), ('exit', ('W_Call incomplete files|resume', 'W_Call incomplete files|suspend')), ('enter', ('W_Call incomplete files|suspend', 'W_Call incomplete files|resume')), ('enter', ('W_Call incomplete files|resume', 'W_Call incomplete files|suspend')))",201,800,258,738,2997,1471,1.643139964091489e-07
258,5,14,"(('enter', ('A_Incomplete', 'W_Call incomplete files|suspend')), ('enter', ('W_Call incomplete files|suspend', 'W_Call incomplete files|resume')), ('enter', ('W_Call incomplete files|resume', 'W_Call incomplete files|suspend')), ('exit', ('W_Call incomplete files|suspend', 'W_Call incomplete files|resume')), ('exit', ('W_Call incomplete files|resume', 'W_Call incomplete files|suspend')))",224,906,303,729,2948,1439,8.490005755090735e-07
259,5,14,"(('enter', ('A_Incomplete', 'W_Call incomplete files|suspend')), ('enter', ('W_Call incomplete files|suspend', 'W_Call incomplete files|resume')), ('exit', ('W_Call incomplete files|resume', 'W_Call incomplete files|suspend')), ('exit', ('W_Call incomplete files|suspend', 'W_Call incomplete files|resume')), ('enter', ('W_Call incomplete files|resume', 'W_Call incomplete files|suspend')))",224,906,303,729,2948,1439,8.490005755090735e-07
260,5,14,"(('enter', ('A_Incomplete', 'W_Call incomplete files|suspend')), ('exit', ('W_Call incomplete files|suspend', 'W_Call incomplete files|resume')), ('enter', ('W_Call incomplete files|resume', 'W_Call incomplete files|suspend')), ('enter', ('W_Call incomplete files|suspend', 'W_Call incomplete files|resume')), ('exit', ('W_Call incomplete files|resume', 'W_Call incomplete files|suspend')))",224,906,303,729,2948,1439,8.490005755090735e-07
261,5,14,"(('enter', ('A_Incomplete', 'W_Call incomplete files|suspend')), ('exit', ('W_Call incomplete files|suspend', 'W_Call incomplete files|resume')), ('exit', ('W_Call incomplete files|resume', 'W_Call incomplete files|suspend')), ('enter', ('W_Call incomplete files|suspend', 'W_Call incomplete files|resume')), ('enter', ('W_Call incomplete files|resume', 'W_Call incomplete files|suspend')))",224,906,303,729,2948,1439,8.490005755090735e-07
262,5,14,"(('exit', ('W_Validate application|suspend', 'W_Validate application|ate_abort')), ('enter', ('W_Validate application|ate_abort', 'W_Call incomplete files|schedule')), ('enter', ('W_Call incomplete files|schedule', 'W_Call incomplete files|start')), ('enter', ('W_Call incomplete files|start', 'A_Incomplete')), ('enter', ('A_Incomplete', 'W_Call incomplete files|suspend')))",195,668,282,1904,4907,1436,1.4175582929709662e-10
263,5,14,"(('exit', ('W_Validate application|suspend', 'W_Validate application|ate_abort')), ('enter', ('W_Validate application|ate_abort', 'W_Call incomplete files|schedule')), ('enter', ('W_Call incomplete files|schedule', 'W_Call incomplete files|start')), ('enter', ('W_Call incomplete files|start', 'A_Incomplete')), ('exit', ('A_Incomplete', 'W_Call incomplete files|suspend')))",195,668,282,1904,4907,1436,1.4175582929709662e-10
264,5,14,"(('exit', ('W_Validate application|suspend', 'W_Validate application|ate_abort')), ('enter', ('W_Validate application|ate_abort', 'W_Call incomplete files|schedule')), ('enter', ('W_Call incomplete files|schedule', 'W_Call incomplete files|start')), ('exit', ('W_Call incomplete files|start', 'A_Incomplete')), ('enter', ('A_Incomplete', 'W_Call incomplete files|suspend')))",195,668,282,1904,4907,1436,1.4175582929709662e-10
265,2,14,"(('enter', ('O_Create Offer', 'O_Created')), ('enter', ('O_Created', 'O_Sent (mail and online)')))",534,1106,1289,6465,11510,9387,0.0
266,2,14,"(('enter', ('O_Create Offer', 'O_Created')), ('exit', ('O_Created', 'O_Sent (mail and online)')))",533,1106,1287,6466,11510,9389,0.0
267,1,15,"(('enter', ('O_Created', 'O_Sent (mail and online)')),)",555,1172,1359,6444,11444,9317,0.0
268,4,14,"(('enter', ('W_Call after offers|schedule', 'W_Call after offers|start')), ('enter', ('W_Call after offers|start', 'A_Complete')), ('enter', ('A_Complete', 'W_Call after offers|suspend')), ('enter', ('W_Call after offers|suspend', 'W_Call after offers|resume')))",306,902,921,3825,8931,8011,6.278825335215288e-07
269,4,14,"(('enter', ('W_Call after offers|schedule', 'W_Call after offers|start')), ('enter', ('W_Call after offers|start', 'A_Complete')), ('enter', ('A_Complete', 'W_Call after offers|suspend')), ('batch', ('W_Call after offers|suspend', 'W_Call after offers|resume')))",261,799,818,3871,9032,8115,2.501186596726157e-07
270,4,14,"(('enter', ('W_Call after offers|schedule', 'W_Call after offers|start')), ('enter', ('W_Call after offers|start', 'A_Complete')), ('exit', ('A_Complete', 'W_Call after offers|suspend')), ('enter', ('W_Call after offers|suspend', 'W_Call after offers|resume')))",306,902,921,3825,8931,8011,6.278825335215288e-07
271,4,14,"(('enter', ('W_Call after offers|schedule', 'W_Call after offers|start')), ('enter', ('W_Call after offers|start', 'A_Complete')), ('exit', ('A_Complete', 'W_Call after offers|suspend')), ('batch', ('W_Call after offers|suspend', 'W_Call after offers|resume')))",261,799,818,3871,9032,8115,2.501186596726157e-07
272,4,14,"(('enter', ('W_Call after offers|schedule', 'W_Call after offers|start')), ('exit', ('W_Call after offers|start', 'A_Complete')), ('enter', ('A_Complete', 'W_Call after offers|suspend')), ('enter', ('W_Call after offers|suspend', 'W_Call after offers|resume')))",306,902,921,3825,8931,8011,6.278825335215288e-07
273,4,14,"(('enter', ('W_Call after offers|schedule', 'W_Call after offers|start')), ('exit', ('W_Call after offers|start', 'A_Complete')), ('enter', ('A_Complete', 'W_Call after offers|suspend')), ('batch', ('W_Call after offers|suspend', 'W_Call after offers|resume')))",261,799,818,3871,9032,8115,2.501186596726157e-07
274,4,14,"(('enter', ('W_Call after offers|schedule', 'W_Call after offers|start')), ('exit', ('W_Call after offers|start', 'A_Complete')), ('exit', ('A_Complete', 'W_Call after offers|suspend')), ('enter', ('W_Call after offers|suspend', 'W_Call after offers|resume')))",306,902,921,3825,8931,8011,6.278825335215288e-07
275,4,14,"(('enter', ('W_Call after offers|schedule', 'W_Call after offers|start')), ('exit', ('W_Call after offers|start', 'A_Complete')), ('exit', ('A_Complete', 'W_Call after offers|suspend')), ('batch', ('W_Call after offers|suspend', 'W_Call after offers|resume')))",261,799,818,3871,9032,8115,2.501186596726157e-07
276,3,14,"(('enter', ('W_Call after offers|start', 'A_Complete')), ('enter', ('A_Complete', 'W_Call after offers|suspend')), ('enter', ('W_Call after offers|suspend', 'W_Call after offers|resume')))",306,902,921,3825,8931,8011,6.278825335215288e-07
277,3,14,"(('enter', ('W_Call after offers|start', 'A_Complete')), ('enter', ('A_Complete', 'W_Call after offers|suspend')), ('batch', ('W_Call after offers|suspend', 'W_Call after offers|resume')))",261,799,818,3871,9032,8115,2.501186596726157e-07
278,3,14,"(('enter', ('W_Call after offers|start', 'A_Complete')), ('exit', ('A_Complete', 'W_Call after offers|suspend')), ('enter', ('W_Call after offers|suspend', 'W_Call after offers|resume')))",306,902,921,3825,8931,8011,6.278825335215288e-07
279,3,14,"(('enter', ('W_Call after offers|start', 'A_Complete')), ('exit', ('A_Complete', 'W_Call after offers|suspend')), ('batch', ('W_Call after offers|suspend', 'W_Call after offers|resume')))",261,799,818,3871,9032,8115,2.501186596726157e-07
280,2,14,"(('enter', ('A_Complete', 'W_Call after offers|suspend')), ('enter', ('W_Call after offers|suspend', 'W_Call after offers|resume')))",306,902,921,3825,8931,8011,6.278825335215288e-07
281,2,15,"(('enter', ('A_Complete', 'W_Call after offers|suspend')), ('batch', ('W_Call after offers|suspend', 'W_Call after offers|resume')))",273,848,864,3860,8984,8069,5.043527728787467e-08
282,1,23,"(('enter', ('W_Call after offers|suspend', 'W_Call after offers|resume')),)",509,1457,1423,3815,8833,7965,8.247102948333307e-07
283,5,10,"(('enter', ('W_Complete application|complete', 'W_Call after offers|schedule')), ('enter', ('W_Call after offers|schedule', 'W_Call after offers|start')), ('enter', ('W_Call after offers|start', 'A_Complete')), ('enter', ('A_Complete', 'W_Call after offers|suspend')), ('batch', ('W_Call after offers|suspend', 'W_Call after offers|resume')))",130,374,357,2555,5406,4961,0.0031520374656258676
284,5,10,"(('enter', ('W_Complete application|complete', 'W_Call after offers|schedule')), ('enter', ('W_Call after offers|schedule', 'W_Call after offers|start')), ('enter', ('W_Call after offers|start', 'A_Complete')), ('exit', ('A_Complete', 'W_Call after offers|suspend')), ('batch', ('W_Call after offers|suspend', 'W_Call after offers|resume')))",130,374,357,2555,5406,4961,0.0031520374656258676
285,5,10,"(('enter', ('W_Complete application|complete', 'W_Call after offers|schedule')), ('enter', ('W_Call after offers|schedule', 'W_Call after offers|start')), ('exit', ('W_Call after offers|start', 'A_Complete')), ('enter', ('A_Complete', 'W_Call after offers|suspend')), ('batch', ('W_Call after offers|suspend', 'W_Call after offers|resume')))",130,374,357,2555,5406,4961,0.0031520374656258676
286,5,10,"(('enter', ('W_Complete application|complete', 'W_Call after offers|schedule')), ('enter', ('W_Call after offers|schedule', 'W_Call after offers|start')), ('exit', ('W_Call after offers|start', 'A_Complete')), ('exit', ('A_Complete', 'W_Call after offers|suspend')), ('batch', ('W_Call after offers|suspend', 'W_Call after offers|resume')))",130,374,357,2555,5406,4961,0.0031520374656258676
287,6,10,"(('enter', ('O_Sent (mail and online)', 'W_Complete application|complete')), ('enter', ('W_Complete application|complete', 'W_Call after offers|schedule')), ('enter', ('W_Call after offers|schedule', 'W_Call after offers|start')), ('enter', ('W_Call after offers|start', 'A_Complete')), ('enter', ('A_Complete', 'W_Call after offers|suspend')), ('batch', ('W_Call after offers|suspend', 'W_Call after offers|resume')))",129,374,356,2540,5387,4930,0.0027232679440987173
288,6,10,"(('enter', ('O_Sent (mail and online)', 'W_Complete application|complete')), ('enter', ('W_Complete application|complete', 'W_Call after offers|schedule')), ('enter', ('W_Call after offers|schedule', 'W_Call after offers|start')), ('enter', ('W_Call after offers|start', 'A_Complete')), ('exit', ('A_Complete', 'W_Call after offers|suspend')), ('batch', ('W_Call after offers|suspend', 'W_Call after offers|resume')))",129,374,356,2540,5387,4930,0.0027232679440987173
289,6,10,"(('enter', ('O_Sent (mail and online)', 'W_Complete application|complete')), ('enter', ('W_Complete application|complete', 'W_Call after offers|schedule')), ('enter', ('W_Call after offers|schedule', 'W_Call after offers|start')), ('exit', ('W_Call after offers|start', 'A_Complete')), ('enter', ('A_Complete', 'W_Call after offers|suspend')), ('batch', ('W_Call after offers|suspend', 'W_Call after offers|resume')))",129,374,356,2540,5387,4930,0.0027232679440987173
290,6,10,"(('enter', ('O_Sent (mail and online)', 'W_Complete application|complete')), ('enter', ('W_Complete application|complete', 'W_Call after offers|schedule')), ('enter', ('W_Call after offers|schedule', 'W_Call after offers|start')), ('exit', ('W_Call after offers|start', 'A_Complete')), ('exit', ('A_Complete', 'W_Call after offers|suspend')), ('batch', ('W_Call after offers|suspend', 'W_Call after offers|resume')))",129,374,356,2540,5387,4930,0.0027232679440987173
291,6,10,"(('enter', ('O_Sent (mail and online)', 'W_Complete application|complete')), ('enter', ('W_Complete application|complete', 'W_Call after offers|schedule')), ('exit', ('W_Call after offers|schedule', 'W_Call after offers|start')), ('enter', ('W_Call after offers|start', 'A_Complete')), ('enter', ('A_Complete', 'W_Call after offers|suspend')), ('batch', ('W_Call after offers|suspend', 'W_Call after offers|resume')))",129,374,356,2540,5387,4930,0.0027232679440987173
292,6,10,"(('enter', ('O_Sent (mail and online)', 'W_Complete application|complete')), ('enter', ('W_Complete application|complete', 'W_Call after offers|schedule')), ('exit', ('W_Call after offers|schedule', 'W_Call after offers|start')), ('enter', ('W_Call after offers|start', 'A_Complete')), ('exit', ('A_Complete', 'W_Call after offers|suspend')), ('batch', ('W_Call after offers|suspend', 'W_Call after offers|resume')))",129,374,356,2540,5387,4930,0.0027232679440987173
293,6,10,"(('enter', ('O_Sent (mail and online)', 'W_Complete application|complete')), ('enter', ('W_Complete application|complete', 'W_Call after offers|schedule')), ('exit', ('W_Call after offers|schedule', 'W_Call after offers|start')), ('exit', ('W_Call after offers|start', 'A_Complete')), ('enter', ('A_Complete', 'W_Call after offers|suspend')), ('batch', ('W_Call after offers|suspend', 'W_Call after offers|resume')))",129,374,356,2540,5387,4930,0.0027232679440987173
294,6,10,"(('enter', ('O_Sent (mail and online)', 'W_Complete application|complete')), ('enter', ('W_Complete application|complete', 'W_Call after offers|schedule')), ('exit', ('W_Call after offers|schedule', 'W_Call after offers|start')), ('exit', ('W_Call after offers|start', 'A_Complete')), ('exit', ('A_Complete', 'W_Call after offers|suspend')), ('batch', ('W_Call after offers|suspend', 'W_Call after offers|resume')))",129,374,356,2540,5387,4930,0.0027232679440987173
295,6,10,"(('enter', ('O_Sent (mail and online)', 'W_Complete application|complete')), ('exit', ('W_Complete application|complete', 'W_Call after offers|schedule')), ('enter', ('W_Call after offers|schedule', 'W_Call after offers|start')), ('enter', ('W_Call after offers|start', 'A_Complete')), ('enter', ('A_Complete', 'W_Call after offers|suspend')), ('batch', ('W_Call after offers|suspend', 'W_Call after offers|resume')))",129,374,356,2540,5387,4930,0.0027232679440987173
296,6,10,"(('enter', ('O_Sent (mail and online)', 'W_Complete application|complete')), ('exit', ('W_Complete application|complete', 'W_Call after offers|schedule')), ('enter', ('W_Call after offers|schedule', 'W_Call after offers|start')), ('enter', ('W_Call after offers|start', 'A_Complete')), ('exit', ('A_Complete', 'W_Call after offers|suspend')), ('batch', ('W_Call after offers|suspend', 'W_Call after offers|resume')))",129,374,356,2540,5387,4930,0.0027232679440987173
297,6,10,"(('enter', ('O_Sent (mail and online)', 'W_Complete application|complete')), ('exit', ('W_Complete application|complete', 'W_Call after offers|schedule')), ('enter', ('W_Call after offers|schedule', 'W_Call after offers|start')), ('exit', ('W_Call after offers|start', 'A_Complete')), ('enter', ('A_Complete', 'W_Call after offers|suspend')), ('batch', ('W_Call after offers|suspend', 'W_Call after offers|resume')))",129,374,356,2540,5387,4930,0.0027232679440987173
298,6,10,"(('enter', ('O_Sent (mail and online)', 'W_Complete application|complete')), ('exit', ('W_Complete application|complete', 'W_Call after offers|schedule')), ('enter', ('W_Call after offers|schedule', 'W_Call after offers|start')), ('exit', ('W_Call after offers|start', 'A_Complete')), ('exit', ('A_Complete', 'W_Call after offers|suspend')), ('batch', ('W_Call after offers|suspend', 'W_Call after offers|resume')))",129,374,356,2540,5387,4930,0.0027232679440987173
299,6,10,"(('enter', ('O_Sent (mail and online)', 'W_Complete application|complete')), ('exit', ('W_Complete application|complete', 'W_Call after offers|schedule')), ('exit', ('W_Call after offers|schedule', 'W_Call after offers|start')), ('enter', ('W_Call after offers|start', 'A_Complete')), ('enter', ('A_Complete', 'W_Call after offers|suspend')), ('batch', ('W_Call after offers|suspend', 'W_Call after offers|resume')))",129,374,356,2540,5387,4930,0.0027232679440987173
300,6,10,"(('enter', ('O_Sent (mail and online)', 'W_Complete application|complete')), ('exit', ('W_Complete application|complete', 'W_Call after offers|schedule')), ('exit', ('W_Call after offers|schedule', 'W_Call after offers|start')), ('enter', ('W_Call after offers|start', 'A_Complete')), ('exit', ('A_Complete', 'W_Call after offers|suspend')), ('batch', ('W_Call after offers|suspend', 'W_Call after offers|resume')))",129,374,356,2540,5387,4930,0.0027232679440987173
301,6,10,"(('enter', ('O_Sent (mail and online)', 'W_Complete application|complete')), ('exit', ('W_Complete application|complete', 'W_Call after offers|schedule')), ('exit', ('W_Call after offers|schedule', 'W_Call after offers|start')), ('exit', ('W_Call after offers|start', 'A_Complete')), ('enter', ('A_Complete', 'W_Call after offers|suspend')), ('batch', ('W_Call after offers|suspend', 'W_Call after offers|resume')))",129,374,356,2540,5387,4930,0.0027232679440987173
302,6,10,"(('enter', ('O_Sent (mail and online)', 'W_Complete application|complete')), ('exit', ('W_Complete application|complete', 'W_Call after offers|schedule')), ('exit', ('W_Call after offers|schedule', 'W_Call after offers|start')), ('exit', ('W_Call after offers|start', 'A_Complete')), ('exit', ('A_Complete', 'W_Call after offers|suspend')), ('batch', ('W_Call after offers|suspend', 'W_Call after offers|resume')))",129,374,356,2540,5387,4930,0.0027232679440987173
303,5,10,"(('enter', ('W_Complete application|complete', 'W_Call after offers|schedule')), ('exit', ('W_Call after offers|schedule', 'W_Call after offers|start')), ('enter', ('W_Call after offers|start', 'A_Complete')), ('enter', ('A_Complete', 'W_Call after offers|suspend')), ('batch', ('W_Call after offers|suspend', 'W_Call after offers|resume')))",130,374,357,2555,5406,4961,0.0031520374656258676
304,5,10,"(('enter', ('W_Complete application|complete', 'W_Call after offers|schedule')), ('exit', ('W_Call after offers|schedule', 'W_Call after offers|start')), ('enter', ('W_Call after offers|start', 'A_Complete')), ('exit', ('A_Complete', 'W_Call after offers|suspend')), ('batch', ('W_Call after offers|suspend', 'W_Call after offers|resume')))",130,374,357,2555,5406,4961,0.0031520374656258676
305,5,10,"(('enter', ('W_Complete application|complete', 'W_Call after offers|schedule')), ('exit', ('W_Call after offers|schedule', 'W_Call after offers|start')), ('exit', ('W_Call after offers|start', 'A_Complete')), ('enter', ('A_Complete', 'W_Call after offers|suspend')), ('batch', ('W_Call after offers|suspend', 'W_Call after offers|resume')))",130,374,357,2555,5406,4961,0.0031520374656258676
306,5,10,"(('enter', ('W_Complete application|complete', 'W_Call after offers|schedule')), ('exit', ('W_Call after offers|schedule', 'W_Call after offers|start')), ('exit', ('W_Call after offers|start', 'A_Complete')), ('exit', ('A_Complete', 'W_Call after offers|suspend')), ('batch', ('W_Call after offers|suspend', 'W_Call after offers|resume')))",130,374,357,2555,5406,4961,0.0031520374656258676
307,4,14,"(('exit', ('W_Call after offers|schedule', 'W_Call after offers|start')), ('enter', ('W_Call after offers|start', 'A_Complete')), ('enter', ('A_Complete', 'W_Call after offers|suspend')), ('enter', ('W_Call after offers|suspend', 'W_Call after offers|resume')))",306,902,921,3825,8931,8011,6.278825335215288e-07
308,4,14,"(('exit', ('W_Call after offers|schedule', 'W_Call after offers|start')), ('enter', ('W_Call after offers|start', 'A_Complete')), ('enter', ('A_Complete', 'W_Call after offers|suspend')), ('batch', ('W_Call after offers|suspend', 'W_Call after offers|resume')))",261,799,818,3871,9032,8115,2.501186596726157e-07
309,4,14,"(('exit', ('W_Call after offers|schedule', 'W_Call after offers|start')), ('enter', ('W_Call after offers|start', 'A_Complete')), ('exit', ('A_Complete', 'W_Call after offers|suspend')), ('enter', ('W_Call after offers|suspend', 'W_Call after offers|resume')))",306,902,921,3825,8931,8011,6.278825335215288e-07
310,4,14,"(('exit', ('W_Call after offers|schedule', 'W_Call after offers|start')), ('enter', ('W_Call after offers|start', 'A_Complete')), ('exit', ('A_Complete', 'W_Call after offers|suspend')), ('batch', ('W_Call after offers|suspend', 'W_Call after offers|resume')))",261,799,818,3871,9032,8115,2.501186596726157e-07
311,1,12,"(('workload', ('W_Call incomplete files|resume', 'W_Call incomplete files|suspend')),)",131,565,332,2543,7742,2327,0.0
312,4,25,"(('enter', ('W_Call incomplete files|suspend', 'W_Call incomplete files|resume')), ('enter', ('W_Call incomplete files|resume', 'W_Call incomplete files|suspend')), ('exit', ('W_Call incomplete files|suspend', 'W_Call incomplete files|resume')), ('exit', ('W_Call incomplete files|resume', 'W_Call incomplete files|suspend')))",384,1661,802,688,2671,1147,0.011649571758945765
313,4,25,"(('enter', ('W_Call incomplete files|suspend', 'W_Call incomplete files|resume')), ('exit', ('W_Call incomplete files|resume', 'W_Call incomplete files|suspend')), ('exit', ('W_Call incomplete files|suspend', 'W_Call incomplete files|resume')), ('enter', ('W_Call incomplete files|resume', 'W_Call incomplete files|suspend')))",384,1661,802,688,2671,1147,0.011649571758945765
314,4,24,"(('enter', ('W_Call incomplete files|resume', 'W_Call incomplete files|suspend')), ('enter', ('W_Call incomplete files|suspend', 'W_Call incomplete files|resume')), ('exit', ('W_Call incomplete files|resume', 'W_Call incomplete files|suspend')), ('exit', ('W_Call incomplete files|suspend', 'W_Call incomplete files|resume')))",372,1597,776,246,1248,768,1.544321399471471e-05
315,4,24,"(('enter', ('W_Call incomplete files|resume', 'W_Call incomplete files|suspend')), ('exit', ('W_Call incomplete files|suspend', 'W_Call incomplete files|resume')), ('exit', ('W_Call incomplete files|resume', 'W_Call incomplete files|suspend')), ('enter', ('W_Call incomplete files|suspend', 'W_Call incomplete files|resume')))",372,1597,776,246,1248,768,1.544321399471471e-05
316,4,25,"(('exit', ('W_Call incomplete files|suspend', 'W_Call incomplete files|resume')), ('enter', ('W_Call incomplete files|resume', 'W_Call incomplete files|suspend')), ('enter', ('W_Call incomplete files|suspend', 'W_Call incomplete files|resume')), ('exit', ('W_Call incomplete files|resume', 'W_Call incomplete files|suspend')))",384,1661,802,688,2671,1147,0.011649571758945765
317,4,25,"(('exit', ('W_Call incomplete files|suspend', 'W_Call incomplete files|resume')), ('exit', ('W_Call incomplete files|resume', 'W_Call incomplete files|suspend')), ('enter', ('W_Call incomplete files|suspend', 'W_Call incomplete files|resume')), ('enter', ('W_Call incomplete files|resume', 'W_Call incomplete files|suspend')))",384,1661,802,688,2671,1147,0.011649571758945765
318,4,24,"(('exit', ('W_Call incomplete files|resume', 'W_Call incomplete files|suspend')), ('enter', ('W_Call incomplete files|suspend', 'W_Call incomplete files|resume')), ('enter', ('W_Call incomplete files|resume', 'W_Call incomplete files|suspend')), ('exit', ('W_Call incomplete files|suspend', 'W_Call incomplete files|resume')))",372,1597,776,246,1248,768,1.544321399471471e-05
319,4,24,"(('exit', ('W_Call incomplete files|resume', 'W_Call incomplete files|suspend')), ('exit', ('W_Call incomplete files|suspend', 'W_Call incomplete files|resume')), ('enter', ('W_Call incomplete files|resume', 'W_Call incomplete files|suspend')), ('enter', ('W_Call incomplete files|suspend', 'W_Call incomplete files|resume')))",372,1597,776,246,1248,768,1.544321399471471e-05
320,1,34,"(('enter', ('A_Validating', 'W_Validate application|suspend')),)",418,1605,587,1985,5368,1429,0.0
321,6,14,"(('exit', ('W_Call after offers|suspend', 'W_Call after offers|ate_abort')), ('enter', ('W_Call after offers|ate_abort', 'W_Validate application|schedule')), ('enter', ('W_Validate application|schedule', 'W_Validate application|start')), ('enter', ('W_Validate application|start', 'A_Validating')), ('enter', ('A_Validating', 'O_Returned')), ('enter', ('O_Returned', 'W_Validate application|suspend')))",422,1043,196,4345,7934,1425,9.226473349777109e-07
322,6,14,"(('exit', ('W_Call after offers|suspend', 'W_Call after offers|ate_abort')), ('enter', ('W_Call after offers|ate_abort', 'W_Validate application|schedule')), ('enter', ('W_Validate application|schedule', 'W_Validate application|start')), ('enter', ('W_Validate application|start', 'A_Validating')), ('enter', ('A_Validating', 'O_Returned')), ('exit', ('O_Returned', 'W_Validate application|suspend')))",422,1043,196,4345,7934,1425,9.226473349777109e-07
323,6,14,"(('exit', ('W_Call after offers|suspend', 'W_Call after offers|ate_abort')), ('enter', ('W_Call after offers|ate_abort', 'W_Validate application|schedule')), ('enter', ('W_Validate application|schedule', 'W_Validate application|start')), ('enter', ('W_Validate application|start', 'A_Validating')), ('exit', ('A_Validating', 'O_Returned')), ('enter', ('O_Returned', 'W_Validate application|suspend')))",422,1043,196,4345,7934,1425,9.226473349777109e-07
324,6,14,"(('exit', ('W_Call after offers|suspend', 'W_Call after offers|ate_abort')), ('enter', ('W_Call after offers|ate_abort', 'W_Validate application|schedule')), ('enter', ('W_Validate application|schedule', 'W_Validate application|start')), ('enter', ('W_Validate application|start', 'A_Validating')), ('exit', ('A_Validating', 'O_Returned')), ('exit', ('O_Returned', 'W_Validate application|suspend')))",422,1043,196,4345,7934,1425,9.226473349777109e-07
325,6,14,"(('exit', ('W_Call after offers|suspend', 'W_Call after offers|ate_abort')), ('enter', ('W_Call after offers|ate_abort', 'W_Validate application|schedule')), ('enter', ('W_Validate application|schedule', 'W_Validate application|start')), ('exit', ('W_Validate application|start', 'A_Validating')), ('enter', ('A_Validating', 'O_Returned')), ('enter', ('O_Returned', 'W_Validate application|suspend')))",422,1043,196,4345,7934,1425,9.226473349777109e-07
326,6,14,"(('exit', ('W_Call after offers|suspend', 'W_Call after offers|ate_abort')), ('enter', ('W_Call after offers|ate_abort', 'W_Validate application|schedule')), ('enter', ('W_Validate application|schedule', 'W_Validate application|start')), ('exit', ('W_Validate application|start', 'A_Validating')), ('enter', ('A_Validating', 'O_Returned')), ('exit', ('O_Returned', 'W_Validate application|suspend')))",422,1043,196,4345,7934,1425,9.226473349777109e-07
327,6,14,"(('exit', ('W_Call after offers|suspend', 'W_Call after offers|ate_abort')), ('enter', ('W_Call after offers|ate_abort', 'W_Validate application|schedule')), ('enter', ('W_Validate application|schedule', 'W_Validate application|start')), ('exit', ('W_Validate application|start', 'A_Validating')), ('exit', ('A_Validating', 'O_Returned')), ('enter', ('O_Returned', 'W_Validate application|suspend')))",422,1043,196,4345,7934,1425,9.226473349777109e-07
328,6,14,"(('exit', ('W_Call after offers|suspend', 'W_Call after offers|ate_abort')), ('enter', ('W_Call after offers|ate_abort', 'W_Validate application|schedule')), ('enter', ('W_Validate application|schedule', 'W_Validate application|start')), ('exit', ('W_Validate application|start', 'A_Validating')), ('exit', ('A_Validating', 'O_Returned')), ('exit', ('O_Returned', 'W_Validate application|suspend')))",422,1043,196,4345,7934,1425,9.226473349777109e-07
329,6,14,"(('exit', ('W_Call after offers|suspend', 'W_Call after offers|ate_abort')), ('enter', ('W_Call after offers|ate_abort', 'W_Validate application|schedule')), ('exit', ('W_Validate application|schedule', 'W_Validate application|start')), ('enter', ('W_Validate application|start', 'A_Validating')), ('enter', ('A_Validating', 'O_Returned')), ('enter', ('O_Returned', 'W_Validate application|suspend')))",422,1043,196,4345,7934,1425,9.226473349777109e-07
330,6,14,"(('exit', ('W_Call after offers|suspend', 'W_Call after offers|ate_abort')), ('enter', ('W_Call after offers|ate_abort', 'W_Validate application|schedule')), ('exit', ('W_Validate application|schedule', 'W_Validate application|start')), ('enter', ('W_Validate application|start', 'A_Validating')), ('enter', ('A_Validating', 'O_Returned')), ('exit', ('O_Returned', 'W_Validate application|suspend')))",422,1043,196,4345,7934,1425,9.226473349777109e-07
331,6,14,"(('exit', ('W_Call after offers|suspend', 'W_Call after offers|ate_abort')), ('enter', ('W_Call after offers|ate_abort', 'W_Validate application|schedule')), ('exit', ('W_Validate application|schedule', 'W_Validate application|start')), ('enter', ('W_Validate application|start', 'A_Validating')), ('exit', ('A_Validating', 'O_Returned')), ('enter', ('O_Returned', 'W_Validate application|suspend')))",422,1043,196,4345,7934,1425,9.226473349777109e-07
332,6,14,"(('exit', ('W_Call after offers|suspend', 'W_Call after offers|ate_abort')), ('enter', ('W_Call after offers|ate_abort', 'W_Validate application|schedule')), ('exit', ('W_Validate application|schedule', 'W_Validate application|start')), ('enter', ('W_Validate application|start', 'A_Validating')), ('exit', ('A_Validating', 'O_Returned')), ('exit', ('O_Returned', 'W_Validate application|suspend')))",422,1043,196,4345,7934,1425,9.226473349777109e-07
333,6,14,"(('exit', ('W_Call after offers|suspend', 'W_Call after offers|ate_abort')), ('enter', ('W_Call after offers|ate_abort', 'W_Validate application|schedule')), ('exit', ('W_Validate application|schedule', 'W_Validate application|start')), ('exit', ('W_Validate application|start', 'A_Validating')), ('enter', ('A_Validating', 'O_Returned')), ('enter', ('O_Returned', 'W_Validate application|suspend')))",422,1043,196,4345,7934,1425,9.226473349777109e-07
334,6,14,"(('exit', ('W_Call after offers|suspend', 'W_Call after offers|ate_abort')), ('enter', ('W_Call after offers|ate_abort', 'W_Validate application|schedule')), ('exit', ('W_Validate application|schedule', 'W_Validate application|start')), ('exit', ('W_Validate application|start', 'A_Validating')), ('enter', ('A_Validating', 'O_Returned')), ('exit', ('O_Returned', 'W_Validate application|suspend')))",422,1043,196,4345,7934,1425,9.226473349777109e-07
335,6,14,"(('exit', ('W_Call after offers|suspend', 'W_Call after offers|ate_abort')), ('enter', ('W_Call after offers|ate_abort', 'W_Validate application|schedule')), ('exit', ('W_Validate application|schedule', 'W_Validate application|start')), ('exit', ('W_Validate application|start', 'A_Validating')), ('exit', ('A_Validating', 'O_Returned')), ('enter', ('O_Returned', 'W_Validate application|suspend')))",422,1043,196,4345,7934,1425,9.226473349777109e-07
336,6,14,"(('exit', ('W_Call after offers|suspend', 'W_Call after offers|ate_abort')), ('enter', ('W_Call after offers|ate_abort', 'W_Validate application|schedule')), ('exit', ('W_Validate application|schedule', 'W_Validate application|start')), ('exit', ('W_Validate application|start', 'A_Validating')), ('exit', ('A_Validating', 'O_Returned')), ('exit', ('O_Returned', 'W_Validate application|suspend')))",422,1043,196,4345,7934,1425,9.226473349777109e-07
337,6,14,"(('exit', ('W_Call after offers|suspend', 'W_Call after offers|ate_abort')), ('exit', ('W_Call after offers|ate_abort', 'W_Validate application|schedule')), ('enter', ('W_Validate application|schedule', 'W_Validate application|start')), ('enter', ('W_Validate application|start', 'A_Validating')), ('enter', ('A_Validating', 'O_Returned')), ('enter', ('O_Returned', 'W_Validate application|suspend')))",422,1043,196,4345,7934,1425,9.226473349777109e-07
338,6,14,"(('exit', ('W_Call after offers|suspend', 'W_Call after offers|ate_abort')), ('exit', ('W_Call after offers|ate_abort', 'W_Validate application|schedule')), ('enter', ('W_Validate application|schedule', 'W_Validate application|start')), ('enter', ('W_Validate application|start', 'A_Validating')), ('enter', ('A_Validating', 'O_Returned')), ('exit', ('O_Returned', 'W_Validate application|suspend')))",422,1043,196,4345,7934,1425,9.226473349777109e-07
339,6,14,"(('exit', ('W_Call after offers|suspend', 'W_Call after offers|ate_abort')), ('exit', ('W_Call after offers|ate_abort', 'W_Validate application|schedule')), ('enter', ('W_Validate application|schedule', 'W_Validate application|start')), ('enter', ('W_Validate application|start', 'A_Validating')), ('exit', ('A_Validating', 'O_Returned')), ('enter', ('O_Returned', 'W_Validate application|suspend')))",422,1043,196,4345,7934,1425,9.226473349777109e-07
340,6,14,"(('exit', ('W_Call after offers|suspend', 'W_Call after offers|ate_abort')), ('exit', ('W_Call after offers|ate_abort', 'W_Validate application|schedule')), ('enter', ('W_Validate application|schedule', 'W_Validate application|start')), ('enter', ('W_Validate application|start', 'A_Validating')), ('exit', ('A_Validating', 'O_Returned')), ('exit', ('O_Returned', 'W_Validate application|suspend')))",422,1043,196,4345,7934,1425,9.226473349777109e-07
341,6,14,"(('exit', ('W_Call after offers|suspend', 'W_Call after offers|ate_abort')), ('exit', ('W_Call after offers|ate_abort', 'W_Validate application|schedule')), ('enter', ('W_Validate application|schedule', 'W_Validate application|start')), ('exit', ('W_Validate application|start', 'A_Validating')), ('enter', ('A_Validating', 'O_Returned')), ('enter', ('O_Returned', 'W_Validate application|suspend')))",422,1043,196,4345,7934,1425,9.226473349777109e-07
342,6,14,"(('exit', ('W_Call after offers|suspend', 'W_Call after offers|ate_abort')), ('exit', ('W_Call after offers|ate_abort', 'W_Validate application|schedule')), ('enter', ('W_Validate application|schedule', 'W_Validate application|start')), ('exit', ('W_Validate application|start', 'A_Validating')), ('enter', ('A_Validating', 'O_Returned')), ('exit', ('O_Returned', 'W_Validate application|suspend')))",422,1043,196,4345,7934,1425,9.226473349777109e-07
343,6,14,"(('exit', ('W_Call after offers|suspend', 'W_Call after offers|ate_abort')), ('exit', ('W_Call after offers|ate_abort', 'W_Validate application|schedule')), ('enter', ('W_Validate application|schedule', 'W_Validate application|start')), ('exit', ('W_Validate application|start', 'A_Validating')), ('exit', ('A_Validating', 'O_Returned')), ('enter', ('O_Returned', 'W_Validate application|suspend')))",422,1043,196,4345,7934,1425,9.226473349777109e-07
344,6,14,"(('exit', ('W_Call after offers|suspend', 'W_Call after offers|ate_abort')), ('exit', ('W_Call after offers|ate_abort', 'W_Validate application|schedule')), ('enter', ('W_Validate application|schedule', 'W_Validate application|start')), ('exit', ('W_Validate application|start', 'A_Validating')), ('exit', ('A_Validating', 'O_Returned')), ('exit', ('O_Returned', 'W_Validate application|suspend')))",422,1043,196,4345,7934,1425,9.226473349777109e-07
345,6,14,"(('exit', ('W_Call after offers|suspend', 'W_Call after offers|ate_abort')), ('exit', ('W_Call after offers|ate_abort', 'W_Validate application|schedule')), ('exit', ('W_Validate application|schedule', 'W_Validate application|start')), ('enter', ('W_Validate application|start', 'A_Validating')), ('enter', ('A_Validating', 'O_Returned')), ('enter', ('O_Returned', 'W_Validate application|suspend')))",422,1043,196,4345,7934,1425,9.226473349777109e-07
346,6,14,"(('exit', ('W_Call after offers|suspend', 'W_Call after offers|ate_abort')), ('exit', ('W_Call after offers|ate_abort', 'W_Validate application|schedule')), ('exit', ('W_Validate application|schedule', 'W_Validate application|start')), ('enter', ('W_Validate application|start', 'A_Validating')), ('enter', ('A_Validating', 'O_Returned')), ('exit', ('O_Returned', 'W_Validate application|suspend')))",422,1043,196,4345,7934,1425,9.226473349777109e-07
