,hle-id,type,segment,activity,value,window
0,0,enter,"('Request Payment', 'Payment Handled')","('enter', ('Request Payment', 'Payment Handled'))",23,329
1,1,exit,"('Request For Payment FINAL_APPROVED by SUPERVISOR', 'Request Payment')","('exit', ('Request For Payment FINAL_APPROVED by SUPERVISOR', 'Request Payment'))",23,329
2,2,enter,"('Request For Payment SUBMITTED by EMPLOYEE', 'Request For Payment APPROVED by ADMINISTRATION')","('enter', ('Request For Payment SUBMITTED by EMPLOYEE', 'Request For Payment APPROVED by ADMINISTRATION'))",44,364
3,3,enter,"('Request For Payment APPROVED by ADMINISTRATION', 'Request For Payment FINAL_APPROVED by SUPERVISOR')","('enter', ('Request For Payment APPROVED by ADMINISTRATION', 'Request For Payment FINAL_APPROVED by SUPERVISOR'))",37,364
4,4,exit,"('Request For Payment SUBMITTED by EMPLOYEE', 'Request For Payment APPROVED by ADMINISTRATION')","('exit', ('Request For Payment SUBMITTED by EMPLOYEE', 'Request For Payment APPROVED by ADMINISTRATION'))",43,364
5,5,enter,"('Request For Payment FINAL_APPROVED by SUPERVISOR', 'Request Payment')","('enter', ('Request For Payment FINAL_APPROVED by SUPERVISOR', 'Request Payment'))",23,365
6,6,exit,"('Request For Payment APPROVED by ADMINISTRATION', 'Request For Payment FINAL_APPROVED by SUPERVISOR')","('exit', ('Request For Payment APPROVED by ADMINISTRATION', 'Request For Payment FINAL_APPROVED by SUPERVISOR'))",20,365
7,7,enter,"('Request For Payment FINAL_APPROVED by SUPERVISOR', 'Request Payment')","('enter', ('Request For Payment FINAL_APPROVED by SUPERVISOR', 'Request Payment'))",22,367
8,8,enter,"('Request For Payment FINAL_APPROVED by SUPERVISOR', 'Request Payment')","('enter', ('Request For Payment FINAL_APPROVED by SUPERVISOR', 'Request Payment'))",33,371
9,9,enter,"('Request For Payment SUBMITTED by EMPLOYEE', 'Request For Payment APPROVED by ADMINISTRATION')","('enter', ('Request For Payment SUBMITTED by EMPLOYEE', 'Request For Payment APPROVED by ADMINISTRATION'))",34,371
10,10,enter,"('Request For Payment APPROVED by ADMINISTRATION', 'Request For Payment FINAL_APPROVED by SUPERVISOR')","('enter', ('Request For Payment APPROVED by ADMINISTRATION', 'Request For Payment FINAL_APPROVED by SUPERVISOR'))",22,371
11,11,enter,"('Request For Payment APPROVED by ADMINISTRATION', 'Request For Payment APPROVED by BUDGET OWNER')","('enter', ('Request For Payment APPROVED by ADMINISTRATION', 'Request For Payment APPROVED by BUDGET OWNER'))",12,371
12,12,exit,"('Request For Payment SUBMITTED by EMPLOYEE', 'Request For Payment APPROVED by ADMINISTRATION')","('exit', ('Request For Payment SUBMITTED by EMPLOYEE', 'Request For Payment APPROVED by ADMINISTRATION'))",35,371
13,13,exit,"('Request For Payment APPROVED by ADMINISTRATION', 'Request For Payment FINAL_APPROVED by SUPERVISOR')","('exit', ('Request For Payment APPROVED by ADMINISTRATION', 'Request For Payment FINAL_APPROVED by SUPERVISOR'))",30,371
14,14,exit,"('Request For Payment APPROVED by ADMINISTRATION', 'Request For Payment APPROVED by BUDGET OWNER')","('exit', ('Request For Payment APPROVED by ADMINISTRATION', 'Request For Payment APPROVED by BUDGET OWNER'))",13,371
15,15,enter,"('Request Payment', 'Payment Handled')","('enter', ('Request Payment', 'Payment Handled'))",33,372
16,16,enter,"('Request For Payment APPROVED by ADMINISTRATION', 'Request For Payment APPROVED by BUDGET OWNER')","('enter', ('Request For Payment APPROVED by ADMINISTRATION', 'Request For Payment APPROVED by BUDGET OWNER'))",12,372
17,17,exit,"('Request For Payment FINAL_APPROVED by SUPERVISOR', 'Request Payment')","('exit', ('Request For Payment FINAL_APPROVED by SUPERVISOR', 'Request Payment'))",33,372
18,18,enter,"('Request Payment', 'Payment Handled')","('enter', ('Request Payment', 'Payment Handled'))",27,374
19,19,exit,"('Request For Payment FINAL_APPROVED by SUPERVISOR', 'Request Payment')","('exit', ('Request For Payment FINAL_APPROVED by SUPERVISOR', 'Request Payment'))",27,374
20,20,enter,"('Request For Payment APPROVED by ADMINISTRATION', 'Request For Payment FINAL_APPROVED by SUPERVISOR')","('enter', ('Request For Payment APPROVED by ADMINISTRATION', 'Request For Payment FINAL_APPROVED by SUPERVISOR'))",17,375
21,21,enter,"('Request For Payment FINAL_APPROVED by SUPERVISOR', 'Request Payment')","('enter', ('Request For Payment FINAL_APPROVED by SUPERVISOR', 'Request Payment'))",30,378
22,22,enter,"('Request For Payment SUBMITTED by EMPLOYEE', 'Request For Payment APPROVED by ADMINISTRATION')","('enter', ('Request For Payment SUBMITTED by EMPLOYEE', 'Request For Payment APPROVED by ADMINISTRATION'))",30,378
23,23,enter,"('Request For Payment APPROVED by ADMINISTRATION', 'Request For Payment APPROVED by BUDGET OWNER')","('enter', ('Request For Payment APPROVED by ADMINISTRATION', 'Request For Payment APPROVED by BUDGET OWNER'))",19,378
24,24,exit,"('Request For Payment SUBMITTED by EMPLOYEE', 'Request For Payment APPROVED by ADMINISTRATION')","('exit', ('Request For Payment SUBMITTED by EMPLOYEE', 'Request For Payment APPROVED by ADMINISTRATION'))",30,378
25,25,exit,"('Request For Payment APPROVED by ADMINISTRATION', 'Request For Payment FINAL_APPROVED by SUPERVISOR')","('exit', ('Request For Payment APPROVED by ADMINISTRATION', 'Request For Payment FINAL_APPROVED by SUPERVISOR'))",28,378
26,26,exit,"('Request For Payment APPROVED by ADMINISTRATION', 'Request For Payment APPROVED by BUDGET OWNER')","('exit', ('Request For Payment APPROVED by ADMINISTRATION', 'Request For Payment APPROVED by BUDGET OWNER'))",21,378
27,27,enter,"('Request For Payment FINAL_APPROVED by SUPERVISOR', 'Request Payment')","('enter', ('Request For Payment FINAL_APPROVED by SUPERVISOR', 'Request Payment'))",39,379
28,28,enter,"('Request Payment', 'Payment Handled')","('enter', ('Request Payment', 'Payment Handled'))",41,379
29,29,enter,"('Request For Payment SUBMITTED by EMPLOYEE', 'Request For Payment APPROVED by ADMINISTRATION')","('enter', ('Request For Payment SUBMITTED by EMPLOYEE', 'Request For Payment APPROVED by ADMINISTRATION'))",33,379
30,30,enter,"('Request For Payment APPROVED by ADMINISTRATION', 'Request For Payment FINAL_APPROVED by SUPERVISOR')","('enter', ('Request For Payment APPROVED by ADMINISTRATION', 'Request For Payment FINAL_APPROVED by SUPERVISOR'))",21,379
31,31,exit,"('Request For Payment FINAL_APPROVED by SUPERVISOR', 'Request Payment')","('exit', ('Request For Payment FINAL_APPROVED by SUPERVISOR', 'Request Payment'))",40,379
32,32,exit,"('Request For Payment SUBMITTED by EMPLOYEE', 'Request For Payment APPROVED by ADMINISTRATION')","('exit', ('Request For Payment SUBMITTED by EMPLOYEE', 'Request For Payment APPROVED by ADMINISTRATION'))",31,379
33,33,exit,"('Request For Payment APPROVED by ADMINISTRATION', 'Request For Payment FINAL_APPROVED by SUPERVISOR')","('exit', ('Request For Payment APPROVED by ADMINISTRATION', 'Request For Payment FINAL_APPROVED by SUPERVISOR'))",22,379
34,34,exit,"('Request For Payment APPROVED by ADMINISTRATION', 'Request For Payment APPROVED by BUDGET OWNER')","('exit', ('Request For Payment APPROVED by ADMINISTRATION', 'Request For Payment APPROVED by BUDGET OWNER'))",15,379
35,35,enter,"('Request For Payment FINAL_APPROVED by SUPERVISOR', 'Request Payment')","('enter', ('Request For Payment FINAL_APPROVED by SUPERVISOR', 'Request Payment'))",26,381
36,36,enter,"('Request Payment', 'Payment Handled')","('enter', ('Request Payment', 'Payment Handled'))",26,381
37,37,exit,"('Request For Payment FINAL_APPROVED by SUPERVISOR', 'Request Payment')","('exit', ('Request For Payment FINAL_APPROVED by SUPERVISOR', 'Request Payment'))",25,381
38,38,exit,"('Request Payment', 'Payment Handled')","('exit', ('Request Payment', 'Payment Handled'))",62,381
39,39,enter,"('Request For Payment FINAL_APPROVED by SUPERVISOR', 'Request Payment')","('enter', ('Request For Payment FINAL_APPROVED by SUPERVISOR', 'Request Payment'))",32,385
40,40,enter,"('Request For Payment SUBMITTED by EMPLOYEE', 'Request For Payment APPROVED by ADMINISTRATION')","('enter', ('Request For Payment SUBMITTED by EMPLOYEE', 'Request For Payment APPROVED by ADMINISTRATION'))",43,385
41,41,enter,"('Request For Payment APPROVED by ADMINISTRATION', 'Request For Payment FINAL_APPROVED by SUPERVISOR')","('enter', ('Request For Payment APPROVED by ADMINISTRATION', 'Request For Payment FINAL_APPROVED by SUPERVISOR'))",28,385
42,42,exit,"('Request For Payment SUBMITTED by EMPLOYEE', 'Request For Payment APPROVED by ADMINISTRATION')","('exit', ('Request For Payment SUBMITTED by EMPLOYEE', 'Request For Payment APPROVED by ADMINISTRATION'))",41,385
43,43,exit,"('Request For Payment APPROVED by ADMINISTRATION', 'Request For Payment FINAL_APPROVED by SUPERVISOR')","('exit', ('Request For Payment APPROVED by ADMINISTRATION', 'Request For Payment FINAL_APPROVED by SUPERVISOR'))",21,385
44,44,enter,"('Request For Payment FINAL_APPROVED by SUPERVISOR', 'Request Payment')","('enter', ('Request For Payment FINAL_APPROVED by SUPERVISOR', 'Request Payment'))",24,386
45,45,enter,"('Request Payment', 'Payment Handled')","('enter', ('Request Payment', 'Payment Handled'))",41,386
46,46,enter,"('Request For Payment SUBMITTED by EMPLOYEE', 'Request For Payment APPROVED by ADMINISTRATION')","('enter', ('Request For Payment SUBMITTED by EMPLOYEE', 'Request For Payment APPROVED by ADMINISTRATION'))",30,386
47,47,enter,"('Request For Payment APPROVED by ADMINISTRATION', 'Request For Payment FINAL_APPROVED by SUPERVISOR')","('enter', ('Request For Payment APPROVED by ADMINISTRATION', 'Request For Payment FINAL_APPROVED by SUPERVISOR'))",24,386
48,48,exit,"('Request For Payment FINAL_APPROVED by SUPERVISOR', 'Request Payment')","('exit', ('Request For Payment FINAL_APPROVED by SUPERVISOR', 'Request Payment'))",41,386
49,49,exit,"('Request For Payment SUBMITTED by EMPLOYEE', 'Request For Payment APPROVED by ADMINISTRATION')","('exit', ('Request For Payment SUBMITTED by EMPLOYEE', 'Request For Payment APPROVED by ADMINISTRATION'))",32,386
50,50,enter,"('Request For Payment FINAL_APPROVED by SUPERVISOR', 'Request Payment')","('enter', ('Request For Payment FINAL_APPROVED by SUPERVISOR', 'Request Payment'))",27,388
51,51,enter,"('Request Payment', 'Payment Handled')","('enter', ('Request Payment', 'Payment Handled'))",35,388
52,52,enter,"('Request For Payment SUBMITTED by EMPLOYEE', 'Request For Payment APPROVED by ADMINISTRATION')","('enter', ('Request For Payment SUBMITTED by EMPLOYEE', 'Request For Payment APPROVED by ADMINISTRATION'))",29,388
53,53,enter,"('Request For Payment APPROVED by ADMINISTRATION', 'Request For Payment FINAL_APPROVED by SUPERVISOR')","('enter', ('Request For Payment APPROVED by ADMINISTRATION', 'Request For Payment FINAL_APPROVED by SUPERVISOR'))",16,388
54,54,exit,"('Request For Payment FINAL_APPROVED by SUPERVISOR', 'Request Payment')","('exit', ('Request For Payment FINAL_APPROVED by SUPERVISOR', 'Request Payment'))",35,388
55,55,exit,"('Request Payment', 'Payment Handled')","('exit', ('Request Payment', 'Payment Handled'))",74,388
56,56,exit,"('Request For Payment SUBMITTED by EMPLOYEE', 'Request For Payment APPROVED by ADMINISTRATION')","('exit', ('Request For Payment SUBMITTED by EMPLOYEE', 'Request For Payment APPROVED by ADMINISTRATION'))",25,388
57,57,enter,"('Request For Payment FINAL_APPROVED by SUPERVISOR', 'Request Payment')","('enter', ('Request For Payment FINAL_APPROVED by SUPERVISOR', 'Request Payment'))",37,392
58,58,enter,"('Request Payment', 'Payment Handled')","('enter', ('Request Payment', 'Payment Handled'))",23,392
59,59,enter,"('Request For Payment SUBMITTED by EMPLOYEE', 'Request For Payment APPROVED by ADMINISTRATION')","('enter', ('Request For Payment SUBMITTED by EMPLOYEE', 'Request For Payment APPROVED by ADMINISTRATION'))",31,392
60,60,enter,"('Request For Payment APPROVED by ADMINISTRATION', 'Request For Payment FINAL_APPROVED by SUPERVISOR')","('enter', ('Request For Payment APPROVED by ADMINISTRATION', 'Request For Payment FINAL_APPROVED by SUPERVISOR'))",17,392
61,61,enter,"('Request For Payment APPROVED by ADMINISTRATION', 'Request For Payment APPROVED by BUDGET OWNER')","('enter', ('Request For Payment APPROVED by ADMINISTRATION', 'Request For Payment APPROVED by BUDGET OWNER'))",14,392
62,62,exit,"('Request For Payment FINAL_APPROVED by SUPERVISOR', 'Request Payment')","('exit', ('Request For Payment FINAL_APPROVED by SUPERVISOR', 'Request Payment'))",23,392
63,63,exit,"('Request For Payment SUBMITTED by EMPLOYEE', 'Request For Payment APPROVED by ADMINISTRATION')","('exit', ('Request For Payment SUBMITTED by EMPLOYEE', 'Request For Payment APPROVED by ADMINISTRATION'))",31,392
64,64,exit,"('Request For Payment APPROVED by ADMINISTRATION', 'Request For Payment FINAL_APPROVED by SUPERVISOR')","('exit', ('Request For Payment APPROVED by ADMINISTRATION', 'Request For Payment FINAL_APPROVED by SUPERVISOR'))",33,392
65,65,exit,"('Request For Payment APPROVED by ADMINISTRATION', 'Request For Payment APPROVED by BUDGET OWNER')","('exit', ('Request For Payment APPROVED by ADMINISTRATION', 'Request For Payment APPROVED by BUDGET OWNER'))",18,392
66,66,enter,"('Request For Payment FINAL_APPROVED by SUPERVISOR', 'Request Payment')","('enter', ('Request For Payment FINAL_APPROVED by SUPERVISOR', 'Request Payment'))",25,393
67,67,enter,"('Request Payment', 'Payment Handled')","('enter', ('Request Payment', 'Payment Handled'))",37,393
68,68,exit,"('Request For Payment FINAL_APPROVED by SUPERVISOR', 'Request Payment')","('exit', ('Request For Payment FINAL_APPROVED by SUPERVISOR', 'Request Payment'))",35,393
69,69,enter,"('Request For Payment FINAL_APPROVED by SUPERVISOR', 'Request Payment')","('enter', ('Request For Payment FINAL_APPROVED by SUPERVISOR', 'Request Payment'))",44,395
70,70,enter,"('Request Payment', 'Payment Handled')","('enter', ('Request Payment', 'Payment Handled'))",36,395
71,71,enter,"('Request For Payment APPROVED by ADMINISTRATION', 'Request For Payment APPROVED by BUDGET OWNER')","('enter', ('Request For Payment APPROVED by ADMINISTRATION', 'Request For Payment APPROVED by BUDGET OWNER'))",12,395
72,72,exit,"('Request For Payment FINAL_APPROVED by SUPERVISOR', 'Request Payment')","('exit', ('Request For Payment FINAL_APPROVED by SUPERVISOR', 'Request Payment'))",36,395
73,73,exit,"('Request Payment', 'Payment Handled')","('exit', ('Request Payment', 'Payment Handled'))",71,395
74,74,exit,"('Request For Payment APPROVED by ADMINISTRATION', 'Request For Payment FINAL_APPROVED by SUPERVISOR')","('exit', ('Request For Payment APPROVED by ADMINISTRATION', 'Request For Payment FINAL_APPROVED by SUPERVISOR'))",26,395
75,75,exit,"('Request For Payment APPROVED by ADMINISTRATION', 'Request For Payment APPROVED by BUDGET OWNER')","('exit', ('Request For Payment APPROVED by ADMINISTRATION', 'Request For Payment APPROVED by BUDGET OWNER'))",18,395
76,76,exit,"('Request For Payment APPROVED by ADMINISTRATION', 'Request For Payment APPROVED by BUDGET OWNER')","('exit', ('Request For Payment APPROVED by ADMINISTRATION', 'Request For Payment APPROVED by BUDGET OWNER'))",15,401
77,77,enter,"('Request For Payment FINAL_APPROVED by SUPERVISOR', 'Request Payment')","('enter', ('Request For Payment FINAL_APPROVED by SUPERVISOR', 'Request Payment'))",23,402
78,78,enter,"('Request For Payment SUBMITTED by EMPLOYEE', 'Request For Payment APPROVED by ADMINISTRATION')","('enter', ('Request For Payment SUBMITTED by EMPLOYEE', 'Request For Payment APPROVED by ADMINISTRATION'))",33,406
79,79,enter,"('Request For Payment APPROVED by ADMINISTRATION', 'Request For Payment APPROVED by BUDGET OWNER')","('enter', ('Request For Payment APPROVED by ADMINISTRATION', 'Request For Payment APPROVED by BUDGET OWNER'))",13,406
80,80,exit,"('Request For Payment APPROVED by ADMINISTRATION', 'Request For Payment APPROVED by BUDGET OWNER')","('exit', ('Request For Payment APPROVED by ADMINISTRATION', 'Request For Payment APPROVED by BUDGET OWNER'))",22,406
81,81,enter,"('Request For Payment FINAL_APPROVED by SUPERVISOR', 'Request Payment')","('enter', ('Request For Payment FINAL_APPROVED by SUPERVISOR', 'Request Payment'))",24,407
82,82,enter,"('Request Payment', 'Payment Handled')","('enter', ('Request Payment', 'Payment Handled'))",38,407
83,83,exit,"('Request For Payment FINAL_APPROVED by SUPERVISOR', 'Request Payment')","('exit', ('Request For Payment FINAL_APPROVED by SUPERVISOR', 'Request Payment'))",38,407
84,84,enter,"('Request For Payment FINAL_APPROVED by SUPERVISOR', 'Request Payment')","('enter', ('Request For Payment FINAL_APPROVED by SUPERVISOR', 'Request Payment'))",21,408
85,85,enter,"('Request For Payment SUBMITTED by EMPLOYEE', 'Request For Payment APPROVED by ADMINISTRATION')","('enter', ('Request For Payment SUBMITTED by EMPLOYEE', 'Request For Payment APPROVED by ADMINISTRATION'))",35,408
86,86,enter,"('Request For Payment APPROVED by ADMINISTRATION', 'Request For Payment FINAL_APPROVED by SUPERVISOR')","('enter', ('Request For Payment APPROVED by ADMINISTRATION', 'Request For Payment FINAL_APPROVED by SUPERVISOR'))",26,408
87,87,enter,"('Request For Payment APPROVED by ADMINISTRATION', 'Request For Payment APPROVED by BUDGET OWNER')","('enter', ('Request For Payment APPROVED by ADMINISTRATION', 'Request For Payment APPROVED by BUDGET OWNER'))",18,408
88,88,exit,"('Request For Payment SUBMITTED by EMPLOYEE', 'Request For Payment APPROVED by ADMINISTRATION')","('exit', ('Request For Payment SUBMITTED by EMPLOYEE', 'Request For Payment APPROVED by ADMINISTRATION'))",44,408
89,89,enter,"('Request Payment', 'Payment Handled')","('enter', ('Request Payment', 'Payment Handled'))",37,409
90,90,exit,"('Request For Payment FINAL_APPROVED by SUPERVISOR', 'Request Payment')","('exit', ('Request For Payment FINAL_APPROVED by SUPERVISOR', 'Request Payment'))",37,409
91,91,exit,"('Request Payment', 'Payment Handled')","('exit', ('Request Payment', 'Payment Handled'))",58,409
92,92,exit,"('Request For Payment APPROVED by ADMINISTRATION', 'Request For Payment APPROVED by BUDGET OWNER')","('exit', ('Request For Payment APPROVED by ADMINISTRATION', 'Request For Payment APPROVED by BUDGET OWNER'))",13,410
93,93,enter,"('Request For Payment FINAL_APPROVED by SUPERVISOR', 'Request Payment')","('enter', ('Request For Payment FINAL_APPROVED by SUPERVISOR', 'Request Payment'))",37,413
94,94,exit,"('Request For Payment APPROVED by ADMINISTRATION', 'Request For Payment FINAL_APPROVED by SUPERVISOR')","('exit', ('Request For Payment APPROVED by ADMINISTRATION', 'Request For Payment FINAL_APPROVED by SUPERVISOR'))",29,413
95,95,exit,"('Request For Payment APPROVED by ADMINISTRATION', 'Request For Payment APPROVED by BUDGET OWNER')","('exit', ('Request For Payment APPROVED by ADMINISTRATION', 'Request For Payment APPROVED by BUDGET OWNER'))",13,413
96,96,enter,"('Request For Payment FINAL_APPROVED by SUPERVISOR', 'Request Payment')","('enter', ('Request For Payment FINAL_APPROVED by SUPERVISOR', 'Request Payment'))",21,414
97,97,enter,"('Request Payment', 'Payment Handled')","('enter', ('Request Payment', 'Payment Handled'))",47,414
98,98,exit,"('Request For Payment FINAL_APPROVED by SUPERVISOR', 'Request Payment')","('exit', ('Request For Payment FINAL_APPROVED by SUPERVISOR', 'Request Payment'))",47,414
99,99,exit,"('Request For Payment SUBMITTED by EMPLOYEE', 'Request For Payment APPROVED by ADMINISTRATION')","('exit', ('Request For Payment SUBMITTED by EMPLOYEE', 'Request For Payment APPROVED by ADMINISTRATION'))",25,414
100,100,enter,"('Request For Payment FINAL_APPROVED by SUPERVISOR', 'Request Payment')","('enter', ('Request For Payment FINAL_APPROVED by SUPERVISOR', 'Request Payment'))",24,415
101,101,enter,"('Request For Payment SUBMITTED by EMPLOYEE', 'Request For Payment APPROVED by ADMINISTRATION')","('enter', ('Request For Payment SUBMITTED by EMPLOYEE', 'Request For Payment APPROVED by ADMINISTRATION'))",30,415
102,102,enter,"('Request For Payment APPROVED by ADMINISTRATION', 'Request For Payment APPROVED by BUDGET OWNER')","('enter', ('Request For Payment APPROVED by ADMINISTRATION', 'Request For Payment APPROVED by BUDGET OWNER'))",13,415
103,103,exit,"('Request For Payment SUBMITTED by EMPLOYEE', 'Request For Payment APPROVED by ADMINISTRATION')","('exit', ('Request For Payment SUBMITTED by EMPLOYEE', 'Request For Payment APPROVED by ADMINISTRATION'))",28,415
104,104,exit,"('Request For Payment APPROVED by ADMINISTRATION', 'Request For Payment APPROVED by BUDGET OWNER')","('exit', ('Request For Payment APPROVED by ADMINISTRATION', 'Request For Payment APPROVED by BUDGET OWNER'))",13,415
105,105,enter,"('Request Payment', 'Payment Handled')","('enter', ('Request Payment', 'Payment Handled'))",25,416
106,106,enter,"('Request For Payment SUBMITTED by EMPLOYEE', 'Request For Payment APPROVED by ADMINISTRATION')","('enter', ('Request For Payment SUBMITTED by EMPLOYEE', 'Request For Payment APPROVED by ADMINISTRATION'))",35,416
107,107,enter,"('Request For Payment APPROVED by ADMINISTRATION', 'Request For Payment FINAL_APPROVED by SUPERVISOR')","('enter', ('Request For Payment APPROVED by ADMINISTRATION', 'Request For Payment FINAL_APPROVED by SUPERVISOR'))",18,416
108,108,enter,"('Request For Payment APPROVED by ADMINISTRATION', 'Request For Payment APPROVED by BUDGET OWNER')","('enter', ('Request For Payment APPROVED by ADMINISTRATION', 'Request For Payment APPROVED by BUDGET OWNER'))",14,416
109,109,exit,"('Request For Payment FINAL_APPROVED by SUPERVISOR', 'Request Payment')","('exit', ('Request For Payment FINAL_APPROVED by SUPERVISOR', 'Request Payment'))",25,416
110,110,exit,"('Request Payment', 'Payment Handled')","('exit', ('Request Payment', 'Payment Handled'))",72,416
111,111,exit,"('Request For Payment SUBMITTED by EMPLOYEE', 'Request For Payment APPROVED by ADMINISTRATION')","('exit', ('Request For Payment SUBMITTED by EMPLOYEE', 'Request For Payment APPROVED by ADMINISTRATION'))",37,416
112,112,enter,"('Request For Payment FINAL_APPROVED by SUPERVISOR', 'Request Payment')","('enter', ('Request For Payment FINAL_APPROVED by SUPERVISOR', 'Request Payment'))",21,417
113,113,enter,"('Request For Payment FINAL_APPROVED by SUPERVISOR', 'Request Payment')","('enter', ('Request For Payment FINAL_APPROVED by SUPERVISOR', 'Request Payment'))",37,420
114,114,exit,"('Request For Payment APPROVED by ADMINISTRATION', 'Request For Payment FINAL_APPROVED by SUPERVISOR')","('exit', ('Request For Payment APPROVED by ADMINISTRATION', 'Request For Payment FINAL_APPROVED by SUPERVISOR'))",33,420
115,115,exit,"('Request For Payment APPROVED by ADMINISTRATION', 'Request For Payment APPROVED by BUDGET OWNER')","('exit', ('Request For Payment APPROVED by ADMINISTRATION', 'Request For Payment APPROVED by BUDGET OWNER'))",22,420
116,116,enter,"('Request Payment', 'Payment Handled')","('enter', ('Request Payment', 'Payment Handled'))",49,421
117,117,enter,"('Request For Payment APPROVED by ADMINISTRATION', 'Request For Payment APPROVED by BUDGET OWNER')","('enter', ('Request For Payment APPROVED by ADMINISTRATION', 'Request For Payment APPROVED by BUDGET OWNER'))",15,421
118,118,exit,"('Request For Payment FINAL_APPROVED by SUPERVISOR', 'Request Payment')","('exit', ('Request For Payment FINAL_APPROVED by SUPERVISOR', 'Request Payment'))",49,421
119,119,enter,"('Request For Payment FINAL_APPROVED by SUPERVISOR', 'Request Payment')","('enter', ('Request For Payment FINAL_APPROVED by SUPERVISOR', 'Request Payment'))",27,422
120,120,enter,"('Request Payment', 'Payment Handled')","('enter', ('Request Payment', 'Payment Handled'))",30,422
121,121,exit,"('Request For Payment FINAL_APPROVED by SUPERVISOR', 'Request Payment')","('exit', ('Request For Payment FINAL_APPROVED by SUPERVISOR', 'Request Payment'))",30,422
122,122,enter,"('Request Payment', 'Payment Handled')","('enter', ('Request Payment', 'Payment Handled'))",23,423
123,123,exit,"('Request For Payment FINAL_APPROVED by SUPERVISOR', 'Request Payment')","('exit', ('Request For Payment FINAL_APPROVED by SUPERVISOR', 'Request Payment'))",23,423
124,124,exit,"('Request Payment', 'Payment Handled')","('exit', ('Request Payment', 'Payment Handled'))",82,423
125,125,enter,"('Request For Payment APPROVED by ADMINISTRATION', 'Request For Payment FINAL_APPROVED by SUPERVISOR')","('enter', ('Request For Payment APPROVED by ADMINISTRATION', 'Request For Payment FINAL_APPROVED by SUPERVISOR'))",16,424
126,126,exit,"('Request For Payment SUBMITTED by EMPLOYEE', 'Request For Payment APPROVED by ADMINISTRATION')","('exit', ('Request For Payment SUBMITTED by EMPLOYEE', 'Request For Payment APPROVED by ADMINISTRATION'))",26,424
127,127,enter,"('Request For Payment FINAL_APPROVED by SUPERVISOR', 'Request Payment')","('enter', ('Request For Payment FINAL_APPROVED by SUPERVISOR', 'Request Payment'))",38,427
128,128,exit,"('Request For Payment APPROVED by ADMINISTRATION', 'Request For Payment FINAL_APPROVED by SUPERVISOR')","('exit', ('Request For Payment APPROVED by ADMINISTRATION', 'Request For Payment FINAL_APPROVED by SUPERVISOR'))",25,427
129,129,enter,"('Request For Payment FINAL_APPROVED by SUPERVISOR', 'Request Payment')","('enter', ('Request For Payment FINAL_APPROVED by SUPERVISOR', 'Request Payment'))",27,428
130,130,enter,"('Request Payment', 'Payment Handled')","('enter', ('Request Payment', 'Payment Handled'))",51,428
131,131,exit,"('Request For Payment FINAL_APPROVED by SUPERVISOR', 'Request Payment')","('exit', ('Request For Payment FINAL_APPROVED by SUPERVISOR', 'Request Payment'))",51,428
132,132,exit,"('Request For Payment APPROVED by ADMINISTRATION', 'Request For Payment APPROVED by BUDGET OWNER')","('exit', ('Request For Payment APPROVED by ADMINISTRATION', 'Request For Payment APPROVED by BUDGET OWNER'))",13,429
133,133,enter,"('Request For Payment FINAL_APPROVED by SUPERVISOR', 'Request Payment')","('enter', ('Request For Payment FINAL_APPROVED by SUPERVISOR', 'Request Payment'))",22,430
134,134,enter,"('Request Payment', 'Payment Handled')","('enter', ('Request Payment', 'Payment Handled'))",29,430
135,135,enter,"('Request For Payment APPROVED by ADMINISTRATION', 'Request For Payment FINAL_APPROVED by SUPERVISOR')","('enter', ('Request For Payment APPROVED by ADMINISTRATION', 'Request For Payment FINAL_APPROVED by SUPERVISOR'))",16,430
136,136,exit,"('Request For Payment FINAL_APPROVED by SUPERVISOR', 'Request Payment')","('exit', ('Request For Payment FINAL_APPROVED by SUPERVISOR', 'Request Payment'))",29,430
137,137,exit,"('Request Payment', 'Payment Handled')","('exit', ('Request Payment', 'Payment Handled'))",80,430
138,138,enter,"('Request For Payment SUBMITTED by EMPLOYEE', 'Request For Payment APPROVED by ADMINISTRATION')","('enter', ('Request For Payment SUBMITTED by EMPLOYEE', 'Request For Payment APPROVED by ADMINISTRATION'))",29,434
139,139,enter,"('Request For Payment APPROVED by ADMINISTRATION', 'Request For Payment FINAL_APPROVED by SUPERVISOR')","('enter', ('Request For Payment APPROVED by ADMINISTRATION', 'Request For Payment FINAL_APPROVED by SUPERVISOR'))",17,434
140,140,exit,"('Request For Payment SUBMITTED by EMPLOYEE', 'Request For Payment APPROVED by ADMINISTRATION')","('exit', ('Request For Payment SUBMITTED by EMPLOYEE', 'Request For Payment APPROVED by ADMINISTRATION'))",28,434
141,141,enter,"('Request For Payment FINAL_APPROVED by SUPERVISOR', 'Request Payment')","('enter', ('Request For Payment FINAL_APPROVED by SUPERVISOR', 'Request Payment'))",22,435
142,142,enter,"('Request Payment', 'Payment Handled')","('enter', ('Request Payment', 'Payment Handled'))",31,435
143,143,exit,"('Request For Payment FINAL_APPROVED by SUPERVISOR', 'Request Payment')","('exit', ('Request For Payment FINAL_APPROVED by SUPERVISOR', 'Request Payment'))",31,435
144,144,enter,"('Request Payment', 'Payment Handled')","('enter', ('Request Payment', 'Payment Handled'))",31,437
145,145,exit,"('Request For Payment FINAL_APPROVED by SUPERVISOR', 'Request Payment')","('exit', ('Request For Payment FINAL_APPROVED by SUPERVISOR', 'Request Payment'))",31,437
146,146,enter,"('Request For Payment APPROVED by ADMINISTRATION', 'Request For Payment FINAL_APPROVED by SUPERVISOR')","('enter', ('Request For Payment APPROVED by ADMINISTRATION', 'Request For Payment FINAL_APPROVED by SUPERVISOR'))",17,441
147,147,enter,"('Request For Payment FINAL_APPROVED by SUPERVISOR', 'Request Payment')","('enter', ('Request For Payment FINAL_APPROVED by SUPERVISOR', 'Request Payment'))",29,442
148,148,enter,"('Request Payment', 'Payment Handled')","('enter', ('Request Payment', 'Payment Handled'))",38,442
149,149,enter,"('Request For Payment APPROVED by ADMINISTRATION', 'Request For Payment APPROVED by BUDGET OWNER')","('enter', ('Request For Payment APPROVED by ADMINISTRATION', 'Request For Payment APPROVED by BUDGET OWNER'))",14,442
150,150,exit,"('Request For Payment FINAL_APPROVED by SUPERVISOR', 'Request Payment')","('exit', ('Request For Payment FINAL_APPROVED by SUPERVISOR', 'Request Payment'))",38,442
151,151,exit,"('Request For Payment SUBMITTED by EMPLOYEE', 'Request For Payment APPROVED by ADMINISTRATION')","('exit', ('Request For Payment SUBMITTED by EMPLOYEE', 'Request For Payment APPROVED by ADMINISTRATION'))",25,442
152,152,enter,"('Request For Payment FINAL_APPROVED by SUPERVISOR', 'Request Payment')","('enter', ('Request For Payment FINAL_APPROVED by SUPERVISOR', 'Request Payment'))",36,443
153,153,exit,"('Request For Payment APPROVED by ADMINISTRATION', 'Request For Payment FINAL_APPROVED by SUPERVISOR')","('exit', ('Request For Payment APPROVED by ADMINISTRATION', 'Request For Payment FINAL_APPROVED by SUPERVISOR'))",28,443
154,154,exit,"('Request For Payment APPROVED by ADMINISTRATION', 'Request For Payment APPROVED by BUDGET OWNER')","('exit', ('Request For Payment APPROVED by ADMINISTRATION', 'Request For Payment APPROVED by BUDGET OWNER'))",13,443
155,155,enter,"('Request Payment', 'Payment Handled')","('enter', ('Request Payment', 'Payment Handled'))",33,444
156,156,enter,"('Request For Payment APPROVED by ADMINISTRATION', 'Request For Payment APPROVED by BUDGET OWNER')","('enter', ('Request For Payment APPROVED by ADMINISTRATION', 'Request For Payment APPROVED by BUDGET OWNER'))",11,444
157,157,exit,"('Request For Payment FINAL_APPROVED by SUPERVISOR', 'Request Payment')","('exit', ('Request For Payment FINAL_APPROVED by SUPERVISOR', 'Request Payment'))",33,444
158,158,exit,"('Request For Payment APPROVED by ADMINISTRATION', 'Request For Payment APPROVED by BUDGET OWNER')","('exit', ('Request For Payment APPROVED by ADMINISTRATION', 'Request For Payment APPROVED by BUDGET OWNER'))",13,444
159,159,enter,"('Request For Payment FINAL_APPROVED by SUPERVISOR', 'Request Payment')","('enter', ('Request For Payment FINAL_APPROVED by SUPERVISOR', 'Request Payment'))",36,449
160,160,enter,"('Request Payment', 'Payment Handled')","('enter', ('Request Payment', 'Payment Handled'))",22,449
161,161,enter,"('Request For Payment SUBMITTED by EMPLOYEE', 'Request For Payment APPROVED by ADMINISTRATION')","('enter', ('Request For Payment SUBMITTED by EMPLOYEE', 'Request For Payment APPROVED by ADMINISTRATION'))",28,449
162,162,enter,"('Request For Payment APPROVED by ADMINISTRATION', 'Request For Payment FINAL_APPROVED by SUPERVISOR')","('enter', ('Request For Payment APPROVED by ADMINISTRATION', 'Request For Payment FINAL_APPROVED by SUPERVISOR'))",18,449
163,163,exit,"('Request For Payment FINAL_APPROVED by SUPERVISOR', 'Request Payment')","('exit', ('Request For Payment FINAL_APPROVED by SUPERVISOR', 'Request Payment'))",22,449
164,164,exit,"('Request For Payment SUBMITTED by EMPLOYEE', 'Request For Payment APPROVED by ADMINISTRATION')","('exit', ('Request For Payment SUBMITTED by EMPLOYEE', 'Request For Payment APPROVED by ADMINISTRATION'))",28,449
165,165,exit,"('Request For Payment APPROVED by ADMINISTRATION', 'Request For Payment FINAL_APPROVED by SUPERVISOR')","('exit', ('Request For Payment APPROVED by ADMINISTRATION', 'Request For Payment FINAL_APPROVED by SUPERVISOR'))",29,449
166,166,enter,"('Request For Payment FINAL_APPROVED by SUPERVISOR', 'Request Payment')","('enter', ('Request For Payment FINAL_APPROVED by SUPERVISOR', 'Request Payment'))",28,450
167,167,enter,"('Request Payment', 'Payment Handled')","('enter', ('Request Payment', 'Payment Handled'))",28,450
168,168,enter,"('Request For Payment SUBMITTED by EMPLOYEE', 'Request For Payment APPROVED by ADMINISTRATION')","('enter', ('Request For Payment SUBMITTED by EMPLOYEE', 'Request For Payment APPROVED by ADMINISTRATION'))",28,450
169,169,enter,"('Request For Payment APPROVED by ADMINISTRATION', 'Request For Payment APPROVED by BUDGET OWNER')","('enter', ('Request For Payment APPROVED by ADMINISTRATION', 'Request For Payment APPROVED by BUDGET OWNER'))",15,450
170,170,exit,"('Request For Payment FINAL_APPROVED by SUPERVISOR', 'Request Payment')","('exit', ('Request For Payment FINAL_APPROVED by SUPERVISOR', 'Request Payment'))",28,450
171,171,exit,"('Request For Payment SUBMITTED by EMPLOYEE', 'Request For Payment APPROVED by ADMINISTRATION')","('exit', ('Request For Payment SUBMITTED by EMPLOYEE', 'Request For Payment APPROVED by ADMINISTRATION'))",28,450
172,172,exit,"('Request For Payment APPROVED by ADMINISTRATION', 'Request For Payment APPROVED by BUDGET OWNER')","('exit', ('Request For Payment APPROVED by ADMINISTRATION', 'Request For Payment APPROVED by BUDGET OWNER'))",13,450
173,173,enter,"('Request For Payment FINAL_APPROVED by SUPERVISOR', 'Request Payment')","('enter', ('Request For Payment FINAL_APPROVED by SUPERVISOR', 'Request Payment'))",31,451
174,174,enter,"('Request Payment', 'Payment Handled')","('enter', ('Request Payment', 'Payment Handled'))",46,451
175,175,enter,"('Request For Payment SUBMITTED by EMPLOYEE', 'Request For Payment APPROVED by ADMINISTRATION')","('enter', ('Request For Payment SUBMITTED by EMPLOYEE', 'Request For Payment APPROVED by ADMINISTRATION'))",39,451
176,176,enter,"('Request For Payment APPROVED by ADMINISTRATION', 'Request For Payment APPROVED by BUDGET OWNER')","('enter', ('Request For Payment APPROVED by ADMINISTRATION', 'Request For Payment APPROVED by BUDGET OWNER'))",20,451
177,177,exit,"('Request For Payment FINAL_APPROVED by SUPERVISOR', 'Request Payment')","('exit', ('Request For Payment FINAL_APPROVED by SUPERVISOR', 'Request Payment'))",46,451
178,178,exit,"('Request Payment', 'Payment Handled')","('exit', ('Request Payment', 'Payment Handled'))",92,451
179,179,exit,"('Request For Payment SUBMITTED by EMPLOYEE', 'Request For Payment APPROVED by ADMINISTRATION')","('exit', ('Request For Payment SUBMITTED by EMPLOYEE', 'Request For Payment APPROVED by ADMINISTRATION'))",36,451
180,180,exit,"('Request For Payment APPROVED by ADMINISTRATION', 'Request For Payment APPROVED by BUDGET OWNER')","('exit', ('Request For Payment APPROVED by ADMINISTRATION', 'Request For Payment APPROVED by BUDGET OWNER'))",21,451
181,181,exit,"('Request Payment', 'Payment Handled')","('exit', ('Request Payment', 'Payment Handled'))",59,455
182,182,enter,"('Request Payment', 'Payment Handled')","('enter', ('Request Payment', 'Payment Handled'))",40,456
183,183,exit,"('Request For Payment FINAL_APPROVED by SUPERVISOR', 'Request Payment')","('exit', ('Request For Payment FINAL_APPROVED by SUPERVISOR', 'Request Payment'))",40,456
184,184,exit,"('Request For Payment APPROVED by ADMINISTRATION', 'Request For Payment APPROVED by BUDGET OWNER')","('exit', ('Request For Payment APPROVED by ADMINISTRATION', 'Request For Payment APPROVED by BUDGET OWNER'))",13,457
185,185,enter,"('Request For Payment FINAL_APPROVED by SUPERVISOR', 'Request Payment')","('enter', ('Request For Payment FINAL_APPROVED by SUPERVISOR', 'Request Payment'))",24,458
186,186,enter,"('Request Payment', 'Payment Handled')","('enter', ('Request Payment', 'Payment Handled'))",26,458
187,187,enter,"('Request For Payment APPROVED by ADMINISTRATION', 'Request For Payment FINAL_APPROVED by SUPERVISOR')","('enter', ('Request For Payment APPROVED by ADMINISTRATION', 'Request For Payment FINAL_APPROVED by SUPERVISOR'))",19,458
188,188,exit,"('Request For Payment FINAL_APPROVED by SUPERVISOR', 'Request Payment')","('exit', ('Request For Payment FINAL_APPROVED by SUPERVISOR', 'Request Payment'))",25,458
189,189,exit,"('Request Payment', 'Payment Handled')","('exit', ('Request Payment', 'Payment Handled'))",60,458
190,190,exit,"('Request For Payment SUBMITTED by EMPLOYEE', 'Request For Payment APPROVED by ADMINISTRATION')","('exit', ('Request For Payment SUBMITTED by EMPLOYEE', 'Request For Payment APPROVED by ADMINISTRATION'))",26,458
191,191,enter,"('Request Payment', 'Payment Handled')","('enter', ('Request Payment', 'Payment Handled'))",25,462
192,192,exit,"('Request For Payment FINAL_APPROVED by SUPERVISOR', 'Request Payment')","('exit', ('Request For Payment FINAL_APPROVED by SUPERVISOR', 'Request Payment'))",25,462
193,193,enter,"('Request For Payment FINAL_APPROVED by SUPERVISOR', 'Request Payment')","('enter', ('Request For Payment FINAL_APPROVED by SUPERVISOR', 'Request Payment'))",29,463
194,194,enter,"('Request For Payment SUBMITTED by EMPLOYEE', 'Request For Payment APPROVED by ADMINISTRATION')","('enter', ('Request For Payment SUBMITTED by EMPLOYEE', 'Request For Payment APPROVED by ADMINISTRATION'))",26,463
195,195,exit,"('Request For Payment SUBMITTED by EMPLOYEE', 'Request For Payment APPROVED by ADMINISTRATION')","('exit', ('Request For Payment SUBMITTED by EMPLOYEE', 'Request For Payment APPROVED by ADMINISTRATION'))",25,463
196,196,enter,"('Request For Payment FINAL_APPROVED by SUPERVISOR', 'Request Payment')","('enter', ('Request For Payment FINAL_APPROVED by SUPERVISOR', 'Request Payment'))",27,464
197,197,exit,"('Request For Payment APPROVED by ADMINISTRATION', 'Request For Payment FINAL_APPROVED by SUPERVISOR')","('exit', ('Request For Payment APPROVED by ADMINISTRATION', 'Request For Payment FINAL_APPROVED by SUPERVISOR'))",21,464
198,198,exit,"('Request For Payment APPROVED by ADMINISTRATION', 'Request For Payment APPROVED by BUDGET OWNER')","('exit', ('Request For Payment APPROVED by ADMINISTRATION', 'Request For Payment APPROVED by BUDGET OWNER'))",15,464
199,199,enter,"('Request Payment', 'Payment Handled')","('enter', ('Request Payment', 'Payment Handled'))",30,465
200,200,enter,"('Request For Payment SUBMITTED by EMPLOYEE', 'Request For Payment APPROVED by ADMINISTRATION')","('enter', ('Request For Payment SUBMITTED by EMPLOYEE', 'Request For Payment APPROVED by ADMINISTRATION'))",26,465
201,201,enter,"('Request For Payment APPROVED by ADMINISTRATION', 'Request For Payment APPROVED by BUDGET OWNER')","('enter', ('Request For Payment APPROVED by ADMINISTRATION', 'Request For Payment APPROVED by BUDGET OWNER'))",14,465
202,202,exit,"('Request For Payment FINAL_APPROVED by SUPERVISOR', 'Request Payment')","('exit', ('Request For Payment FINAL_APPROVED by SUPERVISOR', 'Request Payment'))",29,465
203,203,exit,"('Request Payment', 'Payment Handled')","('exit', ('Request Payment', 'Payment Handled'))",69,465
204,204,exit,"('Request For Payment SUBMITTED by EMPLOYEE', 'Request For Payment APPROVED by ADMINISTRATION')","('exit', ('Request For Payment SUBMITTED by EMPLOYEE', 'Request For Payment APPROVED by ADMINISTRATION'))",27,465
205,205,enter,"('Request For Payment FINAL_APPROVED by SUPERVISOR', 'Request Payment')","('enter', ('Request For Payment FINAL_APPROVED by SUPERVISOR', 'Request Payment'))",26,469
206,206,enter,"('Request For Payment SUBMITTED by EMPLOYEE', 'Request For Payment APPROVED by ADMINISTRATION')","('enter', ('Request For Payment SUBMITTED by EMPLOYEE', 'Request For Payment APPROVED by ADMINISTRATION'))",28,469
207,207,enter,"('Request For Payment APPROVED by ADMINISTRATION', 'Request For Payment FINAL_APPROVED by SUPERVISOR')","('enter', ('Request For Payment APPROVED by ADMINISTRATION', 'Request For Payment FINAL_APPROVED by SUPERVISOR'))",17,469
208,208,enter,"('Request For Payment APPROVED by ADMINISTRATION', 'Request For Payment APPROVED by BUDGET OWNER')","('enter', ('Request For Payment APPROVED by ADMINISTRATION', 'Request For Payment APPROVED by BUDGET OWNER'))",11,469
209,209,exit,"('Request For Payment SUBMITTED by EMPLOYEE', 'Request For Payment APPROVED by ADMINISTRATION')","('exit', ('Request For Payment SUBMITTED by EMPLOYEE', 'Request For Payment APPROVED by ADMINISTRATION'))",28,469
210,210,exit,"('Request For Payment APPROVED by ADMINISTRATION', 'Request For Payment FINAL_APPROVED by SUPERVISOR')","('exit', ('Request For Payment APPROVED by ADMINISTRATION', 'Request For Payment FINAL_APPROVED by SUPERVISOR'))",25,469
211,211,exit,"('Request For Payment APPROVED by ADMINISTRATION', 'Request For Payment APPROVED by BUDGET OWNER')","('exit', ('Request For Payment APPROVED by ADMINISTRATION', 'Request For Payment APPROVED by BUDGET OWNER'))",18,469
212,212,enter,"('Request For Payment FINAL_APPROVED by SUPERVISOR', 'Request Payment')","('enter', ('Request For Payment FINAL_APPROVED by SUPERVISOR', 'Request Payment'))",33,470
213,213,enter,"('Request Payment', 'Payment Handled')","('enter', ('Request Payment', 'Payment Handled'))",41,470
214,214,exit,"('Request For Payment FINAL_APPROVED by SUPERVISOR', 'Request Payment')","('exit', ('Request For Payment FINAL_APPROVED by SUPERVISOR', 'Request Payment'))",41,470
215,215,exit,"('Request For Payment APPROVED by ADMINISTRATION', 'Request For Payment FINAL_APPROVED by SUPERVISOR')","('exit', ('Request For Payment APPROVED by ADMINISTRATION', 'Request For Payment FINAL_APPROVED by SUPERVISOR'))",21,470
216,216,enter,"('Request For Payment APPROVED by ADMINISTRATION', 'Request For Payment APPROVED by BUDGET OWNER')","('enter', ('Request For Payment APPROVED by ADMINISTRATION', 'Request For Payment APPROVED by BUDGET OWNER'))",11,471
217,217,enter,"('Request For Payment FINAL_APPROVED by SUPERVISOR', 'Request Payment')","('enter', ('Request For Payment FINAL_APPROVED by SUPERVISOR', 'Request Payment'))",30,472
218,218,enter,"('Request Payment', 'Payment Handled')","('enter', ('Request Payment', 'Payment Handled'))",30,472
219,219,exit,"('Request For Payment FINAL_APPROVED by SUPERVISOR', 'Request Payment')","('exit', ('Request For Payment FINAL_APPROVED by SUPERVISOR', 'Request Payment'))",30,472
220,220,exit,"('Request Payment', 'Payment Handled')","('exit', ('Request Payment', 'Payment Handled'))",64,472
221,221,enter,"('Request For Payment FINAL_APPROVED by SUPERVISOR', 'Request Payment')","('enter', ('Request For Payment FINAL_APPROVED by SUPERVISOR', 'Request Payment'))",26,476
222,222,enter,"('Request For Payment FINAL_APPROVED by SUPERVISOR', 'Request Payment')","('enter', ('Request For Payment FINAL_APPROVED by SUPERVISOR', 'Request Payment'))",27,477
223,223,enter,"('Request Payment', 'Payment Handled')","('enter', ('Request Payment', 'Payment Handled'))",34,477
224,224,exit,"('Request For Payment FINAL_APPROVED by SUPERVISOR', 'Request Payment')","('exit', ('Request For Payment FINAL_APPROVED by SUPERVISOR', 'Request Payment'))",34,477
225,225,enter,"('Request For Payment FINAL_APPROVED by SUPERVISOR', 'Request Payment')","('enter', ('Request For Payment FINAL_APPROVED by SUPERVISOR', 'Request Payment'))",23,479
226,226,enter,"('Request Payment', 'Payment Handled')","('enter', ('Request Payment', 'Payment Handled'))",31,479
227,227,exit,"('Request For Payment FINAL_APPROVED by SUPERVISOR', 'Request Payment')","('exit', ('Request For Payment FINAL_APPROVED by SUPERVISOR', 'Request Payment'))",31,479
228,228,enter,"('Request For Payment FINAL_APPROVED by SUPERVISOR', 'Request Payment')","('enter', ('Request For Payment FINAL_APPROVED by SUPERVISOR', 'Request Payment'))",26,484
229,229,enter,"('Request Payment', 'Payment Handled')","('enter', ('Request Payment', 'Payment Handled'))",26,484
230,230,exit,"('Request For Payment FINAL_APPROVED by SUPERVISOR', 'Request Payment')","('exit', ('Request For Payment FINAL_APPROVED by SUPERVISOR', 'Request Payment'))",26,484
231,231,enter,"('Request For Payment APPROVED by ADMINISTRATION', 'Request For Payment FINAL_APPROVED by SUPERVISOR')","('enter', ('Request For Payment APPROVED by ADMINISTRATION', 'Request For Payment FINAL_APPROVED by SUPERVISOR'))",17,485
232,232,enter,"('Request Payment', 'Payment Handled')","('enter', ('Request Payment', 'Payment Handled'))",26,490
233,233,enter,"('Request For Payment APPROVED by ADMINISTRATION', 'Request For Payment FINAL_APPROVED by SUPERVISOR')","('enter', ('Request For Payment APPROVED by ADMINISTRATION', 'Request For Payment FINAL_APPROVED by SUPERVISOR'))",16,490
234,234,exit,"('Request For Payment FINAL_APPROVED by SUPERVISOR', 'Request Payment')","('exit', ('Request For Payment FINAL_APPROVED by SUPERVISOR', 'Request Payment'))",25,490
235,235,exit,"('Request Payment', 'Payment Handled')","('exit', ('Request Payment', 'Payment Handled'))",64,490
236,236,exit,"('Request For Payment SUBMITTED by EMPLOYEE', 'Request For Payment APPROVED by ADMINISTRATION')","('exit', ('Request For Payment SUBMITTED by EMPLOYEE', 'Request For Payment APPROVED by ADMINISTRATION'))",25,490
237,237,enter,"('Request For Payment FINAL_APPROVED by SUPERVISOR', 'Request Payment')","('enter', ('Request For Payment FINAL_APPROVED by SUPERVISOR', 'Request Payment'))",25,491
238,238,enter,"('Request Payment', 'Payment Handled')","('enter', ('Request Payment', 'Payment Handled'))",23,493
239,239,exit,"('Request For Payment FINAL_APPROVED by SUPERVISOR', 'Request Payment')","('exit', ('Request For Payment FINAL_APPROVED by SUPERVISOR', 'Request Payment'))",23,493
240,240,exit,"('Request Payment', 'Payment Handled')","('exit', ('Request Payment', 'Payment Handled'))",60,493
241,241,enter,"('Request Payment', 'Payment Handled')","('enter', ('Request Payment', 'Payment Handled'))",23,498
242,242,exit,"('Request For Payment FINAL_APPROVED by SUPERVISOR', 'Request Payment')","('exit', ('Request For Payment FINAL_APPROVED by SUPERVISOR', 'Request Payment'))",23,498
243,243,enter,"('Request For Payment FINAL_APPROVED by SUPERVISOR', 'Request Payment')","('enter', ('Request For Payment FINAL_APPROVED by SUPERVISOR', 'Request Payment'))",21,499
244,244,exit,"('Request For Payment APPROVED by ADMINISTRATION', 'Request For Payment APPROVED by BUDGET OWNER')","('exit', ('Request For Payment APPROVED by ADMINISTRATION', 'Request For Payment APPROVED by BUDGET OWNER'))",13,499
245,245,enter,"('Request For Payment FINAL_APPROVED by SUPERVISOR', 'Request Payment')","('enter', ('Request For Payment FINAL_APPROVED by SUPERVISOR', 'Request Payment'))",21,500
246,246,enter,"('Request For Payment APPROVED by ADMINISTRATION', 'Request For Payment FINAL_APPROVED by SUPERVISOR')","('enter', ('Request For Payment APPROVED by ADMINISTRATION', 'Request For Payment FINAL_APPROVED by SUPERVISOR'))",16,500
247,247,exit,"('Request Payment', 'Payment Handled')","('exit', ('Request Payment', 'Payment Handled'))",65,500
248,248,enter,"('Request For Payment APPROVED by ADMINISTRATION', 'Request For Payment FINAL_APPROVED by SUPERVISOR')","('enter', ('Request For Payment APPROVED by ADMINISTRATION', 'Request For Payment FINAL_APPROVED by SUPERVISOR'))",18,504
249,249,exit,"('Request For Payment SUBMITTED by EMPLOYEE', 'Request For Payment APPROVED by ADMINISTRATION')","('exit', ('Request For Payment SUBMITTED by EMPLOYEE', 'Request For Payment APPROVED by ADMINISTRATION'))",27,504
250,250,enter,"('Request For Payment FINAL_APPROVED by SUPERVISOR', 'Request Payment')","('enter', ('Request For Payment FINAL_APPROVED by SUPERVISOR', 'Request Payment'))",31,505
251,251,enter,"('Request Payment', 'Payment Handled')","('enter', ('Request Payment', 'Payment Handled'))",25,505
252,252,enter,"('Request For Payment APPROVED by ADMINISTRATION', 'Request For Payment APPROVED by BUDGET OWNER')","('enter', ('Request For Payment APPROVED by ADMINISTRATION', 'Request For Payment APPROVED by BUDGET OWNER'))",11,505
253,253,exit,"('Request For Payment FINAL_APPROVED by SUPERVISOR', 'Request Payment')","('exit', ('Request For Payment FINAL_APPROVED by SUPERVISOR', 'Request Payment'))",25,505
254,254,exit,"('Request For Payment APPROVED by ADMINISTRATION', 'Request For Payment FINAL_APPROVED by SUPERVISOR')","('exit', ('Request For Payment APPROVED by ADMINISTRATION', 'Request For Payment FINAL_APPROVED by SUPERVISOR'))",21,505
255,255,enter,"('Request For Payment FINAL_APPROVED by SUPERVISOR', 'Request Payment')","('enter', ('Request For Payment FINAL_APPROVED by SUPERVISOR', 'Request Payment'))",21,507
256,256,enter,"('Request Payment', 'Payment Handled')","('enter', ('Request Payment', 'Payment Handled'))",24,507
257,257,exit,"('Request For Payment FINAL_APPROVED by SUPERVISOR', 'Request Payment')","('exit', ('Request For Payment FINAL_APPROVED by SUPERVISOR', 'Request Payment'))",24,507
258,258,enter,"('Request For Payment FINAL_APPROVED by SUPERVISOR', 'Request Payment')","('enter', ('Request For Payment FINAL_APPROVED by SUPERVISOR', 'Request Payment'))",25,512
259,259,enter,"('Request Payment', 'Payment Handled')","('enter', ('Request Payment', 'Payment Handled'))",44,512
260,260,exit,"('Request For Payment FINAL_APPROVED by SUPERVISOR', 'Request Payment')","('exit', ('Request For Payment FINAL_APPROVED by SUPERVISOR', 'Request Payment'))",43,512
261,261,enter,"('Request For Payment SUBMITTED by EMPLOYEE', 'Request For Payment APPROVED by ADMINISTRATION')","('enter', ('Request For Payment SUBMITTED by EMPLOYEE', 'Request For Payment APPROVED by ADMINISTRATION'))",26,513
262,262,enter,"('Request For Payment APPROVED by ADMINISTRATION', 'Request For Payment APPROVED by BUDGET OWNER')","('enter', ('Request For Payment APPROVED by ADMINISTRATION', 'Request For Payment APPROVED by BUDGET OWNER'))",13,513
263,263,exit,"('Request For Payment SUBMITTED by EMPLOYEE', 'Request For Payment APPROVED by ADMINISTRATION')","('exit', ('Request For Payment SUBMITTED by EMPLOYEE', 'Request For Payment APPROVED by ADMINISTRATION'))",26,513
264,264,enter,"('Request For Payment APPROVED by ADMINISTRATION', 'Request For Payment FINAL_APPROVED by SUPERVISOR')","('enter', ('Request For Payment APPROVED by ADMINISTRATION', 'Request For Payment FINAL_APPROVED by SUPERVISOR'))",16,514
265,265,exit,"('Request Payment', 'Payment Handled')","('exit', ('Request Payment', 'Payment Handled'))",72,514
266,266,exit,"('Request For Payment SUBMITTED by EMPLOYEE', 'Request For Payment APPROVED by ADMINISTRATION')","('exit', ('Request For Payment SUBMITTED by EMPLOYEE', 'Request For Payment APPROVED by ADMINISTRATION'))",25,514
267,267,enter,"('Request For Payment FINAL_APPROVED by SUPERVISOR', 'Request Payment')","('enter', ('Request For Payment FINAL_APPROVED by SUPERVISOR', 'Request Payment'))",38,519
268,268,enter,"('Request Payment', 'Payment Handled')","('enter', ('Request Payment', 'Payment Handled'))",24,519
269,269,enter,"('Request For Payment SUBMITTED by EMPLOYEE', 'Request For Payment APPROVED by ADMINISTRATION')","('enter', ('Request For Payment SUBMITTED by EMPLOYEE', 'Request For Payment APPROVED by ADMINISTRATION'))",26,519
270,270,enter,"('Request For Payment APPROVED by ADMINISTRATION', 'Request For Payment FINAL_APPROVED by SUPERVISOR')","('enter', ('Request For Payment APPROVED by ADMINISTRATION', 'Request For Payment FINAL_APPROVED by SUPERVISOR'))",16,519
271,271,exit,"('Request For Payment FINAL_APPROVED by SUPERVISOR', 'Request Payment')","('exit', ('Request For Payment FINAL_APPROVED by SUPERVISOR', 'Request Payment'))",23,519
272,272,exit,"('Request For Payment SUBMITTED by EMPLOYEE', 'Request For Payment APPROVED by ADMINISTRATION')","('exit', ('Request For Payment SUBMITTED by EMPLOYEE', 'Request For Payment APPROVED by ADMINISTRATION'))",26,519
273,273,exit,"('Request For Payment APPROVED by ADMINISTRATION', 'Request For Payment FINAL_APPROVED by SUPERVISOR')","('exit', ('Request For Payment APPROVED by ADMINISTRATION', 'Request For Payment FINAL_APPROVED by SUPERVISOR'))",27,519
274,274,exit,"('Request For Payment APPROVED by ADMINISTRATION', 'Request For Payment APPROVED by BUDGET OWNER')","('exit', ('Request For Payment APPROVED by ADMINISTRATION', 'Request For Payment APPROVED by BUDGET OWNER'))",20,519
275,275,enter,"('Request For Payment FINAL_APPROVED by SUPERVISOR', 'Request Payment')","('enter', ('Request For Payment FINAL_APPROVED by SUPERVISOR', 'Request Payment'))",24,520
276,276,exit,"('Request For Payment APPROVED by ADMINISTRATION', 'Request For Payment FINAL_APPROVED by SUPERVISOR')","('exit', ('Request For Payment APPROVED by ADMINISTRATION', 'Request For Payment FINAL_APPROVED by SUPERVISOR'))",20,520
277,277,enter,"('Request For Payment FINAL_APPROVED by SUPERVISOR', 'Request Payment')","('enter', ('Request For Payment FINAL_APPROVED by SUPERVISOR', 'Request Payment'))",22,521
278,278,enter,"('Request Payment', 'Payment Handled')","('enter', ('Request Payment', 'Payment Handled'))",39,521
279,279,enter,"('Request For Payment APPROVED by ADMINISTRATION', 'Request For Payment FINAL_APPROVED by SUPERVISOR')","('enter', ('Request For Payment APPROVED by ADMINISTRATION', 'Request For Payment FINAL_APPROVED by SUPERVISOR'))",16,521
280,280,exit,"('Request For Payment FINAL_APPROVED by SUPERVISOR', 'Request Payment')","('exit', ('Request For Payment FINAL_APPROVED by SUPERVISOR', 'Request Payment'))",39,521
281,281,enter,"('Request Payment', 'Payment Handled')","('enter', ('Request Payment', 'Payment Handled'))",28,526
282,282,enter,"('Request For Payment APPROVED by ADMINISTRATION', 'Request For Payment APPROVED by BUDGET OWNER')","('enter', ('Request For Payment APPROVED by ADMINISTRATION', 'Request For Payment APPROVED by BUDGET OWNER'))",11,526
283,283,exit,"('Request For Payment FINAL_APPROVED by SUPERVISOR', 'Request Payment')","('exit', ('Request For Payment FINAL_APPROVED by SUPERVISOR', 'Request Payment'))",27,526
284,284,exit,"('Request For Payment SUBMITTED by EMPLOYEE', 'Request For Payment APPROVED by ADMINISTRATION')","('exit', ('Request For Payment SUBMITTED by EMPLOYEE', 'Request For Payment APPROVED by ADMINISTRATION'))",25,526
285,285,enter,"('Request For Payment FINAL_APPROVED by SUPERVISOR', 'Request Payment')","('enter', ('Request For Payment FINAL_APPROVED by SUPERVISOR', 'Request Payment'))",28,528
286,286,enter,"('Request Payment', 'Payment Handled')","('enter', ('Request Payment', 'Payment Handled'))",22,528
287,287,enter,"('Request For Payment SUBMITTED by EMPLOYEE', 'Request For Payment APPROVED by ADMINISTRATION')","('enter', ('Request For Payment SUBMITTED by EMPLOYEE', 'Request For Payment APPROVED by ADMINISTRATION'))",26,528
288,288,exit,"('Request For Payment FINAL_APPROVED by SUPERVISOR', 'Request Payment')","('exit', ('Request For Payment FINAL_APPROVED by SUPERVISOR', 'Request Payment'))",22,528
289,289,exit,"('Request Payment', 'Payment Handled')","('exit', ('Request Payment', 'Payment Handled'))",58,528
290,290,exit,"('Request For Payment APPROVED by ADMINISTRATION', 'Request For Payment APPROVED by BUDGET OWNER')","('exit', ('Request For Payment APPROVED by ADMINISTRATION', 'Request For Payment APPROVED by BUDGET OWNER'))",15,528
291,291,enter,"('Request For Payment APPROVED by ADMINISTRATION', 'Request For Payment APPROVED by BUDGET OWNER')","('enter', ('Request For Payment APPROVED by ADMINISTRATION', 'Request For Payment APPROVED by BUDGET OWNER'))",11,532
292,292,exit,"('Request For Payment SUBMITTED by EMPLOYEE', 'Request For Payment APPROVED by ADMINISTRATION')","('exit', ('Request For Payment SUBMITTED by EMPLOYEE', 'Request For Payment APPROVED by ADMINISTRATION'))",26,532
293,293,enter,"('Request For Payment FINAL_APPROVED by SUPERVISOR', 'Request Payment')","('enter', ('Request For Payment FINAL_APPROVED by SUPERVISOR', 'Request Payment'))",25,533
294,294,enter,"('Request Payment', 'Payment Handled')","('enter', ('Request Payment', 'Payment Handled'))",30,533
295,295,enter,"('Request For Payment APPROVED by ADMINISTRATION', 'Request For Payment FINAL_APPROVED by SUPERVISOR')","('enter', ('Request For Payment APPROVED by ADMINISTRATION', 'Request For Payment FINAL_APPROVED by SUPERVISOR'))",16,533
296,296,exit,"('Request For Payment FINAL_APPROVED by SUPERVISOR', 'Request Payment')","('exit', ('Request For Payment FINAL_APPROVED by SUPERVISOR', 'Request Payment'))",29,533
297,297,enter,"('Request For Payment APPROVED by ADMINISTRATION', 'Request For Payment FINAL_APPROVED by SUPERVISOR')","('enter', ('Request For Payment APPROVED by ADMINISTRATION', 'Request For Payment FINAL_APPROVED by SUPERVISOR'))",16,534
298,298,enter,"('Request For Payment FINAL_APPROVED by SUPERVISOR', 'Request Payment')","('enter', ('Request For Payment FINAL_APPROVED by SUPERVISOR', 'Request Payment'))",22,535
299,299,enter,"('Request For Payment APPROVED by ADMINISTRATION', 'Request For Payment APPROVED by BUDGET OWNER')","('enter', ('Request For Payment APPROVED by ADMINISTRATION', 'Request For Payment APPROVED by BUDGET OWNER'))",11,535
300,300,exit,"('Request Payment', 'Payment Handled')","('exit', ('Request Payment', 'Payment Handled'))",63,535
301,301,exit,"('Request For Payment APPROVED by ADMINISTRATION', 'Request For Payment APPROVED by BUDGET OWNER')","('exit', ('Request For Payment APPROVED by ADMINISTRATION', 'Request For Payment APPROVED by BUDGET OWNER'))",15,535
302,302,enter,"('Request For Payment SUBMITTED by EMPLOYEE', 'Request For Payment APPROVED by ADMINISTRATION')","('enter', ('Request For Payment SUBMITTED by EMPLOYEE', 'Request For Payment APPROVED by ADMINISTRATION'))",27,536
303,303,enter,"('Request For Payment APPROVED by ADMINISTRATION', 'Request For Payment FINAL_APPROVED by SUPERVISOR')","('enter', ('Request For Payment APPROVED by ADMINISTRATION', 'Request For Payment FINAL_APPROVED by SUPERVISOR'))",16,536
304,304,exit,"('Request For Payment SUBMITTED by EMPLOYEE', 'Request For Payment APPROVED by ADMINISTRATION')","('exit', ('Request For Payment SUBMITTED by EMPLOYEE', 'Request For Payment APPROVED by ADMINISTRATION'))",25,536
305,305,enter,"('Request For Payment SUBMITTED by EMPLOYEE', 'Request For Payment APPROVED by ADMINISTRATION')","('enter', ('Request For Payment SUBMITTED by EMPLOYEE', 'Request For Payment APPROVED by ADMINISTRATION'))",27,539
306,306,enter,"('Request For Payment APPROVED by ADMINISTRATION', 'Request For Payment FINAL_APPROVED by SUPERVISOR')","('enter', ('Request For Payment APPROVED by ADMINISTRATION', 'Request For Payment FINAL_APPROVED by SUPERVISOR'))",17,539
307,307,exit,"('Request For Payment SUBMITTED by EMPLOYEE', 'Request For Payment APPROVED by ADMINISTRATION')","('exit', ('Request For Payment SUBMITTED by EMPLOYEE', 'Request For Payment APPROVED by ADMINISTRATION'))",27,539
308,308,enter,"('Request For Payment FINAL_APPROVED by SUPERVISOR', 'Request Payment')","('enter', ('Request For Payment FINAL_APPROVED by SUPERVISOR', 'Request Payment'))",52,540
309,309,enter,"('Request Payment', 'Payment Handled')","('enter', ('Request Payment', 'Payment Handled'))",40,540
310,310,enter,"('Request For Payment APPROVED by ADMINISTRATION', 'Request For Payment APPROVED by BUDGET OWNER')","('enter', ('Request For Payment APPROVED by ADMINISTRATION', 'Request For Payment APPROVED by BUDGET OWNER'))",12,540
311,311,exit,"('Request For Payment FINAL_APPROVED by SUPERVISOR', 'Request Payment')","('exit', ('Request For Payment FINAL_APPROVED by SUPERVISOR', 'Request Payment'))",40,540
312,312,exit,"('Request For Payment APPROVED by ADMINISTRATION', 'Request For Payment FINAL_APPROVED by SUPERVISOR')","('exit', ('Request For Payment APPROVED by ADMINISTRATION', 'Request For Payment FINAL_APPROVED by SUPERVISOR'))",34,540
313,313,exit,"('Request For Payment APPROVED by ADMINISTRATION', 'Request For Payment APPROVED by BUDGET OWNER')","('exit', ('Request For Payment APPROVED by ADMINISTRATION', 'Request For Payment APPROVED by BUDGET OWNER'))",16,540
314,314,enter,"('Request For Payment FINAL_APPROVED by SUPERVISOR', 'Request Payment')","('enter', ('Request For Payment FINAL_APPROVED by SUPERVISOR', 'Request Payment'))",22,541
315,315,enter,"('Request For Payment SUBMITTED by EMPLOYEE', 'Request For Payment APPROVED by ADMINISTRATION')","('enter', ('Request For Payment SUBMITTED by EMPLOYEE', 'Request For Payment APPROVED by ADMINISTRATION'))",30,541
316,316,enter,"('Request For Payment APPROVED by ADMINISTRATION', 'Request For Payment FINAL_APPROVED by SUPERVISOR')","('enter', ('Request For Payment APPROVED by ADMINISTRATION', 'Request For Payment FINAL_APPROVED by SUPERVISOR'))",18,541
317,317,enter,"('Request For Payment APPROVED by ADMINISTRATION', 'Request For Payment APPROVED by BUDGET OWNER')","('enter', ('Request For Payment APPROVED by ADMINISTRATION', 'Request For Payment APPROVED by BUDGET OWNER'))",14,541
318,318,exit,"('Request For Payment SUBMITTED by EMPLOYEE', 'Request For Payment APPROVED by ADMINISTRATION')","('exit', ('Request For Payment SUBMITTED by EMPLOYEE', 'Request For Payment APPROVED by ADMINISTRATION'))",32,541
319,319,exit,"('Request For Payment APPROVED by ADMINISTRATION', 'Request For Payment FINAL_APPROVED by SUPERVISOR')","('exit', ('Request For Payment APPROVED by ADMINISTRATION', 'Request For Payment FINAL_APPROVED by SUPERVISOR'))",20,541
320,320,enter,"('Request For Payment FINAL_APPROVED by SUPERVISOR', 'Request Payment')","('enter', ('Request For Payment FINAL_APPROVED by SUPERVISOR', 'Request Payment'))",41,542
321,321,enter,"('Request Payment', 'Payment Handled')","('enter', ('Request Payment', 'Payment Handled'))",62,542
322,322,enter,"('Request For Payment SUBMITTED by EMPLOYEE', 'Request For Payment APPROVED by ADMINISTRATION')","('enter', ('Request For Payment SUBMITTED by EMPLOYEE', 'Request For Payment APPROVED by ADMINISTRATION'))",31,542
323,323,enter,"('Request For Payment APPROVED by ADMINISTRATION', 'Request For Payment FINAL_APPROVED by SUPERVISOR')","('enter', ('Request For Payment APPROVED by ADMINISTRATION', 'Request For Payment FINAL_APPROVED by SUPERVISOR'))",17,542
324,324,enter,"('Request For Payment APPROVED by ADMINISTRATION', 'Request For Payment APPROVED by BUDGET OWNER')","('enter', ('Request For Payment APPROVED by ADMINISTRATION', 'Request For Payment APPROVED by BUDGET OWNER'))",15,542
325,325,exit,"('Request For Payment FINAL_APPROVED by SUPERVISOR', 'Request Payment')","('exit', ('Request For Payment FINAL_APPROVED by SUPERVISOR', 'Request Payment'))",62,542
326,326,exit,"('Request Payment', 'Payment Handled')","('exit', ('Request Payment', 'Payment Handled'))",62,542
327,327,exit,"('Request For Payment SUBMITTED by EMPLOYEE', 'Request For Payment APPROVED by ADMINISTRATION')","('exit', ('Request For Payment SUBMITTED by EMPLOYEE', 'Request For Payment APPROVED by ADMINISTRATION'))",32,542
328,328,exit,"('Request For Payment APPROVED by ADMINISTRATION', 'Request For Payment FINAL_APPROVED by SUPERVISOR')","('exit', ('Request For Payment APPROVED by ADMINISTRATION', 'Request For Payment FINAL_APPROVED by SUPERVISOR'))",22,542
329,329,exit,"('Request For Payment APPROVED by ADMINISTRATION', 'Request For Payment APPROVED by BUDGET OWNER')","('exit', ('Request For Payment APPROVED by ADMINISTRATION', 'Request For Payment APPROVED by BUDGET OWNER'))",14,542
330,330,enter,"('Request For Payment FINAL_APPROVED by SUPERVISOR', 'Request Payment')","('enter', ('Request For Payment FINAL_APPROVED by SUPERVISOR', 'Request Payment'))",21,546
331,331,enter,"('Request For Payment SUBMITTED by EMPLOYEE', 'Request For Payment APPROVED by ADMINISTRATION')","('enter', ('Request For Payment SUBMITTED by EMPLOYEE', 'Request For Payment APPROVED by ADMINISTRATION'))",28,546
332,332,enter,"('Request For Payment APPROVED by ADMINISTRATION', 'Request For Payment FINAL_APPROVED by SUPERVISOR')","('enter', ('Request For Payment APPROVED by ADMINISTRATION', 'Request For Payment FINAL_APPROVED by SUPERVISOR'))",16,546
333,333,enter,"('Request For Payment APPROVED by ADMINISTRATION', 'Request For Payment APPROVED by BUDGET OWNER')","('enter', ('Request For Payment APPROVED by ADMINISTRATION', 'Request For Payment APPROVED by BUDGET OWNER'))",13,546
334,334,exit,"('Request Payment', 'Payment Handled')","('exit', ('Request Payment', 'Payment Handled'))",72,546
335,335,exit,"('Request For Payment SUBMITTED by EMPLOYEE', 'Request For Payment APPROVED by ADMINISTRATION')","('exit', ('Request For Payment SUBMITTED by EMPLOYEE', 'Request For Payment APPROVED by ADMINISTRATION'))",29,546
336,336,exit,"('Request For Payment APPROVED by ADMINISTRATION', 'Request For Payment FINAL_APPROVED by SUPERVISOR')","('exit', ('Request For Payment APPROVED by ADMINISTRATION', 'Request For Payment FINAL_APPROVED by SUPERVISOR'))",20,546
337,337,exit,"('Request For Payment APPROVED by ADMINISTRATION', 'Request For Payment APPROVED by BUDGET OWNER')","('exit', ('Request For Payment APPROVED by ADMINISTRATION', 'Request For Payment APPROVED by BUDGET OWNER'))",19,546
338,338,enter,"('Request For Payment FINAL_APPROVED by SUPERVISOR', 'Request Payment')","('enter', ('Request For Payment FINAL_APPROVED by SUPERVISOR', 'Request Payment'))",29,547
339,339,enter,"('Request Payment', 'Payment Handled')","('enter', ('Request Payment', 'Payment Handled'))",43,547
340,340,exit,"('Request For Payment FINAL_APPROVED by SUPERVISOR', 'Request Payment')","('exit', ('Request For Payment FINAL_APPROVED by SUPERVISOR', 'Request Payment'))",43,547
341,341,enter,"('Request For Payment FINAL_APPROVED by SUPERVISOR', 'Request Payment')","('enter', ('Request For Payment FINAL_APPROVED by SUPERVISOR', 'Request Payment'))",26,548
342,342,exit,"('Request For Payment APPROVED by ADMINISTRATION', 'Request For Payment FINAL_APPROVED by SUPERVISOR')","('exit', ('Request For Payment APPROVED by ADMINISTRATION', 'Request For Payment FINAL_APPROVED by SUPERVISOR'))",20,548
343,343,enter,"('Request For Payment FINAL_APPROVED by SUPERVISOR', 'Request Payment')","('enter', ('Request For Payment FINAL_APPROVED by SUPERVISOR', 'Request Payment'))",26,549
344,344,enter,"('Request Payment', 'Payment Handled')","('enter', ('Request Payment', 'Payment Handled'))",46,549
345,345,exit,"('Request For Payment FINAL_APPROVED by SUPERVISOR', 'Request Payment')","('exit', ('Request For Payment FINAL_APPROVED by SUPERVISOR', 'Request Payment'))",46,549
346,346,exit,"('Request Payment', 'Payment Handled')","('exit', ('Request Payment', 'Payment Handled'))",63,549
347,347,exit,"('Request For Payment APPROVED by ADMINISTRATION', 'Request For Payment APPROVED by BUDGET OWNER')","('exit', ('Request For Payment APPROVED by ADMINISTRATION', 'Request For Payment APPROVED by BUDGET OWNER'))",16,549
348,348,exit,"('Request For Payment APPROVED by ADMINISTRATION', 'Request For Payment APPROVED by BUDGET OWNER')","('exit', ('Request For Payment APPROVED by ADMINISTRATION', 'Request For Payment APPROVED by BUDGET OWNER'))",14,550
349,349,enter,"('Request For Payment FINAL_APPROVED by SUPERVISOR', 'Request Payment')","('enter', ('Request For Payment FINAL_APPROVED by SUPERVISOR', 'Request Payment'))",30,556
350,350,enter,"('Request Payment', 'Payment Handled')","('enter', ('Request Payment', 'Payment Handled'))",29,556
351,351,exit,"('Request For Payment FINAL_APPROVED by SUPERVISOR', 'Request Payment')","('exit', ('Request For Payment FINAL_APPROVED by SUPERVISOR', 'Request Payment'))",29,556
352,352,exit,"('Request For Payment APPROVED by ADMINISTRATION', 'Request For Payment APPROVED by BUDGET OWNER')","('exit', ('Request For Payment APPROVED by ADMINISTRATION', 'Request For Payment APPROVED by BUDGET OWNER'))",15,556
353,353,enter,"('Request For Payment FINAL_APPROVED by SUPERVISOR', 'Request Payment')","('enter', ('Request For Payment FINAL_APPROVED by SUPERVISOR', 'Request Payment'))",25,561
354,354,enter,"('Request Payment', 'Payment Handled')","('enter', ('Request Payment', 'Payment Handled'))",25,561
355,355,exit,"('Request For Payment FINAL_APPROVED by SUPERVISOR', 'Request Payment')","('exit', ('Request For Payment FINAL_APPROVED by SUPERVISOR', 'Request Payment'))",24,561
356,356,exit,"('Request For Payment APPROVED by ADMINISTRATION', 'Request For Payment FINAL_APPROVED by SUPERVISOR')","('exit', ('Request For Payment APPROVED by ADMINISTRATION', 'Request For Payment FINAL_APPROVED by SUPERVISOR'))",21,561
357,357,enter,"('Request For Payment FINAL_APPROVED by SUPERVISOR', 'Request Payment')","('enter', ('Request For Payment FINAL_APPROVED by SUPERVISOR', 'Request Payment'))",28,569
358,358,exit,"('Request For Payment APPROVED by ADMINISTRATION', 'Request For Payment FINAL_APPROVED by SUPERVISOR')","('exit', ('Request For Payment APPROVED by ADMINISTRATION', 'Request For Payment FINAL_APPROVED by SUPERVISOR'))",26,569
359,359,exit,"('Request For Payment APPROVED by ADMINISTRATION', 'Request For Payment APPROVED by BUDGET OWNER')","('exit', ('Request For Payment APPROVED by ADMINISTRATION', 'Request For Payment APPROVED by BUDGET OWNER'))",16,569
360,360,enter,"('Request Payment', 'Payment Handled')","('enter', ('Request Payment', 'Payment Handled'))",29,570
361,361,exit,"('Request For Payment FINAL_APPROVED by SUPERVISOR', 'Request Payment')","('exit', ('Request For Payment FINAL_APPROVED by SUPERVISOR', 'Request Payment'))",29,570
362,362,enter,"('Request Payment', 'Payment Handled')","('enter', ('Request Payment', 'Payment Handled'))",29,591
363,363,enter,"('Request For Payment SUBMITTED by EMPLOYEE', 'Request For Payment APPROVED by ADMINISTRATION')","('enter', ('Request For Payment SUBMITTED by EMPLOYEE', 'Request For Payment APPROVED by ADMINISTRATION'))",28,591
364,364,enter,"('Request For Payment APPROVED by ADMINISTRATION', 'Request For Payment FINAL_APPROVED by SUPERVISOR')","('enter', ('Request For Payment APPROVED by ADMINISTRATION', 'Request For Payment FINAL_APPROVED by SUPERVISOR'))",22,591
365,365,exit,"('Request For Payment FINAL_APPROVED by SUPERVISOR', 'Request Payment')","('exit', ('Request For Payment FINAL_APPROVED by SUPERVISOR', 'Request Payment'))",29,591
366,366,exit,"('Request For Payment SUBMITTED by EMPLOYEE', 'Request For Payment APPROVED by ADMINISTRATION')","('exit', ('Request For Payment SUBMITTED by EMPLOYEE', 'Request For Payment APPROVED by ADMINISTRATION'))",29,591
367,367,enter,"('Request For Payment FINAL_APPROVED by SUPERVISOR', 'Request Payment')","('enter', ('Request For Payment FINAL_APPROVED by SUPERVISOR', 'Request Payment'))",23,592
368,368,enter,"('Request For Payment APPROVED by ADMINISTRATION', 'Request For Payment FINAL_APPROVED by SUPERVISOR')","('enter', ('Request For Payment APPROVED by ADMINISTRATION', 'Request For Payment FINAL_APPROVED by SUPERVISOR'))",16,592
369,369,exit,"('Request For Payment APPROVED by ADMINISTRATION', 'Request For Payment FINAL_APPROVED by SUPERVISOR')","('exit', ('Request For Payment APPROVED by ADMINISTRATION', 'Request For Payment FINAL_APPROVED by SUPERVISOR'))",21,592
370,370,enter,"('Request For Payment APPROVED by ADMINISTRATION', 'Request For Payment FINAL_APPROVED by SUPERVISOR')","('enter', ('Request For Payment APPROVED by ADMINISTRATION', 'Request For Payment FINAL_APPROVED by SUPERVISOR'))",19,595
371,371,enter,"('Request For Payment FINAL_APPROVED by SUPERVISOR', 'Request Payment')","('enter', ('Request For Payment FINAL_APPROVED by SUPERVISOR', 'Request Payment'))",31,596
372,372,enter,"('Request Payment', 'Payment Handled')","('enter', ('Request Payment', 'Payment Handled'))",25,596
373,373,exit,"('Request For Payment FINAL_APPROVED by SUPERVISOR', 'Request Payment')","('exit', ('Request For Payment FINAL_APPROVED by SUPERVISOR', 'Request Payment'))",25,596
374,374,enter,"('Request For Payment FINAL_APPROVED by SUPERVISOR', 'Request Payment')","('enter', ('Request For Payment FINAL_APPROVED by SUPERVISOR', 'Request Payment'))",32,598
375,375,enter,"('Request Payment', 'Payment Handled')","('enter', ('Request Payment', 'Payment Handled'))",33,598
376,376,enter,"('Request For Payment APPROVED by ADMINISTRATION', 'Request For Payment APPROVED by BUDGET OWNER')","('enter', ('Request For Payment APPROVED by ADMINISTRATION', 'Request For Payment APPROVED by BUDGET OWNER'))",12,598
377,377,exit,"('Request For Payment FINAL_APPROVED by SUPERVISOR', 'Request Payment')","('exit', ('Request For Payment FINAL_APPROVED by SUPERVISOR', 'Request Payment'))",33,598
378,378,exit,"('Request For Payment APPROVED by ADMINISTRATION', 'Request For Payment FINAL_APPROVED by SUPERVISOR')","('exit', ('Request For Payment APPROVED by ADMINISTRATION', 'Request For Payment FINAL_APPROVED by SUPERVISOR'))",25,598
379,379,exit,"('Request Payment', 'Payment Handled')","('exit', ('Request Payment', 'Payment Handled'))",61,602
380,380,enter,"('Request Payment', 'Payment Handled')","('enter', ('Request Payment', 'Payment Handled'))",24,603
381,381,exit,"('Request For Payment FINAL_APPROVED by SUPERVISOR', 'Request Payment')","('exit', ('Request For Payment FINAL_APPROVED by SUPERVISOR', 'Request Payment'))",24,603
382,382,enter,"('Request For Payment FINAL_APPROVED by SUPERVISOR', 'Request Payment')","('enter', ('Request For Payment FINAL_APPROVED by SUPERVISOR', 'Request Payment'))",23,605
383,383,enter,"('Request For Payment FINAL_APPROVED by SUPERVISOR', 'Request Payment')","('enter', ('Request For Payment FINAL_APPROVED by SUPERVISOR', 'Request Payment'))",21,610
384,384,enter,"('Request Payment', 'Payment Handled')","('enter', ('Request Payment', 'Payment Handled'))",38,610
385,385,exit,"('Request For Payment FINAL_APPROVED by SUPERVISOR', 'Request Payment')","('exit', ('Request For Payment FINAL_APPROVED by SUPERVISOR', 'Request Payment'))",38,610
386,386,enter,"('Request For Payment FINAL_APPROVED by SUPERVISOR', 'Request Payment')","('enter', ('Request For Payment FINAL_APPROVED by SUPERVISOR', 'Request Payment'))",58,611
387,387,enter,"('Request For Payment SUBMITTED by EMPLOYEE', 'Request For Payment APPROVED by ADMINISTRATION')","('enter', ('Request For Payment SUBMITTED by EMPLOYEE', 'Request For Payment APPROVED by ADMINISTRATION'))",46,611
388,388,enter,"('Request For Payment APPROVED by ADMINISTRATION', 'Request For Payment FINAL_APPROVED by SUPERVISOR')","('enter', ('Request For Payment APPROVED by ADMINISTRATION', 'Request For Payment FINAL_APPROVED by SUPERVISOR'))",39,611
389,389,exit,"('Request For Payment SUBMITTED by EMPLOYEE', 'Request For Payment APPROVED by ADMINISTRATION')","('exit', ('Request For Payment SUBMITTED by EMPLOYEE', 'Request For Payment APPROVED by ADMINISTRATION'))",47,611
390,390,exit,"('Request For Payment APPROVED by ADMINISTRATION', 'Request For Payment FINAL_APPROVED by SUPERVISOR')","('exit', ('Request For Payment APPROVED by ADMINISTRATION', 'Request For Payment FINAL_APPROVED by SUPERVISOR'))",52,611
391,391,exit,"('Request For Payment APPROVED by ADMINISTRATION', 'Request For Payment APPROVED by BUDGET OWNER')","('exit', ('Request For Payment APPROVED by ADMINISTRATION', 'Request For Payment APPROVED by BUDGET OWNER'))",17,611
392,392,enter,"('Request For Payment FINAL_APPROVED by SUPERVISOR', 'Request Payment')","('enter', ('Request For Payment FINAL_APPROVED by SUPERVISOR', 'Request Payment'))",29,612
393,393,enter,"('Request Payment', 'Payment Handled')","('enter', ('Request Payment', 'Payment Handled'))",39,612
394,394,enter,"('Request For Payment SUBMITTED by EMPLOYEE', 'Request For Payment APPROVED by ADMINISTRATION')","('enter', ('Request For Payment SUBMITTED by EMPLOYEE', 'Request For Payment APPROVED by ADMINISTRATION'))",32,612
395,395,enter,"('Request For Payment APPROVED by ADMINISTRATION', 'Request For Payment FINAL_APPROVED by SUPERVISOR')","('enter', ('Request For Payment APPROVED by ADMINISTRATION', 'Request For Payment FINAL_APPROVED by SUPERVISOR'))",16,612
396,396,enter,"('Request For Payment APPROVED by ADMINISTRATION', 'Request For Payment APPROVED by BUDGET OWNER')","('enter', ('Request For Payment APPROVED by ADMINISTRATION', 'Request For Payment APPROVED by BUDGET OWNER'))",14,612
397,397,exit,"('Request For Payment FINAL_APPROVED by SUPERVISOR', 'Request Payment')","('exit', ('Request For Payment FINAL_APPROVED by SUPERVISOR', 'Request Payment'))",39,612
398,398,exit,"('Request Payment', 'Payment Handled')","('exit', ('Request Payment', 'Payment Handled'))",66,612
399,399,exit,"('Request For Payment SUBMITTED by EMPLOYEE', 'Request For Payment APPROVED by ADMINISTRATION')","('exit', ('Request For Payment SUBMITTED by EMPLOYEE', 'Request For Payment APPROVED by ADMINISTRATION'))",30,612
400,400,enter,"('Request Payment', 'Payment Handled')","('enter', ('Request Payment', 'Payment Handled'))",36,613
401,401,exit,"('Request For Payment FINAL_APPROVED by SUPERVISOR', 'Request Payment')","('exit', ('Request For Payment FINAL_APPROVED by SUPERVISOR', 'Request Payment'))",36,613
402,402,exit,"('Request For Payment SUBMITTED by EMPLOYEE', 'Request For Payment APPROVED by ADMINISTRATION')","('exit', ('Request For Payment SUBMITTED by EMPLOYEE', 'Request For Payment APPROVED by ADMINISTRATION'))",25,613
403,403,enter,"('Request For Payment APPROVED by ADMINISTRATION', 'Request For Payment FINAL_APPROVED by SUPERVISOR')","('enter', ('Request For Payment APPROVED by ADMINISTRATION', 'Request For Payment FINAL_APPROVED by SUPERVISOR'))",16,616
404,404,enter,"('Request For Payment FINAL_APPROVED by SUPERVISOR', 'Request Payment')","('enter', ('Request For Payment FINAL_APPROVED by SUPERVISOR', 'Request Payment'))",25,617
405,405,enter,"('Request Payment', 'Payment Handled')","('enter', ('Request Payment', 'Payment Handled'))",35,617
406,406,exit,"('Request For Payment FINAL_APPROVED by SUPERVISOR', 'Request Payment')","('exit', ('Request For Payment FINAL_APPROVED by SUPERVISOR', 'Request Payment'))",35,617
407,407,enter,"('Request For Payment FINAL_APPROVED by SUPERVISOR', 'Request Payment')","('enter', ('Request For Payment FINAL_APPROVED by SUPERVISOR', 'Request Payment'))",31,619
408,408,enter,"('Request Payment', 'Payment Handled')","('enter', ('Request Payment', 'Payment Handled'))",25,619
409,409,exit,"('Request For Payment FINAL_APPROVED by SUPERVISOR', 'Request Payment')","('exit', ('Request For Payment FINAL_APPROVED by SUPERVISOR', 'Request Payment'))",25,619
410,410,exit,"('Request Payment', 'Payment Handled')","('exit', ('Request Payment', 'Payment Handled'))",84,619
411,411,exit,"('Request For Payment APPROVED by ADMINISTRATION', 'Request For Payment FINAL_APPROVED by SUPERVISOR')","('exit', ('Request For Payment APPROVED by ADMINISTRATION', 'Request For Payment FINAL_APPROVED by SUPERVISOR'))",24,619
412,412,exit,"('Request For Payment SUBMITTED by EMPLOYEE', 'Request For Payment APPROVED by ADMINISTRATION')","('exit', ('Request For Payment SUBMITTED by EMPLOYEE', 'Request For Payment APPROVED by ADMINISTRATION'))",26,623
413,413,enter,"('Request Payment', 'Payment Handled')","('enter', ('Request Payment', 'Payment Handled'))",22,624
414,414,enter,"('Request For Payment SUBMITTED by EMPLOYEE', 'Request For Payment APPROVED by ADMINISTRATION')","('enter', ('Request For Payment SUBMITTED by EMPLOYEE', 'Request For Payment APPROVED by ADMINISTRATION'))",28,624
415,415,enter,"('Request For Payment APPROVED by ADMINISTRATION', 'Request For Payment APPROVED by BUDGET OWNER')","('enter', ('Request For Payment APPROVED by ADMINISTRATION', 'Request For Payment APPROVED by BUDGET OWNER'))",14,624
416,416,exit,"('Request For Payment FINAL_APPROVED by SUPERVISOR', 'Request Payment')","('exit', ('Request For Payment FINAL_APPROVED by SUPERVISOR', 'Request Payment'))",22,624
417,417,exit,"('Request For Payment SUBMITTED by EMPLOYEE', 'Request For Payment APPROVED by ADMINISTRATION')","('exit', ('Request For Payment SUBMITTED by EMPLOYEE', 'Request For Payment APPROVED by ADMINISTRATION'))",30,624
418,418,enter,"('Request For Payment SUBMITTED by EMPLOYEE', 'Request For Payment APPROVED by ADMINISTRATION')","('enter', ('Request For Payment SUBMITTED by EMPLOYEE', 'Request For Payment APPROVED by ADMINISTRATION'))",28,625
419,419,enter,"('Request For Payment APPROVED by ADMINISTRATION', 'Request For Payment FINAL_APPROVED by SUPERVISOR')","('enter', ('Request For Payment APPROVED by ADMINISTRATION', 'Request For Payment FINAL_APPROVED by SUPERVISOR'))",21,625
420,420,exit,"('Request For Payment SUBMITTED by EMPLOYEE', 'Request For Payment APPROVED by ADMINISTRATION')","('exit', ('Request For Payment SUBMITTED by EMPLOYEE', 'Request For Payment APPROVED by ADMINISTRATION'))",28,625
421,421,enter,"('Request For Payment FINAL_APPROVED by SUPERVISOR', 'Request Payment')","('enter', ('Request For Payment FINAL_APPROVED by SUPERVISOR', 'Request Payment'))",62,626
422,422,enter,"('Request Payment', 'Payment Handled')","('enter', ('Request Payment', 'Payment Handled'))",22,626
423,423,enter,"('Request For Payment APPROVED by ADMINISTRATION', 'Request For Payment FINAL_APPROVED by SUPERVISOR')","('enter', ('Request For Payment APPROVED by ADMINISTRATION', 'Request For Payment FINAL_APPROVED by SUPERVISOR'))",19,626
424,424,exit,"('Request For Payment FINAL_APPROVED by SUPERVISOR', 'Request Payment')","('exit', ('Request For Payment FINAL_APPROVED by SUPERVISOR', 'Request Payment'))",22,626
425,425,exit,"('Request For Payment APPROVED by ADMINISTRATION', 'Request For Payment FINAL_APPROVED by SUPERVISOR')","('exit', ('Request For Payment APPROVED by ADMINISTRATION', 'Request For Payment FINAL_APPROVED by SUPERVISOR'))",45,626
426,426,exit,"('Request For Payment APPROVED by ADMINISTRATION', 'Request For Payment APPROVED by BUDGET OWNER')","('exit', ('Request For Payment APPROVED by ADMINISTRATION', 'Request For Payment APPROVED by BUDGET OWNER'))",22,626
427,427,enter,"('Request Payment', 'Payment Handled')","('enter', ('Request Payment', 'Payment Handled'))",37,627
428,428,exit,"('Request For Payment FINAL_APPROVED by SUPERVISOR', 'Request Payment')","('exit', ('Request For Payment FINAL_APPROVED by SUPERVISOR', 'Request Payment'))",37,627
429,429,enter,"('Request For Payment FINAL_APPROVED by SUPERVISOR', 'Request Payment')","('enter', ('Request For Payment FINAL_APPROVED by SUPERVISOR', 'Request Payment'))",33,630
430,430,enter,"('Request For Payment SUBMITTED by EMPLOYEE', 'Request For Payment APPROVED by ADMINISTRATION')","('enter', ('Request For Payment SUBMITTED by EMPLOYEE', 'Request For Payment APPROVED by ADMINISTRATION'))",35,630
431,431,enter,"('Request For Payment APPROVED by ADMINISTRATION', 'Request For Payment FINAL_APPROVED by SUPERVISOR')","('enter', ('Request For Payment APPROVED by ADMINISTRATION', 'Request For Payment FINAL_APPROVED by SUPERVISOR'))",21,630
432,432,enter,"('Request For Payment APPROVED by ADMINISTRATION', 'Request For Payment APPROVED by BUDGET OWNER')","('enter', ('Request For Payment APPROVED by ADMINISTRATION', 'Request For Payment APPROVED by BUDGET OWNER'))",12,630
433,433,exit,"('Request Payment', 'Payment Handled')","('exit', ('Request Payment', 'Payment Handled'))",59,630
434,434,exit,"('Request For Payment SUBMITTED by EMPLOYEE', 'Request For Payment APPROVED by ADMINISTRATION')","('exit', ('Request For Payment SUBMITTED by EMPLOYEE', 'Request For Payment APPROVED by ADMINISTRATION'))",34,630
435,435,exit,"('Request For Payment APPROVED by ADMINISTRATION', 'Request For Payment FINAL_APPROVED by SUPERVISOR')","('exit', ('Request For Payment APPROVED by ADMINISTRATION', 'Request For Payment FINAL_APPROVED by SUPERVISOR'))",31,630
436,436,exit,"('Request For Payment APPROVED by ADMINISTRATION', 'Request For Payment APPROVED by BUDGET OWNER')","('exit', ('Request For Payment APPROVED by ADMINISTRATION', 'Request For Payment APPROVED by BUDGET OWNER'))",19,630
437,437,enter,"('Request For Payment FINAL_APPROVED by SUPERVISOR', 'Request Payment')","('enter', ('Request For Payment FINAL_APPROVED by SUPERVISOR', 'Request Payment'))",45,631
438,438,enter,"('Request Payment', 'Payment Handled')","('enter', ('Request Payment', 'Payment Handled'))",53,631
439,439,enter,"('Request For Payment APPROVED by ADMINISTRATION', 'Request For Payment FINAL_APPROVED by SUPERVISOR')","('enter', ('Request For Payment APPROVED by ADMINISTRATION', 'Request For Payment FINAL_APPROVED by SUPERVISOR'))",17,631
440,440,exit,"('Request For Payment FINAL_APPROVED by SUPERVISOR', 'Request Payment')","('exit', ('Request For Payment FINAL_APPROVED by SUPERVISOR', 'Request Payment'))",52,631
441,441,enter,"('Request For Payment FINAL_APPROVED by SUPERVISOR', 'Request Payment')","('enter', ('Request For Payment FINAL_APPROVED by SUPERVISOR', 'Request Payment'))",27,633
442,442,enter,"('Request Payment', 'Payment Handled')","('enter', ('Request Payment', 'Payment Handled'))",37,633
443,443,exit,"('Request For Payment FINAL_APPROVED by SUPERVISOR', 'Request Payment')","('exit', ('Request For Payment FINAL_APPROVED by SUPERVISOR', 'Request Payment'))",37,633
444,444,exit,"('Request Payment', 'Payment Handled')","('exit', ('Request Payment', 'Payment Handled'))",79,633
445,445,enter,"('Request For Payment FINAL_APPROVED by SUPERVISOR', 'Request Payment')","('enter', ('Request For Payment FINAL_APPROVED by SUPERVISOR', 'Request Payment'))",33,637
446,446,enter,"('Request Payment', 'Payment Handled')","('enter', ('Request Payment', 'Payment Handled'))",22,637
447,447,enter,"('Request For Payment SUBMITTED by EMPLOYEE', 'Request For Payment APPROVED by ADMINISTRATION')","('enter', ('Request For Payment SUBMITTED by EMPLOYEE', 'Request For Payment APPROVED by ADMINISTRATION'))",36,637
448,448,enter,"('Request For Payment APPROVED by ADMINISTRATION', 'Request For Payment FINAL_APPROVED by SUPERVISOR')","('enter', ('Request For Payment APPROVED by ADMINISTRATION', 'Request For Payment FINAL_APPROVED by SUPERVISOR'))",22,637
449,449,enter,"('Request For Payment APPROVED by ADMINISTRATION', 'Request For Payment APPROVED by BUDGET OWNER')","('enter', ('Request For Payment APPROVED by ADMINISTRATION', 'Request For Payment APPROVED by BUDGET OWNER'))",11,637
450,450,exit,"('Request For Payment FINAL_APPROVED by SUPERVISOR', 'Request Payment')","('exit', ('Request For Payment FINAL_APPROVED by SUPERVISOR', 'Request Payment'))",22,637
451,451,exit,"('Request For Payment SUBMITTED by EMPLOYEE', 'Request For Payment APPROVED by ADMINISTRATION')","('exit', ('Request For Payment SUBMITTED by EMPLOYEE', 'Request For Payment APPROVED by ADMINISTRATION'))",35,637
452,452,exit,"('Request For Payment APPROVED by ADMINISTRATION', 'Request For Payment FINAL_APPROVED by SUPERVISOR')","('exit', ('Request For Payment APPROVED by ADMINISTRATION', 'Request For Payment FINAL_APPROVED by SUPERVISOR'))",30,637
453,453,exit,"('Request For Payment APPROVED by ADMINISTRATION', 'Request For Payment APPROVED by BUDGET OWNER')","('exit', ('Request For Payment APPROVED by ADMINISTRATION', 'Request For Payment APPROVED by BUDGET OWNER'))",18,637
454,454,enter,"('Request For Payment FINAL_APPROVED by SUPERVISOR', 'Request Payment')","('enter', ('Request For Payment FINAL_APPROVED by SUPERVISOR', 'Request Payment'))",34,638
455,455,enter,"('Request Payment', 'Payment Handled')","('enter', ('Request Payment', 'Payment Handled'))",34,638
456,456,enter,"('Request For Payment APPROVED by ADMINISTRATION', 'Request For Payment FINAL_APPROVED by SUPERVISOR')","('enter', ('Request For Payment APPROVED by ADMINISTRATION', 'Request For Payment FINAL_APPROVED by SUPERVISOR'))",18,638
457,457,exit,"('Request For Payment FINAL_APPROVED by SUPERVISOR', 'Request Payment')","('exit', ('Request For Payment FINAL_APPROVED by SUPERVISOR', 'Request Payment'))",34,638
458,458,exit,"('Request For Payment SUBMITTED by EMPLOYEE', 'Request For Payment APPROVED by ADMINISTRATION')","('exit', ('Request For Payment SUBMITTED by EMPLOYEE', 'Request For Payment APPROVED by ADMINISTRATION'))",26,638
459,459,enter,"('Request For Payment FINAL_APPROVED by SUPERVISOR', 'Request Payment')","('enter', ('Request For Payment FINAL_APPROVED by SUPERVISOR', 'Request Payment'))",23,639
460,460,enter,"('Request Payment', 'Payment Handled')","('enter', ('Request Payment', 'Payment Handled'))",31,640
461,461,exit,"('Request For Payment FINAL_APPROVED by SUPERVISOR', 'Request Payment')","('exit', ('Request For Payment FINAL_APPROVED by SUPERVISOR', 'Request Payment'))",29,640
462,462,exit,"('Request Payment', 'Payment Handled')","('exit', ('Request Payment', 'Payment Handled'))",66,640
463,463,enter,"('Request For Payment SUBMITTED by EMPLOYEE', 'Request For Payment APPROVED by ADMINISTRATION')","('enter', ('Request For Payment SUBMITTED by EMPLOYEE', 'Request For Payment APPROVED by ADMINISTRATION'))",26,644
464,464,exit,"('Request For Payment SUBMITTED by EMPLOYEE', 'Request For Payment APPROVED by ADMINISTRATION')","('exit', ('Request For Payment SUBMITTED by EMPLOYEE', 'Request For Payment APPROVED by ADMINISTRATION'))",26,644
465,465,enter,"('Request Payment', 'Payment Handled')","('enter', ('Request Payment', 'Payment Handled'))",32,645
466,466,enter,"('Request For Payment APPROVED by ADMINISTRATION', 'Request For Payment FINAL_APPROVED by SUPERVISOR')","('enter', ('Request For Payment APPROVED by ADMINISTRATION', 'Request For Payment FINAL_APPROVED by SUPERVISOR'))",19,645
467,467,exit,"('Request For Payment FINAL_APPROVED by SUPERVISOR', 'Request Payment')","('exit', ('Request For Payment FINAL_APPROVED by SUPERVISOR', 'Request Payment'))",32,645
468,468,exit,"('Request For Payment SUBMITTED by EMPLOYEE', 'Request For Payment APPROVED by ADMINISTRATION')","('exit', ('Request For Payment SUBMITTED by EMPLOYEE', 'Request For Payment APPROVED by ADMINISTRATION'))",25,645
469,469,enter,"('Request For Payment FINAL_APPROVED by SUPERVISOR', 'Request Payment')","('enter', ('Request For Payment FINAL_APPROVED by SUPERVISOR', 'Request Payment'))",36,646
470,470,enter,"('Request Payment', 'Payment Handled')","('enter', ('Request Payment', 'Payment Handled'))",23,646
471,471,exit,"('Request For Payment FINAL_APPROVED by SUPERVISOR', 'Request Payment')","('exit', ('Request For Payment FINAL_APPROVED by SUPERVISOR', 'Request Payment'))",23,646
472,472,exit,"('Request For Payment APPROVED by ADMINISTRATION', 'Request For Payment FINAL_APPROVED by SUPERVISOR')","('exit', ('Request For Payment APPROVED by ADMINISTRATION', 'Request For Payment FINAL_APPROVED by SUPERVISOR'))",32,646
473,473,enter,"('Request For Payment FINAL_APPROVED by SUPERVISOR', 'Request Payment')","('enter', ('Request For Payment FINAL_APPROVED by SUPERVISOR', 'Request Payment'))",23,647
474,474,enter,"('Request Payment', 'Payment Handled')","('enter', ('Request Payment', 'Payment Handled'))",32,647
475,475,exit,"('Request For Payment FINAL_APPROVED by SUPERVISOR', 'Request Payment')","('exit', ('Request For Payment FINAL_APPROVED by SUPERVISOR', 'Request Payment'))",32,647
476,476,exit,"('Request Payment', 'Payment Handled')","('exit', ('Request Payment', 'Payment Handled'))",70,647
477,477,exit,"('Request For Payment APPROVED by ADMINISTRATION', 'Request For Payment APPROVED by BUDGET OWNER')","('exit', ('Request For Payment APPROVED by ADMINISTRATION', 'Request For Payment APPROVED by BUDGET OWNER'))",13,648
478,478,enter,"('Request Payment', 'Payment Handled')","('enter', ('Request Payment', 'Payment Handled'))",26,651
479,479,enter,"('Request For Payment APPROVED by ADMINISTRATION', 'Request For Payment FINAL_APPROVED by SUPERVISOR')","('enter', ('Request For Payment APPROVED by ADMINISTRATION', 'Request For Payment FINAL_APPROVED by SUPERVISOR'))",17,651
480,480,exit,"('Request For Payment FINAL_APPROVED by SUPERVISOR', 'Request Payment')","('exit', ('Request For Payment FINAL_APPROVED by SUPERVISOR', 'Request Payment'))",26,651
481,481,enter,"('Request Payment', 'Payment Handled')","('enter', ('Request Payment', 'Payment Handled'))",24,652
482,482,exit,"('Request For Payment FINAL_APPROVED by SUPERVISOR', 'Request Payment')","('exit', ('Request For Payment FINAL_APPROVED by SUPERVISOR', 'Request Payment'))",24,652
483,483,enter,"('Request For Payment FINAL_APPROVED by SUPERVISOR', 'Request Payment')","('enter', ('Request For Payment FINAL_APPROVED by SUPERVISOR', 'Request Payment'))",42,653
484,484,enter,"('Request For Payment SUBMITTED by EMPLOYEE', 'Request For Payment APPROVED by ADMINISTRATION')","('enter', ('Request For Payment SUBMITTED by EMPLOYEE', 'Request For Payment APPROVED by ADMINISTRATION'))",34,653
485,485,enter,"('Request For Payment APPROVED by ADMINISTRATION', 'Request For Payment FINAL_APPROVED by SUPERVISOR')","('enter', ('Request For Payment APPROVED by ADMINISTRATION', 'Request For Payment FINAL_APPROVED by SUPERVISOR'))",21,653
486,486,enter,"('Request For Payment APPROVED by ADMINISTRATION', 'Request For Payment APPROVED by BUDGET OWNER')","('enter', ('Request For Payment APPROVED by ADMINISTRATION', 'Request For Payment APPROVED by BUDGET OWNER'))",13,653
487,487,exit,"('Request For Payment SUBMITTED by EMPLOYEE', 'Request For Payment APPROVED by ADMINISTRATION')","('exit', ('Request For Payment SUBMITTED by EMPLOYEE', 'Request For Payment APPROVED by ADMINISTRATION'))",34,653
488,488,exit,"('Request For Payment APPROVED by ADMINISTRATION', 'Request For Payment FINAL_APPROVED by SUPERVISOR')","('exit', ('Request For Payment APPROVED by ADMINISTRATION', 'Request For Payment FINAL_APPROVED by SUPERVISOR'))",37,653
489,489,exit,"('Request For Payment APPROVED by ADMINISTRATION', 'Request For Payment APPROVED by BUDGET OWNER')","('exit', ('Request For Payment APPROVED by ADMINISTRATION', 'Request For Payment APPROVED by BUDGET OWNER'))",14,653
490,490,enter,"('Request For Payment FINAL_APPROVED by SUPERVISOR', 'Request Payment')","('enter', ('Request For Payment FINAL_APPROVED by SUPERVISOR', 'Request Payment'))",23,654
491,491,enter,"('Request Payment', 'Payment Handled')","('enter', ('Request Payment', 'Payment Handled'))",57,654
492,492,enter,"('Request For Payment SUBMITTED by EMPLOYEE', 'Request For Payment APPROVED by ADMINISTRATION')","('enter', ('Request For Payment SUBMITTED by EMPLOYEE', 'Request For Payment APPROVED by ADMINISTRATION'))",31,654
493,493,enter,"('Request For Payment APPROVED by ADMINISTRATION', 'Request For Payment APPROVED by BUDGET OWNER')","('enter', ('Request For Payment APPROVED by ADMINISTRATION', 'Request For Payment APPROVED by BUDGET OWNER'))",14,654
494,494,exit,"('Request For Payment FINAL_APPROVED by SUPERVISOR', 'Request Payment')","('exit', ('Request For Payment FINAL_APPROVED by SUPERVISOR', 'Request Payment'))",55,654
495,495,exit,"('Request Payment', 'Payment Handled')","('exit', ('Request Payment', 'Payment Handled'))",69,654
496,496,exit,"('Request For Payment SUBMITTED by EMPLOYEE', 'Request For Payment APPROVED by ADMINISTRATION')","('exit', ('Request For Payment SUBMITTED by EMPLOYEE', 'Request For Payment APPROVED by ADMINISTRATION'))",31,654
497,497,enter,"('Request For Payment SUBMITTED by EMPLOYEE', 'Request For Payment APPROVED by ADMINISTRATION')","('enter', ('Request For Payment SUBMITTED by EMPLOYEE', 'Request For Payment APPROVED by ADMINISTRATION'))",29,658
498,498,enter,"('Request For Payment APPROVED by ADMINISTRATION', 'Request For Payment APPROVED by BUDGET OWNER')","('enter', ('Request For Payment APPROVED by ADMINISTRATION', 'Request For Payment APPROVED by BUDGET OWNER'))",15,658
499,499,exit,"('Request Payment', 'Payment Handled')","('exit', ('Request Payment', 'Payment Handled'))",66,658
500,500,exit,"('Request For Payment SUBMITTED by EMPLOYEE', 'Request For Payment APPROVED by ADMINISTRATION')","('exit', ('Request For Payment SUBMITTED by EMPLOYEE', 'Request For Payment APPROVED by ADMINISTRATION'))",29,658
501,501,enter,"('Request For Payment FINAL_APPROVED by SUPERVISOR', 'Request Payment')","('enter', ('Request For Payment FINAL_APPROVED by SUPERVISOR', 'Request Payment'))",25,659
502,502,enter,"('Request Payment', 'Payment Handled')","('enter', ('Request Payment', 'Payment Handled'))",30,659
503,503,exit,"('Request For Payment FINAL_APPROVED by SUPERVISOR', 'Request Payment')","('exit', ('Request For Payment FINAL_APPROVED by SUPERVISOR', 'Request Payment'))",30,659
504,504,exit,"('Request For Payment APPROVED by ADMINISTRATION', 'Request For Payment FINAL_APPROVED by SUPERVISOR')","('exit', ('Request For Payment APPROVED by ADMINISTRATION', 'Request For Payment FINAL_APPROVED by SUPERVISOR'))",20,659
505,505,enter,"('Request For Payment FINAL_APPROVED by SUPERVISOR', 'Request Payment')","('enter', ('Request For Payment FINAL_APPROVED by SUPERVISOR', 'Request Payment'))",47,660
506,506,enter,"('Request For Payment APPROVED by ADMINISTRATION', 'Request For Payment FINAL_APPROVED by SUPERVISOR')","('enter', ('Request For Payment APPROVED by ADMINISTRATION', 'Request For Payment FINAL_APPROVED by SUPERVISOR'))",19,660
507,507,exit,"('Request For Payment SUBMITTED by EMPLOYEE', 'Request For Payment APPROVED by ADMINISTRATION')","('exit', ('Request For Payment SUBMITTED by EMPLOYEE', 'Request For Payment APPROVED by ADMINISTRATION'))",25,660
508,508,exit,"('Request For Payment APPROVED by ADMINISTRATION', 'Request For Payment FINAL_APPROVED by SUPERVISOR')","('exit', ('Request For Payment APPROVED by ADMINISTRATION', 'Request For Payment FINAL_APPROVED by SUPERVISOR'))",33,660
509,509,exit,"('Request For Payment APPROVED by ADMINISTRATION', 'Request For Payment APPROVED by BUDGET OWNER')","('exit', ('Request For Payment APPROVED by ADMINISTRATION', 'Request For Payment APPROVED by BUDGET OWNER'))",20,660
510,510,enter,"('Request For Payment FINAL_APPROVED by SUPERVISOR', 'Request Payment')","('enter', ('Request For Payment FINAL_APPROVED by SUPERVISOR', 'Request Payment'))",21,661
511,511,enter,"('Request Payment', 'Payment Handled')","('enter', ('Request Payment', 'Payment Handled'))",41,661
512,512,exit,"('Request For Payment FINAL_APPROVED by SUPERVISOR', 'Request Payment')","('exit', ('Request For Payment FINAL_APPROVED by SUPERVISOR', 'Request Payment'))",40,661
513,513,enter,"('Request For Payment FINAL_APPROVED by SUPERVISOR', 'Request Payment')","('enter', ('Request For Payment FINAL_APPROVED by SUPERVISOR', 'Request Payment'))",34,662
514,514,enter,"('Request Payment', 'Payment Handled')","('enter', ('Request Payment', 'Payment Handled'))",33,662
515,515,exit,"('Request For Payment FINAL_APPROVED by SUPERVISOR', 'Request Payment')","('exit', ('Request For Payment FINAL_APPROVED by SUPERVISOR', 'Request Payment'))",33,662
516,516,exit,"('Request For Payment APPROVED by ADMINISTRATION', 'Request For Payment FINAL_APPROVED by SUPERVISOR')","('exit', ('Request For Payment APPROVED by ADMINISTRATION', 'Request For Payment FINAL_APPROVED by SUPERVISOR'))",27,662
517,517,exit,"('Request For Payment APPROVED by ADMINISTRATION', 'Request For Payment APPROVED by BUDGET OWNER')","('exit', ('Request For Payment APPROVED by ADMINISTRATION', 'Request For Payment APPROVED by BUDGET OWNER'))",20,662
518,518,enter,"('Request For Payment APPROVED by ADMINISTRATION', 'Request For Payment FINAL_APPROVED by SUPERVISOR')","('enter', ('Request For Payment APPROVED by ADMINISTRATION', 'Request For Payment FINAL_APPROVED by SUPERVISOR'))",16,665
519,519,exit,"('Request Payment', 'Payment Handled')","('exit', ('Request Payment', 'Payment Handled'))",77,665
520,520,enter,"('Request For Payment FINAL_APPROVED by SUPERVISOR', 'Request Payment')","('enter', ('Request For Payment FINAL_APPROVED by SUPERVISOR', 'Request Payment'))",31,667
521,521,enter,"('Request For Payment APPROVED by ADMINISTRATION', 'Request For Payment FINAL_APPROVED by SUPERVISOR')","('enter', ('Request For Payment APPROVED by ADMINISTRATION', 'Request For Payment FINAL_APPROVED by SUPERVISOR'))",17,667
522,522,exit,"('Request For Payment APPROVED by ADMINISTRATION', 'Request For Payment FINAL_APPROVED by SUPERVISOR')","('exit', ('Request For Payment APPROVED by ADMINISTRATION', 'Request For Payment FINAL_APPROVED by SUPERVISOR'))",23,667
523,523,enter,"('Request For Payment FINAL_APPROVED by SUPERVISOR', 'Request Payment')","('enter', ('Request For Payment FINAL_APPROVED by SUPERVISOR', 'Request Payment'))",22,668
524,524,enter,"('Request Payment', 'Payment Handled')","('enter', ('Request Payment', 'Payment Handled'))",43,668
525,525,enter,"('Request For Payment SUBMITTED by EMPLOYEE', 'Request For Payment APPROVED by ADMINISTRATION')","('enter', ('Request For Payment SUBMITTED by EMPLOYEE', 'Request For Payment APPROVED by ADMINISTRATION'))",27,668
526,526,enter,"('Request For Payment APPROVED by ADMINISTRATION', 'Request For Payment APPROVED by BUDGET OWNER')","('enter', ('Request For Payment APPROVED by ADMINISTRATION', 'Request For Payment APPROVED by BUDGET OWNER'))",11,668
527,527,exit,"('Request For Payment FINAL_APPROVED by SUPERVISOR', 'Request Payment')","('exit', ('Request For Payment FINAL_APPROVED by SUPERVISOR', 'Request Payment'))",43,668
528,528,exit,"('Request For Payment SUBMITTED by EMPLOYEE', 'Request For Payment APPROVED by ADMINISTRATION')","('exit', ('Request For Payment SUBMITTED by EMPLOYEE', 'Request For Payment APPROVED by ADMINISTRATION'))",25,668
529,529,enter,"('Request For Payment FINAL_APPROVED by SUPERVISOR', 'Request Payment')","('enter', ('Request For Payment FINAL_APPROVED by SUPERVISOR', 'Request Payment'))",27,669
530,530,exit,"('Request Payment', 'Payment Handled')","('exit', ('Request Payment', 'Payment Handled'))",58,672
531,531,enter,"('Request For Payment FINAL_APPROVED by SUPERVISOR', 'Request Payment')","('enter', ('Request For Payment FINAL_APPROVED by SUPERVISOR', 'Request Payment'))",33,673
532,532,enter,"('Request Payment', 'Payment Handled')","('enter', ('Request Payment', 'Payment Handled'))",36,673
533,533,exit,"('Request For Payment FINAL_APPROVED by SUPERVISOR', 'Request Payment')","('exit', ('Request For Payment FINAL_APPROVED by SUPERVISOR', 'Request Payment'))",36,673
534,534,exit,"('Request For Payment APPROVED by ADMINISTRATION', 'Request For Payment APPROVED by BUDGET OWNER')","('exit', ('Request For Payment APPROVED by ADMINISTRATION', 'Request For Payment APPROVED by BUDGET OWNER'))",27,673
535,535,enter,"('Request For Payment FINAL_APPROVED by SUPERVISOR', 'Request Payment')","('enter', ('Request For Payment FINAL_APPROVED by SUPERVISOR', 'Request Payment'))",24,675
536,536,enter,"('Request Payment', 'Payment Handled')","('enter', ('Request Payment', 'Payment Handled'))",30,675
537,537,exit,"('Request For Payment FINAL_APPROVED by SUPERVISOR', 'Request Payment')","('exit', ('Request For Payment FINAL_APPROVED by SUPERVISOR', 'Request Payment'))",30,675
538,538,exit,"('Request Payment', 'Payment Handled')","('exit', ('Request Payment', 'Payment Handled'))",79,675
539,539,exit,"('Request For Payment APPROVED by ADMINISTRATION', 'Request For Payment APPROVED by BUDGET OWNER')","('exit', ('Request For Payment APPROVED by ADMINISTRATION', 'Request For Payment APPROVED by BUDGET OWNER'))",13,675
540,540,enter,"('Request For Payment FINAL_APPROVED by SUPERVISOR', 'Request Payment')","('enter', ('Request For Payment FINAL_APPROVED by SUPERVISOR', 'Request Payment'))",22,679
541,541,enter,"('Request For Payment SUBMITTED by EMPLOYEE', 'Request For Payment APPROVED by ADMINISTRATION')","('enter', ('Request For Payment SUBMITTED by EMPLOYEE', 'Request For Payment APPROVED by ADMINISTRATION'))",35,679
542,542,enter,"('Request For Payment APPROVED by ADMINISTRATION', 'Request For Payment FINAL_APPROVED by SUPERVISOR')","('enter', ('Request For Payment APPROVED by ADMINISTRATION', 'Request For Payment FINAL_APPROVED by SUPERVISOR'))",24,679
543,543,enter,"('Request For Payment APPROVED by ADMINISTRATION', 'Request For Payment APPROVED by BUDGET OWNER')","('enter', ('Request For Payment APPROVED by ADMINISTRATION', 'Request For Payment APPROVED by BUDGET OWNER'))",11,679
544,544,exit,"('Request For Payment SUBMITTED by EMPLOYEE', 'Request For Payment APPROVED by ADMINISTRATION')","('exit', ('Request For Payment SUBMITTED by EMPLOYEE', 'Request For Payment APPROVED by ADMINISTRATION'))",35,679
545,545,enter,"('Request For Payment FINAL_APPROVED by SUPERVISOR', 'Request Payment')","('enter', ('Request For Payment FINAL_APPROVED by SUPERVISOR', 'Request Payment'))",34,680
546,546,enter,"('Request Payment', 'Payment Handled')","('enter', ('Request Payment', 'Payment Handled'))",30,680
547,547,enter,"('Request For Payment SUBMITTED by EMPLOYEE', 'Request For Payment APPROVED by ADMINISTRATION')","('enter', ('Request For Payment SUBMITTED by EMPLOYEE', 'Request For Payment APPROVED by ADMINISTRATION'))",26,680
548,548,enter,"('Request For Payment APPROVED by ADMINISTRATION', 'Request For Payment FINAL_APPROVED by SUPERVISOR')","('enter', ('Request For Payment APPROVED by ADMINISTRATION', 'Request For Payment FINAL_APPROVED by SUPERVISOR'))",22,680
549,549,exit,"('Request For Payment FINAL_APPROVED by SUPERVISOR', 'Request Payment')","('exit', ('Request For Payment FINAL_APPROVED by SUPERVISOR', 'Request Payment'))",30,680
550,550,exit,"('Request For Payment SUBMITTED by EMPLOYEE', 'Request For Payment APPROVED by ADMINISTRATION')","('exit', ('Request For Payment SUBMITTED by EMPLOYEE', 'Request For Payment APPROVED by ADMINISTRATION'))",26,680
551,551,exit,"('Request For Payment APPROVED by ADMINISTRATION', 'Request For Payment FINAL_APPROVED by SUPERVISOR')","('exit', ('Request For Payment APPROVED by ADMINISTRATION', 'Request For Payment FINAL_APPROVED by SUPERVISOR'))",22,680
552,552,exit,"('Request For Payment APPROVED by ADMINISTRATION', 'Request For Payment APPROVED by BUDGET OWNER')","('exit', ('Request For Payment APPROVED by ADMINISTRATION', 'Request For Payment APPROVED by BUDGET OWNER'))",17,680
553,553,enter,"('Request For Payment FINAL_APPROVED by SUPERVISOR', 'Request Payment')","('enter', ('Request For Payment FINAL_APPROVED by SUPERVISOR', 'Request Payment'))",33,681
554,554,exit,"('Request For Payment APPROVED by ADMINISTRATION', 'Request For Payment FINAL_APPROVED by SUPERVISOR')","('exit', ('Request For Payment APPROVED by ADMINISTRATION', 'Request For Payment FINAL_APPROVED by SUPERVISOR'))",24,681
555,555,enter,"('Request For Payment FINAL_APPROVED by SUPERVISOR', 'Request Payment')","('enter', ('Request For Payment FINAL_APPROVED by SUPERVISOR', 'Request Payment'))",29,682
556,556,enter,"('Request Payment', 'Payment Handled')","('enter', ('Request Payment', 'Payment Handled'))",42,682
557,557,exit,"('Request For Payment FINAL_APPROVED by SUPERVISOR', 'Request Payment')","('exit', ('Request For Payment FINAL_APPROVED by SUPERVISOR', 'Request Payment'))",40,682
558,558,exit,"('Request Payment', 'Payment Handled')","('exit', ('Request Payment', 'Payment Handled'))",59,682
559,559,enter,"('Request For Payment APPROVED by ADMINISTRATION', 'Request For Payment APPROVED by BUDGET OWNER')","('enter', ('Request For Payment APPROVED by ADMINISTRATION', 'Request For Payment APPROVED by BUDGET OWNER'))",14,683
560,560,exit,"('Request For Payment SUBMITTED by EMPLOYEE', 'Request For Payment APPROVED by ADMINISTRATION')","('exit', ('Request For Payment SUBMITTED by EMPLOYEE', 'Request For Payment APPROVED by ADMINISTRATION'))",25,683
561,561,enter,"('Request For Payment FINAL_APPROVED by SUPERVISOR', 'Request Payment')","('enter', ('Request For Payment FINAL_APPROVED by SUPERVISOR', 'Request Payment'))",26,686
562,562,enter,"('Request For Payment APPROVED by ADMINISTRATION', 'Request For Payment FINAL_APPROVED by SUPERVISOR')","('enter', ('Request For Payment APPROVED by ADMINISTRATION', 'Request For Payment FINAL_APPROVED by SUPERVISOR'))",18,686
563,563,exit,"('Request Payment', 'Payment Handled')","('exit', ('Request Payment', 'Payment Handled'))",60,686
564,564,exit,"('Request For Payment SUBMITTED by EMPLOYEE', 'Request For Payment APPROVED by ADMINISTRATION')","('exit', ('Request For Payment SUBMITTED by EMPLOYEE', 'Request For Payment APPROVED by ADMINISTRATION'))",25,686
565,565,enter,"('Request Payment', 'Payment Handled')","('enter', ('Request Payment', 'Payment Handled'))",38,687
566,566,enter,"('Request For Payment APPROVED by ADMINISTRATION', 'Request For Payment APPROVED by BUDGET OWNER')","('enter', ('Request For Payment APPROVED by ADMINISTRATION', 'Request For Payment APPROVED by BUDGET OWNER'))",12,687
567,567,exit,"('Request For Payment FINAL_APPROVED by SUPERVISOR', 'Request Payment')","('exit', ('Request For Payment FINAL_APPROVED by SUPERVISOR', 'Request Payment'))",37,687
568,568,enter,"('Request For Payment FINAL_APPROVED by SUPERVISOR', 'Request Payment')","('enter', ('Request For Payment FINAL_APPROVED by SUPERVISOR', 'Request Payment'))",23,688
569,569,enter,"('Request For Payment SUBMITTED by EMPLOYEE', 'Request For Payment APPROVED by ADMINISTRATION')","('enter', ('Request For Payment SUBMITTED by EMPLOYEE', 'Request For Payment APPROVED by ADMINISTRATION'))",33,688
570,570,enter,"('Request For Payment APPROVED by ADMINISTRATION', 'Request For Payment FINAL_APPROVED by SUPERVISOR')","('enter', ('Request For Payment APPROVED by ADMINISTRATION', 'Request For Payment FINAL_APPROVED by SUPERVISOR'))",26,688
571,571,exit,"('Request For Payment SUBMITTED by EMPLOYEE', 'Request For Payment APPROVED by ADMINISTRATION')","('exit', ('Request For Payment SUBMITTED by EMPLOYEE', 'Request For Payment APPROVED by ADMINISTRATION'))",33,688
572,572,enter,"('Request For Payment FINAL_APPROVED by SUPERVISOR', 'Request Payment')","('enter', ('Request For Payment FINAL_APPROVED by SUPERVISOR', 'Request Payment'))",28,689
573,573,enter,"('Request Payment', 'Payment Handled')","('enter', ('Request Payment', 'Payment Handled'))",38,689
574,574,exit,"('Request For Payment FINAL_APPROVED by SUPERVISOR', 'Request Payment')","('exit', ('Request For Payment FINAL_APPROVED by SUPERVISOR', 'Request Payment'))",38,689
575,575,enter,"('Request For Payment SUBMITTED by EMPLOYEE', 'Request For Payment APPROVED by ADMINISTRATION')","('enter', ('Request For Payment SUBMITTED by EMPLOYEE', 'Request For Payment APPROVED by ADMINISTRATION'))",36,693
576,576,enter,"('Request For Payment APPROVED by ADMINISTRATION', 'Request For Payment FINAL_APPROVED by SUPERVISOR')","('enter', ('Request For Payment APPROVED by ADMINISTRATION', 'Request For Payment FINAL_APPROVED by SUPERVISOR'))",24,693
577,577,enter,"('Request For Payment APPROVED by ADMINISTRATION', 'Request For Payment APPROVED by BUDGET OWNER')","('enter', ('Request For Payment APPROVED by ADMINISTRATION', 'Request For Payment APPROVED by BUDGET OWNER'))",12,693
578,578,exit,"('Request Payment', 'Payment Handled')","('exit', ('Request Payment', 'Payment Handled'))",66,693
579,579,exit,"('Request For Payment SUBMITTED by EMPLOYEE', 'Request For Payment APPROVED by ADMINISTRATION')","('exit', ('Request For Payment SUBMITTED by EMPLOYEE', 'Request For Payment APPROVED by ADMINISTRATION'))",36,693
580,580,enter,"('Request For Payment FINAL_APPROVED by SUPERVISOR', 'Request Payment')","('enter', ('Request For Payment FINAL_APPROVED by SUPERVISOR', 'Request Payment'))",28,694
581,581,enter,"('Request Payment', 'Payment Handled')","('enter', ('Request Payment', 'Payment Handled'))",25,694
582,582,enter,"('Request For Payment SUBMITTED by EMPLOYEE', 'Request For Payment APPROVED by ADMINISTRATION')","('enter', ('Request For Payment SUBMITTED by EMPLOYEE', 'Request For Payment APPROVED by ADMINISTRATION'))",28,694
583,583,enter,"('Request For Payment APPROVED by ADMINISTRATION', 'Request For Payment FINAL_APPROVED by SUPERVISOR')","('enter', ('Request For Payment APPROVED by ADMINISTRATION', 'Request For Payment FINAL_APPROVED by SUPERVISOR'))",21,694
584,584,exit,"('Request For Payment FINAL_APPROVED by SUPERVISOR', 'Request Payment')","('exit', ('Request For Payment FINAL_APPROVED by SUPERVISOR', 'Request Payment'))",25,694
585,585,exit,"('Request For Payment SUBMITTED by EMPLOYEE', 'Request For Payment APPROVED by ADMINISTRATION')","('exit', ('Request For Payment SUBMITTED by EMPLOYEE', 'Request For Payment APPROVED by ADMINISTRATION'))",29,694
586,586,exit,"('Request For Payment APPROVED by ADMINISTRATION', 'Request For Payment FINAL_APPROVED by SUPERVISOR')","('exit', ('Request For Payment APPROVED by ADMINISTRATION', 'Request For Payment FINAL_APPROVED by SUPERVISOR'))",20,694
587,587,enter,"('Request For Payment FINAL_APPROVED by SUPERVISOR', 'Request Payment')","('enter', ('Request For Payment FINAL_APPROVED by SUPERVISOR', 'Request Payment'))",31,695
588,588,exit,"('Request For Payment APPROVED by ADMINISTRATION', 'Request For Payment FINAL_APPROVED by SUPERVISOR')","('exit', ('Request For Payment APPROVED by ADMINISTRATION', 'Request For Payment FINAL_APPROVED by SUPERVISOR'))",26,695
589,589,enter,"('Request For Payment FINAL_APPROVED by SUPERVISOR', 'Request Payment')","('enter', ('Request For Payment FINAL_APPROVED by SUPERVISOR', 'Request Payment'))",46,696
590,590,enter,"('Request Payment', 'Payment Handled')","('enter', ('Request Payment', 'Payment Handled'))",44,696
591,591,enter,"('Request For Payment SUBMITTED by EMPLOYEE', 'Request For Payment APPROVED by ADMINISTRATION')","('enter', ('Request For Payment SUBMITTED by EMPLOYEE', 'Request For Payment APPROVED by ADMINISTRATION'))",35,696
592,592,enter,"('Request For Payment APPROVED by ADMINISTRATION', 'Request For Payment FINAL_APPROVED by SUPERVISOR')","('enter', ('Request For Payment APPROVED by ADMINISTRATION', 'Request For Payment FINAL_APPROVED by SUPERVISOR'))",20,696
593,593,enter,"('Request For Payment APPROVED by ADMINISTRATION', 'Request For Payment APPROVED by BUDGET OWNER')","('enter', ('Request For Payment APPROVED by ADMINISTRATION', 'Request For Payment APPROVED by BUDGET OWNER'))",13,696
594,594,exit,"('Request For Payment FINAL_APPROVED by SUPERVISOR', 'Request Payment')","('exit', ('Request For Payment FINAL_APPROVED by SUPERVISOR', 'Request Payment'))",44,696
595,595,exit,"('Request For Payment SUBMITTED by EMPLOYEE', 'Request For Payment APPROVED by ADMINISTRATION')","('exit', ('Request For Payment SUBMITTED by EMPLOYEE', 'Request For Payment APPROVED by ADMINISTRATION'))",34,696
596,596,exit,"('Request For Payment APPROVED by ADMINISTRATION', 'Request For Payment FINAL_APPROVED by SUPERVISOR')","('exit', ('Request For Payment APPROVED by ADMINISTRATION', 'Request For Payment FINAL_APPROVED by SUPERVISOR'))",32,696
597,597,exit,"('Request For Payment APPROVED by ADMINISTRATION', 'Request For Payment APPROVED by BUDGET OWNER')","('exit', ('Request For Payment APPROVED by ADMINISTRATION', 'Request For Payment APPROVED by BUDGET OWNER'))",18,696
598,598,enter,"('Request For Payment SUBMITTED by EMPLOYEE', 'Request For Payment APPROVED by ADMINISTRATION')","('enter', ('Request For Payment SUBMITTED by EMPLOYEE', 'Request For Payment APPROVED by ADMINISTRATION'))",28,697
599,599,enter,"('Request For Payment APPROVED by ADMINISTRATION', 'Request For Payment APPROVED by BUDGET OWNER')","('enter', ('Request For Payment APPROVED by ADMINISTRATION', 'Request For Payment APPROVED by BUDGET OWNER'))",18,697
600,600,exit,"('Request For Payment SUBMITTED by EMPLOYEE', 'Request For Payment APPROVED by ADMINISTRATION')","('exit', ('Request For Payment SUBMITTED by EMPLOYEE', 'Request For Payment APPROVED by ADMINISTRATION'))",26,697
601,601,enter,"('Request For Payment FINAL_APPROVED by SUPERVISOR', 'Request Payment')","('enter', ('Request For Payment FINAL_APPROVED by SUPERVISOR', 'Request Payment'))",29,700
602,602,enter,"('Request Payment', 'Payment Handled')","('enter', ('Request Payment', 'Payment Handled'))",28,700
603,603,enter,"('Request For Payment SUBMITTED by EMPLOYEE', 'Request For Payment APPROVED by ADMINISTRATION')","('enter', ('Request For Payment SUBMITTED by EMPLOYEE', 'Request For Payment APPROVED by ADMINISTRATION'))",37,700
604,604,enter,"('Request For Payment APPROVED by ADMINISTRATION', 'Request For Payment FINAL_APPROVED by SUPERVISOR')","('enter', ('Request For Payment APPROVED by ADMINISTRATION', 'Request For Payment FINAL_APPROVED by SUPERVISOR'))",27,700
605,605,enter,"('Request For Payment APPROVED by ADMINISTRATION', 'Request For Payment APPROVED by BUDGET OWNER')","('enter', ('Request For Payment APPROVED by ADMINISTRATION', 'Request For Payment APPROVED by BUDGET OWNER'))",11,700
606,606,exit,"('Request For Payment FINAL_APPROVED by SUPERVISOR', 'Request Payment')","('exit', ('Request For Payment FINAL_APPROVED by SUPERVISOR', 'Request Payment'))",28,700
607,607,exit,"('Request Payment', 'Payment Handled')","('exit', ('Request Payment', 'Payment Handled'))",60,700
608,608,exit,"('Request For Payment SUBMITTED by EMPLOYEE', 'Request For Payment APPROVED by ADMINISTRATION')","('exit', ('Request For Payment SUBMITTED by EMPLOYEE', 'Request For Payment APPROVED by ADMINISTRATION'))",38,700
609,609,exit,"('Request For Payment APPROVED by ADMINISTRATION', 'Request For Payment FINAL_APPROVED by SUPERVISOR')","('exit', ('Request For Payment APPROVED by ADMINISTRATION', 'Request For Payment FINAL_APPROVED by SUPERVISOR'))",21,700
610,610,enter,"('Request For Payment FINAL_APPROVED by SUPERVISOR', 'Request Payment')","('enter', ('Request For Payment FINAL_APPROVED by SUPERVISOR', 'Request Payment'))",34,701
611,611,enter,"('Request Payment', 'Payment Handled')","('enter', ('Request Payment', 'Payment Handled'))",40,701
612,612,enter,"('Request For Payment SUBMITTED by EMPLOYEE', 'Request For Payment APPROVED by ADMINISTRATION')","('enter', ('Request For Payment SUBMITTED by EMPLOYEE', 'Request For Payment APPROVED by ADMINISTRATION'))",47,701
613,613,enter,"('Request For Payment APPROVED by ADMINISTRATION', 'Request For Payment FINAL_APPROVED by SUPERVISOR')","('enter', ('Request For Payment APPROVED by ADMINISTRATION', 'Request For Payment FINAL_APPROVED by SUPERVISOR'))",21,701
614,614,enter,"('Request For Payment APPROVED by ADMINISTRATION', 'Request For Payment APPROVED by BUDGET OWNER')","('enter', ('Request For Payment APPROVED by ADMINISTRATION', 'Request For Payment APPROVED by BUDGET OWNER'))",24,701
615,615,exit,"('Request For Payment FINAL_APPROVED by SUPERVISOR', 'Request Payment')","('exit', ('Request For Payment FINAL_APPROVED by SUPERVISOR', 'Request Payment'))",40,701
616,616,exit,"('Request For Payment SUBMITTED by EMPLOYEE', 'Request For Payment APPROVED by ADMINISTRATION')","('exit', ('Request For Payment SUBMITTED by EMPLOYEE', 'Request For Payment APPROVED by ADMINISTRATION'))",46,701
617,617,exit,"('Request For Payment APPROVED by ADMINISTRATION', 'Request For Payment FINAL_APPROVED by SUPERVISOR')","('exit', ('Request For Payment APPROVED by ADMINISTRATION', 'Request For Payment FINAL_APPROVED by SUPERVISOR'))",21,701
618,618,exit,"('Request For Payment APPROVED by ADMINISTRATION', 'Request For Payment APPROVED by BUDGET OWNER')","('exit', ('Request For Payment APPROVED by ADMINISTRATION', 'Request For Payment APPROVED by BUDGET OWNER'))",21,701
619,619,enter,"('Request For Payment FINAL_APPROVED by SUPERVISOR', 'Request Payment')","('enter', ('Request For Payment FINAL_APPROVED by SUPERVISOR', 'Request Payment'))",41,702
620,620,enter,"('Request For Payment SUBMITTED by EMPLOYEE', 'Request For Payment APPROVED by ADMINISTRATION')","('enter', ('Request For Payment SUBMITTED by EMPLOYEE', 'Request For Payment APPROVED by ADMINISTRATION'))",31,702
621,621,enter,"('Request For Payment APPROVED by ADMINISTRATION', 'Request For Payment FINAL_APPROVED by SUPERVISOR')","('enter', ('Request For Payment APPROVED by ADMINISTRATION', 'Request For Payment FINAL_APPROVED by SUPERVISOR'))",20,702
622,622,exit,"('Request For Payment SUBMITTED by EMPLOYEE', 'Request For Payment APPROVED by ADMINISTRATION')","('exit', ('Request For Payment SUBMITTED by EMPLOYEE', 'Request For Payment APPROVED by ADMINISTRATION'))",30,702
623,623,exit,"('Request For Payment APPROVED by ADMINISTRATION', 'Request For Payment FINAL_APPROVED by SUPERVISOR')","('exit', ('Request For Payment APPROVED by ADMINISTRATION', 'Request For Payment FINAL_APPROVED by SUPERVISOR'))",30,702
624,624,exit,"('Request For Payment APPROVED by ADMINISTRATION', 'Request For Payment APPROVED by BUDGET OWNER')","('exit', ('Request For Payment APPROVED by ADMINISTRATION', 'Request For Payment APPROVED by BUDGET OWNER'))",35,702
625,625,enter,"('Request For Payment FINAL_APPROVED by SUPERVISOR', 'Request Payment')","('enter', ('Request For Payment FINAL_APPROVED by SUPERVISOR', 'Request Payment'))",34,703
626,626,enter,"('Request Payment', 'Payment Handled')","('enter', ('Request Payment', 'Payment Handled'))",46,703
627,627,enter,"('Request For Payment SUBMITTED by EMPLOYEE', 'Request For Payment APPROVED by ADMINISTRATION')","('enter', ('Request For Payment SUBMITTED by EMPLOYEE', 'Request For Payment APPROVED by ADMINISTRATION'))",45,703
628,628,enter,"('Request For Payment APPROVED by ADMINISTRATION', 'Request For Payment FINAL_APPROVED by SUPERVISOR')","('enter', ('Request For Payment APPROVED by ADMINISTRATION', 'Request For Payment FINAL_APPROVED by SUPERVISOR'))",22,703
629,629,enter,"('Request For Payment APPROVED by ADMINISTRATION', 'Request For Payment APPROVED by BUDGET OWNER')","('enter', ('Request For Payment APPROVED by ADMINISTRATION', 'Request For Payment APPROVED by BUDGET OWNER'))",24,703
630,630,exit,"('Request For Payment FINAL_APPROVED by SUPERVISOR', 'Request Payment')","('exit', ('Request For Payment FINAL_APPROVED by SUPERVISOR', 'Request Payment'))",44,703
631,631,exit,"('Request Payment', 'Payment Handled')","('exit', ('Request Payment', 'Payment Handled'))",83,703
632,632,exit,"('Request For Payment SUBMITTED by EMPLOYEE', 'Request For Payment APPROVED by ADMINISTRATION')","('exit', ('Request For Payment SUBMITTED by EMPLOYEE', 'Request For Payment APPROVED by ADMINISTRATION'))",46,703
633,633,exit,"('Request For Payment APPROVED by ADMINISTRATION', 'Request For Payment APPROVED by BUDGET OWNER')","('exit', ('Request For Payment APPROVED by ADMINISTRATION', 'Request For Payment APPROVED by BUDGET OWNER'))",15,703
634,634,enter,"('Request For Payment FINAL_APPROVED by SUPERVISOR', 'Request Payment')","('enter', ('Request For Payment FINAL_APPROVED by SUPERVISOR', 'Request Payment'))",31,704
635,635,enter,"('Request Payment', 'Payment Handled')","('enter', ('Request Payment', 'Payment Handled'))",26,704
636,636,enter,"('Request For Payment SUBMITTED by EMPLOYEE', 'Request For Payment APPROVED by ADMINISTRATION')","('enter', ('Request For Payment SUBMITTED by EMPLOYEE', 'Request For Payment APPROVED by ADMINISTRATION'))",28,704
637,637,enter,"('Request For Payment APPROVED by ADMINISTRATION', 'Request For Payment APPROVED by BUDGET OWNER')","('enter', ('Request For Payment APPROVED by ADMINISTRATION', 'Request For Payment APPROVED by BUDGET OWNER'))",16,704
638,638,exit,"('Request For Payment FINAL_APPROVED by SUPERVISOR', 'Request Payment')","('exit', ('Request For Payment FINAL_APPROVED by SUPERVISOR', 'Request Payment'))",26,704
639,639,exit,"('Request For Payment SUBMITTED by EMPLOYEE', 'Request For Payment APPROVED by ADMINISTRATION')","('exit', ('Request For Payment SUBMITTED by EMPLOYEE', 'Request For Payment APPROVED by ADMINISTRATION'))",30,704
640,640,enter,"('Request For Payment FINAL_APPROVED by SUPERVISOR', 'Request Payment')","('enter', ('Request For Payment FINAL_APPROVED by SUPERVISOR', 'Request Payment'))",45,707
641,641,enter,"('Request Payment', 'Payment Handled')","('enter', ('Request Payment', 'Payment Handled'))",22,707
642,642,enter,"('Request For Payment SUBMITTED by EMPLOYEE', 'Request For Payment APPROVED by ADMINISTRATION')","('enter', ('Request For Payment SUBMITTED by EMPLOYEE', 'Request For Payment APPROVED by ADMINISTRATION'))",42,707
643,643,enter,"('Request For Payment APPROVED by ADMINISTRATION', 'Request For Payment FINAL_APPROVED by SUPERVISOR')","('enter', ('Request For Payment APPROVED by ADMINISTRATION', 'Request For Payment FINAL_APPROVED by SUPERVISOR'))",18,707
644,644,enter,"('Request For Payment APPROVED by ADMINISTRATION', 'Request For Payment APPROVED by BUDGET OWNER')","('enter', ('Request For Payment APPROVED by ADMINISTRATION', 'Request For Payment APPROVED by BUDGET OWNER'))",25,707
645,645,exit,"('Request For Payment FINAL_APPROVED by SUPERVISOR', 'Request Payment')","('exit', ('Request For Payment FINAL_APPROVED by SUPERVISOR', 'Request Payment'))",22,707
646,646,exit,"('Request Payment', 'Payment Handled')","('exit', ('Request Payment', 'Payment Handled'))",71,707
647,647,exit,"('Request For Payment SUBMITTED by EMPLOYEE', 'Request For Payment APPROVED by ADMINISTRATION')","('exit', ('Request For Payment SUBMITTED by EMPLOYEE', 'Request For Payment APPROVED by ADMINISTRATION'))",43,707
648,648,exit,"('Request For Payment APPROVED by ADMINISTRATION', 'Request For Payment FINAL_APPROVED by SUPERVISOR')","('exit', ('Request For Payment APPROVED by ADMINISTRATION', 'Request For Payment FINAL_APPROVED by SUPERVISOR'))",32,707
649,649,exit,"('Request For Payment APPROVED by ADMINISTRATION', 'Request For Payment APPROVED by BUDGET OWNER')","('exit', ('Request For Payment APPROVED by ADMINISTRATION', 'Request For Payment APPROVED by BUDGET OWNER'))",25,707
650,650,enter,"('Request For Payment FINAL_APPROVED by SUPERVISOR', 'Request Payment')","('enter', ('Request For Payment FINAL_APPROVED by SUPERVISOR', 'Request Payment'))",76,708
651,651,enter,"('Request Payment', 'Payment Handled')","('enter', ('Request Payment', 'Payment Handled'))",83,708
652,652,enter,"('Request For Payment SUBMITTED by EMPLOYEE', 'Request For Payment APPROVED by ADMINISTRATION')","('enter', ('Request For Payment SUBMITTED by EMPLOYEE', 'Request For Payment APPROVED by ADMINISTRATION'))",32,708
653,653,enter,"('Request For Payment APPROVED by ADMINISTRATION', 'Request For Payment FINAL_APPROVED by SUPERVISOR')","('enter', ('Request For Payment APPROVED by ADMINISTRATION', 'Request For Payment FINAL_APPROVED by SUPERVISOR'))",20,708
654,654,enter,"('Request For Payment APPROVED by ADMINISTRATION', 'Request For Payment APPROVED by BUDGET OWNER')","('enter', ('Request For Payment APPROVED by ADMINISTRATION', 'Request For Payment APPROVED by BUDGET OWNER'))",12,708
655,655,exit,"('Request For Payment FINAL_APPROVED by SUPERVISOR', 'Request Payment')","('exit', ('Request For Payment FINAL_APPROVED by SUPERVISOR', 'Request Payment'))",81,708
656,656,exit,"('Request For Payment SUBMITTED by EMPLOYEE', 'Request For Payment APPROVED by ADMINISTRATION')","('exit', ('Request For Payment SUBMITTED by EMPLOYEE', 'Request For Payment APPROVED by ADMINISTRATION'))",33,708
657,657,exit,"('Request For Payment APPROVED by ADMINISTRATION', 'Request For Payment FINAL_APPROVED by SUPERVISOR')","('exit', ('Request For Payment APPROVED by ADMINISTRATION', 'Request For Payment FINAL_APPROVED by SUPERVISOR'))",31,708
658,658,exit,"('Request For Payment APPROVED by ADMINISTRATION', 'Request For Payment APPROVED by BUDGET OWNER')","('exit', ('Request For Payment APPROVED by ADMINISTRATION', 'Request For Payment APPROVED by BUDGET OWNER'))",16,708
659,659,enter,"('Request For Payment FINAL_APPROVED by SUPERVISOR', 'Request Payment')","('enter', ('Request For Payment FINAL_APPROVED by SUPERVISOR', 'Request Payment'))",39,709
660,660,enter,"('Request Payment', 'Payment Handled')","('enter', ('Request Payment', 'Payment Handled'))",33,709
661,661,enter,"('Request For Payment SUBMITTED by EMPLOYEE', 'Request For Payment APPROVED by ADMINISTRATION')","('enter', ('Request For Payment SUBMITTED by EMPLOYEE', 'Request For Payment APPROVED by ADMINISTRATION'))",45,709
662,662,enter,"('Request For Payment APPROVED by ADMINISTRATION', 'Request For Payment FINAL_APPROVED by SUPERVISOR')","('enter', ('Request For Payment APPROVED by ADMINISTRATION', 'Request For Payment FINAL_APPROVED by SUPERVISOR'))",28,709
663,663,enter,"('Request For Payment APPROVED by ADMINISTRATION', 'Request For Payment APPROVED by BUDGET OWNER')","('enter', ('Request For Payment APPROVED by ADMINISTRATION', 'Request For Payment APPROVED by BUDGET OWNER'))",15,709
664,664,exit,"('Request For Payment FINAL_APPROVED by SUPERVISOR', 'Request Payment')","('exit', ('Request For Payment FINAL_APPROVED by SUPERVISOR', 'Request Payment'))",32,709
665,665,exit,"('Request For Payment SUBMITTED by EMPLOYEE', 'Request For Payment APPROVED by ADMINISTRATION')","('exit', ('Request For Payment SUBMITTED by EMPLOYEE', 'Request For Payment APPROVED by ADMINISTRATION'))",43,709
666,666,exit,"('Request For Payment APPROVED by ADMINISTRATION', 'Request For Payment FINAL_APPROVED by SUPERVISOR')","('exit', ('Request For Payment APPROVED by ADMINISTRATION', 'Request For Payment FINAL_APPROVED by SUPERVISOR'))",31,709
667,667,exit,"('Request For Payment APPROVED by ADMINISTRATION', 'Request For Payment APPROVED by BUDGET OWNER')","('exit', ('Request For Payment APPROVED by ADMINISTRATION', 'Request For Payment APPROVED by BUDGET OWNER'))",28,709
668,668,enter,"('Request For Payment FINAL_APPROVED by SUPERVISOR', 'Request Payment')","('enter', ('Request For Payment FINAL_APPROVED by SUPERVISOR', 'Request Payment'))",56,710
669,669,enter,"('Request Payment', 'Payment Handled')","('enter', ('Request Payment', 'Payment Handled'))",60,710
670,670,enter,"('Request For Payment SUBMITTED by EMPLOYEE', 'Request For Payment APPROVED by ADMINISTRATION')","('enter', ('Request For Payment SUBMITTED by EMPLOYEE', 'Request For Payment APPROVED by ADMINISTRATION'))",34,710
671,671,enter,"('Request For Payment APPROVED by ADMINISTRATION', 'Request For Payment FINAL_APPROVED by SUPERVISOR')","('enter', ('Request For Payment APPROVED by ADMINISTRATION', 'Request For Payment FINAL_APPROVED by SUPERVISOR'))",17,710
672,672,enter,"('Request For Payment APPROVED by ADMINISTRATION', 'Request For Payment APPROVED by BUDGET OWNER')","('enter', ('Request For Payment APPROVED by ADMINISTRATION', 'Request For Payment APPROVED by BUDGET OWNER'))",17,710
673,673,exit,"('Request For Payment FINAL_APPROVED by SUPERVISOR', 'Request Payment')","('exit', ('Request For Payment FINAL_APPROVED by SUPERVISOR', 'Request Payment'))",60,710
674,674,exit,"('Request Payment', 'Payment Handled')","('exit', ('Request Payment', 'Payment Handled'))",133,710
675,675,exit,"('Request For Payment SUBMITTED by EMPLOYEE', 'Request For Payment APPROVED by ADMINISTRATION')","('exit', ('Request For Payment SUBMITTED by EMPLOYEE', 'Request For Payment APPROVED by ADMINISTRATION'))",34,710
676,676,exit,"('Request For Payment APPROVED by ADMINISTRATION', 'Request For Payment FINAL_APPROVED by SUPERVISOR')","('exit', ('Request For Payment APPROVED by ADMINISTRATION', 'Request For Payment FINAL_APPROVED by SUPERVISOR'))",24,710
677,677,enter,"('Request Payment', 'Payment Handled')","('enter', ('Request Payment', 'Payment Handled'))",29,711
678,678,enter,"('Request For Payment APPROVED by ADMINISTRATION', 'Request For Payment FINAL_APPROVED by SUPERVISOR')","('enter', ('Request For Payment APPROVED by ADMINISTRATION', 'Request For Payment FINAL_APPROVED by SUPERVISOR'))",16,711
679,679,exit,"('Request For Payment FINAL_APPROVED by SUPERVISOR', 'Request Payment')","('exit', ('Request For Payment FINAL_APPROVED by SUPERVISOR', 'Request Payment'))",29,711
680,680,enter,"('Request Payment', 'Payment Handled')","('enter', ('Request Payment', 'Payment Handled'))",54,724
681,681,exit,"('Request For Payment FINAL_APPROVED by SUPERVISOR', 'Request Payment')","('exit', ('Request For Payment FINAL_APPROVED by SUPERVISOR', 'Request Payment'))",53,724
682,682,exit,"('Request Payment', 'Payment Handled')","('exit', ('Request Payment', 'Payment Handled'))",107,724
683,683,exit,"('Request Payment', 'Payment Handled')","('exit', ('Request Payment', 'Payment Handled'))",63,728
684,684,enter,"('Request For Payment FINAL_APPROVED by SUPERVISOR', 'Request Payment')","('enter', ('Request For Payment FINAL_APPROVED by SUPERVISOR', 'Request Payment'))",21,729
685,685,batch,"('Request For Payment FINAL_APPROVED by SUPERVISOR', 'Request Payment')","('batch', ('Request For Payment FINAL_APPROVED by SUPERVISOR', 'Request Payment'))",5,"(21, 22)"
686,686,batch,"('Request For Payment FINAL_APPROVED by SUPERVISOR', 'Request Payment')","('batch', ('Request For Payment FINAL_APPROVED by SUPERVISOR', 'Request Payment'))",5,"(91, 92)"
687,687,batch,"('Request For Payment FINAL_APPROVED by SUPERVISOR', 'Request Payment')","('batch', ('Request For Payment FINAL_APPROVED by SUPERVISOR', 'Request Payment'))",5,"(99, 102)"
688,688,batch,"('Request For Payment FINAL_APPROVED by SUPERVISOR', 'Request Payment')","('batch', ('Request For Payment FINAL_APPROVED by SUPERVISOR', 'Request Payment'))",8,"(154, 155)"
689,689,batch,"('Request For Payment FINAL_APPROVED by SUPERVISOR', 'Request Payment')","('batch', ('Request For Payment FINAL_APPROVED by SUPERVISOR', 'Request Payment'))",5,"(168, 169)"
690,690,batch,"('Request For Payment FINAL_APPROVED by SUPERVISOR', 'Request Payment')","('batch', ('Request For Payment FINAL_APPROVED by SUPERVISOR', 'Request Payment'))",6,"(239, 242)"
691,691,batch,"('Request For Payment FINAL_APPROVED by SUPERVISOR', 'Request Payment')","('batch', ('Request For Payment FINAL_APPROVED by SUPERVISOR', 'Request Payment'))",11,"(242, 245)"
692,692,batch,"('Request For Payment FINAL_APPROVED by SUPERVISOR', 'Request Payment')","('batch', ('Request For Payment FINAL_APPROVED by SUPERVISOR', 'Request Payment'))",8,"(256, 259)"
693,693,batch,"('Request For Payment FINAL_APPROVED by SUPERVISOR', 'Request Payment')","('batch', ('Request For Payment FINAL_APPROVED by SUPERVISOR', 'Request Payment'))",8,"(259, 260)"
694,694,batch,"('Request For Payment FINAL_APPROVED by SUPERVISOR', 'Request Payment')","('batch', ('Request For Payment FINAL_APPROVED by SUPERVISOR', 'Request Payment'))",5,"(260, 262)"
695,695,batch,"('Request Payment', 'Payment Handled')","('batch', ('Request Payment', 'Payment Handled'))",18,"(260, 262)"
696,696,batch,"('Request For Payment FINAL_APPROVED by SUPERVISOR', 'Request Payment')","('batch', ('Request For Payment FINAL_APPROVED by SUPERVISOR', 'Request Payment'))",9,"(266, 267)"
697,697,batch,"('Request For Payment FINAL_APPROVED by SUPERVISOR', 'Request Payment')","('batch', ('Request For Payment FINAL_APPROVED by SUPERVISOR', 'Request Payment'))",10,"(274, 276)"
698,698,batch,"('Request For Payment FINAL_APPROVED by SUPERVISOR', 'Request Payment')","('batch', ('Request For Payment FINAL_APPROVED by SUPERVISOR', 'Request Payment'))",7,"(275, 276)"
699,699,batch,"('Request For Payment FINAL_APPROVED by SUPERVISOR', 'Request Payment')","('batch', ('Request For Payment FINAL_APPROVED by SUPERVISOR', 'Request Payment'))",5,"(280, 281)"
700,700,batch,"('Request For Payment FINAL_APPROVED by SUPERVISOR', 'Request Payment')","('batch', ('Request For Payment FINAL_APPROVED by SUPERVISOR', 'Request Payment'))",5,"(301, 305)"
701,701,batch,"('Request For Payment FINAL_APPROVED by SUPERVISOR', 'Request Payment')","('batch', ('Request For Payment FINAL_APPROVED by SUPERVISOR', 'Request Payment'))",5,"(309, 311)"
702,702,batch,"('Request For Payment FINAL_APPROVED by SUPERVISOR', 'Request Payment')","('batch', ('Request For Payment FINAL_APPROVED by SUPERVISOR', 'Request Payment'))",6,"(315, 316)"
703,703,batch,"('Request For Payment FINAL_APPROVED by SUPERVISOR', 'Request Payment')","('batch', ('Request For Payment FINAL_APPROVED by SUPERVISOR', 'Request Payment'))",5,"(322, 323)"
704,704,batch,"('Request For Payment FINAL_APPROVED by SUPERVISOR', 'Request Payment')","('batch', ('Request For Payment FINAL_APPROVED by SUPERVISOR', 'Request Payment'))",6,"(323, 325)"
705,705,batch,"('Request For Payment FINAL_APPROVED by SUPERVISOR', 'Request Payment')","('batch', ('Request For Payment FINAL_APPROVED by SUPERVISOR', 'Request Payment'))",14,"(326, 329)"
706,706,batch,"('Request Payment', 'Payment Handled')","('batch', ('Request Payment', 'Payment Handled'))",23,"(329, 332)"
707,707,batch,"('Request For Payment FINAL_APPROVED by SUPERVISOR', 'Request Payment')","('batch', ('Request For Payment FINAL_APPROVED by SUPERVISOR', 'Request Payment'))",8,"(336, 337)"
708,708,batch,"('Request For Payment FINAL_APPROVED by SUPERVISOR', 'Request Payment')","('batch', ('Request For Payment FINAL_APPROVED by SUPERVISOR', 'Request Payment'))",6,"(339, 344)"
709,709,batch,"('Request Payment', 'Payment Handled')","('batch', ('Request Payment', 'Payment Handled'))",17,"(344, 346)"
710,710,batch,"('Request For Payment APPROVED by ADMINISTRATION', 'Request For Payment FINAL_APPROVED by SUPERVISOR')","('batch', ('Request For Payment APPROVED by ADMINISTRATION', 'Request For Payment FINAL_APPROVED by SUPERVISOR'))",15,"(364, 365)"
711,711,batch,"('Request For Payment FINAL_APPROVED by SUPERVISOR', 'Request Payment')","('batch', ('Request For Payment FINAL_APPROVED by SUPERVISOR', 'Request Payment'))",14,"(365, 366)"
712,712,batch,"('Request For Payment APPROVED by ADMINISTRATION', 'Request For Payment FINAL_APPROVED by SUPERVISOR')","('batch', ('Request For Payment APPROVED by ADMINISTRATION', 'Request For Payment FINAL_APPROVED by SUPERVISOR'))",5,"(365, 367)"
713,713,batch,"('Request For Payment APPROVED by ADMINISTRATION', 'Request For Payment FINAL_APPROVED by SUPERVISOR')","('batch', ('Request For Payment APPROVED by ADMINISTRATION', 'Request For Payment FINAL_APPROVED by SUPERVISOR'))",6,"(366, 367)"
714,714,batch,"('Request For Payment APPROVED by ADMINISTRATION', 'Request For Payment APPROVED by BUDGET OWNER')","('batch', ('Request For Payment APPROVED by ADMINISTRATION', 'Request For Payment APPROVED by BUDGET OWNER'))",4,"(366, 367)"
715,715,batch,"('Request For Payment FINAL_APPROVED by SUPERVISOR', 'Request Payment')","('batch', ('Request For Payment FINAL_APPROVED by SUPERVISOR', 'Request Payment'))",5,"(367, 368)"
716,716,batch,"('Request For Payment APPROVED by ADMINISTRATION', 'Request For Payment FINAL_APPROVED by SUPERVISOR')","('batch', ('Request For Payment APPROVED by ADMINISTRATION', 'Request For Payment FINAL_APPROVED by SUPERVISOR'))",7,"(368, 371)"
717,717,batch,"('Request For Payment APPROVED by ADMINISTRATION', 'Request For Payment APPROVED by BUDGET OWNER')","('batch', ('Request For Payment APPROVED by ADMINISTRATION', 'Request For Payment APPROVED by BUDGET OWNER'))",6,"(368, 371)"
718,718,batch,"('Request For Payment FINAL_APPROVED by SUPERVISOR', 'Request Payment')","('batch', ('Request For Payment FINAL_APPROVED by SUPERVISOR', 'Request Payment'))",17,"(371, 372)"
719,719,batch,"('Request For Payment APPROVED by ADMINISTRATION', 'Request For Payment FINAL_APPROVED by SUPERVISOR')","('batch', ('Request For Payment APPROVED by ADMINISTRATION', 'Request For Payment FINAL_APPROVED by SUPERVISOR'))",7,"(371, 372)"
720,720,batch,"('Request For Payment SUBMITTED by EMPLOYEE', 'Request For Payment APPROVED by ADMINISTRATION')","('batch', ('Request For Payment SUBMITTED by EMPLOYEE', 'Request For Payment APPROVED by ADMINISTRATION'))",2,"(372, 373)"
721,721,batch,"('Request For Payment FINAL_APPROVED by SUPERVISOR', 'Request Payment')","('batch', ('Request For Payment FINAL_APPROVED by SUPERVISOR', 'Request Payment'))",5,"(372, 374)"
722,722,batch,"('Request Payment', 'Payment Handled')","('batch', ('Request Payment', 'Payment Handled'))",30,"(372, 374)"
723,723,batch,"('Request For Payment FINAL_APPROVED by SUPERVISOR', 'Request Payment')","('batch', ('Request For Payment FINAL_APPROVED by SUPERVISOR', 'Request Payment'))",7,"(373, 374)"
724,724,batch,"('Request For Payment APPROVED by ADMINISTRATION', 'Request For Payment FINAL_APPROVED by SUPERVISOR')","('batch', ('Request For Payment APPROVED by ADMINISTRATION', 'Request For Payment FINAL_APPROVED by SUPERVISOR'))",6,"(373, 374)"
725,725,batch,"('Request For Payment APPROVED by ADMINISTRATION', 'Request For Payment APPROVED by BUDGET OWNER')","('batch', ('Request For Payment APPROVED by ADMINISTRATION', 'Request For Payment APPROVED by BUDGET OWNER'))",4,"(373, 374)"
726,726,batch,"('Request For Payment FINAL_APPROVED by SUPERVISOR', 'Request Payment')","('batch', ('Request For Payment FINAL_APPROVED by SUPERVISOR', 'Request Payment'))",6,"(374, 375)"
727,727,batch,"('Request For Payment APPROVED by ADMINISTRATION', 'Request For Payment APPROVED by BUDGET OWNER')","('batch', ('Request For Payment APPROVED by ADMINISTRATION', 'Request For Payment APPROVED by BUDGET OWNER'))",4,"(374, 375)"
728,728,batch,"('Request Payment', 'Payment Handled')","('batch', ('Request Payment', 'Payment Handled'))",27,"(374, 378)"
729,729,batch,"('Request For Payment APPROVED by ADMINISTRATION', 'Request For Payment FINAL_APPROVED by SUPERVISOR')","('batch', ('Request For Payment APPROVED by ADMINISTRATION', 'Request For Payment FINAL_APPROVED by SUPERVISOR'))",15,"(375, 378)"
730,730,batch,"('Request For Payment FINAL_APPROVED by SUPERVISOR', 'Request Payment')","('batch', ('Request For Payment FINAL_APPROVED by SUPERVISOR', 'Request Payment'))",5,"(375, 379)"
731,731,batch,"('Request For Payment FINAL_APPROVED by SUPERVISOR', 'Request Payment')","('batch', ('Request For Payment FINAL_APPROVED by SUPERVISOR', 'Request Payment'))",12,"(378, 379)"
732,732,batch,"('Request For Payment APPROVED by ADMINISTRATION', 'Request For Payment APPROVED by BUDGET OWNER')","('batch', ('Request For Payment APPROVED by ADMINISTRATION', 'Request For Payment APPROVED by BUDGET OWNER'))",6,"(378, 379)"
733,733,batch,"('Request For Payment FINAL_APPROVED by SUPERVISOR', 'Request Payment')","('batch', ('Request For Payment FINAL_APPROVED by SUPERVISOR', 'Request Payment'))",12,"(379, 381)"
734,734,batch,"('Request Payment', 'Payment Handled')","('batch', ('Request Payment', 'Payment Handled'))",41,"(379, 381)"
735,735,batch,"('Request For Payment APPROVED by ADMINISTRATION', 'Request For Payment APPROVED by BUDGET OWNER')","('batch', ('Request For Payment APPROVED by ADMINISTRATION', 'Request For Payment APPROVED by BUDGET OWNER'))",5,"(380, 381)"
736,736,batch,"('Request For Payment FINAL_APPROVED by SUPERVISOR', 'Request Payment')","('batch', ('Request For Payment FINAL_APPROVED by SUPERVISOR', 'Request Payment'))",8,"(381, 382)"
737,737,batch,"('Request Payment', 'Payment Handled')","('batch', ('Request Payment', 'Payment Handled'))",26,"(381, 385)"
738,738,batch,"('Request For Payment FINAL_APPROVED by SUPERVISOR', 'Request Payment')","('batch', ('Request For Payment FINAL_APPROVED by SUPERVISOR', 'Request Payment'))",6,"(381, 386)"
739,739,batch,"('Request For Payment FINAL_APPROVED by SUPERVISOR', 'Request Payment')","('batch', ('Request For Payment FINAL_APPROVED by SUPERVISOR', 'Request Payment'))",7,"(382, 385)"
740,740,batch,"('Request Payment', 'Payment Handled')","('batch', ('Request Payment', 'Payment Handled'))",18,"(382, 385)"
741,741,batch,"('Request For Payment APPROVED by ADMINISTRATION', 'Request For Payment FINAL_APPROVED by SUPERVISOR')","('batch', ('Request For Payment APPROVED by ADMINISTRATION', 'Request For Payment FINAL_APPROVED by SUPERVISOR'))",5,"(382, 385)"
742,742,batch,"('Request For Payment FINAL_APPROVED by SUPERVISOR', 'Request Payment')","('batch', ('Request For Payment FINAL_APPROVED by SUPERVISOR', 'Request Payment'))",15,"(385, 386)"
743,743,batch,"('Request For Payment APPROVED by ADMINISTRATION', 'Request For Payment FINAL_APPROVED by SUPERVISOR')","('batch', ('Request For Payment APPROVED by ADMINISTRATION', 'Request For Payment FINAL_APPROVED by SUPERVISOR'))",6,"(385, 386)"
744,744,batch,"('Request For Payment FINAL_APPROVED by SUPERVISOR', 'Request Payment')","('batch', ('Request For Payment FINAL_APPROVED by SUPERVISOR', 'Request Payment'))",8,"(385, 388)"
745,745,batch,"('Request For Payment APPROVED by ADMINISTRATION', 'Request For Payment FINAL_APPROVED by SUPERVISOR')","('batch', ('Request For Payment APPROVED by ADMINISTRATION', 'Request For Payment FINAL_APPROVED by SUPERVISOR'))",8,"(385, 392)"
746,746,batch,"('Request For Payment SUBMITTED by EMPLOYEE', 'Request For Payment APPROVED by ADMINISTRATION')","('batch', ('Request For Payment SUBMITTED by EMPLOYEE', 'Request For Payment APPROVED by ADMINISTRATION'))",2,"(385, 415)"
747,747,batch,"('Request For Payment APPROVED by ADMINISTRATION', 'Request For Payment FINAL_APPROVED by SUPERVISOR')","('batch', ('Request For Payment APPROVED by ADMINISTRATION', 'Request For Payment FINAL_APPROVED by SUPERVISOR'))",7,"(386, 387)"
748,748,batch,"('Request For Payment APPROVED by ADMINISTRATION', 'Request For Payment APPROVED by BUDGET OWNER')","('batch', ('Request For Payment APPROVED by ADMINISTRATION', 'Request For Payment APPROVED by BUDGET OWNER'))",5,"(386, 387)"
749,749,batch,"('Request For Payment FINAL_APPROVED by SUPERVISOR', 'Request Payment')","('batch', ('Request For Payment FINAL_APPROVED by SUPERVISOR', 'Request Payment'))",6,"(386, 388)"
750,750,batch,"('Request Payment', 'Payment Handled')","('batch', ('Request Payment', 'Payment Handled'))",41,"(386, 388)"
751,751,batch,"('Request For Payment APPROVED by ADMINISTRATION', 'Request For Payment FINAL_APPROVED by SUPERVISOR')","('batch', ('Request For Payment APPROVED by ADMINISTRATION', 'Request For Payment FINAL_APPROVED by SUPERVISOR'))",6,"(386, 392)"
752,752,batch,"('Request For Payment APPROVED by ADMINISTRATION', 'Request For Payment FINAL_APPROVED by SUPERVISOR')","('batch', ('Request For Payment APPROVED by ADMINISTRATION', 'Request For Payment FINAL_APPROVED by SUPERVISOR'))",8,"(387, 388)"
753,753,batch,"('Request For Payment FINAL_APPROVED by SUPERVISOR', 'Request Payment')","('batch', ('Request For Payment FINAL_APPROVED by SUPERVISOR', 'Request Payment'))",8,"(388, 389)"
754,754,batch,"('Request For Payment APPROVED by ADMINISTRATION', 'Request For Payment FINAL_APPROVED by SUPERVISOR')","('batch', ('Request For Payment APPROVED by ADMINISTRATION', 'Request For Payment FINAL_APPROVED by SUPERVISOR'))",9,"(388, 389)"
755,755,batch,"('Request Payment', 'Payment Handled')","('batch', ('Request Payment', 'Payment Handled'))",35,"(388, 392)"
756,756,batch,"('Request For Payment SUBMITTED by EMPLOYEE', 'Request For Payment APPROVED by ADMINISTRATION')","('batch', ('Request For Payment SUBMITTED by EMPLOYEE', 'Request For Payment APPROVED by ADMINISTRATION'))",3,"(388, 423)"
757,757,batch,"('Request For Payment FINAL_APPROVED by SUPERVISOR', 'Request Payment')","('batch', ('Request For Payment FINAL_APPROVED by SUPERVISOR', 'Request Payment'))",8,"(389, 392)"
758,758,batch,"('Request Payment', 'Payment Handled')","('batch', ('Request Payment', 'Payment Handled'))",18,"(389, 392)"
759,759,batch,"('Request For Payment APPROVED by ADMINISTRATION', 'Request For Payment FINAL_APPROVED by SUPERVISOR')","('batch', ('Request For Payment APPROVED by ADMINISTRATION', 'Request For Payment FINAL_APPROVED by SUPERVISOR'))",7,"(389, 392)"
760,760,batch,"('Request For Payment FINAL_APPROVED by SUPERVISOR', 'Request Payment')","('batch', ('Request For Payment FINAL_APPROVED by SUPERVISOR', 'Request Payment'))",15,"(392, 393)"
761,761,batch,"('Request Payment', 'Payment Handled')","('batch', ('Request Payment', 'Payment Handled'))",23,"(392, 395)"
762,762,batch,"('Request For Payment APPROVED by ADMINISTRATION', 'Request For Payment APPROVED by BUDGET OWNER')","('batch', ('Request For Payment APPROVED by ADMINISTRATION', 'Request For Payment APPROVED by BUDGET OWNER'))",6,"(393, 394)"
763,763,batch,"('Request For Payment FINAL_APPROVED by SUPERVISOR', 'Request Payment')","('batch', ('Request For Payment FINAL_APPROVED by SUPERVISOR', 'Request Payment'))",10,"(393, 395)"
764,764,batch,"('Request Payment', 'Payment Handled')","('batch', ('Request Payment', 'Payment Handled'))",37,"(393, 395)"
765,765,batch,"('Request For Payment APPROVED by ADMINISTRATION', 'Request For Payment APPROVED by BUDGET OWNER')","('batch', ('Request For Payment APPROVED by ADMINISTRATION', 'Request For Payment APPROVED by BUDGET OWNER'))",4,"(393, 395)"
766,766,batch,"('Request For Payment FINAL_APPROVED by SUPERVISOR', 'Request Payment')","('batch', ('Request For Payment FINAL_APPROVED by SUPERVISOR', 'Request Payment'))",9,"(394, 395)"
767,767,batch,"('Request For Payment APPROVED by ADMINISTRATION', 'Request For Payment FINAL_APPROVED by SUPERVISOR')","('batch', ('Request For Payment APPROVED by ADMINISTRATION', 'Request For Payment FINAL_APPROVED by SUPERVISOR'))",5,"(394, 395)"
768,768,batch,"('Request For Payment APPROVED by ADMINISTRATION', 'Request For Payment APPROVED by BUDGET OWNER')","('batch', ('Request For Payment APPROVED by ADMINISTRATION', 'Request For Payment APPROVED by BUDGET OWNER'))",6,"(394, 395)"
769,769,batch,"('Request For Payment FINAL_APPROVED by SUPERVISOR', 'Request Payment')","('batch', ('Request For Payment FINAL_APPROVED by SUPERVISOR', 'Request Payment'))",16,"(395, 396)"
770,770,batch,"('Request Payment', 'Payment Handled')","('batch', ('Request Payment', 'Payment Handled'))",36,"(395, 399)"
771,771,batch,"('Request For Payment FINAL_APPROVED by SUPERVISOR', 'Request Payment')","('batch', ('Request For Payment FINAL_APPROVED by SUPERVISOR', 'Request Payment'))",6,"(395, 400)"
772,772,batch,"('Request For Payment APPROVED by ADMINISTRATION', 'Request For Payment APPROVED by BUDGET OWNER')","('batch', ('Request For Payment APPROVED by ADMINISTRATION', 'Request For Payment APPROVED by BUDGET OWNER'))",4,"(395, 400)"
773,773,batch,"('Request Payment', 'Payment Handled')","('batch', ('Request Payment', 'Payment Handled'))",20,"(396, 399)"
774,774,batch,"('Request For Payment APPROVED by ADMINISTRATION', 'Request For Payment APPROVED by BUDGET OWNER')","('batch', ('Request For Payment APPROVED by ADMINISTRATION', 'Request For Payment APPROVED by BUDGET OWNER'))",6,"(399, 400)"
775,775,batch,"('Request For Payment APPROVED by ADMINISTRATION', 'Request For Payment FINAL_APPROVED by SUPERVISOR')","('batch', ('Request For Payment APPROVED by ADMINISTRATION', 'Request For Payment FINAL_APPROVED by SUPERVISOR'))",5,"(400, 401)"
776,776,batch,"('Request For Payment APPROVED by ADMINISTRATION', 'Request For Payment APPROVED by BUDGET OWNER')","('batch', ('Request For Payment APPROVED by ADMINISTRATION', 'Request For Payment APPROVED by BUDGET OWNER'))",7,"(400, 401)"
777,777,batch,"('Request Payment', 'Payment Handled')","('batch', ('Request Payment', 'Payment Handled'))",21,"(400, 402)"
778,778,batch,"('Request For Payment FINAL_APPROVED by SUPERVISOR', 'Request Payment')","('batch', ('Request For Payment FINAL_APPROVED by SUPERVISOR', 'Request Payment'))",7,"(401, 402)"
779,779,batch,"('Request For Payment APPROVED by ADMINISTRATION', 'Request For Payment FINAL_APPROVED by SUPERVISOR')","('batch', ('Request For Payment APPROVED by ADMINISTRATION', 'Request For Payment FINAL_APPROVED by SUPERVISOR'))",5,"(402, 403)"
780,780,batch,"('Request Payment', 'Payment Handled')","('batch', ('Request Payment', 'Payment Handled'))",21,"(402, 406)"
781,781,batch,"('Request For Payment FINAL_APPROVED by SUPERVISOR', 'Request Payment')","('batch', ('Request For Payment FINAL_APPROVED by SUPERVISOR', 'Request Payment'))",7,"(402, 407)"
782,782,batch,"('Request For Payment APPROVED by ADMINISTRATION', 'Request For Payment APPROVED by BUDGET OWNER')","('batch', ('Request For Payment APPROVED by ADMINISTRATION', 'Request For Payment APPROVED by BUDGET OWNER'))",8,"(403, 406)"
783,783,batch,"('Request For Payment FINAL_APPROVED by SUPERVISOR', 'Request Payment')","('batch', ('Request For Payment FINAL_APPROVED by SUPERVISOR', 'Request Payment'))",7,"(403, 407)"
784,784,batch,"('Request For Payment SUBMITTED by EMPLOYEE', 'Request For Payment APPROVED by ADMINISTRATION')","('batch', ('Request For Payment SUBMITTED by EMPLOYEE', 'Request For Payment APPROVED by ADMINISTRATION'))",11,"(406, 408)"
785,785,batch,"('Request For Payment APPROVED by ADMINISTRATION', 'Request For Payment FINAL_APPROVED by SUPERVISOR')","('batch', ('Request For Payment APPROVED by ADMINISTRATION', 'Request For Payment FINAL_APPROVED by SUPERVISOR'))",8,"(407, 408)"
786,786,batch,"('Request For Payment FINAL_APPROVED by SUPERVISOR', 'Request Payment')","('batch', ('Request For Payment FINAL_APPROVED by SUPERVISOR', 'Request Payment'))",12,"(407, 409)"
787,787,batch,"('Request Payment', 'Payment Handled')","('batch', ('Request Payment', 'Payment Handled'))",38,"(407, 409)"
788,788,batch,"('Request For Payment FINAL_APPROVED by SUPERVISOR', 'Request Payment')","('batch', ('Request For Payment FINAL_APPROVED by SUPERVISOR', 'Request Payment'))",10,"(408, 409)"
789,789,batch,"('Request For Payment APPROVED by ADMINISTRATION', 'Request For Payment FINAL_APPROVED by SUPERVISOR')","('batch', ('Request For Payment APPROVED by ADMINISTRATION', 'Request For Payment FINAL_APPROVED by SUPERVISOR'))",5,"(408, 409)"
790,790,batch,"('Request For Payment APPROVED by ADMINISTRATION', 'Request For Payment FINAL_APPROVED by SUPERVISOR')","('batch', ('Request For Payment APPROVED by ADMINISTRATION', 'Request For Payment FINAL_APPROVED by SUPERVISOR'))",12,"(408, 410)"
791,791,batch,"('Request For Payment APPROVED by ADMINISTRATION', 'Request For Payment APPROVED by BUDGET OWNER')","('batch', ('Request For Payment APPROVED by ADMINISTRATION', 'Request For Payment APPROVED by BUDGET OWNER'))",7,"(408, 410)"
792,792,batch,"('Request For Payment APPROVED by ADMINISTRATION', 'Request For Payment APPROVED by BUDGET OWNER')","('batch', ('Request For Payment APPROVED by ADMINISTRATION', 'Request For Payment APPROVED by BUDGET OWNER'))",4,"(409, 410)"
793,793,batch,"('Request Payment', 'Payment Handled')","('batch', ('Request Payment', 'Payment Handled'))",36,"(409, 413)"
794,794,batch,"('Request For Payment APPROVED by ADMINISTRATION', 'Request For Payment FINAL_APPROVED by SUPERVISOR')","('batch', ('Request For Payment APPROVED by ADMINISTRATION', 'Request For Payment FINAL_APPROVED by SUPERVISOR'))",5,"(409, 413)"
795,795,batch,"('Request For Payment APPROVED by ADMINISTRATION', 'Request For Payment FINAL_APPROVED by SUPERVISOR')","('batch', ('Request For Payment APPROVED by ADMINISTRATION', 'Request For Payment FINAL_APPROVED by SUPERVISOR'))",8,"(410, 413)"
796,796,batch,"('Request For Payment FINAL_APPROVED by SUPERVISOR', 'Request Payment')","('batch', ('Request For Payment FINAL_APPROVED by SUPERVISOR', 'Request Payment'))",12,"(410, 414)"
797,797,batch,"('Request For Payment FINAL_APPROVED by SUPERVISOR', 'Request Payment')","('batch', ('Request For Payment FINAL_APPROVED by SUPERVISOR', 'Request Payment'))",17,"(413, 414)"
798,798,batch,"('Request For Payment FINAL_APPROVED by SUPERVISOR', 'Request Payment')","('batch', ('Request For Payment FINAL_APPROVED by SUPERVISOR', 'Request Payment'))",7,"(413, 415)"
799,799,batch,"('Request For Payment FINAL_APPROVED by SUPERVISOR', 'Request Payment')","('batch', ('Request For Payment FINAL_APPROVED by SUPERVISOR', 'Request Payment'))",6,"(413, 416)"
800,800,batch,"('Request For Payment APPROVED by ADMINISTRATION', 'Request For Payment FINAL_APPROVED by SUPERVISOR')","('batch', ('Request For Payment APPROVED by ADMINISTRATION', 'Request For Payment FINAL_APPROVED by SUPERVISOR'))",6,"(414, 415)"
801,801,batch,"('Request Payment', 'Payment Handled')","('batch', ('Request Payment', 'Payment Handled'))",47,"(414, 416)"
802,802,batch,"('Request For Payment FINAL_APPROVED by SUPERVISOR', 'Request Payment')","('batch', ('Request For Payment FINAL_APPROVED by SUPERVISOR', 'Request Payment'))",11,"(415, 416)"
803,803,batch,"('Request Payment', 'Payment Handled')","('batch', ('Request Payment', 'Payment Handled'))",18,"(415, 416)"
804,804,batch,"('Request For Payment SUBMITTED by EMPLOYEE', 'Request For Payment APPROVED by ADMINISTRATION')","('batch', ('Request For Payment SUBMITTED by EMPLOYEE', 'Request For Payment APPROVED by ADMINISTRATION'))",3,"(415, 416)"
805,805,batch,"('Request For Payment APPROVED by ADMINISTRATION', 'Request For Payment FINAL_APPROVED by SUPERVISOR')","('batch', ('Request For Payment APPROVED by ADMINISTRATION', 'Request For Payment FINAL_APPROVED by SUPERVISOR'))",8,"(416, 417)"
806,806,batch,"('Request For Payment APPROVED by ADMINISTRATION', 'Request For Payment APPROVED by BUDGET OWNER')","('batch', ('Request For Payment APPROVED by ADMINISTRATION', 'Request For Payment APPROVED by BUDGET OWNER'))",7,"(416, 417)"
807,807,batch,"('Request Payment', 'Payment Handled')","('batch', ('Request Payment', 'Payment Handled'))",25,"(416, 420)"
808,808,batch,"('Request For Payment FINAL_APPROVED by SUPERVISOR', 'Request Payment')","('batch', ('Request For Payment FINAL_APPROVED by SUPERVISOR', 'Request Payment'))",5,"(416, 421)"
809,809,batch,"('Request For Payment APPROVED by ADMINISTRATION', 'Request For Payment FINAL_APPROVED by SUPERVISOR')","('batch', ('Request For Payment APPROVED by ADMINISTRATION', 'Request For Payment FINAL_APPROVED by SUPERVISOR'))",5,"(417, 420)"
810,810,batch,"('Request For Payment APPROVED by ADMINISTRATION', 'Request For Payment APPROVED by BUDGET OWNER')","('batch', ('Request For Payment APPROVED by ADMINISTRATION', 'Request For Payment APPROVED by BUDGET OWNER'))",6,"(417, 420)"
811,811,batch,"('Request For Payment FINAL_APPROVED by SUPERVISOR', 'Request Payment')","('batch', ('Request For Payment FINAL_APPROVED by SUPERVISOR', 'Request Payment'))",6,"(417, 421)"
812,812,batch,"('Request For Payment FINAL_APPROVED by SUPERVISOR', 'Request Payment')","('batch', ('Request For Payment FINAL_APPROVED by SUPERVISOR', 'Request Payment'))",6,"(417, 422)"
813,813,batch,"('Request For Payment FINAL_APPROVED by SUPERVISOR', 'Request Payment')","('batch', ('Request For Payment FINAL_APPROVED by SUPERVISOR', 'Request Payment'))",25,"(420, 421)"
814,814,batch,"('Request For Payment FINAL_APPROVED by SUPERVISOR', 'Request Payment')","('batch', ('Request For Payment FINAL_APPROVED by SUPERVISOR', 'Request Payment'))",5,"(420, 422)"
815,815,batch,"('Request For Payment APPROVED by ADMINISTRATION', 'Request For Payment APPROVED by BUDGET OWNER')","('batch', ('Request For Payment APPROVED by ADMINISTRATION', 'Request For Payment APPROVED by BUDGET OWNER'))",5,"(421, 422)"
816,816,batch,"('Request Payment', 'Payment Handled')","('batch', ('Request Payment', 'Payment Handled'))",49,"(421, 423)"
817,817,batch,"('Request For Payment FINAL_APPROVED by SUPERVISOR', 'Request Payment')","('batch', ('Request For Payment FINAL_APPROVED by SUPERVISOR', 'Request Payment'))",13,"(422, 423)"
818,818,batch,"('Request Payment', 'Payment Handled')","('batch', ('Request Payment', 'Payment Handled'))",22,"(422, 423)"
819,819,batch,"('Request For Payment APPROVED by ADMINISTRATION', 'Request For Payment FINAL_APPROVED by SUPERVISOR')","('batch', ('Request For Payment APPROVED by ADMINISTRATION', 'Request For Payment FINAL_APPROVED by SUPERVISOR'))",6,"(423, 424)"
820,820,batch,"('Request Payment', 'Payment Handled')","('batch', ('Request Payment', 'Payment Handled'))",23,"(423, 427)"
821,821,batch,"('Request For Payment APPROVED by ADMINISTRATION', 'Request For Payment FINAL_APPROVED by SUPERVISOR')","('batch', ('Request For Payment APPROVED by ADMINISTRATION', 'Request For Payment FINAL_APPROVED by SUPERVISOR'))",7,"(424, 427)"
822,822,batch,"('Request For Payment APPROVED by ADMINISTRATION', 'Request For Payment APPROVED by BUDGET OWNER')","('batch', ('Request For Payment APPROVED by ADMINISTRATION', 'Request For Payment APPROVED by BUDGET OWNER'))",5,"(424, 427)"
823,823,batch,"('Request For Payment FINAL_APPROVED by SUPERVISOR', 'Request Payment')","('batch', ('Request For Payment FINAL_APPROVED by SUPERVISOR', 'Request Payment'))",5,"(424, 428)"
824,824,batch,"('Request For Payment SUBMITTED by EMPLOYEE', 'Request For Payment APPROVED by ADMINISTRATION')","('batch', ('Request For Payment SUBMITTED by EMPLOYEE', 'Request For Payment APPROVED by ADMINISTRATION'))",3,"(426, 428)"
825,825,batch,"('Request For Payment FINAL_APPROVED by SUPERVISOR', 'Request Payment')","('batch', ('Request For Payment FINAL_APPROVED by SUPERVISOR', 'Request Payment'))",25,"(427, 428)"
826,826,batch,"('Request For Payment FINAL_APPROVED by SUPERVISOR', 'Request Payment')","('batch', ('Request For Payment FINAL_APPROVED by SUPERVISOR', 'Request Payment'))",7,"(427, 430)"
827,827,batch,"('Request For Payment FINAL_APPROVED by SUPERVISOR', 'Request Payment')","('batch', ('Request For Payment FINAL_APPROVED by SUPERVISOR', 'Request Payment'))",6,"(428, 429)"
828,828,batch,"('Request For Payment APPROVED by ADMINISTRATION', 'Request For Payment FINAL_APPROVED by SUPERVISOR')","('batch', ('Request For Payment APPROVED by ADMINISTRATION', 'Request For Payment FINAL_APPROVED by SUPERVISOR'))",7,"(428, 429)"
829,829,batch,"('Request For Payment APPROVED by ADMINISTRATION', 'Request For Payment APPROVED by BUDGET OWNER')","('batch', ('Request For Payment APPROVED by ADMINISTRATION', 'Request For Payment APPROVED by BUDGET OWNER'))",6,"(428, 429)"
830,830,batch,"('Request For Payment FINAL_APPROVED by SUPERVISOR', 'Request Payment')","('batch', ('Request For Payment FINAL_APPROVED by SUPERVISOR', 'Request Payment'))",9,"(428, 430)"
831,831,batch,"('Request Payment', 'Payment Handled')","('batch', ('Request Payment', 'Payment Handled'))",50,"(428, 430)"
832,832,batch,"('Request For Payment SUBMITTED by EMPLOYEE', 'Request For Payment APPROVED by ADMINISTRATION')","('batch', ('Request For Payment SUBMITTED by EMPLOYEE', 'Request For Payment APPROVED by ADMINISTRATION'))",2,"(428, 454)"
833,833,batch,"('Request For Payment FINAL_APPROVED by SUPERVISOR', 'Request Payment')","('batch', ('Request For Payment FINAL_APPROVED by SUPERVISOR', 'Request Payment'))",7,"(429, 430)"
834,834,batch,"('Request For Payment FINAL_APPROVED by SUPERVISOR', 'Request Payment')","('batch', ('Request For Payment FINAL_APPROVED by SUPERVISOR', 'Request Payment'))",5,"(430, 431)"
835,835,batch,"('Request Payment', 'Payment Handled')","('batch', ('Request Payment', 'Payment Handled'))",27,"(430, 434)"
836,836,batch,"('Request For Payment FINAL_APPROVED by SUPERVISOR', 'Request Payment')","('batch', ('Request For Payment FINAL_APPROVED by SUPERVISOR', 'Request Payment'))",6,"(430, 435)"
837,837,batch,"('Request For Payment SUBMITTED by EMPLOYEE', 'Request For Payment APPROVED by ADMINISTRATION')","('batch', ('Request For Payment SUBMITTED by EMPLOYEE', 'Request For Payment APPROVED by ADMINISTRATION'))",2,"(431, 623)"
838,838,batch,"('Request For Payment FINAL_APPROVED by SUPERVISOR', 'Request Payment')","('batch', ('Request For Payment FINAL_APPROVED by SUPERVISOR', 'Request Payment'))",7,"(434, 435)"
839,839,batch,"('Request For Payment APPROVED by ADMINISTRATION', 'Request For Payment FINAL_APPROVED by SUPERVISOR')","('batch', ('Request For Payment APPROVED by ADMINISTRATION', 'Request For Payment FINAL_APPROVED by SUPERVISOR'))",6,"(434, 435)"
840,840,batch,"('Request For Payment APPROVED by ADMINISTRATION', 'Request For Payment APPROVED by BUDGET OWNER')","('batch', ('Request For Payment APPROVED by ADMINISTRATION', 'Request For Payment APPROVED by BUDGET OWNER'))",4,"(434, 435)"
841,841,batch,"('Request For Payment FINAL_APPROVED by SUPERVISOR', 'Request Payment')","('batch', ('Request For Payment FINAL_APPROVED by SUPERVISOR', 'Request Payment'))",8,"(435, 437)"
842,842,batch,"('Request Payment', 'Payment Handled')","('batch', ('Request Payment', 'Payment Handled'))",31,"(435, 437)"
843,843,batch,"('Request For Payment FINAL_APPROVED by SUPERVISOR', 'Request Payment')","('batch', ('Request For Payment FINAL_APPROVED by SUPERVISOR', 'Request Payment'))",12,"(436, 437)"
844,844,batch,"('Request For Payment APPROVED by ADMINISTRATION', 'Request For Payment APPROVED by BUDGET OWNER')","('batch', ('Request For Payment APPROVED by ADMINISTRATION', 'Request For Payment APPROVED by BUDGET OWNER'))",5,"(436, 437)"
845,845,batch,"('Request For Payment FINAL_APPROVED by SUPERVISOR', 'Request Payment')","('batch', ('Request For Payment FINAL_APPROVED by SUPERVISOR', 'Request Payment'))",7,"(437, 438)"
846,846,batch,"('Request Payment', 'Payment Handled')","('batch', ('Request Payment', 'Payment Handled'))",31,"(437, 441)"
847,847,batch,"('Request For Payment APPROVED by ADMINISTRATION', 'Request For Payment APPROVED by BUDGET OWNER')","('batch', ('Request For Payment APPROVED by ADMINISTRATION', 'Request For Payment APPROVED by BUDGET OWNER'))",4,"(438, 441)"
848,848,batch,"('Request For Payment FINAL_APPROVED by SUPERVISOR', 'Request Payment')","('batch', ('Request For Payment FINAL_APPROVED by SUPERVISOR', 'Request Payment'))",11,"(438, 442)"
849,849,batch,"('Request For Payment FINAL_APPROVED by SUPERVISOR', 'Request Payment')","('batch', ('Request For Payment FINAL_APPROVED by SUPERVISOR', 'Request Payment'))",9,"(441, 442)"
850,850,batch,"('Request For Payment FINAL_APPROVED by SUPERVISOR', 'Request Payment')","('batch', ('Request For Payment FINAL_APPROVED by SUPERVISOR', 'Request Payment'))",6,"(442, 443)"
851,851,batch,"('Request For Payment APPROVED by ADMINISTRATION', 'Request For Payment FINAL_APPROVED by SUPERVISOR')","('batch', ('Request For Payment APPROVED by ADMINISTRATION', 'Request For Payment FINAL_APPROVED by SUPERVISOR'))",5,"(442, 443)"
852,852,batch,"('Request For Payment APPROVED by ADMINISTRATION', 'Request For Payment APPROVED by BUDGET OWNER')","('batch', ('Request For Payment APPROVED by ADMINISTRATION', 'Request For Payment APPROVED by BUDGET OWNER'))",6,"(442, 443)"
853,853,batch,"('Request For Payment FINAL_APPROVED by SUPERVISOR', 'Request Payment')","('batch', ('Request For Payment FINAL_APPROVED by SUPERVISOR', 'Request Payment'))",7,"(442, 444)"
854,854,batch,"('Request Payment', 'Payment Handled')","('batch', ('Request Payment', 'Payment Handled'))",38,"(442, 444)"
855,855,batch,"('Request For Payment APPROVED by ADMINISTRATION', 'Request For Payment APPROVED by BUDGET OWNER')","('batch', ('Request For Payment APPROVED by ADMINISTRATION', 'Request For Payment APPROVED by BUDGET OWNER'))",4,"(442, 444)"
856,856,batch,"('Request For Payment FINAL_APPROVED by SUPERVISOR', 'Request Payment')","('batch', ('Request For Payment FINAL_APPROVED by SUPERVISOR', 'Request Payment'))",19,"(443, 444)"
857,857,batch,"('Request For Payment APPROVED by ADMINISTRATION', 'Request For Payment FINAL_APPROVED by SUPERVISOR')","('batch', ('Request For Payment APPROVED by ADMINISTRATION', 'Request For Payment FINAL_APPROVED by SUPERVISOR'))",7,"(443, 444)"
858,858,batch,"('Request For Payment FINAL_APPROVED by SUPERVISOR', 'Request Payment')","('batch', ('Request For Payment FINAL_APPROVED by SUPERVISOR', 'Request Payment'))",8,"(444, 449)"
859,859,batch,"('Request For Payment APPROVED by ADMINISTRATION', 'Request For Payment FINAL_APPROVED by SUPERVISOR')","('batch', ('Request For Payment APPROVED by ADMINISTRATION', 'Request For Payment FINAL_APPROVED by SUPERVISOR'))",5,"(444, 449)"
860,860,batch,"('Request Payment', 'Payment Handled')","('batch', ('Request Payment', 'Payment Handled'))",33,"(444, 451)"
861,861,delay,"('Request Payment', 'Payment Handled')","('delay', ('Request Payment', 'Payment Handled'))","(7, 33)","(444, 451)"
862,862,batch,"('Request For Payment APPROVED by ADMINISTRATION', 'Request For Payment FINAL_APPROVED by SUPERVISOR')","('batch', ('Request For Payment APPROVED by ADMINISTRATION', 'Request For Payment FINAL_APPROVED by SUPERVISOR'))",12,"(446, 449)"
863,863,batch,"('Request For Payment APPROVED by ADMINISTRATION', 'Request For Payment APPROVED by BUDGET OWNER')","('batch', ('Request For Payment APPROVED by ADMINISTRATION', 'Request For Payment APPROVED by BUDGET OWNER'))",4,"(448, 449)"
864,864,batch,"('Request For Payment FINAL_APPROVED by SUPERVISOR', 'Request Payment')","('batch', ('Request For Payment FINAL_APPROVED by SUPERVISOR', 'Request Payment'))",7,"(449, 450)"
865,865,batch,"('Request For Payment FINAL_APPROVED by SUPERVISOR', 'Request Payment')","('batch', ('Request For Payment FINAL_APPROVED by SUPERVISOR', 'Request Payment'))",16,"(449, 451)"
866,866,batch,"('Request Payment', 'Payment Handled')","('batch', ('Request Payment', 'Payment Handled'))",22,"(449, 451)"
867,867,batch,"('Request For Payment APPROVED by ADMINISTRATION', 'Request For Payment FINAL_APPROVED by SUPERVISOR')","('batch', ('Request For Payment APPROVED by ADMINISTRATION', 'Request For Payment FINAL_APPROVED by SUPERVISOR'))",8,"(449, 451)"
868,868,batch,"('Request For Payment FINAL_APPROVED by SUPERVISOR', 'Request Payment')","('batch', ('Request For Payment FINAL_APPROVED by SUPERVISOR', 'Request Payment'))",13,"(450, 451)"
869,869,batch,"('Request Payment', 'Payment Handled')","('batch', ('Request Payment', 'Payment Handled'))",25,"(450, 451)"
870,870,batch,"('Request For Payment APPROVED by ADMINISTRATION', 'Request For Payment APPROVED by BUDGET OWNER')","('batch', ('Request For Payment APPROVED by ADMINISTRATION', 'Request For Payment APPROVED by BUDGET OWNER'))",7,"(450, 451)"
871,871,batch,"('Request For Payment APPROVED by ADMINISTRATION', 'Request For Payment FINAL_APPROVED by SUPERVISOR')","('batch', ('Request For Payment APPROVED by ADMINISTRATION', 'Request For Payment FINAL_APPROVED by SUPERVISOR'))",8,"(451, 452)"
872,872,batch,"('Request For Payment APPROVED by ADMINISTRATION', 'Request For Payment APPROVED by BUDGET OWNER')","('batch', ('Request For Payment APPROVED by ADMINISTRATION', 'Request For Payment APPROVED by BUDGET OWNER'))",4,"(451, 452)"
873,873,batch,"('Request Payment', 'Payment Handled')","('batch', ('Request Payment', 'Payment Handled'))",45,"(451, 455)"
874,874,batch,"('Request For Payment FINAL_APPROVED by SUPERVISOR', 'Request Payment')","('batch', ('Request For Payment FINAL_APPROVED by SUPERVISOR', 'Request Payment'))",8,"(451, 456)"
875,875,batch,"('Request For Payment APPROVED by ADMINISTRATION', 'Request For Payment APPROVED by BUDGET OWNER')","('batch', ('Request For Payment APPROVED by ADMINISTRATION', 'Request For Payment APPROVED by BUDGET OWNER'))",5,"(451, 457)"
876,876,batch,"('Request For Payment FINAL_APPROVED by SUPERVISOR', 'Request Payment')","('batch', ('Request For Payment FINAL_APPROVED by SUPERVISOR', 'Request Payment'))",10,"(452, 456)"
877,877,batch,"('Request For Payment APPROVED by ADMINISTRATION', 'Request For Payment APPROVED by BUDGET OWNER')","('batch', ('Request For Payment APPROVED by ADMINISTRATION', 'Request For Payment APPROVED by BUDGET OWNER'))",4,"(454, 455)"
878,878,batch,"('Request For Payment FINAL_APPROVED by SUPERVISOR', 'Request Payment')","('batch', ('Request For Payment FINAL_APPROVED by SUPERVISOR', 'Request Payment'))",10,"(455, 456)"
879,879,batch,"('Request For Payment APPROVED by ADMINISTRATION', 'Request For Payment APPROVED by BUDGET OWNER')","('batch', ('Request For Payment APPROVED by ADMINISTRATION', 'Request For Payment APPROVED by BUDGET OWNER'))",4,"(455, 457)"
880,880,batch,"('Request Payment', 'Payment Handled')","('batch', ('Request Payment', 'Payment Handled'))",40,"(456, 458)"
881,881,batch,"('Request For Payment APPROVED by ADMINISTRATION', 'Request For Payment FINAL_APPROVED by SUPERVISOR')","('batch', ('Request For Payment APPROVED by ADMINISTRATION', 'Request For Payment FINAL_APPROVED by SUPERVISOR'))",6,"(456, 458)"
882,882,batch,"('Request For Payment FINAL_APPROVED by SUPERVISOR', 'Request Payment')","('batch', ('Request For Payment FINAL_APPROVED by SUPERVISOR', 'Request Payment'))",5,"(456, 462)"
883,883,batch,"('Request For Payment FINAL_APPROVED by SUPERVISOR', 'Request Payment')","('batch', ('Request For Payment FINAL_APPROVED by SUPERVISOR', 'Request Payment'))",14,"(457, 458)"
884,884,batch,"('Request For Payment FINAL_APPROVED by SUPERVISOR', 'Request Payment')","('batch', ('Request For Payment FINAL_APPROVED by SUPERVISOR', 'Request Payment'))",6,"(458, 462)"
885,885,batch,"('Request Payment', 'Payment Handled')","('batch', ('Request Payment', 'Payment Handled'))",26,"(458, 462)"
886,886,batch,"('Request For Payment FINAL_APPROVED by SUPERVISOR', 'Request Payment')","('batch', ('Request For Payment FINAL_APPROVED by SUPERVISOR', 'Request Payment'))",5,"(458, 463)"
887,887,batch,"('Request For Payment APPROVED by ADMINISTRATION', 'Request For Payment FINAL_APPROVED by SUPERVISOR')","('batch', ('Request For Payment APPROVED by ADMINISTRATION', 'Request For Payment FINAL_APPROVED by SUPERVISOR'))",10,"(458, 463)"
888,888,batch,"('Request For Payment APPROVED by ADMINISTRATION', 'Request For Payment FINAL_APPROVED by SUPERVISOR')","('batch', ('Request For Payment APPROVED by ADMINISTRATION', 'Request For Payment FINAL_APPROVED by SUPERVISOR'))",8,"(459, 462)"
889,889,batch,"('Request Payment', 'Payment Handled')","('batch', ('Request Payment', 'Payment Handled'))",25,"(462, 465)"
890,890,batch,"('Request For Payment FINAL_APPROVED by SUPERVISOR', 'Request Payment')","('batch', ('Request For Payment FINAL_APPROVED by SUPERVISOR', 'Request Payment'))",11,"(463, 464)"
891,891,batch,"('Request For Payment APPROVED by ADMINISTRATION', 'Request For Payment FINAL_APPROVED by SUPERVISOR')","('batch', ('Request For Payment APPROVED by ADMINISTRATION', 'Request For Payment FINAL_APPROVED by SUPERVISOR'))",12,"(463, 464)"
892,892,batch,"('Request For Payment APPROVED by ADMINISTRATION', 'Request For Payment APPROVED by BUDGET OWNER')","('batch', ('Request For Payment APPROVED by ADMINISTRATION', 'Request For Payment APPROVED by BUDGET OWNER'))",8,"(463, 464)"
893,893,batch,"('Request For Payment FINAL_APPROVED by SUPERVISOR', 'Request Payment')","('batch', ('Request For Payment FINAL_APPROVED by SUPERVISOR', 'Request Payment'))",7,"(463, 465)"
894,894,batch,"('Request Payment', 'Payment Handled')","('batch', ('Request Payment', 'Payment Handled'))",21,"(463, 465)"
895,895,batch,"('Request For Payment FINAL_APPROVED by SUPERVISOR', 'Request Payment')","('batch', ('Request For Payment FINAL_APPROVED by SUPERVISOR', 'Request Payment'))",14,"(464, 465)"
896,896,batch,"('Request Payment', 'Payment Handled')","('batch', ('Request Payment', 'Payment Handled'))",18,"(464, 465)"
897,897,batch,"('Request For Payment FINAL_APPROVED by SUPERVISOR', 'Request Payment')","('batch', ('Request For Payment FINAL_APPROVED by SUPERVISOR', 'Request Payment'))",7,"(465, 466)"
898,898,batch,"('Request Payment', 'Payment Handled')","('batch', ('Request Payment', 'Payment Handled'))",30,"(465, 469)"
899,899,batch,"('Request For Payment APPROVED by ADMINISTRATION', 'Request For Payment FINAL_APPROVED by SUPERVISOR')","('batch', ('Request For Payment APPROVED by ADMINISTRATION', 'Request For Payment FINAL_APPROVED by SUPERVISOR'))",5,"(465, 470)"
900,900,batch,"('Request For Payment FINAL_APPROVED by SUPERVISOR', 'Request Payment')","('batch', ('Request For Payment FINAL_APPROVED by SUPERVISOR', 'Request Payment'))",6,"(466, 469)"
901,901,batch,"('Request For Payment APPROVED by ADMINISTRATION', 'Request For Payment APPROVED by BUDGET OWNER')","('batch', ('Request For Payment APPROVED by ADMINISTRATION', 'Request For Payment APPROVED by BUDGET OWNER'))",5,"(466, 469)"
902,902,batch,"('Request For Payment APPROVED by ADMINISTRATION', 'Request For Payment FINAL_APPROVED by SUPERVISOR')","('batch', ('Request For Payment APPROVED by ADMINISTRATION', 'Request For Payment FINAL_APPROVED by SUPERVISOR'))",5,"(468, 469)"
903,903,batch,"('Request For Payment FINAL_APPROVED by SUPERVISOR', 'Request Payment')","('batch', ('Request For Payment FINAL_APPROVED by SUPERVISOR', 'Request Payment'))",12,"(469, 470)"
904,904,batch,"('Request For Payment FINAL_APPROVED by SUPERVISOR', 'Request Payment')","('batch', ('Request For Payment FINAL_APPROVED by SUPERVISOR', 'Request Payment'))",8,"(470, 472)"
905,905,batch,"('Request Payment', 'Payment Handled')","('batch', ('Request Payment', 'Payment Handled'))",41,"(470, 472)"
906,906,batch,"('Request For Payment FINAL_APPROVED by SUPERVISOR', 'Request Payment')","('batch', ('Request For Payment FINAL_APPROVED by SUPERVISOR', 'Request Payment'))",8,"(471, 472)"
907,907,batch,"('Request For Payment APPROVED by ADMINISTRATION', 'Request For Payment FINAL_APPROVED by SUPERVISOR')","('batch', ('Request For Payment APPROVED by ADMINISTRATION', 'Request For Payment FINAL_APPROVED by SUPERVISOR'))",8,"(471, 472)"
908,908,batch,"('Request For Payment APPROVED by ADMINISTRATION', 'Request For Payment APPROVED by BUDGET OWNER')","('batch', ('Request For Payment APPROVED by ADMINISTRATION', 'Request For Payment APPROVED by BUDGET OWNER'))",6,"(471, 472)"
909,909,batch,"('Request Payment', 'Payment Handled')","('batch', ('Request Payment', 'Payment Handled'))",29,"(472, 476)"
910,910,batch,"('Request For Payment FINAL_APPROVED by SUPERVISOR', 'Request Payment')","('batch', ('Request For Payment FINAL_APPROVED by SUPERVISOR', 'Request Payment'))",9,"(472, 477)"
911,911,batch,"('Request For Payment FINAL_APPROVED by SUPERVISOR', 'Request Payment')","('batch', ('Request For Payment FINAL_APPROVED by SUPERVISOR', 'Request Payment'))",15,"(476, 477)"
912,912,batch,"('Request For Payment APPROVED by ADMINISTRATION', 'Request For Payment FINAL_APPROVED by SUPERVISOR')","('batch', ('Request For Payment APPROVED by ADMINISTRATION', 'Request For Payment FINAL_APPROVED by SUPERVISOR'))",5,"(476, 477)"
913,913,batch,"('Request For Payment FINAL_APPROVED by SUPERVISOR', 'Request Payment')","('batch', ('Request For Payment FINAL_APPROVED by SUPERVISOR', 'Request Payment'))",5,"(477, 478)"
914,914,batch,"('Request For Payment FINAL_APPROVED by SUPERVISOR', 'Request Payment')","('batch', ('Request For Payment FINAL_APPROVED by SUPERVISOR', 'Request Payment'))",11,"(477, 479)"
915,915,batch,"('Request Payment', 'Payment Handled')","('batch', ('Request Payment', 'Payment Handled'))",34,"(477, 479)"
916,916,batch,"('Request For Payment APPROVED by ADMINISTRATION', 'Request For Payment FINAL_APPROVED by SUPERVISOR')","('batch', ('Request For Payment APPROVED by ADMINISTRATION', 'Request For Payment FINAL_APPROVED by SUPERVISOR'))",8,"(478, 479)"
917,917,batch,"('Request For Payment APPROVED by ADMINISTRATION', 'Request For Payment APPROVED by BUDGET OWNER')","('batch', ('Request For Payment APPROVED by ADMINISTRATION', 'Request For Payment APPROVED by BUDGET OWNER'))",4,"(478, 479)"
918,918,batch,"('Request For Payment FINAL_APPROVED by SUPERVISOR', 'Request Payment')","('batch', ('Request For Payment FINAL_APPROVED by SUPERVISOR', 'Request Payment'))",6,"(479, 480)"
919,919,batch,"('Request For Payment FINAL_APPROVED by SUPERVISOR', 'Request Payment')","('batch', ('Request For Payment FINAL_APPROVED by SUPERVISOR', 'Request Payment'))",5,"(479, 483)"
920,920,batch,"('Request Payment', 'Payment Handled')","('batch', ('Request Payment', 'Payment Handled'))",31,"(479, 483)"
921,921,batch,"('Request For Payment APPROVED by ADMINISTRATION', 'Request For Payment FINAL_APPROVED by SUPERVISOR')","('batch', ('Request For Payment APPROVED by ADMINISTRATION', 'Request For Payment FINAL_APPROVED by SUPERVISOR'))",5,"(480, 483)"
922,922,batch,"('Request For Payment FINAL_APPROVED by SUPERVISOR', 'Request Payment')","('batch', ('Request For Payment FINAL_APPROVED by SUPERVISOR', 'Request Payment'))",10,"(483, 484)"
923,923,batch,"('Request Payment', 'Payment Handled')","('batch', ('Request Payment', 'Payment Handled'))",17,"(483, 490)"
924,924,delay,"('Request Payment', 'Payment Handled')","('delay', ('Request Payment', 'Payment Handled'))","(7, 17)","(483, 490)"
925,925,batch,"('Request For Payment FINAL_APPROVED by SUPERVISOR', 'Request Payment')","('batch', ('Request For Payment FINAL_APPROVED by SUPERVISOR', 'Request Payment'))",11,"(484, 485)"
926,926,batch,"('Request For Payment FINAL_APPROVED by SUPERVISOR', 'Request Payment')","('batch', ('Request For Payment FINAL_APPROVED by SUPERVISOR', 'Request Payment'))",6,"(484, 490)"
927,927,batch,"('Request Payment', 'Payment Handled')","('batch', ('Request Payment', 'Payment Handled'))",26,"(484, 490)"
928,928,delay,"('Request Payment', 'Payment Handled')","('delay', ('Request Payment', 'Payment Handled'))","(6, 26)","(484, 490)"
929,929,batch,"('Request For Payment FINAL_APPROVED by SUPERVISOR', 'Request Payment')","('batch', ('Request For Payment FINAL_APPROVED by SUPERVISOR', 'Request Payment'))",6,"(485, 490)"
930,930,batch,"('Request Payment', 'Payment Handled')","('batch', ('Request Payment', 'Payment Handled'))",17,"(485, 490)"
931,931,batch,"('Request For Payment APPROVED by ADMINISTRATION', 'Request For Payment FINAL_APPROVED by SUPERVISOR')","('batch', ('Request For Payment APPROVED by ADMINISTRATION', 'Request For Payment FINAL_APPROVED by SUPERVISOR'))",6,"(485, 490)"
932,932,batch,"('Request For Payment FINAL_APPROVED by SUPERVISOR', 'Request Payment')","('batch', ('Request For Payment FINAL_APPROVED by SUPERVISOR', 'Request Payment'))",7,"(490, 491)"
933,933,batch,"('Request For Payment APPROVED by ADMINISTRATION', 'Request For Payment FINAL_APPROVED by SUPERVISOR')","('batch', ('Request For Payment APPROVED by ADMINISTRATION', 'Request For Payment FINAL_APPROVED by SUPERVISOR'))",6,"(490, 491)"
934,934,batch,"('Request For Payment APPROVED by ADMINISTRATION', 'Request For Payment APPROVED by BUDGET OWNER')","('batch', ('Request For Payment APPROVED by ADMINISTRATION', 'Request For Payment APPROVED by BUDGET OWNER'))",6,"(490, 491)"
935,935,batch,"('Request Payment', 'Payment Handled')","('batch', ('Request Payment', 'Payment Handled'))",26,"(490, 493)"
936,936,batch,"('Request For Payment FINAL_APPROVED by SUPERVISOR', 'Request Payment')","('batch', ('Request For Payment FINAL_APPROVED by SUPERVISOR', 'Request Payment'))",10,"(491, 492)"
937,937,batch,"('Request For Payment APPROVED by ADMINISTRATION', 'Request For Payment FINAL_APPROVED by SUPERVISOR')","('batch', ('Request For Payment APPROVED by ADMINISTRATION', 'Request For Payment FINAL_APPROVED by SUPERVISOR'))",6,"(491, 492)"
938,938,batch,"('Request For Payment FINAL_APPROVED by SUPERVISOR', 'Request Payment')","('batch', ('Request For Payment FINAL_APPROVED by SUPERVISOR', 'Request Payment'))",7,"(491, 493)"
939,939,batch,"('Request Payment', 'Payment Handled')","('batch', ('Request Payment', 'Payment Handled'))",21,"(491, 493)"
940,940,batch,"('Request For Payment FINAL_APPROVED by SUPERVISOR', 'Request Payment')","('batch', ('Request For Payment FINAL_APPROVED by SUPERVISOR', 'Request Payment'))",10,"(492, 493)"
941,941,batch,"('Request For Payment APPROVED by ADMINISTRATION', 'Request For Payment FINAL_APPROVED by SUPERVISOR')","('batch', ('Request For Payment APPROVED by ADMINISTRATION', 'Request For Payment FINAL_APPROVED by SUPERVISOR'))",5,"(492, 493)"
942,942,batch,"('Request For Payment APPROVED by ADMINISTRATION', 'Request For Payment APPROVED by BUDGET OWNER')","('batch', ('Request For Payment APPROVED by ADMINISTRATION', 'Request For Payment APPROVED by BUDGET OWNER'))",4,"(492, 493)"
943,943,batch,"('Request For Payment FINAL_APPROVED by SUPERVISOR', 'Request Payment')","('batch', ('Request For Payment FINAL_APPROVED by SUPERVISOR', 'Request Payment'))",7,"(493, 498)"
944,944,batch,"('Request Payment', 'Payment Handled')","('batch', ('Request Payment', 'Payment Handled'))",23,"(493, 500)"
945,945,delay,"('Request Payment', 'Payment Handled')","('delay', ('Request Payment', 'Payment Handled'))","(7, 23)","(493, 500)"
946,946,batch,"('Request For Payment APPROVED by ADMINISTRATION', 'Request For Payment APPROVED by BUDGET OWNER')","('batch', ('Request For Payment APPROVED by ADMINISTRATION', 'Request For Payment APPROVED by BUDGET OWNER'))",4,"(494, 499)"
947,947,batch,"('Request For Payment SUBMITTED by EMPLOYEE', 'Request For Payment APPROVED by ADMINISTRATION')","('batch', ('Request For Payment SUBMITTED by EMPLOYEE', 'Request For Payment APPROVED by ADMINISTRATION'))",3,"(498, 499)"
948,948,batch,"('Request For Payment APPROVED by ADMINISTRATION', 'Request For Payment APPROVED by BUDGET OWNER')","('batch', ('Request For Payment APPROVED by ADMINISTRATION', 'Request For Payment APPROVED by BUDGET OWNER'))",4,"(498, 499)"
949,949,batch,"('Request Payment', 'Payment Handled')","('batch', ('Request Payment', 'Payment Handled'))",23,"(498, 500)"
950,950,batch,"('Request For Payment FINAL_APPROVED by SUPERVISOR', 'Request Payment')","('batch', ('Request For Payment FINAL_APPROVED by SUPERVISOR', 'Request Payment'))",10,"(499, 500)"
951,951,batch,"('Request For Payment APPROVED by ADMINISTRATION', 'Request For Payment FINAL_APPROVED by SUPERVISOR')","('batch', ('Request For Payment APPROVED by ADMINISTRATION', 'Request For Payment FINAL_APPROVED by SUPERVISOR'))",6,"(499, 500)"
952,952,batch,"('Request For Payment APPROVED by ADMINISTRATION', 'Request For Payment APPROVED by BUDGET OWNER')","('batch', ('Request For Payment APPROVED by ADMINISTRATION', 'Request For Payment APPROVED by BUDGET OWNER'))",4,"(499, 500)"
953,953,batch,"('Request Payment', 'Payment Handled')","('batch', ('Request Payment', 'Payment Handled'))",18,"(500, 504)"
954,954,batch,"('Request For Payment APPROVED by ADMINISTRATION', 'Request For Payment FINAL_APPROVED by SUPERVISOR')","('batch', ('Request For Payment APPROVED by ADMINISTRATION', 'Request For Payment FINAL_APPROVED by SUPERVISOR'))",6,"(500, 505)"
955,955,batch,"('Request For Payment APPROVED by ADMINISTRATION', 'Request For Payment FINAL_APPROVED by SUPERVISOR')","('batch', ('Request For Payment APPROVED by ADMINISTRATION', 'Request For Payment FINAL_APPROVED by SUPERVISOR'))",5,"(501, 505)"
956,956,batch,"('Request For Payment FINAL_APPROVED by SUPERVISOR', 'Request Payment')","('batch', ('Request For Payment FINAL_APPROVED by SUPERVISOR', 'Request Payment'))",6,"(504, 505)"
957,957,batch,"('Request For Payment APPROVED by ADMINISTRATION', 'Request For Payment FINAL_APPROVED by SUPERVISOR')","('batch', ('Request For Payment APPROVED by ADMINISTRATION', 'Request For Payment FINAL_APPROVED by SUPERVISOR'))",6,"(504, 505)"
958,958,batch,"('Request For Payment APPROVED by ADMINISTRATION', 'Request For Payment APPROVED by BUDGET OWNER')","('batch', ('Request For Payment APPROVED by ADMINISTRATION', 'Request For Payment APPROVED by BUDGET OWNER'))",4,"(504, 505)"
959,959,batch,"('Request For Payment FINAL_APPROVED by SUPERVISOR', 'Request Payment')","('batch', ('Request For Payment FINAL_APPROVED by SUPERVISOR', 'Request Payment'))",8,"(505, 506)"
960,960,batch,"('Request For Payment APPROVED by ADMINISTRATION', 'Request For Payment FINAL_APPROVED by SUPERVISOR')","('batch', ('Request For Payment APPROVED by ADMINISTRATION', 'Request For Payment FINAL_APPROVED by SUPERVISOR'))",6,"(505, 506)"
961,961,batch,"('Request For Payment APPROVED by ADMINISTRATION', 'Request For Payment APPROVED by BUDGET OWNER')","('batch', ('Request For Payment APPROVED by ADMINISTRATION', 'Request For Payment APPROVED by BUDGET OWNER'))",4,"(505, 506)"
962,962,batch,"('Request For Payment FINAL_APPROVED by SUPERVISOR', 'Request Payment')","('batch', ('Request For Payment FINAL_APPROVED by SUPERVISOR', 'Request Payment'))",9,"(505, 507)"
963,963,batch,"('Request Payment', 'Payment Handled')","('batch', ('Request Payment', 'Payment Handled'))",25,"(505, 507)"
964,964,batch,"('Request For Payment FINAL_APPROVED by SUPERVISOR', 'Request Payment')","('batch', ('Request For Payment FINAL_APPROVED by SUPERVISOR', 'Request Payment'))",7,"(506, 507)"
965,965,batch,"('Request For Payment APPROVED by ADMINISTRATION', 'Request For Payment APPROVED by BUDGET OWNER')","('batch', ('Request For Payment APPROVED by ADMINISTRATION', 'Request For Payment APPROVED by BUDGET OWNER'))",6,"(506, 507)"
966,966,batch,"('Request For Payment FINAL_APPROVED by SUPERVISOR', 'Request Payment')","('batch', ('Request For Payment FINAL_APPROVED by SUPERVISOR', 'Request Payment'))",5,"(507, 511)"
967,967,batch,"('Request Payment', 'Payment Handled')","('batch', ('Request Payment', 'Payment Handled'))",24,"(507, 511)"
968,968,batch,"('Request For Payment FINAL_APPROVED by SUPERVISOR', 'Request Payment')","('batch', ('Request For Payment FINAL_APPROVED by SUPERVISOR', 'Request Payment'))",5,"(507, 512)"
969,969,batch,"('Request For Payment APPROVED by ADMINISTRATION', 'Request For Payment FINAL_APPROVED by SUPERVISOR')","('batch', ('Request For Payment APPROVED by ADMINISTRATION', 'Request For Payment FINAL_APPROVED by SUPERVISOR'))",6,"(508, 511)"
970,970,batch,"('Request For Payment APPROVED by ADMINISTRATION', 'Request For Payment APPROVED by BUDGET OWNER')","('batch', ('Request For Payment APPROVED by ADMINISTRATION', 'Request For Payment APPROVED by BUDGET OWNER'))",4,"(508, 511)"
971,971,batch,"('Request For Payment FINAL_APPROVED by SUPERVISOR', 'Request Payment')","('batch', ('Request For Payment FINAL_APPROVED by SUPERVISOR', 'Request Payment'))",7,"(508, 512)"
972,972,batch,"('Request For Payment FINAL_APPROVED by SUPERVISOR', 'Request Payment')","('batch', ('Request For Payment FINAL_APPROVED by SUPERVISOR', 'Request Payment'))",14,"(511, 512)"
973,973,batch,"('Request For Payment APPROVED by ADMINISTRATION', 'Request For Payment FINAL_APPROVED by SUPERVISOR')","('batch', ('Request For Payment APPROVED by ADMINISTRATION', 'Request For Payment FINAL_APPROVED by SUPERVISOR'))",7,"(511, 512)"
974,974,batch,"('Request For Payment APPROVED by ADMINISTRATION', 'Request For Payment FINAL_APPROVED by SUPERVISOR')","('batch', ('Request For Payment APPROVED by ADMINISTRATION', 'Request For Payment FINAL_APPROVED by SUPERVISOR'))",5,"(512, 513)"
975,975,batch,"('Request For Payment FINAL_APPROVED by SUPERVISOR', 'Request Payment')","('batch', ('Request For Payment FINAL_APPROVED by SUPERVISOR', 'Request Payment'))",6,"(512, 514)"
976,976,batch,"('Request Payment', 'Payment Handled')","('batch', ('Request Payment', 'Payment Handled'))",43,"(512, 514)"
977,977,batch,"('Request For Payment FINAL_APPROVED by SUPERVISOR', 'Request Payment')","('batch', ('Request For Payment FINAL_APPROVED by SUPERVISOR', 'Request Payment'))",11,"(513, 514)"
978,978,batch,"('Request Payment', 'Payment Handled')","('batch', ('Request Payment', 'Payment Handled'))",20,"(514, 518)"
979,979,batch,"('Request For Payment APPROVED by ADMINISTRATION', 'Request For Payment FINAL_APPROVED by SUPERVISOR')","('batch', ('Request For Payment APPROVED by ADMINISTRATION', 'Request For Payment FINAL_APPROVED by SUPERVISOR'))",7,"(514, 519)"
980,980,batch,"('Request For Payment APPROVED by ADMINISTRATION', 'Request For Payment FINAL_APPROVED by SUPERVISOR')","('batch', ('Request For Payment APPROVED by ADMINISTRATION', 'Request For Payment FINAL_APPROVED by SUPERVISOR'))",5,"(514, 520)"
981,981,batch,"('Request For Payment FINAL_APPROVED by SUPERVISOR', 'Request Payment')","('batch', ('Request For Payment FINAL_APPROVED by SUPERVISOR', 'Request Payment'))",5,"(518, 519)"
982,982,batch,"('Request For Payment FINAL_APPROVED by SUPERVISOR', 'Request Payment')","('batch', ('Request For Payment FINAL_APPROVED by SUPERVISOR', 'Request Payment'))",6,"(519, 520)"
983,983,batch,"('Request For Payment FINAL_APPROVED by SUPERVISOR', 'Request Payment')","('batch', ('Request For Payment FINAL_APPROVED by SUPERVISOR', 'Request Payment'))",17,"(519, 521)"
984,984,batch,"('Request Payment', 'Payment Handled')","('batch', ('Request Payment', 'Payment Handled'))",24,"(519, 521)"
985,985,batch,"('Request For Payment FINAL_APPROVED by SUPERVISOR', 'Request Payment')","('batch', ('Request For Payment FINAL_APPROVED by SUPERVISOR', 'Request Payment'))",13,"(520, 521)"
986,986,batch,"('Request For Payment APPROVED by ADMINISTRATION', 'Request For Payment APPROVED by BUDGET OWNER')","('batch', ('Request For Payment APPROVED by ADMINISTRATION', 'Request For Payment APPROVED by BUDGET OWNER'))",4,"(520, 521)"
987,987,batch,"('Request For Payment APPROVED by ADMINISTRATION', 'Request For Payment FINAL_APPROVED by SUPERVISOR')","('batch', ('Request For Payment APPROVED by ADMINISTRATION', 'Request For Payment FINAL_APPROVED by SUPERVISOR'))",6,"(521, 522)"
988,988,batch,"('Request Payment', 'Payment Handled')","('batch', ('Request Payment', 'Payment Handled'))",38,"(521, 525)"
989,989,batch,"('Request For Payment FINAL_APPROVED by SUPERVISOR', 'Request Payment')","('batch', ('Request For Payment FINAL_APPROVED by SUPERVISOR', 'Request Payment'))",9,"(521, 526)"
990,990,batch,"('Request For Payment FINAL_APPROVED by SUPERVISOR', 'Request Payment')","('batch', ('Request For Payment FINAL_APPROVED by SUPERVISOR', 'Request Payment'))",6,"(522, 525)"
991,991,batch,"('Request For Payment APPROVED by ADMINISTRATION', 'Request For Payment APPROVED by BUDGET OWNER')","('batch', ('Request For Payment APPROVED by ADMINISTRATION', 'Request For Payment APPROVED by BUDGET OWNER'))",5,"(522, 525)"
992,992,batch,"('Request For Payment FINAL_APPROVED by SUPERVISOR', 'Request Payment')","('batch', ('Request For Payment FINAL_APPROVED by SUPERVISOR', 'Request Payment'))",5,"(522, 526)"
993,993,batch,"('Request For Payment FINAL_APPROVED by SUPERVISOR', 'Request Payment')","('batch', ('Request For Payment FINAL_APPROVED by SUPERVISOR', 'Request Payment'))",5,"(525, 526)"
994,994,batch,"('Request Payment', 'Payment Handled')","('batch', ('Request Payment', 'Payment Handled'))",21,"(525, 528)"
995,995,batch,"('Request For Payment APPROVED by ADMINISTRATION', 'Request For Payment APPROVED by BUDGET OWNER')","('batch', ('Request For Payment APPROVED by ADMINISTRATION', 'Request For Payment APPROVED by BUDGET OWNER'))",5,"(525, 528)"
996,996,batch,"('Request For Payment FINAL_APPROVED by SUPERVISOR', 'Request Payment')","('batch', ('Request For Payment FINAL_APPROVED by SUPERVISOR', 'Request Payment'))",6,"(526, 528)"
997,997,batch,"('Request Payment', 'Payment Handled')","('batch', ('Request Payment', 'Payment Handled'))",28,"(526, 528)"
998,998,batch,"('Request For Payment FINAL_APPROVED by SUPERVISOR', 'Request Payment')","('batch', ('Request For Payment FINAL_APPROVED by SUPERVISOR', 'Request Payment'))",11,"(527, 528)"
999,999,batch,"('Request For Payment FINAL_APPROVED by SUPERVISOR', 'Request Payment')","('batch', ('Request For Payment FINAL_APPROVED by SUPERVISOR', 'Request Payment'))",9,"(528, 532)"
1000,1000,batch,"('Request Payment', 'Payment Handled')","('batch', ('Request Payment', 'Payment Handled'))",22,"(528, 532)"
1001,1001,batch,"('Request For Payment FINAL_APPROVED by SUPERVISOR', 'Request Payment')","('batch', ('Request For Payment FINAL_APPROVED by SUPERVISOR', 'Request Payment'))",6,"(528, 533)"
1002,1002,batch,"('Request For Payment SUBMITTED by EMPLOYEE', 'Request For Payment APPROVED by ADMINISTRATION')","('batch', ('Request For Payment SUBMITTED by EMPLOYEE', 'Request For Payment APPROVED by ADMINISTRATION'))",2,"(528, 610)"
1003,1003,batch,"('Request For Payment FINAL_APPROVED by SUPERVISOR', 'Request Payment')","('batch', ('Request For Payment FINAL_APPROVED by SUPERVISOR', 'Request Payment'))",5,"(532, 533)"
1004,1004,batch,"('Request For Payment APPROVED by ADMINISTRATION', 'Request For Payment APPROVED by BUDGET OWNER')","('batch', ('Request For Payment APPROVED by ADMINISTRATION', 'Request For Payment APPROVED by BUDGET OWNER'))",4,"(532, 533)"
1005,1005,batch,"('Request Payment', 'Payment Handled')","('batch', ('Request Payment', 'Payment Handled'))",19,"(532, 535)"
1006,1006,batch,"('Request For Payment APPROVED by ADMINISTRATION', 'Request For Payment APPROVED by BUDGET OWNER')","('batch', ('Request For Payment APPROVED by ADMINISTRATION', 'Request For Payment APPROVED by BUDGET OWNER'))",6,"(532, 535)"
1007,1007,batch,"('Request For Payment FINAL_APPROVED by SUPERVISOR', 'Request Payment')","('batch', ('Request For Payment FINAL_APPROVED by SUPERVISOR', 'Request Payment'))",7,"(533, 535)"
1008,1008,batch,"('Request Payment', 'Payment Handled')","('batch', ('Request Payment', 'Payment Handled'))",30,"(533, 535)"
1009,1009,batch,"('Request For Payment APPROVED by ADMINISTRATION', 'Request For Payment FINAL_APPROVED by SUPERVISOR')","('batch', ('Request For Payment APPROVED by ADMINISTRATION', 'Request For Payment FINAL_APPROVED by SUPERVISOR'))",10,"(534, 535)"
1010,1010,batch,"('Request For Payment FINAL_APPROVED by SUPERVISOR', 'Request Payment')","('batch', ('Request For Payment FINAL_APPROVED by SUPERVISOR', 'Request Payment'))",8,"(535, 540)"
1011,1011,batch,"('Request For Payment FINAL_APPROVED by SUPERVISOR', 'Request Payment')","('batch', ('Request For Payment FINAL_APPROVED by SUPERVISOR', 'Request Payment'))",6,"(536, 540)"
1012,1012,batch,"('Request For Payment SUBMITTED by EMPLOYEE', 'Request For Payment APPROVED by ADMINISTRATION')","('batch', ('Request For Payment SUBMITTED by EMPLOYEE', 'Request For Payment APPROVED by ADMINISTRATION'))",3,"(536, 540)"
1013,1013,batch,"('Request For Payment APPROVED by ADMINISTRATION', 'Request For Payment FINAL_APPROVED by SUPERVISOR')","('batch', ('Request For Payment APPROVED by ADMINISTRATION', 'Request For Payment FINAL_APPROVED by SUPERVISOR'))",7,"(538, 540)"
1014,1014,batch,"('Request For Payment FINAL_APPROVED by SUPERVISOR', 'Request Payment')","('batch', ('Request For Payment FINAL_APPROVED by SUPERVISOR', 'Request Payment'))",6,"(539, 540)"
1015,1015,batch,"('Request For Payment APPROVED by ADMINISTRATION', 'Request For Payment FINAL_APPROVED by SUPERVISOR')","('batch', ('Request For Payment APPROVED by ADMINISTRATION', 'Request For Payment FINAL_APPROVED by SUPERVISOR'))",8,"(539, 540)"
1016,1016,batch,"('Request For Payment APPROVED by ADMINISTRATION', 'Request For Payment APPROVED by BUDGET OWNER')","('batch', ('Request For Payment APPROVED by ADMINISTRATION', 'Request For Payment APPROVED by BUDGET OWNER'))",5,"(539, 540)"
1017,1017,batch,"('Request For Payment FINAL_APPROVED by SUPERVISOR', 'Request Payment')","('batch', ('Request For Payment FINAL_APPROVED by SUPERVISOR', 'Request Payment'))",13,"(540, 541)"
1018,1018,batch,"('Request For Payment APPROVED by ADMINISTRATION', 'Request For Payment FINAL_APPROVED by SUPERVISOR')","('batch', ('Request For Payment APPROVED by ADMINISTRATION', 'Request For Payment FINAL_APPROVED by SUPERVISOR'))",6,"(540, 541)"
1019,1019,batch,"('Request For Payment FINAL_APPROVED by SUPERVISOR', 'Request Payment')","('batch', ('Request For Payment FINAL_APPROVED by SUPERVISOR', 'Request Payment'))",21,"(540, 542)"
1020,1020,batch,"('Request Payment', 'Payment Handled')","('batch', ('Request Payment', 'Payment Handled'))",40,"(540, 542)"
1021,1021,batch,"('Request For Payment FINAL_APPROVED by SUPERVISOR', 'Request Payment')","('batch', ('Request For Payment FINAL_APPROVED by SUPERVISOR', 'Request Payment'))",14,"(541, 542)"
1022,1022,batch,"('Request For Payment APPROVED by ADMINISTRATION', 'Request For Payment FINAL_APPROVED by SUPERVISOR')","('batch', ('Request For Payment APPROVED by ADMINISTRATION', 'Request For Payment FINAL_APPROVED by SUPERVISOR'))",5,"(541, 542)"
1023,1023,batch,"('Request For Payment APPROVED by ADMINISTRATION', 'Request For Payment APPROVED by BUDGET OWNER')","('batch', ('Request For Payment APPROVED by ADMINISTRATION', 'Request For Payment APPROVED by BUDGET OWNER'))",5,"(542, 543)"
1024,1024,batch,"('Request Payment', 'Payment Handled')","('batch', ('Request Payment', 'Payment Handled'))",62,"(542, 546)"
1025,1025,batch,"('Request For Payment APPROVED by ADMINISTRATION', 'Request For Payment FINAL_APPROVED by SUPERVISOR')","('batch', ('Request For Payment APPROVED by ADMINISTRATION', 'Request For Payment FINAL_APPROVED by SUPERVISOR'))",5,"(542, 546)"
1026,1026,batch,"('Request For Payment APPROVED by ADMINISTRATION', 'Request For Payment APPROVED by BUDGET OWNER')","('batch', ('Request For Payment APPROVED by ADMINISTRATION', 'Request For Payment APPROVED by BUDGET OWNER'))",4,"(542, 546)"
1027,1027,batch,"('Request For Payment FINAL_APPROVED by SUPERVISOR', 'Request Payment')","('batch', ('Request For Payment FINAL_APPROVED by SUPERVISOR', 'Request Payment'))",10,"(542, 547)"
1028,1028,batch,"('Request For Payment FINAL_APPROVED by SUPERVISOR', 'Request Payment')","('batch', ('Request For Payment FINAL_APPROVED by SUPERVISOR', 'Request Payment'))",5,"(543, 547)"
1029,1029,batch,"('Request For Payment APPROVED by ADMINISTRATION', 'Request For Payment FINAL_APPROVED by SUPERVISOR')","('batch', ('Request For Payment APPROVED by ADMINISTRATION', 'Request For Payment FINAL_APPROVED by SUPERVISOR'))",5,"(544, 548)"
1030,1030,batch,"('Request For Payment FINAL_APPROVED by SUPERVISOR', 'Request Payment')","('batch', ('Request For Payment FINAL_APPROVED by SUPERVISOR', 'Request Payment'))",15,"(546, 547)"
1031,1031,batch,"('Request For Payment APPROVED by ADMINISTRATION', 'Request For Payment FINAL_APPROVED by SUPERVISOR')","('batch', ('Request For Payment APPROVED by ADMINISTRATION', 'Request For Payment FINAL_APPROVED by SUPERVISOR'))",8,"(547, 548)"
1032,1032,batch,"('Request For Payment FINAL_APPROVED by SUPERVISOR', 'Request Payment')","('batch', ('Request For Payment FINAL_APPROVED by SUPERVISOR', 'Request Payment'))",12,"(547, 549)"
1033,1033,batch,"('Request Payment', 'Payment Handled')","('batch', ('Request Payment', 'Payment Handled'))",43,"(547, 549)"
1034,1034,batch,"('Request For Payment FINAL_APPROVED by SUPERVISOR', 'Request Payment')","('batch', ('Request For Payment FINAL_APPROVED by SUPERVISOR', 'Request Payment'))",17,"(548, 549)"
1035,1035,batch,"('Request For Payment APPROVED by ADMINISTRATION', 'Request For Payment APPROVED by BUDGET OWNER')","('batch', ('Request For Payment APPROVED by ADMINISTRATION', 'Request For Payment APPROVED by BUDGET OWNER'))",6,"(548, 549)"
1036,1036,batch,"('Request For Payment APPROVED by ADMINISTRATION', 'Request For Payment FINAL_APPROVED by SUPERVISOR')","('batch', ('Request For Payment APPROVED by ADMINISTRATION', 'Request For Payment FINAL_APPROVED by SUPERVISOR'))",6,"(549, 550)"
1037,1037,batch,"('Request For Payment APPROVED by ADMINISTRATION', 'Request For Payment APPROVED by BUDGET OWNER')","('batch', ('Request For Payment APPROVED by ADMINISTRATION', 'Request For Payment APPROVED by BUDGET OWNER'))",4,"(549, 550)"
1038,1038,batch,"('Request For Payment FINAL_APPROVED by SUPERVISOR', 'Request Payment')","('batch', ('Request For Payment FINAL_APPROVED by SUPERVISOR', 'Request Payment'))",5,"(549, 553)"
1039,1039,batch,"('Request Payment', 'Payment Handled')","('batch', ('Request Payment', 'Payment Handled'))",46,"(549, 553)"
1040,1040,batch,"('Request For Payment APPROVED by ADMINISTRATION', 'Request For Payment FINAL_APPROVED by SUPERVISOR')","('batch', ('Request For Payment APPROVED by ADMINISTRATION', 'Request For Payment FINAL_APPROVED by SUPERVISOR'))",6,"(550, 569)"
1041,1041,batch,"('Request For Payment APPROVED by ADMINISTRATION', 'Request For Payment FINAL_APPROVED by SUPERVISOR')","('batch', ('Request For Payment APPROVED by ADMINISTRATION', 'Request For Payment FINAL_APPROVED by SUPERVISOR'))",7,"(552, 555)"
1042,1042,batch,"('Request Payment', 'Payment Handled')","('batch', ('Request Payment', 'Payment Handled'))",20,"(553, 556)"
1043,1043,batch,"('Request For Payment APPROVED by ADMINISTRATION', 'Request For Payment FINAL_APPROVED by SUPERVISOR')","('batch', ('Request For Payment APPROVED by ADMINISTRATION', 'Request For Payment FINAL_APPROVED by SUPERVISOR'))",5,"(554, 555)"
1044,1044,batch,"('Request Payment', 'Payment Handled')","('batch', ('Request Payment', 'Payment Handled'))",18,"(554, 556)"
1045,1045,batch,"('Request For Payment FINAL_APPROVED by SUPERVISOR', 'Request Payment')","('batch', ('Request For Payment FINAL_APPROVED by SUPERVISOR', 'Request Payment'))",12,"(555, 556)"
1046,1046,batch,"('Request For Payment APPROVED by ADMINISTRATION', 'Request For Payment FINAL_APPROVED by SUPERVISOR')","('batch', ('Request For Payment APPROVED by ADMINISTRATION', 'Request For Payment FINAL_APPROVED by SUPERVISOR'))",6,"(555, 556)"
1047,1047,batch,"('Request For Payment APPROVED by ADMINISTRATION', 'Request For Payment APPROVED by BUDGET OWNER')","('batch', ('Request For Payment APPROVED by ADMINISTRATION', 'Request For Payment APPROVED by BUDGET OWNER'))",4,"(555, 556)"
1048,1048,batch,"('Request For Payment FINAL_APPROVED by SUPERVISOR', 'Request Payment')","('batch', ('Request For Payment FINAL_APPROVED by SUPERVISOR', 'Request Payment'))",5,"(556, 557)"
1049,1049,batch,"('Request Payment', 'Payment Handled')","('batch', ('Request Payment', 'Payment Handled'))",29,"(556, 560)"
1050,1050,batch,"('Request For Payment FINAL_APPROVED by SUPERVISOR', 'Request Payment')","('batch', ('Request For Payment FINAL_APPROVED by SUPERVISOR', 'Request Payment'))",8,"(556, 561)"
1051,1051,batch,"('Request For Payment FINAL_APPROVED by SUPERVISOR', 'Request Payment')","('batch', ('Request For Payment FINAL_APPROVED by SUPERVISOR', 'Request Payment'))",9,"(560, 561)"
1052,1052,batch,"('Request For Payment FINAL_APPROVED by SUPERVISOR', 'Request Payment')","('batch', ('Request For Payment FINAL_APPROVED by SUPERVISOR', 'Request Payment'))",6,"(561, 563)"
1053,1053,batch,"('Request Payment', 'Payment Handled')","('batch', ('Request Payment', 'Payment Handled'))",25,"(561, 563)"
1054,1054,batch,"('Request For Payment FINAL_APPROVED by SUPERVISOR', 'Request Payment')","('batch', ('Request For Payment FINAL_APPROVED by SUPERVISOR', 'Request Payment'))",7,"(561, 567)"
1055,1055,batch,"('Request For Payment SUBMITTED by EMPLOYEE', 'Request For Payment APPROVED by ADMINISTRATION')","('batch', ('Request For Payment SUBMITTED by EMPLOYEE', 'Request For Payment APPROVED by ADMINISTRATION'))",2,"(567, 569)"
1056,1056,batch,"('Request For Payment FINAL_APPROVED by SUPERVISOR', 'Request Payment')","('batch', ('Request For Payment FINAL_APPROVED by SUPERVISOR', 'Request Payment'))",10,"(569, 570)"
1057,1057,batch,"('Request For Payment FINAL_APPROVED by SUPERVISOR', 'Request Payment')","('batch', ('Request For Payment FINAL_APPROVED by SUPERVISOR', 'Request Payment'))",5,"(569, 588)"
1058,1058,batch,"('Request For Payment FINAL_APPROVED by SUPERVISOR', 'Request Payment')","('batch', ('Request For Payment FINAL_APPROVED by SUPERVISOR', 'Request Payment'))",5,"(570, 574)"
1059,1059,batch,"('Request Payment', 'Payment Handled')","('batch', ('Request Payment', 'Payment Handled'))",29,"(570, 574)"
1060,1060,batch,"('Request Payment', 'Payment Handled')","('batch', ('Request Payment', 'Payment Handled'))",19,"(574, 577)"
1061,1061,batch,"('Request For Payment SUBMITTED by EMPLOYEE', 'Request For Payment APPROVED by ADMINISTRATION')","('batch', ('Request For Payment SUBMITTED by EMPLOYEE', 'Request For Payment APPROVED by ADMINISTRATION'))",3,"(578, 581)"
1062,1062,batch,"('Request Payment', 'Payment Handled')","('batch', ('Request Payment', 'Payment Handled'))",20,"(581, 584)"
1063,1063,batch,"('Request For Payment FINAL_APPROVED by SUPERVISOR', 'Request Payment')","('batch', ('Request For Payment FINAL_APPROVED by SUPERVISOR', 'Request Payment'))",5,"(584, 588)"
1064,1064,batch,"('Request Payment', 'Payment Handled')","('batch', ('Request Payment', 'Payment Handled'))",17,"(584, 588)"
1065,1065,batch,"('Request For Payment APPROVED by ADMINISTRATION', 'Request For Payment APPROVED by BUDGET OWNER')","('batch', ('Request For Payment APPROVED by ADMINISTRATION', 'Request For Payment APPROVED by BUDGET OWNER'))",7,"(585, 588)"
1066,1066,batch,"('Request Payment', 'Payment Handled')","('batch', ('Request Payment', 'Payment Handled'))",21,"(588, 591)"
1067,1067,batch,"('Request For Payment FINAL_APPROVED by SUPERVISOR', 'Request Payment')","('batch', ('Request For Payment FINAL_APPROVED by SUPERVISOR', 'Request Payment'))",9,"(590, 591)"
1068,1068,batch,"('Request For Payment APPROVED by ADMINISTRATION', 'Request For Payment FINAL_APPROVED by SUPERVISOR')","('batch', ('Request For Payment APPROVED by ADMINISTRATION', 'Request For Payment FINAL_APPROVED by SUPERVISOR'))",10,"(591, 592)"
1069,1069,batch,"('Request For Payment APPROVED by ADMINISTRATION', 'Request For Payment APPROVED by BUDGET OWNER')","('batch', ('Request For Payment APPROVED by ADMINISTRATION', 'Request For Payment APPROVED by BUDGET OWNER'))",5,"(591, 592)"
1070,1070,batch,"('Request Payment', 'Payment Handled')","('batch', ('Request Payment', 'Payment Handled'))",29,"(591, 595)"
1071,1071,batch,"('Request For Payment APPROVED by ADMINISTRATION', 'Request For Payment FINAL_APPROVED by SUPERVISOR')","('batch', ('Request For Payment APPROVED by ADMINISTRATION', 'Request For Payment FINAL_APPROVED by SUPERVISOR'))",10,"(591, 598)"
1072,1072,delay,"('Request For Payment APPROVED by ADMINISTRATION', 'Request For Payment FINAL_APPROVED by SUPERVISOR')","('delay', ('Request For Payment APPROVED by ADMINISTRATION', 'Request For Payment FINAL_APPROVED by SUPERVISOR'))","(7, 10)","(591, 598)"
1073,1073,batch,"('Request For Payment FINAL_APPROVED by SUPERVISOR', 'Request Payment')","('batch', ('Request For Payment FINAL_APPROVED by SUPERVISOR', 'Request Payment'))",9,"(592, 595)"
1074,1074,batch,"('Request For Payment FINAL_APPROVED by SUPERVISOR', 'Request Payment')","('batch', ('Request For Payment FINAL_APPROVED by SUPERVISOR', 'Request Payment'))",7,"(592, 596)"
1075,1075,batch,"('Request For Payment FINAL_APPROVED by SUPERVISOR', 'Request Payment')","('batch', ('Request For Payment FINAL_APPROVED by SUPERVISOR', 'Request Payment'))",7,"(595, 596)"
1076,1076,batch,"('Request For Payment APPROVED by ADMINISTRATION', 'Request For Payment FINAL_APPROVED by SUPERVISOR')","('batch', ('Request For Payment APPROVED by ADMINISTRATION', 'Request For Payment FINAL_APPROVED by SUPERVISOR'))",8,"(595, 596)"
1077,1077,batch,"('Request For Payment FINAL_APPROVED by SUPERVISOR', 'Request Payment')","('batch', ('Request For Payment FINAL_APPROVED by SUPERVISOR', 'Request Payment'))",10,"(596, 597)"
1078,1078,batch,"('Request For Payment FINAL_APPROVED by SUPERVISOR', 'Request Payment')","('batch', ('Request For Payment FINAL_APPROVED by SUPERVISOR', 'Request Payment'))",8,"(596, 598)"
1079,1079,batch,"('Request Payment', 'Payment Handled')","('batch', ('Request Payment', 'Payment Handled'))",24,"(596, 598)"
1080,1080,batch,"('Request For Payment APPROVED by ADMINISTRATION', 'Request For Payment FINAL_APPROVED by SUPERVISOR')","('batch', ('Request For Payment APPROVED by ADMINISTRATION', 'Request For Payment FINAL_APPROVED by SUPERVISOR'))",6,"(596, 598)"
1081,1081,batch,"('Request For Payment APPROVED by ADMINISTRATION', 'Request For Payment APPROVED by BUDGET OWNER')","('batch', ('Request For Payment APPROVED by ADMINISTRATION', 'Request For Payment APPROVED by BUDGET OWNER'))",4,"(596, 598)"
1082,1082,batch,"('Request For Payment APPROVED by ADMINISTRATION', 'Request For Payment APPROVED by BUDGET OWNER')","('batch', ('Request For Payment APPROVED by ADMINISTRATION', 'Request For Payment APPROVED by BUDGET OWNER'))",4,"(597, 599)"
1083,1083,batch,"('Request Payment', 'Payment Handled')","('batch', ('Request Payment', 'Payment Handled'))",20,"(597, 602)"
1084,1084,batch,"('Request For Payment FINAL_APPROVED by SUPERVISOR', 'Request Payment')","('batch', ('Request For Payment FINAL_APPROVED by SUPERVISOR', 'Request Payment'))",5,"(598, 599)"
1085,1085,batch,"('Request For Payment APPROVED by ADMINISTRATION', 'Request For Payment APPROVED by BUDGET OWNER')","('batch', ('Request For Payment APPROVED by ADMINISTRATION', 'Request For Payment APPROVED by BUDGET OWNER'))",5,"(598, 599)"
1086,1086,batch,"('Request Payment', 'Payment Handled')","('batch', ('Request Payment', 'Payment Handled'))",33,"(598, 602)"
1087,1087,batch,"('Request For Payment FINAL_APPROVED by SUPERVISOR', 'Request Payment')","('batch', ('Request For Payment FINAL_APPROVED by SUPERVISOR', 'Request Payment'))",5,"(602, 603)"
1088,1088,batch,"('Request For Payment APPROVED by ADMINISTRATION', 'Request For Payment FINAL_APPROVED by SUPERVISOR')","('batch', ('Request For Payment APPROVED by ADMINISTRATION', 'Request For Payment FINAL_APPROVED by SUPERVISOR'))",7,"(603, 604)"
1089,1089,batch,"('Request Payment', 'Payment Handled')","('batch', ('Request Payment', 'Payment Handled'))",24,"(603, 605)"
1090,1090,batch,"('Request For Payment FINAL_APPROVED by SUPERVISOR', 'Request Payment')","('batch', ('Request For Payment FINAL_APPROVED by SUPERVISOR', 'Request Payment'))",9,"(604, 605)"
1091,1091,batch,"('Request For Payment APPROVED by ADMINISTRATION', 'Request For Payment FINAL_APPROVED by SUPERVISOR')","('batch', ('Request For Payment APPROVED by ADMINISTRATION', 'Request For Payment FINAL_APPROVED by SUPERVISOR'))",5,"(604, 605)"
1092,1092,batch,"('Request For Payment APPROVED by ADMINISTRATION', 'Request For Payment APPROVED by BUDGET OWNER')","('batch', ('Request For Payment APPROVED by ADMINISTRATION', 'Request For Payment APPROVED by BUDGET OWNER'))",4,"(604, 605)"
1093,1093,batch,"('Request For Payment FINAL_APPROVED by SUPERVISOR', 'Request Payment')","('batch', ('Request For Payment FINAL_APPROVED by SUPERVISOR', 'Request Payment'))",5,"(604, 610)"
1094,1094,batch,"('Request For Payment FINAL_APPROVED by SUPERVISOR', 'Request Payment')","('batch', ('Request For Payment FINAL_APPROVED by SUPERVISOR', 'Request Payment'))",5,"(605, 609)"
1095,1095,batch,"('Request Payment', 'Payment Handled')","('batch', ('Request Payment', 'Payment Handled'))",20,"(605, 609)"
1096,1096,batch,"('Request For Payment FINAL_APPROVED by SUPERVISOR', 'Request Payment')","('batch', ('Request For Payment FINAL_APPROVED by SUPERVISOR', 'Request Payment'))",6,"(605, 610)"
1097,1097,batch,"('Request For Payment FINAL_APPROVED by SUPERVISOR', 'Request Payment')","('batch', ('Request For Payment FINAL_APPROVED by SUPERVISOR', 'Request Payment'))",7,"(609, 610)"
1098,1098,batch,"('Request For Payment APPROVED by ADMINISTRATION', 'Request For Payment FINAL_APPROVED by SUPERVISOR')","('batch', ('Request For Payment APPROVED by ADMINISTRATION', 'Request For Payment FINAL_APPROVED by SUPERVISOR'))",6,"(609, 610)"
1099,1099,batch,"('Request For Payment SUBMITTED by EMPLOYEE', 'Request For Payment APPROVED by ADMINISTRATION')","('batch', ('Request For Payment SUBMITTED by EMPLOYEE', 'Request For Payment APPROVED by ADMINISTRATION'))",2,"(610, 611)"
1100,1100,batch,"('Request For Payment APPROVED by ADMINISTRATION', 'Request For Payment FINAL_APPROVED by SUPERVISOR')","('batch', ('Request For Payment APPROVED by ADMINISTRATION', 'Request For Payment FINAL_APPROVED by SUPERVISOR'))",8,"(610, 611)"
1101,1101,batch,"('Request For Payment FINAL_APPROVED by SUPERVISOR', 'Request Payment')","('batch', ('Request For Payment FINAL_APPROVED by SUPERVISOR', 'Request Payment'))",5,"(610, 612)"
1102,1102,batch,"('Request Payment', 'Payment Handled')","('batch', ('Request Payment', 'Payment Handled'))",38,"(610, 612)"
1103,1103,batch,"('Request For Payment FINAL_APPROVED by SUPERVISOR', 'Request Payment')","('batch', ('Request For Payment FINAL_APPROVED by SUPERVISOR', 'Request Payment'))",21,"(611, 612)"
1104,1104,batch,"('Request For Payment APPROVED by ADMINISTRATION', 'Request For Payment FINAL_APPROVED by SUPERVISOR')","('batch', ('Request For Payment APPROVED by ADMINISTRATION', 'Request For Payment FINAL_APPROVED by SUPERVISOR'))",6,"(611, 612)"
1105,1105,batch,"('Request For Payment FINAL_APPROVED by SUPERVISOR', 'Request Payment')","('batch', ('Request For Payment FINAL_APPROVED by SUPERVISOR', 'Request Payment'))",27,"(611, 613)"
1106,1106,batch,"('Request Payment', 'Payment Handled')","('batch', ('Request Payment', 'Payment Handled'))",39,"(612, 616)"
1107,1107,batch,"('Request For Payment APPROVED by ADMINISTRATION', 'Request For Payment APPROVED by BUDGET OWNER')","('batch', ('Request For Payment APPROVED by ADMINISTRATION', 'Request For Payment APPROVED by BUDGET OWNER'))",4,"(612, 616)"
1108,1108,batch,"('Request For Payment FINAL_APPROVED by SUPERVISOR', 'Request Payment')","('batch', ('Request For Payment FINAL_APPROVED by SUPERVISOR', 'Request Payment'))",10,"(612, 617)"
1109,1109,batch,"('Request For Payment APPROVED by ADMINISTRATION', 'Request For Payment FINAL_APPROVED by SUPERVISOR')","('batch', ('Request For Payment APPROVED by ADMINISTRATION', 'Request For Payment FINAL_APPROVED by SUPERVISOR'))",5,"(612, 619)"
1110,1110,batch,"('Request For Payment FINAL_APPROVED by SUPERVISOR', 'Request Payment')","('batch', ('Request For Payment FINAL_APPROVED by SUPERVISOR', 'Request Payment'))",5,"(613, 617)"
1111,1111,batch,"('Request Payment', 'Payment Handled')","('batch', ('Request Payment', 'Payment Handled'))",32,"(613, 619)"
1112,1112,batch,"('Request For Payment APPROVED by ADMINISTRATION', 'Request For Payment FINAL_APPROVED by SUPERVISOR')","('batch', ('Request For Payment APPROVED by ADMINISTRATION', 'Request For Payment FINAL_APPROVED by SUPERVISOR'))",5,"(613, 619)"
1113,1113,delay,"('Request Payment', 'Payment Handled')","('delay', ('Request Payment', 'Payment Handled'))","(6, 32)","(613, 619)"
1114,1114,batch,"('Request For Payment APPROVED by ADMINISTRATION', 'Request For Payment FINAL_APPROVED by SUPERVISOR')","('batch', ('Request For Payment APPROVED by ADMINISTRATION', 'Request For Payment FINAL_APPROVED by SUPERVISOR'))",5,"(613, 626)"
1115,1115,batch,"('Request For Payment FINAL_APPROVED by SUPERVISOR', 'Request Payment')","('batch', ('Request For Payment FINAL_APPROVED by SUPERVISOR', 'Request Payment'))",7,"(616, 617)"
1116,1116,batch,"('Request For Payment APPROVED by ADMINISTRATION', 'Request For Payment FINAL_APPROVED by SUPERVISOR')","('batch', ('Request For Payment APPROVED by ADMINISTRATION', 'Request For Payment FINAL_APPROVED by SUPERVISOR'))",5,"(616, 617)"
1117,1117,batch,"('Request Payment', 'Payment Handled')","('batch', ('Request Payment', 'Payment Handled'))",35,"(617, 619)"
1118,1118,batch,"('Request For Payment FINAL_APPROVED by SUPERVISOR', 'Request Payment')","('batch', ('Request For Payment FINAL_APPROVED by SUPERVISOR', 'Request Payment'))",9,"(618, 619)"
1119,1119,batch,"('Request For Payment APPROVED by ADMINISTRATION', 'Request For Payment FINAL_APPROVED by SUPERVISOR')","('batch', ('Request For Payment APPROVED by ADMINISTRATION', 'Request For Payment FINAL_APPROVED by SUPERVISOR'))",5,"(619, 620)"
1120,1120,batch,"('Request For Payment APPROVED by ADMINISTRATION', 'Request For Payment APPROVED by BUDGET OWNER')","('batch', ('Request For Payment APPROVED by ADMINISTRATION', 'Request For Payment APPROVED by BUDGET OWNER'))",4,"(619, 620)"
1121,1121,batch,"('Request Payment', 'Payment Handled')","('batch', ('Request Payment', 'Payment Handled'))",25,"(619, 623)"
1122,1122,batch,"('Request For Payment APPROVED by ADMINISTRATION', 'Request For Payment FINAL_APPROVED by SUPERVISOR')","('batch', ('Request For Payment APPROVED by ADMINISTRATION', 'Request For Payment FINAL_APPROVED by SUPERVISOR'))",5,"(619, 626)"
1123,1123,batch,"('Request For Payment FINAL_APPROVED by SUPERVISOR', 'Request Payment')","('batch', ('Request For Payment FINAL_APPROVED by SUPERVISOR', 'Request Payment'))",8,"(619, 646)"
1124,1124,batch,"('Request For Payment SUBMITTED by EMPLOYEE', 'Request For Payment APPROVED by ADMINISTRATION')","('batch', ('Request For Payment SUBMITTED by EMPLOYEE', 'Request For Payment APPROVED by ADMINISTRATION'))",4,"(620, 623)"
1125,1125,batch,"('Request For Payment FINAL_APPROVED by SUPERVISOR', 'Request Payment')","('batch', ('Request For Payment FINAL_APPROVED by SUPERVISOR', 'Request Payment'))",5,"(620, 624)"
1126,1126,batch,"('Request For Payment FINAL_APPROVED by SUPERVISOR', 'Request Payment')","('batch', ('Request For Payment FINAL_APPROVED by SUPERVISOR', 'Request Payment'))",6,"(623, 624)"
1127,1127,batch,"('Request For Payment SUBMITTED by EMPLOYEE', 'Request For Payment APPROVED by ADMINISTRATION')","('batch', ('Request For Payment SUBMITTED by EMPLOYEE', 'Request For Payment APPROVED by ADMINISTRATION'))",2,"(623, 624)"
1128,1128,batch,"('Request For Payment APPROVED by ADMINISTRATION', 'Request For Payment APPROVED by BUDGET OWNER')","('batch', ('Request For Payment APPROVED by ADMINISTRATION', 'Request For Payment APPROVED by BUDGET OWNER'))",8,"(623, 625)"
1129,1129,batch,"('Request For Payment APPROVED by ADMINISTRATION', 'Request For Payment FINAL_APPROVED by SUPERVISOR')","('batch', ('Request For Payment APPROVED by ADMINISTRATION', 'Request For Payment FINAL_APPROVED by SUPERVISOR'))",7,"(623, 626)"
1130,1130,batch,"('Request Payment', 'Payment Handled')","('batch', ('Request Payment', 'Payment Handled'))",22,"(624, 626)"
1131,1131,batch,"('Request For Payment APPROVED by ADMINISTRATION', 'Request For Payment FINAL_APPROVED by SUPERVISOR')","('batch', ('Request For Payment APPROVED by ADMINISTRATION', 'Request For Payment FINAL_APPROVED by SUPERVISOR'))",7,"(624, 626)"
1132,1132,batch,"('Request For Payment APPROVED by ADMINISTRATION', 'Request For Payment APPROVED by BUDGET OWNER')","('batch', ('Request For Payment APPROVED by ADMINISTRATION', 'Request For Payment APPROVED by BUDGET OWNER'))",6,"(624, 626)"
1133,1133,batch,"('Request For Payment FINAL_APPROVED by SUPERVISOR', 'Request Payment')","('batch', ('Request For Payment FINAL_APPROVED by SUPERVISOR', 'Request Payment'))",7,"(625, 626)"
1134,1134,batch,"('Request For Payment APPROVED by ADMINISTRATION', 'Request For Payment FINAL_APPROVED by SUPERVISOR')","('batch', ('Request For Payment APPROVED by ADMINISTRATION', 'Request For Payment FINAL_APPROVED by SUPERVISOR'))",11,"(625, 626)"
1135,1135,batch,"('Request For Payment APPROVED by ADMINISTRATION', 'Request For Payment APPROVED by BUDGET OWNER')","('batch', ('Request For Payment APPROVED by ADMINISTRATION', 'Request For Payment APPROVED by BUDGET OWNER'))",4,"(625, 630)"
1136,1136,batch,"('Request For Payment FINAL_APPROVED by SUPERVISOR', 'Request Payment')","('batch', ('Request For Payment FINAL_APPROVED by SUPERVISOR', 'Request Payment'))",21,"(626, 627)"
1137,1137,batch,"('Request For Payment APPROVED by ADMINISTRATION', 'Request For Payment FINAL_APPROVED by SUPERVISOR')","('batch', ('Request For Payment APPROVED by ADMINISTRATION', 'Request For Payment FINAL_APPROVED by SUPERVISOR'))",6,"(626, 627)"
1138,1138,batch,"('Request For Payment FINAL_APPROVED by SUPERVISOR', 'Request Payment')","('batch', ('Request For Payment FINAL_APPROVED by SUPERVISOR', 'Request Payment'))",7,"(626, 630)"
1139,1139,batch,"('Request Payment', 'Payment Handled')","('batch', ('Request Payment', 'Payment Handled'))",22,"(626, 630)"
1140,1140,batch,"('Request For Payment FINAL_APPROVED by SUPERVISOR', 'Request Payment')","('batch', ('Request For Payment FINAL_APPROVED by SUPERVISOR', 'Request Payment'))",7,"(626, 631)"
1141,1141,batch,"('Request For Payment FINAL_APPROVED by SUPERVISOR', 'Request Payment')","('batch', ('Request For Payment FINAL_APPROVED by SUPERVISOR', 'Request Payment'))",6,"(626, 659)"
1142,1142,batch,"('Request Payment', 'Payment Handled')","('batch', ('Request Payment', 'Payment Handled'))",36,"(627, 630)"
1143,1143,batch,"('Request For Payment APPROVED by ADMINISTRATION', 'Request For Payment APPROVED by BUDGET OWNER')","('batch', ('Request For Payment APPROVED by ADMINISTRATION', 'Request For Payment APPROVED by BUDGET OWNER'))",4,"(627, 630)"
1144,1144,batch,"('Request For Payment FINAL_APPROVED by SUPERVISOR', 'Request Payment')","('batch', ('Request For Payment FINAL_APPROVED by SUPERVISOR', 'Request Payment'))",20,"(630, 631)"
1145,1145,batch,"('Request For Payment APPROVED by ADMINISTRATION', 'Request For Payment FINAL_APPROVED by SUPERVISOR')","('batch', ('Request For Payment APPROVED by ADMINISTRATION', 'Request For Payment FINAL_APPROVED by SUPERVISOR'))",5,"(630, 631)"
1146,1146,batch,"('Request For Payment APPROVED by ADMINISTRATION', 'Request For Payment APPROVED by BUDGET OWNER')","('batch', ('Request For Payment APPROVED by ADMINISTRATION', 'Request For Payment APPROVED by BUDGET OWNER'))",4,"(630, 631)"
1147,1147,batch,"('Request Payment', 'Payment Handled')","('batch', ('Request Payment', 'Payment Handled'))",17,"(630, 633)"
1148,1148,batch,"('Request For Payment APPROVED by ADMINISTRATION', 'Request For Payment FINAL_APPROVED by SUPERVISOR')","('batch', ('Request For Payment APPROVED by ADMINISTRATION', 'Request For Payment FINAL_APPROVED by SUPERVISOR'))",7,"(631, 632)"
1149,1149,batch,"('Request For Payment FINAL_APPROVED by SUPERVISOR', 'Request Payment')","('batch', ('Request For Payment FINAL_APPROVED by SUPERVISOR', 'Request Payment'))",11,"(631, 633)"
1150,1150,batch,"('Request Payment', 'Payment Handled')","('batch', ('Request Payment', 'Payment Handled'))",53,"(631, 633)"
1151,1151,batch,"('Request For Payment FINAL_APPROVED by SUPERVISOR', 'Request Payment')","('batch', ('Request For Payment FINAL_APPROVED by SUPERVISOR', 'Request Payment'))",6,"(631, 634)"
1152,1152,batch,"('Request For Payment FINAL_APPROVED by SUPERVISOR', 'Request Payment')","('batch', ('Request For Payment FINAL_APPROVED by SUPERVISOR', 'Request Payment'))",7,"(632, 633)"
1153,1153,batch,"('Request For Payment FINAL_APPROVED by SUPERVISOR', 'Request Payment')","('batch', ('Request For Payment FINAL_APPROVED by SUPERVISOR', 'Request Payment'))",5,"(633, 634)"
1154,1154,batch,"('Request For Payment APPROVED by ADMINISTRATION', 'Request For Payment APPROVED by BUDGET OWNER')","('batch', ('Request For Payment APPROVED by ADMINISTRATION', 'Request For Payment APPROVED by BUDGET OWNER'))",5,"(633, 634)"
1155,1155,batch,"('Request For Payment FINAL_APPROVED by SUPERVISOR', 'Request Payment')","('batch', ('Request For Payment FINAL_APPROVED by SUPERVISOR', 'Request Payment'))",6,"(633, 637)"
1156,1156,batch,"('Request Payment', 'Payment Handled')","('batch', ('Request Payment', 'Payment Handled'))",37,"(633, 637)"
1157,1157,batch,"('Request For Payment APPROVED by ADMINISTRATION', 'Request For Payment FINAL_APPROVED by SUPERVISOR')","('batch', ('Request For Payment APPROVED by ADMINISTRATION', 'Request For Payment FINAL_APPROVED by SUPERVISOR'))",8,"(633, 637)"
1158,1158,batch,"('Request For Payment FINAL_APPROVED by SUPERVISOR', 'Request Payment')","('batch', ('Request For Payment FINAL_APPROVED by SUPERVISOR', 'Request Payment'))",5,"(634, 637)"
1159,1159,batch,"('Request For Payment APPROVED by ADMINISTRATION', 'Request For Payment FINAL_APPROVED by SUPERVISOR')","('batch', ('Request For Payment APPROVED by ADMINISTRATION', 'Request For Payment FINAL_APPROVED by SUPERVISOR'))",5,"(634, 637)"
1160,1160,batch,"('Request For Payment APPROVED by ADMINISTRATION', 'Request For Payment APPROVED by BUDGET OWNER')","('batch', ('Request For Payment APPROVED by ADMINISTRATION', 'Request For Payment APPROVED by BUDGET OWNER'))",6,"(634, 637)"
1161,1161,batch,"('Request For Payment FINAL_APPROVED by SUPERVISOR', 'Request Payment')","('batch', ('Request For Payment FINAL_APPROVED by SUPERVISOR', 'Request Payment'))",15,"(637, 638)"
1162,1162,batch,"('Request For Payment APPROVED by ADMINISTRATION', 'Request For Payment FINAL_APPROVED by SUPERVISOR')","('batch', ('Request For Payment APPROVED by ADMINISTRATION', 'Request For Payment FINAL_APPROVED by SUPERVISOR'))",10,"(637, 638)"
1163,1163,batch,"('Request For Payment APPROVED by ADMINISTRATION', 'Request For Payment APPROVED by BUDGET OWNER')","('batch', ('Request For Payment APPROVED by ADMINISTRATION', 'Request For Payment APPROVED by BUDGET OWNER'))",4,"(637, 638)"
1164,1164,batch,"('Request Payment', 'Payment Handled')","('batch', ('Request Payment', 'Payment Handled'))",22,"(637, 640)"
1165,1165,batch,"('Request For Payment APPROVED by ADMINISTRATION', 'Request For Payment FINAL_APPROVED by SUPERVISOR')","('batch', ('Request For Payment APPROVED by ADMINISTRATION', 'Request For Payment FINAL_APPROVED by SUPERVISOR'))",8,"(638, 639)"
1166,1166,batch,"('Request For Payment FINAL_APPROVED by SUPERVISOR', 'Request Payment')","('batch', ('Request For Payment FINAL_APPROVED by SUPERVISOR', 'Request Payment'))",6,"(638, 640)"
1167,1167,batch,"('Request Payment', 'Payment Handled')","('batch', ('Request Payment', 'Payment Handled'))",34,"(638, 640)"
1168,1168,batch,"('Request For Payment FINAL_APPROVED by SUPERVISOR', 'Request Payment')","('batch', ('Request For Payment FINAL_APPROVED by SUPERVISOR', 'Request Payment'))",13,"(639, 640)"
1169,1169,batch,"('Request For Payment APPROVED by ADMINISTRATION', 'Request For Payment APPROVED by BUDGET OWNER')","('batch', ('Request For Payment APPROVED by ADMINISTRATION', 'Request For Payment APPROVED by BUDGET OWNER'))",4,"(639, 640)"
1170,1170,batch,"('Request Payment', 'Payment Handled')","('batch', ('Request Payment', 'Payment Handled'))",31,"(640, 644)"
1171,1171,batch,"('Request For Payment APPROVED by ADMINISTRATION', 'Request For Payment APPROVED by BUDGET OWNER')","('batch', ('Request For Payment APPROVED by ADMINISTRATION', 'Request For Payment APPROVED by BUDGET OWNER'))",4,"(640, 644)"
1172,1172,batch,"('Request For Payment APPROVED by ADMINISTRATION', 'Request For Payment APPROVED by BUDGET OWNER')","('batch', ('Request For Payment APPROVED by ADMINISTRATION', 'Request For Payment APPROVED by BUDGET OWNER'))",4,"(641, 648)"
1173,1173,batch,"('Request For Payment FINAL_APPROVED by SUPERVISOR', 'Request Payment')","('batch', ('Request For Payment FINAL_APPROVED by SUPERVISOR', 'Request Payment'))",11,"(644, 645)"
1174,1174,batch,"('Request For Payment APPROVED by ADMINISTRATION', 'Request For Payment FINAL_APPROVED by SUPERVISOR')","('batch', ('Request For Payment APPROVED by ADMINISTRATION', 'Request For Payment FINAL_APPROVED by SUPERVISOR'))",11,"(645, 646)"
1175,1175,batch,"('Request For Payment APPROVED by ADMINISTRATION', 'Request For Payment APPROVED by BUDGET OWNER')","('batch', ('Request For Payment APPROVED by ADMINISTRATION', 'Request For Payment APPROVED by BUDGET OWNER'))",4,"(645, 646)"
1176,1176,batch,"('Request For Payment FINAL_APPROVED by SUPERVISOR', 'Request Payment')","('batch', ('Request For Payment FINAL_APPROVED by SUPERVISOR', 'Request Payment'))",5,"(645, 647)"
1177,1177,batch,"('Request Payment', 'Payment Handled')","('batch', ('Request Payment', 'Payment Handled'))",32,"(645, 647)"
1178,1178,batch,"('Request For Payment APPROVED by ADMINISTRATION', 'Request For Payment FINAL_APPROVED by SUPERVISOR')","('batch', ('Request For Payment APPROVED by ADMINISTRATION', 'Request For Payment FINAL_APPROVED by SUPERVISOR'))",7,"(645, 647)"
1179,1179,batch,"('Request For Payment FINAL_APPROVED by SUPERVISOR', 'Request Payment')","('batch', ('Request For Payment FINAL_APPROVED by SUPERVISOR', 'Request Payment'))",15,"(646, 647)"
1180,1180,batch,"('Request Payment', 'Payment Handled')","('batch', ('Request Payment', 'Payment Handled'))",23,"(646, 647)"
1181,1181,batch,"('Request For Payment APPROVED by ADMINISTRATION', 'Request For Payment FINAL_APPROVED by SUPERVISOR')","('batch', ('Request For Payment APPROVED by ADMINISTRATION', 'Request For Payment FINAL_APPROVED by SUPERVISOR'))",5,"(647, 648)"
1182,1182,batch,"('Request Payment', 'Payment Handled')","('batch', ('Request Payment', 'Payment Handled'))",32,"(647, 651)"
1183,1183,batch,"('Request For Payment FINAL_APPROVED by SUPERVISOR', 'Request Payment')","('batch', ('Request For Payment FINAL_APPROVED by SUPERVISOR', 'Request Payment'))",6,"(647, 652)"
1184,1184,batch,"('Request For Payment FINAL_APPROVED by SUPERVISOR', 'Request Payment')","('batch', ('Request For Payment FINAL_APPROVED by SUPERVISOR', 'Request Payment'))",5,"(647, 654)"
1185,1185,batch,"('Request For Payment APPROVED by ADMINISTRATION', 'Request For Payment FINAL_APPROVED by SUPERVISOR')","('batch', ('Request For Payment APPROVED by ADMINISTRATION', 'Request For Payment FINAL_APPROVED by SUPERVISOR'))",7,"(648, 653)"
1186,1186,batch,"('Request For Payment FINAL_APPROVED by SUPERVISOR', 'Request Payment')","('batch', ('Request For Payment FINAL_APPROVED by SUPERVISOR', 'Request Payment'))",6,"(648, 654)"
1187,1187,batch,"('Request For Payment FINAL_APPROVED by SUPERVISOR', 'Request Payment')","('batch', ('Request For Payment FINAL_APPROVED by SUPERVISOR', 'Request Payment'))",5,"(651, 652)"
1188,1188,batch,"('Request For Payment APPROVED by ADMINISTRATION', 'Request For Payment FINAL_APPROVED by SUPERVISOR')","('batch', ('Request For Payment APPROVED by ADMINISTRATION', 'Request For Payment FINAL_APPROVED by SUPERVISOR'))",10,"(651, 653)"
1189,1189,batch,"('Request For Payment APPROVED by ADMINISTRATION', 'Request For Payment APPROVED by BUDGET OWNER')","('batch', ('Request For Payment APPROVED by ADMINISTRATION', 'Request For Payment APPROVED by BUDGET OWNER'))",4,"(651, 653)"
1190,1190,batch,"('Request Payment', 'Payment Handled')","('batch', ('Request Payment', 'Payment Handled'))",26,"(651, 654)"
1191,1191,batch,"('Request For Payment APPROVED by ADMINISTRATION', 'Request For Payment FINAL_APPROVED by SUPERVISOR')","('batch', ('Request For Payment APPROVED by ADMINISTRATION', 'Request For Payment FINAL_APPROVED by SUPERVISOR'))",5,"(652, 653)"
1192,1192,batch,"('Request For Payment APPROVED by ADMINISTRATION', 'Request For Payment APPROVED by BUDGET OWNER')","('batch', ('Request For Payment APPROVED by ADMINISTRATION', 'Request For Payment APPROVED by BUDGET OWNER'))",5,"(652, 653)"
1193,1193,batch,"('Request Payment', 'Payment Handled')","('batch', ('Request Payment', 'Payment Handled'))",24,"(652, 654)"
1194,1194,batch,"('Request For Payment FINAL_APPROVED by SUPERVISOR', 'Request Payment')","('batch', ('Request For Payment FINAL_APPROVED by SUPERVISOR', 'Request Payment'))",23,"(653, 654)"
1195,1195,batch,"('Request Payment', 'Payment Handled')","('batch', ('Request Payment', 'Payment Handled'))",17,"(653, 654)"
1196,1196,batch,"('Request For Payment APPROVED by ADMINISTRATION', 'Request For Payment FINAL_APPROVED by SUPERVISOR')","('batch', ('Request For Payment APPROVED by ADMINISTRATION', 'Request For Payment FINAL_APPROVED by SUPERVISOR'))",5,"(653, 654)"
1197,1197,batch,"('Request For Payment APPROVED by ADMINISTRATION', 'Request For Payment FINAL_APPROVED by SUPERVISOR')","('batch', ('Request For Payment APPROVED by ADMINISTRATION', 'Request For Payment FINAL_APPROVED by SUPERVISOR'))",5,"(653, 660)"
1198,1198,batch,"('Request For Payment APPROVED by ADMINISTRATION', 'Request For Payment APPROVED by BUDGET OWNER')","('batch', ('Request For Payment APPROVED by ADMINISTRATION', 'Request For Payment APPROVED by BUDGET OWNER'))",7,"(653, 660)"
1199,1199,batch,"('Request For Payment APPROVED by ADMINISTRATION', 'Request For Payment APPROVED by BUDGET OWNER')","('batch', ('Request For Payment APPROVED by ADMINISTRATION', 'Request For Payment APPROVED by BUDGET OWNER'))",5,"(654, 655)"
1200,1200,batch,"('Request For Payment FINAL_APPROVED by SUPERVISOR', 'Request Payment')","('batch', ('Request For Payment FINAL_APPROVED by SUPERVISOR', 'Request Payment'))",6,"(654, 658)"
1201,1201,batch,"('Request Payment', 'Payment Handled')","('batch', ('Request Payment', 'Payment Handled'))",57,"(654, 658)"
1202,1202,batch,"('Request For Payment FINAL_APPROVED by SUPERVISOR', 'Request Payment')","('batch', ('Request For Payment FINAL_APPROVED by SUPERVISOR', 'Request Payment'))",6,"(654, 659)"
1203,1203,batch,"('Request For Payment APPROVED by ADMINISTRATION', 'Request For Payment APPROVED by BUDGET OWNER')","('batch', ('Request For Payment APPROVED by ADMINISTRATION', 'Request For Payment APPROVED by BUDGET OWNER'))",4,"(655, 659)"
1204,1204,batch,"('Request For Payment FINAL_APPROVED by SUPERVISOR', 'Request Payment')","('batch', ('Request For Payment FINAL_APPROVED by SUPERVISOR', 'Request Payment'))",9,"(658, 659)"
1205,1205,batch,"('Request For Payment APPROVED by ADMINISTRATION', 'Request For Payment APPROVED by BUDGET OWNER')","('batch', ('Request For Payment APPROVED by ADMINISTRATION', 'Request For Payment APPROVED by BUDGET OWNER'))",4,"(658, 659)"
1206,1206,batch,"('Request For Payment APPROVED by ADMINISTRATION', 'Request For Payment APPROVED by BUDGET OWNER')","('batch', ('Request For Payment APPROVED by ADMINISTRATION', 'Request For Payment APPROVED by BUDGET OWNER'))",5,"(658, 660)"
1207,1207,batch,"('Request Payment', 'Payment Handled')","('batch', ('Request Payment', 'Payment Handled'))",17,"(658, 661)"
1208,1208,batch,"('Request For Payment APPROVED by ADMINISTRATION', 'Request For Payment APPROVED by BUDGET OWNER')","('batch', ('Request For Payment APPROVED by ADMINISTRATION', 'Request For Payment APPROVED by BUDGET OWNER'))",6,"(658, 662)"
1209,1209,batch,"('Request For Payment FINAL_APPROVED by SUPERVISOR', 'Request Payment')","('batch', ('Request For Payment FINAL_APPROVED by SUPERVISOR', 'Request Payment'))",7,"(659, 660)"
1210,1210,batch,"('Request For Payment APPROVED by ADMINISTRATION', 'Request For Payment FINAL_APPROVED by SUPERVISOR')","('batch', ('Request For Payment APPROVED by ADMINISTRATION', 'Request For Payment FINAL_APPROVED by SUPERVISOR'))",6,"(659, 660)"
1211,1211,batch,"('Request For Payment FINAL_APPROVED by SUPERVISOR', 'Request Payment')","('batch', ('Request For Payment FINAL_APPROVED by SUPERVISOR', 'Request Payment'))",6,"(659, 661)"
1212,1212,batch,"('Request Payment', 'Payment Handled')","('batch', ('Request Payment', 'Payment Handled'))",30,"(659, 661)"
1213,1213,batch,"('Request For Payment FINAL_APPROVED by SUPERVISOR', 'Request Payment')","('batch', ('Request For Payment FINAL_APPROVED by SUPERVISOR', 'Request Payment'))",24,"(660, 661)"
1214,1214,batch,"('Request For Payment APPROVED by ADMINISTRATION', 'Request For Payment FINAL_APPROVED by SUPERVISOR')","('batch', ('Request For Payment APPROVED by ADMINISTRATION', 'Request For Payment FINAL_APPROVED by SUPERVISOR'))",5,"(660, 661)"
1215,1215,batch,"('Request For Payment FINAL_APPROVED by SUPERVISOR', 'Request Payment')","('batch', ('Request For Payment FINAL_APPROVED by SUPERVISOR', 'Request Payment'))",9,"(660, 662)"
1216,1216,batch,"('Request For Payment APPROVED by ADMINISTRATION', 'Request For Payment FINAL_APPROVED by SUPERVISOR')","('batch', ('Request For Payment APPROVED by ADMINISTRATION', 'Request For Payment FINAL_APPROVED by SUPERVISOR'))",7,"(660, 662)"
1217,1217,batch,"('Request For Payment FINAL_APPROVED by SUPERVISOR', 'Request Payment')","('batch', ('Request For Payment FINAL_APPROVED by SUPERVISOR', 'Request Payment'))",5,"(661, 662)"
1218,1218,batch,"('Request For Payment APPROVED by ADMINISTRATION', 'Request For Payment FINAL_APPROVED by SUPERVISOR')","('batch', ('Request For Payment APPROVED by ADMINISTRATION', 'Request For Payment FINAL_APPROVED by SUPERVISOR'))",7,"(661, 662)"
1219,1219,batch,"('Request For Payment APPROVED by ADMINISTRATION', 'Request For Payment APPROVED by BUDGET OWNER')","('batch', ('Request For Payment APPROVED by ADMINISTRATION', 'Request For Payment APPROVED by BUDGET OWNER'))",5,"(661, 662)"
1220,1220,batch,"('Request Payment', 'Payment Handled')","('batch', ('Request Payment', 'Payment Handled'))",41,"(661, 665)"
1221,1221,batch,"('Request Payment', 'Payment Handled')","('batch', ('Request Payment', 'Payment Handled'))",32,"(662, 665)"
1222,1222,batch,"('Request For Payment FINAL_APPROVED by SUPERVISOR', 'Request Payment')","('batch', ('Request For Payment FINAL_APPROVED by SUPERVISOR', 'Request Payment'))",8,"(662, 668)"
1223,1223,batch,"('Request For Payment APPROVED by ADMINISTRATION', 'Request For Payment FINAL_APPROVED by SUPERVISOR')","('batch', ('Request For Payment APPROVED by ADMINISTRATION', 'Request For Payment FINAL_APPROVED by SUPERVISOR'))",8,"(665, 667)"
1224,1224,batch,"('Request For Payment FINAL_APPROVED by SUPERVISOR', 'Request Payment')","('batch', ('Request For Payment FINAL_APPROVED by SUPERVISOR', 'Request Payment'))",14,"(667, 668)"
1225,1225,batch,"('Request For Payment APPROVED by ADMINISTRATION', 'Request For Payment FINAL_APPROVED by SUPERVISOR')","('batch', ('Request For Payment APPROVED by ADMINISTRATION', 'Request For Payment FINAL_APPROVED by SUPERVISOR'))",7,"(667, 669)"
1226,1226,batch,"('Request For Payment APPROVED by ADMINISTRATION', 'Request For Payment FINAL_APPROVED by SUPERVISOR')","('batch', ('Request For Payment APPROVED by ADMINISTRATION', 'Request For Payment FINAL_APPROVED by SUPERVISOR'))",6,"(668, 669)"
1227,1227,batch,"('Request Payment', 'Payment Handled')","('batch', ('Request Payment', 'Payment Handled'))",43,"(668, 672)"
1228,1228,batch,"('Request For Payment APPROVED by ADMINISTRATION', 'Request For Payment APPROVED by BUDGET OWNER')","('batch', ('Request For Payment APPROVED by ADMINISTRATION', 'Request For Payment APPROVED by BUDGET OWNER'))",6,"(668, 673)"
1229,1229,batch,"('Request For Payment FINAL_APPROVED by SUPERVISOR', 'Request Payment')","('batch', ('Request For Payment FINAL_APPROVED by SUPERVISOR', 'Request Payment'))",6,"(668, 674)"
1230,1230,batch,"('Request For Payment FINAL_APPROVED by SUPERVISOR', 'Request Payment')","('batch', ('Request For Payment FINAL_APPROVED by SUPERVISOR', 'Request Payment'))",11,"(669, 673)"
1231,1231,batch,"('Request For Payment APPROVED by ADMINISTRATION', 'Request For Payment APPROVED by BUDGET OWNER')","('batch', ('Request For Payment APPROVED by ADMINISTRATION', 'Request For Payment APPROVED by BUDGET OWNER'))",4,"(671, 673)"
1232,1232,batch,"('Request For Payment FINAL_APPROVED by SUPERVISOR', 'Request Payment')","('batch', ('Request For Payment FINAL_APPROVED by SUPERVISOR', 'Request Payment'))",5,"(672, 673)"
1233,1233,batch,"('Request For Payment APPROVED by ADMINISTRATION', 'Request For Payment FINAL_APPROVED by SUPERVISOR')","('batch', ('Request For Payment APPROVED by ADMINISTRATION', 'Request For Payment FINAL_APPROVED by SUPERVISOR'))",5,"(672, 673)"
1234,1234,batch,"('Request For Payment APPROVED by ADMINISTRATION', 'Request For Payment APPROVED by BUDGET OWNER')","('batch', ('Request For Payment APPROVED by ADMINISTRATION', 'Request For Payment APPROVED by BUDGET OWNER'))",5,"(672, 673)"
1235,1235,batch,"('Request Payment', 'Payment Handled')","('batch', ('Request Payment', 'Payment Handled'))",20,"(672, 675)"
1236,1236,batch,"('Request For Payment FINAL_APPROVED by SUPERVISOR', 'Request Payment')","('batch', ('Request For Payment FINAL_APPROVED by SUPERVISOR', 'Request Payment'))",5,"(673, 674)"
1237,1237,batch,"('Request For Payment FINAL_APPROVED by SUPERVISOR', 'Request Payment')","('batch', ('Request For Payment FINAL_APPROVED by SUPERVISOR', 'Request Payment'))",10,"(673, 675)"
1238,1238,batch,"('Request Payment', 'Payment Handled')","('batch', ('Request Payment', 'Payment Handled'))",36,"(673, 675)"
1239,1239,batch,"('Request For Payment FINAL_APPROVED by SUPERVISOR', 'Request Payment')","('batch', ('Request For Payment FINAL_APPROVED by SUPERVISOR', 'Request Payment'))",10,"(674, 675)"
1240,1240,batch,"('Request Payment', 'Payment Handled')","('batch', ('Request Payment', 'Payment Handled'))",19,"(674, 675)"
1241,1241,batch,"('Request For Payment APPROVED by ADMINISTRATION', 'Request For Payment FINAL_APPROVED by SUPERVISOR')","('batch', ('Request For Payment APPROVED by ADMINISTRATION', 'Request For Payment FINAL_APPROVED by SUPERVISOR'))",5,"(674, 675)"
1242,1242,batch,"('Request For Payment APPROVED by ADMINISTRATION', 'Request For Payment APPROVED by BUDGET OWNER')","('batch', ('Request For Payment APPROVED by ADMINISTRATION', 'Request For Payment APPROVED by BUDGET OWNER'))",5,"(674, 675)"
1243,1243,batch,"('Request For Payment FINAL_APPROVED by SUPERVISOR', 'Request Payment')","('batch', ('Request For Payment FINAL_APPROVED by SUPERVISOR', 'Request Payment'))",7,"(675, 676)"
1244,1244,batch,"('Request Payment', 'Payment Handled')","('batch', ('Request Payment', 'Payment Handled'))",30,"(675, 679)"
1245,1245,batch,"('Request For Payment APPROVED by ADMINISTRATION', 'Request For Payment FINAL_APPROVED by SUPERVISOR')","('batch', ('Request For Payment APPROVED by ADMINISTRATION', 'Request For Payment FINAL_APPROVED by SUPERVISOR'))",5,"(675, 679)"
1246,1246,batch,"('Request Payment', 'Payment Handled')","('batch', ('Request Payment', 'Payment Handled'))",17,"(676, 679)"
1247,1247,batch,"('Request For Payment APPROVED by ADMINISTRATION', 'Request For Payment APPROVED by BUDGET OWNER')","('batch', ('Request For Payment APPROVED by ADMINISTRATION', 'Request For Payment APPROVED by BUDGET OWNER'))",5,"(676, 680)"
1248,1248,batch,"('Request For Payment FINAL_APPROVED by SUPERVISOR', 'Request Payment')","('batch', ('Request For Payment FINAL_APPROVED by SUPERVISOR', 'Request Payment'))",11,"(679, 680)"
1249,1249,batch,"('Request For Payment APPROVED by ADMINISTRATION', 'Request For Payment FINAL_APPROVED by SUPERVISOR')","('batch', ('Request For Payment APPROVED by ADMINISTRATION', 'Request For Payment FINAL_APPROVED by SUPERVISOR'))",11,"(679, 680)"
1250,1250,batch,"('Request For Payment APPROVED by ADMINISTRATION', 'Request For Payment APPROVED by BUDGET OWNER')","('batch', ('Request For Payment APPROVED by ADMINISTRATION', 'Request For Payment APPROVED by BUDGET OWNER'))",9,"(679, 680)"
1251,1251,batch,"('Request For Payment APPROVED by ADMINISTRATION', 'Request For Payment FINAL_APPROVED by SUPERVISOR')","('batch', ('Request For Payment APPROVED by ADMINISTRATION', 'Request For Payment FINAL_APPROVED by SUPERVISOR'))",5,"(679, 681)"
1252,1252,batch,"('Request For Payment FINAL_APPROVED by SUPERVISOR', 'Request Payment')","('batch', ('Request For Payment FINAL_APPROVED by SUPERVISOR', 'Request Payment'))",5,"(680, 681)"
1253,1253,batch,"('Request For Payment APPROVED by ADMINISTRATION', 'Request For Payment FINAL_APPROVED by SUPERVISOR')","('batch', ('Request For Payment APPROVED by ADMINISTRATION', 'Request For Payment FINAL_APPROVED by SUPERVISOR'))",12,"(680, 681)"
1254,1254,batch,"('Request For Payment FINAL_APPROVED by SUPERVISOR', 'Request Payment')","('batch', ('Request For Payment FINAL_APPROVED by SUPERVISOR', 'Request Payment'))",5,"(680, 682)"
1255,1255,batch,"('Request Payment', 'Payment Handled')","('batch', ('Request Payment', 'Payment Handled'))",30,"(680, 682)"
1256,1256,batch,"('Request For Payment APPROVED by ADMINISTRATION', 'Request For Payment FINAL_APPROVED by SUPERVISOR')","('batch', ('Request For Payment APPROVED by ADMINISTRATION', 'Request For Payment FINAL_APPROVED by SUPERVISOR'))",5,"(680, 682)"
1257,1257,batch,"('Request For Payment FINAL_APPROVED by SUPERVISOR', 'Request Payment')","('batch', ('Request For Payment FINAL_APPROVED by SUPERVISOR', 'Request Payment'))",24,"(681, 682)"
1258,1258,batch,"('Request For Payment APPROVED by ADMINISTRATION', 'Request For Payment APPROVED by BUDGET OWNER')","('batch', ('Request For Payment APPROVED by ADMINISTRATION', 'Request For Payment APPROVED by BUDGET OWNER'))",4,"(681, 682)"
1259,1259,batch,"('Request For Payment FINAL_APPROVED by SUPERVISOR', 'Request Payment')","('batch', ('Request For Payment FINAL_APPROVED by SUPERVISOR', 'Request Payment'))",9,"(682, 683)"
1260,1260,batch,"('Request For Payment APPROVED by ADMINISTRATION', 'Request For Payment APPROVED by BUDGET OWNER')","('batch', ('Request For Payment APPROVED by ADMINISTRATION', 'Request For Payment APPROVED by BUDGET OWNER'))",5,"(682, 683)"
1261,1261,batch,"('Request Payment', 'Payment Handled')","('batch', ('Request Payment', 'Payment Handled'))",42,"(682, 686)"
1262,1262,batch,"('Request For Payment FINAL_APPROVED by SUPERVISOR', 'Request Payment')","('batch', ('Request For Payment FINAL_APPROVED by SUPERVISOR', 'Request Payment'))",5,"(682, 687)"
1263,1263,batch,"('Request For Payment APPROVED by ADMINISTRATION', 'Request For Payment APPROVED by BUDGET OWNER')","('batch', ('Request For Payment APPROVED by ADMINISTRATION', 'Request For Payment APPROVED by BUDGET OWNER'))",5,"(683, 684)"
1264,1264,batch,"('Request For Payment APPROVED by ADMINISTRATION', 'Request For Payment FINAL_APPROVED by SUPERVISOR')","('batch', ('Request For Payment APPROVED by ADMINISTRATION', 'Request For Payment FINAL_APPROVED by SUPERVISOR'))",5,"(683, 686)"
1265,1265,batch,"('Request For Payment FINAL_APPROVED by SUPERVISOR', 'Request Payment')","('batch', ('Request For Payment FINAL_APPROVED by SUPERVISOR', 'Request Payment'))",17,"(686, 687)"
1266,1266,batch,"('Request For Payment APPROVED by ADMINISTRATION', 'Request For Payment FINAL_APPROVED by SUPERVISOR')","('batch', ('Request For Payment APPROVED by ADMINISTRATION', 'Request For Payment FINAL_APPROVED by SUPERVISOR'))",5,"(686, 687)"
1267,1267,batch,"('Request For Payment APPROVED by ADMINISTRATION', 'Request For Payment FINAL_APPROVED by SUPERVISOR')","('batch', ('Request For Payment APPROVED by ADMINISTRATION', 'Request For Payment FINAL_APPROVED by SUPERVISOR'))",5,"(686, 696)"
1268,1268,batch,"('Request For Payment FINAL_APPROVED by SUPERVISOR', 'Request Payment')","('batch', ('Request For Payment FINAL_APPROVED by SUPERVISOR', 'Request Payment'))",7,"(687, 688)"
1269,1269,batch,"('Request For Payment APPROVED by ADMINISTRATION', 'Request For Payment FINAL_APPROVED by SUPERVISOR')","('batch', ('Request For Payment APPROVED by ADMINISTRATION', 'Request For Payment FINAL_APPROVED by SUPERVISOR'))",5,"(687, 688)"
1270,1270,batch,"('Request For Payment FINAL_APPROVED by SUPERVISOR', 'Request Payment')","('batch', ('Request For Payment FINAL_APPROVED by SUPERVISOR', 'Request Payment'))",8,"(687, 689)"
1271,1271,batch,"('Request Payment', 'Payment Handled')","('batch', ('Request Payment', 'Payment Handled'))",37,"(687, 689)"
1272,1272,batch,"('Request For Payment APPROVED by ADMINISTRATION', 'Request For Payment APPROVED by BUDGET OWNER')","('batch', ('Request For Payment APPROVED by ADMINISTRATION', 'Request For Payment APPROVED by BUDGET OWNER'))",4,"(687, 696)"
1273,1273,batch,"('Request For Payment FINAL_APPROVED by SUPERVISOR', 'Request Payment')","('batch', ('Request For Payment FINAL_APPROVED by SUPERVISOR', 'Request Payment'))",10,"(688, 689)"
1274,1274,batch,"('Request For Payment APPROVED by ADMINISTRATION', 'Request For Payment FINAL_APPROVED by SUPERVISOR')","('batch', ('Request For Payment APPROVED by ADMINISTRATION', 'Request For Payment FINAL_APPROVED by SUPERVISOR'))",13,"(688, 689)"
1275,1275,batch,"('Request Payment', 'Payment Handled')","('batch', ('Request Payment', 'Payment Handled'))",19,"(688, 693)"
1276,1276,batch,"('Request For Payment FINAL_APPROVED by SUPERVISOR', 'Request Payment')","('batch', ('Request For Payment FINAL_APPROVED by SUPERVISOR', 'Request Payment'))",5,"(689, 690)"
1277,1277,batch,"('Request Payment', 'Payment Handled')","('batch', ('Request Payment', 'Payment Handled'))",37,"(689, 693)"
1278,1278,batch,"('Request For Payment APPROVED by ADMINISTRATION', 'Request For Payment APPROVED by BUDGET OWNER')","('batch', ('Request For Payment APPROVED by ADMINISTRATION', 'Request For Payment APPROVED by BUDGET OWNER'))",7,"(690, 692)"
1279,1279,batch,"('Request For Payment FINAL_APPROVED by SUPERVISOR', 'Request Payment')","('batch', ('Request For Payment FINAL_APPROVED by SUPERVISOR', 'Request Payment'))",6,"(690, 694)"
1280,1280,batch,"('Request For Payment APPROVED by ADMINISTRATION', 'Request For Payment FINAL_APPROVED by SUPERVISOR')","('batch', ('Request For Payment APPROVED by ADMINISTRATION', 'Request For Payment FINAL_APPROVED by SUPERVISOR'))",12,"(692, 694)"
1281,1281,batch,"('Request For Payment FINAL_APPROVED by SUPERVISOR', 'Request Payment')","('batch', ('Request For Payment FINAL_APPROVED by SUPERVISOR', 'Request Payment'))",9,"(693, 694)"
1282,1282,batch,"('Request For Payment FINAL_APPROVED by SUPERVISOR', 'Request Payment')","('batch', ('Request For Payment FINAL_APPROVED by SUPERVISOR', 'Request Payment'))",6,"(693, 696)"
1283,1283,batch,"('Request For Payment FINAL_APPROVED by SUPERVISOR', 'Request Payment')","('batch', ('Request For Payment FINAL_APPROVED by SUPERVISOR', 'Request Payment'))",5,"(694, 695)"
1284,1284,batch,"('Request For Payment APPROVED by ADMINISTRATION', 'Request For Payment FINAL_APPROVED by SUPERVISOR')","('batch', ('Request For Payment APPROVED by ADMINISTRATION', 'Request For Payment FINAL_APPROVED by SUPERVISOR'))",12,"(694, 695)"
1285,1285,batch,"('Request Payment', 'Payment Handled')","('batch', ('Request Payment', 'Payment Handled'))",25,"(694, 696)"
1286,1286,batch,"('Request For Payment APPROVED by ADMINISTRATION', 'Request For Payment APPROVED by BUDGET OWNER')","('batch', ('Request For Payment APPROVED by ADMINISTRATION', 'Request For Payment APPROVED by BUDGET OWNER'))",4,"(694, 696)"
1287,1287,batch,"('Request For Payment FINAL_APPROVED by SUPERVISOR', 'Request Payment')","('batch', ('Request For Payment FINAL_APPROVED by SUPERVISOR', 'Request Payment'))",5,"(694, 697)"
1288,1288,batch,"('Request For Payment FINAL_APPROVED by SUPERVISOR', 'Request Payment')","('batch', ('Request For Payment FINAL_APPROVED by SUPERVISOR', 'Request Payment'))",8,"(694, 724)"
1289,1289,batch,"('Request For Payment FINAL_APPROVED by SUPERVISOR', 'Request Payment')","('batch', ('Request For Payment FINAL_APPROVED by SUPERVISOR', 'Request Payment'))",17,"(695, 696)"
1290,1290,batch,"('Request For Payment APPROVED by ADMINISTRATION', 'Request For Payment APPROVED by BUDGET OWNER')","('batch', ('Request For Payment APPROVED by ADMINISTRATION', 'Request For Payment APPROVED by BUDGET OWNER'))",4,"(695, 696)"
1291,1291,batch,"('Request For Payment FINAL_APPROVED by SUPERVISOR', 'Request Payment')","('batch', ('Request For Payment FINAL_APPROVED by SUPERVISOR', 'Request Payment'))",13,"(696, 700)"
1292,1292,batch,"('Request Payment', 'Payment Handled')","('batch', ('Request Payment', 'Payment Handled'))",44,"(696, 700)"
1293,1293,batch,"('Request For Payment APPROVED by ADMINISTRATION', 'Request For Payment FINAL_APPROVED by SUPERVISOR')","('batch', ('Request For Payment APPROVED by ADMINISTRATION', 'Request For Payment FINAL_APPROVED by SUPERVISOR'))",10,"(696, 700)"
1294,1294,batch,"('Request For Payment FINAL_APPROVED by SUPERVISOR', 'Request Payment')","('batch', ('Request For Payment FINAL_APPROVED by SUPERVISOR', 'Request Payment'))",6,"(696, 703)"
1295,1295,batch,"('Request For Payment APPROVED by ADMINISTRATION', 'Request For Payment APPROVED by BUDGET OWNER')","('batch', ('Request For Payment APPROVED by ADMINISTRATION', 'Request For Payment APPROVED by BUDGET OWNER'))",6,"(697, 700)"
1296,1296,batch,"('Request For Payment APPROVED by ADMINISTRATION', 'Request For Payment APPROVED by BUDGET OWNER')","('batch', ('Request For Payment APPROVED by ADMINISTRATION', 'Request For Payment APPROVED by BUDGET OWNER'))",8,"(697, 702)"
1297,1297,batch,"('Request For Payment FINAL_APPROVED by SUPERVISOR', 'Request Payment')","('batch', ('Request For Payment FINAL_APPROVED by SUPERVISOR', 'Request Payment'))",15,"(700, 701)"
1298,1298,batch,"('Request For Payment APPROVED by ADMINISTRATION', 'Request For Payment APPROVED by BUDGET OWNER')","('batch', ('Request For Payment APPROVED by ADMINISTRATION', 'Request For Payment APPROVED by BUDGET OWNER'))",5,"(700, 701)"
1299,1299,batch,"('Request For Payment APPROVED by ADMINISTRATION', 'Request For Payment FINAL_APPROVED by SUPERVISOR')","('batch', ('Request For Payment APPROVED by ADMINISTRATION', 'Request For Payment FINAL_APPROVED by SUPERVISOR'))",11,"(700, 702)"
1300,1300,batch,"('Request For Payment APPROVED by ADMINISTRATION', 'Request For Payment APPROVED by BUDGET OWNER')","('batch', ('Request For Payment APPROVED by ADMINISTRATION', 'Request For Payment APPROVED by BUDGET OWNER'))",6,"(700, 702)"
1301,1301,batch,"('Request Payment', 'Payment Handled')","('batch', ('Request Payment', 'Payment Handled'))",28,"(700, 703)"
1302,1302,batch,"('Request For Payment APPROVED by ADMINISTRATION', 'Request For Payment FINAL_APPROVED by SUPERVISOR')","('batch', ('Request For Payment APPROVED by ADMINISTRATION', 'Request For Payment FINAL_APPROVED by SUPERVISOR'))",7,"(700, 708)"
1303,1303,batch,"('Request For Payment FINAL_APPROVED by SUPERVISOR', 'Request Payment')","('batch', ('Request For Payment FINAL_APPROVED by SUPERVISOR', 'Request Payment'))",8,"(701, 702)"
1304,1304,batch,"('Request For Payment APPROVED by ADMINISTRATION', 'Request For Payment FINAL_APPROVED by SUPERVISOR')","('batch', ('Request For Payment APPROVED by ADMINISTRATION', 'Request For Payment FINAL_APPROVED by SUPERVISOR'))",9,"(701, 702)"
1305,1305,batch,"('Request For Payment APPROVED by ADMINISTRATION', 'Request For Payment APPROVED by BUDGET OWNER')","('batch', ('Request For Payment APPROVED by ADMINISTRATION', 'Request For Payment APPROVED by BUDGET OWNER'))",15,"(701, 702)"
1306,1306,batch,"('Request Payment', 'Payment Handled')","('batch', ('Request Payment', 'Payment Handled'))",40,"(701, 703)"
1307,1307,batch,"('Request For Payment FINAL_APPROVED by SUPERVISOR', 'Request Payment')","('batch', ('Request For Payment FINAL_APPROVED by SUPERVISOR', 'Request Payment'))",18,"(702, 703)"
1308,1308,batch,"('Request For Payment APPROVED by ADMINISTRATION', 'Request For Payment FINAL_APPROVED by SUPERVISOR')","('batch', ('Request For Payment APPROVED by ADMINISTRATION', 'Request For Payment FINAL_APPROVED by SUPERVISOR'))",6,"(702, 703)"
1309,1309,batch,"('Request For Payment FINAL_APPROVED by SUPERVISOR', 'Request Payment')","('batch', ('Request For Payment FINAL_APPROVED by SUPERVISOR', 'Request Payment'))",5,"(702, 704)"
1310,1310,batch,"('Request For Payment APPROVED by ADMINISTRATION', 'Request For Payment FINAL_APPROVED by SUPERVISOR')","('batch', ('Request For Payment APPROVED by ADMINISTRATION', 'Request For Payment FINAL_APPROVED by SUPERVISOR'))",5,"(702, 708)"
1311,1311,batch,"('Request For Payment FINAL_APPROVED by SUPERVISOR', 'Request Payment')","('batch', ('Request For Payment FINAL_APPROVED by SUPERVISOR', 'Request Payment'))",8,"(702, 724)"
1312,1312,batch,"('Request For Payment FINAL_APPROVED by SUPERVISOR', 'Request Payment')","('batch', ('Request For Payment FINAL_APPROVED by SUPERVISOR', 'Request Payment'))",11,"(703, 704)"
1313,1313,batch,"('Request For Payment APPROVED by ADMINISTRATION', 'Request For Payment FINAL_APPROVED by SUPERVISOR')","('batch', ('Request For Payment APPROVED by ADMINISTRATION', 'Request For Payment FINAL_APPROVED by SUPERVISOR'))",7,"(703, 704)"
1314,1314,batch,"('Request For Payment APPROVED by ADMINISTRATION', 'Request For Payment APPROVED by BUDGET OWNER')","('batch', ('Request For Payment APPROVED by ADMINISTRATION', 'Request For Payment APPROVED by BUDGET OWNER'))",8,"(703, 704)"
1315,1315,batch,"('Request Payment', 'Payment Handled')","('batch', ('Request Payment', 'Payment Handled'))",46,"(703, 707)"
1316,1316,batch,"('Request For Payment APPROVED by ADMINISTRATION', 'Request For Payment FINAL_APPROVED by SUPERVISOR')","('batch', ('Request For Payment APPROVED by ADMINISTRATION', 'Request For Payment FINAL_APPROVED by SUPERVISOR'))",5,"(703, 707)"
1317,1317,batch,"('Request For Payment APPROVED by ADMINISTRATION', 'Request For Payment APPROVED by BUDGET OWNER')","('batch', ('Request For Payment APPROVED by ADMINISTRATION', 'Request For Payment APPROVED by BUDGET OWNER'))",4,"(704, 706)"
1318,1318,batch,"('Request Payment', 'Payment Handled')","('batch', ('Request Payment', 'Payment Handled'))",24,"(704, 707)"
1319,1319,batch,"('Request For Payment APPROVED by ADMINISTRATION', 'Request For Payment FINAL_APPROVED by SUPERVISOR')","('batch', ('Request For Payment APPROVED by ADMINISTRATION', 'Request For Payment FINAL_APPROVED by SUPERVISOR'))",9,"(704, 707)"
1320,1320,batch,"('Request For Payment APPROVED by ADMINISTRATION', 'Request For Payment APPROVED by BUDGET OWNER')","('batch', ('Request For Payment APPROVED by ADMINISTRATION', 'Request For Payment APPROVED by BUDGET OWNER'))",8,"(704, 707)"
1321,1321,batch,"('Request For Payment FINAL_APPROVED by SUPERVISOR', 'Request Payment')","('batch', ('Request For Payment FINAL_APPROVED by SUPERVISOR', 'Request Payment'))",9,"(704, 708)"
1322,1322,batch,"('Request For Payment FINAL_APPROVED by SUPERVISOR', 'Request Payment')","('batch', ('Request For Payment FINAL_APPROVED by SUPERVISOR', 'Request Payment'))",9,"(704, 724)"
1323,1323,batch,"('Request For Payment SUBMITTED by EMPLOYEE', 'Request For Payment APPROVED by ADMINISTRATION')","('batch', ('Request For Payment SUBMITTED by EMPLOYEE', 'Request For Payment APPROVED by ADMINISTRATION'))",2,"(706, 707)"
1324,1324,batch,"('Request For Payment FINAL_APPROVED by SUPERVISOR', 'Request Payment')","('batch', ('Request For Payment FINAL_APPROVED by SUPERVISOR', 'Request Payment'))",31,"(707, 708)"
1325,1325,batch,"('Request For Payment APPROVED by ADMINISTRATION', 'Request For Payment FINAL_APPROVED by SUPERVISOR')","('batch', ('Request For Payment APPROVED by ADMINISTRATION', 'Request For Payment FINAL_APPROVED by SUPERVISOR'))",6,"(707, 708)"
1326,1326,batch,"('Request For Payment APPROVED by ADMINISTRATION', 'Request For Payment APPROVED by BUDGET OWNER')","('batch', ('Request For Payment APPROVED by ADMINISTRATION', 'Request For Payment APPROVED by BUDGET OWNER'))",8,"(707, 708)"
1327,1327,batch,"('Request For Payment APPROVED by ADMINISTRATION', 'Request For Payment FINAL_APPROVED by SUPERVISOR')","('batch', ('Request For Payment APPROVED by ADMINISTRATION', 'Request For Payment FINAL_APPROVED by SUPERVISOR'))",5,"(707, 709)"
1328,1328,batch,"('Request For Payment APPROVED by ADMINISTRATION', 'Request For Payment APPROVED by BUDGET OWNER')","('batch', ('Request For Payment APPROVED by ADMINISTRATION', 'Request For Payment APPROVED by BUDGET OWNER'))",7,"(707, 709)"
1329,1329,batch,"('Request Payment', 'Payment Handled')","('batch', ('Request Payment', 'Payment Handled'))",22,"(707, 710)"
1330,1330,batch,"('Request For Payment FINAL_APPROVED by SUPERVISOR', 'Request Payment')","('batch', ('Request For Payment FINAL_APPROVED by SUPERVISOR', 'Request Payment'))",15,"(708, 709)"
1331,1331,batch,"('Request For Payment APPROVED by ADMINISTRATION', 'Request For Payment FINAL_APPROVED by SUPERVISOR')","('batch', ('Request For Payment APPROVED by ADMINISTRATION', 'Request For Payment FINAL_APPROVED by SUPERVISOR'))",13,"(708, 709)"
1332,1332,batch,"('Request For Payment APPROVED by ADMINISTRATION', 'Request For Payment APPROVED by BUDGET OWNER')","('batch', ('Request For Payment APPROVED by ADMINISTRATION', 'Request For Payment APPROVED by BUDGET OWNER'))",7,"(708, 709)"
1333,1333,batch,"('Request For Payment FINAL_APPROVED by SUPERVISOR', 'Request Payment')","('batch', ('Request For Payment FINAL_APPROVED by SUPERVISOR', 'Request Payment'))",14,"(708, 710)"
1334,1334,batch,"('Request Payment', 'Payment Handled')","('batch', ('Request Payment', 'Payment Handled'))",82,"(708, 710)"
1335,1335,batch,"('Request For Payment APPROVED by ADMINISTRATION', 'Request For Payment FINAL_APPROVED by SUPERVISOR')","('batch', ('Request For Payment APPROVED by ADMINISTRATION', 'Request For Payment FINAL_APPROVED by SUPERVISOR'))",5,"(708, 710)"
1336,1336,batch,"('Request For Payment FINAL_APPROVED by SUPERVISOR', 'Request Payment')","('batch', ('Request For Payment FINAL_APPROVED by SUPERVISOR', 'Request Payment'))",15,"(708, 711)"
1337,1337,batch,"('Request For Payment FINAL_APPROVED by SUPERVISOR', 'Request Payment')","('batch', ('Request For Payment FINAL_APPROVED by SUPERVISOR', 'Request Payment'))",18,"(709, 710)"
1338,1338,batch,"('Request Payment', 'Payment Handled')","('batch', ('Request Payment', 'Payment Handled'))",25,"(709, 710)"
1339,1339,batch,"('Request For Payment APPROVED by ADMINISTRATION', 'Request For Payment FINAL_APPROVED by SUPERVISOR')","('batch', ('Request For Payment APPROVED by ADMINISTRATION', 'Request For Payment FINAL_APPROVED by SUPERVISOR'))",12,"(709, 710)"
1340,1340,batch,"('Request For Payment FINAL_APPROVED by SUPERVISOR', 'Request Payment')","('batch', ('Request For Payment FINAL_APPROVED by SUPERVISOR', 'Request Payment'))",6,"(710, 711)"
1341,1341,batch,"('Request For Payment FINAL_APPROVED by SUPERVISOR', 'Request Payment')","('batch', ('Request For Payment FINAL_APPROVED by SUPERVISOR', 'Request Payment'))",5,"(710, 723)"
1342,1342,batch,"('Request For Payment APPROVED by ADMINISTRATION', 'Request For Payment APPROVED by BUDGET OWNER')","('batch', ('Request For Payment APPROVED by ADMINISTRATION', 'Request For Payment APPROVED by BUDGET OWNER'))",4,"(710, 723)"
1343,1343,batch,"('Request For Payment FINAL_APPROVED by SUPERVISOR', 'Request Payment')","('batch', ('Request For Payment FINAL_APPROVED by SUPERVISOR', 'Request Payment'))",10,"(710, 724)"
1344,1344,batch,"('Request Payment', 'Payment Handled')","('batch', ('Request Payment', 'Payment Handled'))",60,"(710, 724)"
1345,1345,delay,"('Request For Payment FINAL_APPROVED by SUPERVISOR', 'Request Payment')","('delay', ('Request For Payment FINAL_APPROVED by SUPERVISOR', 'Request Payment'))","(14, 10)","(710, 724)"
1346,1346,delay,"('Request Payment', 'Payment Handled')","('delay', ('Request Payment', 'Payment Handled'))","(14, 60)","(710, 724)"
1347,1347,batch,"('Request For Payment FINAL_APPROVED by SUPERVISOR', 'Request Payment')","('batch', ('Request For Payment FINAL_APPROVED by SUPERVISOR', 'Request Payment'))",6,"(710, 725)"
1348,1348,batch,"('Request For Payment APPROVED by ADMINISTRATION', 'Request For Payment FINAL_APPROVED by SUPERVISOR')","('batch', ('Request For Payment APPROVED by ADMINISTRATION', 'Request For Payment FINAL_APPROVED by SUPERVISOR'))",5,"(710, 729)"
1349,1349,batch,"('Request For Payment APPROVED by ADMINISTRATION', 'Request For Payment APPROVED by BUDGET OWNER')","('batch', ('Request For Payment APPROVED by ADMINISTRATION', 'Request For Payment APPROVED by BUDGET OWNER'))",7,"(710, 729)"
1350,1350,batch,"('Request For Payment APPROVED by ADMINISTRATION', 'Request For Payment FINAL_APPROVED by SUPERVISOR')","('batch', ('Request For Payment APPROVED by ADMINISTRATION', 'Request For Payment FINAL_APPROVED by SUPERVISOR'))",6,"(711, 723)"
1351,1351,batch,"('Request Payment', 'Payment Handled')","('batch', ('Request Payment', 'Payment Handled'))",28,"(711, 724)"
1352,1352,delay,"('Request Payment', 'Payment Handled')","('delay', ('Request Payment', 'Payment Handled'))","(13, 28)","(711, 724)"
1353,1353,batch,"('Request Payment', 'Payment Handled')","('batch', ('Request Payment', 'Payment Handled'))",54,"(724, 728)"
1354,1354,batch,"('Request For Payment FINAL_APPROVED by SUPERVISOR', 'Request Payment')","('batch', ('Request For Payment FINAL_APPROVED by SUPERVISOR', 'Request Payment'))",6,"(724, 729)"
1355,1355,batch,"('Request For Payment FINAL_APPROVED by SUPERVISOR', 'Request Payment')","('batch', ('Request For Payment FINAL_APPROVED by SUPERVISOR', 'Request Payment'))",10,"(729, 731)"
1356,1356,batch,"('Request Payment', 'Payment Handled')","('batch', ('Request Payment', 'Payment Handled'))",21,"(729, 731)"
