,hle-id,type,segment,activity,value,window
0,0,enter,"('mail valid', 'mail income')","('enter', ('mail valid', 'mail income'))",269,73
1,1,enter,"('mail income', 'mail valid')","('enter', ('mail income', 'mail valid'))",425,76
2,2,enter,"('mail valid', 'mail income')","('enter', ('mail valid', 'mail income'))",245,76
3,3,enter,"('mail income', 'mail valid')","('enter', ('mail income', 'mail valid'))",434,78
4,4,enter,"('mail income', 'mail valid')","('enter', ('mail income', 'mail valid'))",598,83
5,5,enter,"('mail valid', 'initialize')","('enter', ('mail valid', 'initialize'))",695,83
6,6,exit,"('mail income', 'mail valid')","('exit', ('mail income', 'mail valid'))",615,83
7,7,workload,"('mail income', 'mail valid')","('workload', ('mail income', 'mail valid'))",615.0,83
8,8,enter,"('mail income', 'mail valid')","('enter', ('mail income', 'mail valid'))",711,84
9,9,enter,"('mail valid', 'initialize')","('enter', ('mail valid', 'initialize'))",540,84
10,10,exit,"('mail income', 'mail valid')","('exit', ('mail income', 'mail valid'))",440,84
11,11,workload,"('mail income', 'mail valid')","('workload', ('mail income', 'mail valid'))",440.0,84
12,12,enter,"('mail income', 'mail valid')","('enter', ('mail income', 'mail valid'))",710,85
13,13,enter,"('mail valid', 'initialize')","('enter', ('mail valid', 'initialize'))",1019,85
14,14,enter,"('mail valid', 'mail income')","('enter', ('mail valid', 'mail income'))",212,85
15,15,enter,"('mail income', 'initialize')","('enter', ('mail income', 'initialize'))",196,85
16,16,exit,"('mail income', 'mail valid')","('exit', ('mail income', 'mail valid'))",880,85
17,17,workload,"('mail income', 'mail valid')","('workload', ('mail income', 'mail valid'))",880.0,85
18,18,enter,"('mail income', 'mail valid')","('enter', ('mail income', 'mail valid'))",754,86
19,19,enter,"('mail valid', 'initialize')","('enter', ('mail valid', 'initialize'))",771,86
20,20,enter,"('mail income', 'initialize')","('enter', ('mail income', 'initialize'))",248,86
21,21,exit,"('mail income', 'mail valid')","('exit', ('mail income', 'mail valid'))",598,86
22,22,workload,"('mail income', 'mail valid')","('workload', ('mail income', 'mail valid'))",598.0,86
23,23,enter,"('mail income', 'mail valid')","('enter', ('mail income', 'mail valid'))",478,87
24,24,enter,"('mail valid', 'initialize')","('enter', ('mail valid', 'initialize'))",1418,87
25,25,enter,"('mail valid', 'mail income')","('enter', ('mail valid', 'mail income'))",275,87
26,26,enter,"('mail income', 'initialize')","('enter', ('mail income', 'initialize'))",262,87
27,27,exit,"('mail income', 'mail valid')","('exit', ('mail income', 'mail valid'))",1229,87
28,28,workload,"('mail income', 'mail valid')","('workload', ('mail income', 'mail valid'))",1229.0,87
29,29,enter,"('mail valid', 'initialize')","('enter', ('mail valid', 'initialize'))",3175,91
30,30,enter,"('mail valid', 'mail income')","('enter', ('mail valid', 'mail income'))",547,91
31,31,enter,"('mail income', 'initialize')","('enter', ('mail income', 'initialize'))",409,91
32,32,exit,"('mail income', 'mail valid')","('exit', ('mail income', 'mail valid'))",2863,91
33,33,workload,"('mail income', 'mail valid')","('workload', ('mail income', 'mail valid'))",2863.0,91
34,34,exit,"('mail valid', 'mail income')","('exit', ('mail valid', 'mail income'))",157,105
35,35,workload,"('mail valid', 'mail income')","('workload', ('mail valid', 'mail income'))",157.0,105
36,36,enter,"('mail income', 'initialize')","('enter', ('mail income', 'initialize'))",206,118
37,37,exit,"('mail valid', 'mail income')","('exit', ('mail valid', 'mail income'))",210,118
38,38,workload,"('mail valid', 'mail income')","('workload', ('mail valid', 'mail income'))",210.0,118
39,39,exit,"('mail valid', 'mail income')","('exit', ('mail valid', 'mail income'))",141,119
40,40,workload,"('mail valid', 'mail income')","('workload', ('mail valid', 'mail income'))",141.0,119
41,41,enter,"('mail income', 'initialize')","('enter', ('mail income', 'initialize'))",163,120
42,42,exit,"('mail valid', 'mail income')","('exit', ('mail valid', 'mail income'))",163,120
43,43,workload,"('mail valid', 'mail income')","('workload', ('mail valid', 'mail income'))",163.0,120
44,44,enter,"('mail income', 'initialize')","('enter', ('mail income', 'initialize'))",176,121
45,45,exit,"('mail valid', 'mail income')","('exit', ('mail valid', 'mail income'))",180,121
46,46,workload,"('mail valid', 'mail income')","('workload', ('mail valid', 'mail income'))",180.0,121
47,47,exit,"('mail valid', 'mail income')","('exit', ('mail valid', 'mail income'))",156,122
48,48,workload,"('mail valid', 'mail income')","('workload', ('mail valid', 'mail income'))",156.0,122
49,49,enter,"('mail income', 'initialize')","('enter', ('mail income', 'initialize'))",227,125
50,50,exit,"('mail valid', 'mail income')","('exit', ('mail valid', 'mail income'))",233,125
51,51,workload,"('mail valid', 'mail income')","('workload', ('mail valid', 'mail income'))",233.0,125
52,52,enter,"('initialize', 'begin editing')","('enter', ('initialize', 'begin editing'))",9144,127
53,53,enter,"('begin editing', 'finish editing')","('enter', ('begin editing', 'finish editing'))",6896,127
54,54,enter,"('finish editing', 'create')","('enter', ('finish editing', 'create'))",6890,127
55,55,enter,"('create', 'begin editing')","('enter', ('create', 'begin editing'))",9552,127
56,56,enter,"('begin editing', 'create')","('enter', ('begin editing', 'create'))",3421,127
57,57,enter,"('create', 'initialize')","('enter', ('create', 'initialize'))",9036,127
58,58,enter,"('finish editing', 'initialize')","('enter', ('finish editing', 'initialize'))",3100,127
59,59,enter,"('initialize', 'performed')","('enter', ('initialize', 'performed'))",2501,127
60,60,enter,"('finish editing', 'performed')","('enter', ('finish editing', 'performed'))",2519,127
61,61,enter,"('finish editing', 'begin editing')","('enter', ('finish editing', 'begin editing'))",107,127
62,62,exit,"('mail valid', 'initialize')","('exit', ('mail valid', 'initialize'))",8124,127
63,63,exit,"('initialize', 'begin editing')","('exit', ('initialize', 'begin editing'))",9091,127
64,64,exit,"('begin editing', 'finish editing')","('exit', ('begin editing', 'finish editing'))",6896,127
65,65,exit,"('finish editing', 'create')","('exit', ('finish editing', 'create'))",6849,127
66,66,exit,"('create', 'begin editing')","('exit', ('create', 'begin editing'))",3854,127
67,67,exit,"('begin editing', 'create')","('exit', ('begin editing', 'create'))",3380,127
68,68,exit,"('create', 'initialize')","('exit', ('create', 'initialize'))",2915,127
69,69,exit,"('finish editing', 'begin editing')","('exit', ('finish editing', 'begin editing'))",53,127
70,70,exit,"('mail income', 'initialize')","('exit', ('mail income', 'initialize'))",2610,127
71,71,exit,"('create', 'create')","('exit', ('create', 'create'))",815,127
72,72,workload,"('initialize', 'begin editing')","('workload', ('initialize', 'begin editing'))",4518.5,127
73,73,workload,"('begin editing', 'finish editing')","('workload', ('begin editing', 'finish editing'))",3297.0,127
74,74,workload,"('finish editing', 'create')","('workload', ('finish editing', 'create'))",6719.0,127
75,75,workload,"('begin editing', 'create')","('workload', ('begin editing', 'create'))",3250.0,127
76,76,workload,"('create', 'create')","('workload', ('create', 'create'))",815.0,127
77,77,enter,"('initialize', 'begin editing')","('enter', ('initialize', 'begin editing'))",1634,128
78,78,enter,"('begin editing', 'finish editing')","('enter', ('begin editing', 'finish editing'))",1116,128
79,79,enter,"('begin editing', 'create')","('enter', ('begin editing', 'create'))",708,128
80,80,enter,"('finish editing', 'initialize')","('enter', ('finish editing', 'initialize'))",1226,128
81,81,enter,"('finish editing', 'performed')","('enter', ('finish editing', 'performed'))",838,128
82,82,enter,"('begin editing', 'calculate')","('enter', ('begin editing', 'calculate'))",213,128
83,83,enter,"('finish editing', 'begin editing')","('enter', ('finish editing', 'begin editing'))",47,128
84,84,enter,"('finish editing', 'calculate')","('enter', ('finish editing', 'calculate'))",213,128
85,85,enter,"('finish editing', 'save')","('enter', ('finish editing', 'save'))",272,128
86,86,enter,"('begin editing', 'save')","('enter', ('begin editing', 'save'))",272,128
87,87,exit,"('mail valid', 'initialize')","('exit', ('mail valid', 'initialize'))",1414,128
88,88,exit,"('initialize', 'begin editing')","('exit', ('initialize', 'begin editing'))",1609,128
89,89,exit,"('begin editing', 'finish editing')","('exit', ('begin editing', 'finish editing'))",1116,128
90,90,exit,"('finish editing', 'create')","('exit', ('finish editing', 'create'))",1121,128
91,91,exit,"('begin editing', 'create')","('exit', ('begin editing', 'create'))",685,128
92,92,workload,"('initialize', 'begin editing')","('workload', ('initialize', 'begin editing'))",798.5,128
93,93,workload,"('begin editing', 'finish editing')","('workload', ('begin editing', 'finish editing'))",544.5,128
94,94,workload,"('begin editing', 'create')","('workload', ('begin editing', 'create'))",649.0,128
95,95,enter,"('initialize', 'begin editing')","('enter', ('initialize', 'begin editing'))",2310,129
96,96,enter,"('begin editing', 'finish editing')","('enter', ('begin editing', 'finish editing'))",1592,129
97,97,enter,"('finish editing', 'create')","('enter', ('finish editing', 'create'))",1595,129
98,98,enter,"('create', 'begin editing')","('enter', ('create', 'begin editing'))",2439,129
99,99,enter,"('begin editing', 'create')","('enter', ('begin editing', 'create'))",975,129
100,100,enter,"('create', 'initialize')","('enter', ('create', 'initialize'))",2362,129
101,101,enter,"('finish editing', 'initialize')","('enter', ('finish editing', 'initialize'))",1993,129
102,102,enter,"('finish editing', 'performed')","('enter', ('finish editing', 'performed'))",1561,129
103,103,enter,"('begin editing', 'calculate')","('enter', ('begin editing', 'calculate'))",473,129
104,104,enter,"('finish editing', 'calculate')","('enter', ('finish editing', 'calculate'))",475,129
105,105,exit,"('mail valid', 'initialize')","('exit', ('mail valid', 'initialize'))",2163,129
106,106,exit,"('initialize', 'begin editing')","('exit', ('initialize', 'begin editing'))",2372,129
107,107,exit,"('begin editing', 'finish editing')","('exit', ('begin editing', 'finish editing'))",1590,129
108,108,exit,"('finish editing', 'create')","('exit', ('finish editing', 'create'))",1651,129
109,109,exit,"('begin editing', 'create')","('exit', ('begin editing', 'create'))",1031,129
110,110,exit,"('finish editing', 'begin editing')","('exit', ('finish editing', 'begin editing'))",72,129
111,111,exit,"('mail income', 'initialize')","('exit', ('mail income', 'initialize'))",833,129
112,112,workload,"('initialize', 'begin editing')","('workload', ('initialize', 'begin editing'))",1151.0,129
113,113,workload,"('begin editing', 'finish editing')","('workload', ('begin editing', 'finish editing'))",794.5,129
114,114,workload,"('finish editing', 'create')","('workload', ('finish editing', 'create'))",1585.0,129
115,115,workload,"('begin editing', 'create')","('workload', ('begin editing', 'create'))",965.0,129
116,116,workload,"('begin editing', 'finish editing')","('workload', ('begin editing', 'finish editing'))",3.0,134
117,117,workload,"('begin editing', 'finish editing')","('workload', ('begin editing', 'finish editing'))",3.0,136
118,118,enter,"('save', 'begin editing')","('enter', ('save', 'begin editing'))",83,137
119,119,exit,"('finish editing', 'initialize')","('exit', ('finish editing', 'initialize'))",64,137
120,120,workload,"('save', 'save')","('workload', ('save', 'save'))",25.928571428571427,141
121,121,workload,"('save', 'save')","('workload', ('save', 'save'))",47.166666666666664,142
122,122,enter,"('finish editing', 'initialize')","('enter', ('finish editing', 'initialize'))",5390,147
123,123,enter,"('initialize', 'performed')","('enter', ('initialize', 'performed'))",4374,147
124,124,enter,"('finish editing', 'performed')","('enter', ('finish editing', 'performed'))",4388,147
125,125,enter,"('begin editing', 'calculate')","('enter', ('begin editing', 'calculate'))",865,147
126,126,enter,"('finish editing', 'calculate')","('enter', ('finish editing', 'calculate'))",865,147
127,127,enter,"('finish editing', 'save')","('enter', ('finish editing', 'save'))",148,147
128,128,enter,"('begin editing', 'save')","('enter', ('begin editing', 'save'))",148,147
129,129,exit,"('create', 'begin editing')","('exit', ('create', 'begin editing'))",5689,147
130,130,exit,"('create', 'initialize')","('exit', ('create', 'initialize'))",5699,147
131,131,exit,"('save', 'finish editing')","('exit', ('save', 'finish editing'))",112,147
132,132,exit,"('save', 'begin editing')","('exit', ('save', 'begin editing'))",108,147
133,133,handover,"('calculate', 'finish editing')","('handover', ('calculate', 'finish editing'))",3.0,147
134,134,handover,"('finish editing', 'begin editing')","('handover', ('finish editing', 'begin editing'))",1.6666666666666667,147
135,135,handover,"('save', 'finish editing')","('handover', ('save', 'finish editing'))",6.0,147
136,136,handover,"('calculate', 'begin editing')","('handover', ('calculate', 'begin editing'))",3.0,147
137,137,handover,"('save', 'begin editing')","('handover', ('save', 'begin editing'))",4.0,147
138,138,workload,"('initialize', 'begin editing')","('workload', ('initialize', 'begin editing'))",8.5,147
139,139,workload,"('begin editing', 'finish editing')","('workload', ('begin editing', 'finish editing'))",3.0,147
140,140,workload,"('save', 'save')","('workload', ('save', 'save'))",22.833333333333332,148
141,141,enter,"('save', 'save')","('enter', ('save', 'save'))",609,150
142,142,exit,"('finish editing', 'initialize')","('exit', ('finish editing', 'initialize'))",140,150
143,143,exit,"('finish editing', 'save')","('exit', ('finish editing', 'save'))",71,150
144,144,workload,"('save', 'save')","('workload', ('save', 'save'))",204.5,150
145,145,enter,"('save', 'save')","('enter', ('save', 'save'))",919,152
146,146,exit,"('finish editing', 'initialize')","('exit', ('finish editing', 'initialize'))",431,152
147,147,exit,"('save', 'save')","('exit', ('save', 'save'))",479,152
148,148,workload,"('save', 'save')","('workload', ('save', 'save'))",479.0,152
149,149,workload,"('save', 'save')","('workload', ('save', 'save'))",32.0,153
150,150,enter,"('save', 'save')","('enter', ('save', 'save'))",1462,154
151,151,exit,"('save', 'save')","('exit', ('save', 'save'))",2115,154
152,152,workload,"('save', 'save')","('workload', ('save', 'save'))",301.2857142857143,154
153,153,workload,"('calculate', 'finish editing')","('workload', ('calculate', 'finish editing'))",11.545454545454545,155
154,154,workload,"('finish editing', 'save')","('workload', ('finish editing', 'save'))",4.75,155
155,155,workload,"('finish editing', 'initialize')","('workload', ('finish editing', 'initialize'))",5.0,156
156,156,workload,"('finish editing', 'begin editing')","('workload', ('finish editing', 'begin editing'))",4.5,156
157,157,workload,"('save', 'finish editing')","('workload', ('save', 'finish editing'))",5.571428571428571,156
158,158,workload,"('save', 'finish editing')","('workload', ('save', 'finish editing'))",15.0,161
159,159,enter,"('save', 'save')","('enter', ('save', 'save'))",607,162
160,160,exit,"('save', 'save')","('exit', ('save', 'save'))",602,162
161,161,workload,"('save', 'save')","('workload', ('save', 'save'))",75.25,162
162,162,exit,"('finish editing', 'calculate')","('exit', ('finish editing', 'calculate'))",27,163
163,163,workload,"('calculate', 'finish editing')","('workload', ('calculate', 'finish editing'))",20.0,163
164,164,workload,"('save', 'calculate')","('workload', ('save', 'calculate'))",13.0,163
165,165,workload,"('save', 'save')","('workload', ('save', 'save'))",35.36363636363637,168
166,166,exit,"('begin editing', 'calculate')","('exit', ('begin editing', 'calculate'))",30,169
167,167,exit,"('finish editing', 'calculate')","('exit', ('finish editing', 'calculate'))",30,169
168,168,workload,"('calculate', 'finish editing')","('workload', ('calculate', 'finish editing'))",24.333333333333332,169
169,169,workload,"('save', 'save')","('workload', ('save', 'save'))",26.125,169
170,170,workload,"('save', 'calculate')","('workload', ('save', 'calculate'))",19.5,169
171,171,enter,"('save', 'save')","('enter', ('save', 'save'))",673,170
172,172,exit,"('begin editing', 'calculate')","('exit', ('begin editing', 'calculate'))",33,170
173,173,exit,"('finish editing', 'calculate')","('exit', ('finish editing', 'calculate'))",32,170
174,174,exit,"('save', 'save')","('exit', ('save', 'save'))",674,170
175,175,workload,"('finish editing', 'initialize')","('workload', ('finish editing', 'initialize'))",3.0,170
176,176,workload,"('calculate', 'finish editing')","('workload', ('calculate', 'finish editing'))",16.4,170
177,177,workload,"('finish editing', 'begin editing')","('workload', ('finish editing', 'begin editing'))",3.0,170
178,178,workload,"('save', 'save')","('workload', ('save', 'save'))",51.38461538461539,170
179,179,workload,"('save', 'calculate')","('workload', ('save', 'calculate'))",9.5,170
180,180,workload,"('calculate', 'finish editing')","('workload', ('calculate', 'finish editing'))",14.0,171
181,181,workload,"('save', 'calculate')","('workload', ('save', 'calculate'))",7.0,171
182,182,enter,"('save', 'save')","('enter', ('save', 'save'))",685,174
183,183,exit,"('finish editing', 'initialize')","('exit', ('finish editing', 'initialize'))",102,174
184,184,exit,"('finish editing', 'calculate')","('exit', ('finish editing', 'calculate'))",24,174
185,185,exit,"('save', 'save')","('exit', ('save', 'save'))",679,174
186,186,workload,"('calculate', 'finish editing')","('workload', ('calculate', 'finish editing'))",16.333333333333332,174
187,187,workload,"('calculate', 'calculate')","('workload', ('calculate', 'calculate'))",7.0,174
188,188,workload,"('save', 'save')","('workload', ('save', 'save'))",48.42857142857143,174
189,189,workload,"('save', 'calculate')","('workload', ('save', 'calculate'))",7.333333333333333,174
190,190,enter,"('save', 'save')","('enter', ('save', 'save'))",575,175
191,191,exit,"('save', 'save')","('exit', ('save', 'save'))",574,175
192,192,workload,"('calculate', 'finish editing')","('workload', ('calculate', 'finish editing'))",30.0,175
193,193,workload,"('save', 'save')","('workload', ('save', 'save'))",57.1,175
194,194,workload,"('save', 'calculate')","('workload', ('save', 'calculate'))",20.5,175
195,195,enter,"('initialize', 'begin editing')","('enter', ('initialize', 'begin editing'))",1609,176
196,196,enter,"('begin editing', 'finish editing')","('enter', ('begin editing', 'finish editing'))",1065,176
197,197,enter,"('begin editing', 'create')","('enter', ('begin editing', 'create'))",1591,176
198,198,enter,"('create', 'create')","('enter', ('create', 'create'))",1023,176
199,199,enter,"('save', 'save')","('enter', ('save', 'save'))",606,176
200,200,exit,"('initialize', 'begin editing')","('exit', ('initialize', 'begin editing'))",1609,176
201,201,exit,"('begin editing', 'finish editing')","('exit', ('begin editing', 'finish editing'))",1065,176
202,202,exit,"('begin editing', 'create')","('exit', ('begin editing', 'create'))",1591,176
203,203,exit,"('finish editing', 'initialize')","('exit', ('finish editing', 'initialize'))",1503,176
204,204,exit,"('create', 'create')","('exit', ('create', 'create'))",1023,176
205,205,exit,"('save', 'save')","('exit', ('save', 'save'))",607,176
206,206,handover,"('finish editing', 'initialize')","('handover', ('finish editing', 'initialize'))",9.0,176
207,207,workload,"('initialize', 'begin editing')","('workload', ('initialize', 'begin editing'))",1609.0,176
208,208,workload,"('begin editing', 'finish editing')","('workload', ('begin editing', 'finish editing'))",1065.0,176
209,209,workload,"('create', 'begin editing')","('workload', ('create', 'begin editing'))",1042.0,176
210,210,workload,"('begin editing', 'create')","('workload', ('begin editing', 'create'))",1591.0,176
211,211,workload,"('finish editing', 'begin editing')","('workload', ('finish editing', 'begin editing'))",3.0,176
212,212,workload,"('create', 'create')","('workload', ('create', 'create'))",1023.0,176
213,213,workload,"('save', 'save')","('workload', ('save', 'save'))",55.09090909090909,176
214,214,enter,"('begin editing', 'finish editing')","('enter', ('begin editing', 'finish editing'))",14,177
215,215,enter,"('begin editing', 'create')","('enter', ('begin editing', 'create'))",16,177
216,216,exit,"('begin editing', 'create')","('exit', ('begin editing', 'create'))",16,177
217,217,workload,"('initialize', 'begin editing')","('workload', ('initialize', 'begin editing'))",17.0,177
218,218,workload,"('begin editing', 'finish editing')","('workload', ('begin editing', 'finish editing'))",14.0,177
219,219,workload,"('begin editing', 'create')","('workload', ('begin editing', 'create'))",16.0,177
220,220,workload,"('save', 'save')","('workload', ('save', 'save'))",24.666666666666668,178
221,221,workload,"('calculate', 'calculate')","('workload', ('calculate', 'calculate'))",5.0,181
222,222,workload,"('save', 'save')","('workload', ('save', 'save'))",38.375,181
223,223,workload,"('save', 'calculate')","('workload', ('save', 'calculate'))",14.0,181
224,224,enter,"('finish editing', 'initialize')","('enter', ('finish editing', 'initialize'))",290,182
225,225,enter,"('calculate', 'finish editing')","('enter', ('calculate', 'finish editing'))",286,182
226,226,enter,"('finish editing', 'performed')","('enter', ('finish editing', 'performed'))",288,182
227,227,enter,"('calculate', 'calculate')","('enter', ('calculate', 'calculate'))",38,182
228,228,exit,"('calculate', 'finish editing')","('exit', ('calculate', 'finish editing'))",285,182
229,229,exit,"('begin editing', 'calculate')","('exit', ('begin editing', 'calculate'))",334,182
230,230,exit,"('finish editing', 'calculate')","('exit', ('finish editing', 'calculate'))",333,182
231,231,workload,"('calculate', 'finish editing')","('workload', ('calculate', 'finish editing'))",35.625,182
232,232,workload,"('calculate', 'calculate')","('workload', ('calculate', 'calculate'))",3.4,182
233,233,workload,"('save', 'save')","('workload', ('save', 'save'))",38.833333333333336,182
234,234,workload,"('save', 'calculate')","('workload', ('save', 'calculate'))",22.0,182
235,235,enter,"('finish editing', 'initialize')","('enter', ('finish editing', 'initialize'))",462,183
236,236,enter,"('calculate', 'finish editing')","('enter', ('calculate', 'finish editing'))",463,183
237,237,enter,"('finish editing', 'performed')","('enter', ('finish editing', 'performed'))",457,183
238,238,enter,"('calculate', 'calculate')","('enter', ('calculate', 'calculate'))",98,183
239,239,enter,"('calculate', 'save')","('enter', ('calculate', 'save'))",79,183
240,240,enter,"('save', 'save')","('enter', ('save', 'save'))",436,183
241,241,exit,"('calculate', 'finish editing')","('exit', ('calculate', 'finish editing'))",463,183
242,242,exit,"('begin editing', 'calculate')","('exit', ('begin editing', 'calculate'))",875,183
243,243,exit,"('calculate', 'calculate')","('exit', ('calculate', 'calculate'))",115,183
244,244,exit,"('finish editing', 'calculate')","('exit', ('finish editing', 'calculate'))",881,183
245,245,exit,"('save', 'save')","('exit', ('save', 'save'))",429,183
246,246,workload,"('calculate', 'finish editing')","('workload', ('calculate', 'finish editing'))",66.14285714285714,183
247,247,workload,"('calculate', 'calculate')","('workload', ('calculate', 'calculate'))",12.6,183
248,248,workload,"('save', 'save')","('workload', ('save', 'save'))",71.16666666666667,183
249,249,workload,"('save', 'calculate')","('workload', ('save', 'calculate'))",29.0,183
250,250,workload,"('insert document', 'save')","('workload', ('insert document', 'save'))",5.0,183
251,251,enter,"('finish editing', 'initialize')","('enter', ('finish editing', 'initialize'))",131,184
252,252,enter,"('save', 'save')","('enter', ('save', 'save'))",538,184
253,253,exit,"('begin editing', 'calculate')","('exit', ('begin editing', 'calculate'))",152,184
254,254,exit,"('finish editing', 'calculate')","('exit', ('finish editing', 'calculate'))",152,184
255,255,exit,"('save', 'save')","('exit', ('save', 'save'))",541,184
256,256,handover,"('calculate', 'save')","('handover', ('calculate', 'save'))",2.0,184
257,257,workload,"('calculate', 'finish editing')","('workload', ('calculate', 'finish editing'))",14.444444444444445,184
258,258,workload,"('save', 'save')","('workload', ('save', 'save'))",38.285714285714285,184
259,259,workload,"('calculate', 'finish editing')","('workload', ('calculate', 'finish editing'))",11.5,185
260,260,handover,"('calculate', 'save')","('handover', ('calculate', 'save'))",1.1428571428571428,189
261,261,workload,"('calculate', 'save')","('workload', ('calculate', 'save'))",13.666666666666666,189
262,262,workload,"('save', 'calculate')","('workload', ('save', 'calculate'))",9.375,189
263,263,enter,"('initialize', 'begin editing')","('enter', ('initialize', 'begin editing'))",426,190
264,264,enter,"('initialize', 'performed')","('enter', ('initialize', 'performed'))",9284,190
265,265,enter,"('performed', 'calculate')","('enter', ('performed', 'calculate'))",2877,190
266,266,enter,"('performed', 'performed')","('enter', ('performed', 'performed'))",9220,190
267,267,enter,"('performed', 'save')","('enter', ('performed', 'save'))",1391,190
268,268,exit,"('finish editing', 'initialize')","('exit', ('finish editing', 'initialize'))",10975,190
269,269,exit,"('initialize', 'performed')","('exit', ('initialize', 'performed'))",9533,190
270,270,exit,"('finish editing', 'performed')","('exit', ('finish editing', 'performed'))",10830,190
271,271,exit,"('performed', 'save')","('exit', ('performed', 'save'))",204,190
272,272,handover,"('finish editing', 'initialize')","('handover', ('finish editing', 'initialize'))",45.0,190
273,273,handover,"('initialize', 'performed')","('handover', ('initialize', 'performed'))",10.0,190
274,274,handover,"('finish editing', 'performed')","('handover', ('finish editing', 'performed'))",45.0,190
275,275,workload,"('initialize', 'performed')","('workload', ('initialize', 'performed'))",199.0,190
276,276,workload,"('calculate', 'finish editing')","('workload', ('calculate', 'finish editing'))",12.333333333333334,190
277,277,workload,"('save', 'save')","('workload', ('save', 'save'))",22.6,190
278,278,workload,"('save', 'calculate')","('workload', ('save', 'calculate'))",13.88888888888889,190
279,279,workload,"('calculate', 'save')","('workload', ('calculate', 'save'))",5.0,191
280,280,workload,"('save', 'save')","('workload', ('save', 'save'))",31.75,191
281,281,workload,"('save', 'calculate')","('workload', ('save', 'calculate'))",7.0,192
282,282,exit,"('performed', 'save')","('exit', ('performed', 'save'))",124,195
283,283,handover,"('save', 'save')","('handover', ('save', 'save'))",2.0,195
284,284,workload,"('save', 'save')","('workload', ('save', 'save'))",23.181818181818183,195
285,285,workload,"('save', 'calculate')","('workload', ('save', 'calculate'))",8.6,195
286,286,workload,"('insert document', 'save')","('workload', ('insert document', 'save'))",5.25,195
287,287,enter,"('calculate', 'calculate')","('enter', ('calculate', 'calculate'))",33,196
288,288,enter,"('calculate', 'save')","('enter', ('calculate', 'save'))",112,196
289,289,workload,"('calculate', 'finish editing')","('workload', ('calculate', 'finish editing'))",14.0,196
290,290,workload,"('calculate', 'calculate')","('workload', ('calculate', 'calculate'))",12.0,196
291,291,workload,"('calculate', 'save')","('workload', ('calculate', 'save'))",12.2,196
292,292,workload,"('save', 'calculate')","('workload', ('save', 'calculate'))",9.666666666666666,196
293,293,handover,"('calculate', 'save')","('handover', ('calculate', 'save'))",2.0,197
294,294,workload,"('calculate', 'save')","('workload', ('calculate', 'save'))",6.166666666666667,197
295,295,enter,"('calculate', 'finish editing')","('enter', ('calculate', 'finish editing'))",198,198
296,296,enter,"('calculate', 'save')","('enter', ('calculate', 'save'))",78,198
297,297,exit,"('calculate', 'finish editing')","('exit', ('calculate', 'finish editing'))",198,198
298,298,workload,"('calculate', 'finish editing')","('workload', ('calculate', 'finish editing'))",12.375,198
299,299,workload,"('calculate', 'calculate')","('workload', ('calculate', 'calculate'))",3.4,198
300,300,workload,"('calculate', 'save')","('workload', ('calculate', 'save'))",6.5,198
301,301,workload,"('save', 'calculate')","('workload', ('save', 'calculate'))",6.9375,198
302,302,workload,"('calculate', 'save')","('workload', ('calculate', 'save'))",5.0,199
303,303,enter,"('calculate', 'finish editing')","('enter', ('calculate', 'finish editing'))",191,202
304,304,enter,"('calculate', 'save')","('enter', ('calculate', 'save'))",59,202
305,305,exit,"('calculate', 'finish editing')","('exit', ('calculate', 'finish editing'))",190,202
306,306,workload,"('calculate', 'finish editing')","('workload', ('calculate', 'finish editing'))",10.555555555555555,202
307,307,workload,"('calculate', 'save')","('workload', ('calculate', 'save'))",5.090909090909091,202
308,308,exit,"('initialize', 'begin editing')","('exit', ('initialize', 'begin editing'))",28,203
309,309,workload,"('calculate', 'finish editing')","('workload', ('calculate', 'finish editing'))",9.882352941176471,203
310,310,workload,"('calculate', 'save')","('workload', ('calculate', 'save'))",5.2,203
311,311,enter,"('calculate', 'finish editing')","('enter', ('calculate', 'finish editing'))",283,204
312,312,enter,"('finish editing', 'performed')","('enter', ('finish editing', 'performed'))",290,204
313,313,enter,"('calculate', 'calculate')","('enter', ('calculate', 'calculate'))",58,204
314,314,enter,"('calculate', 'save')","('enter', ('calculate', 'save'))",78,204
315,315,exit,"('performed', 'calculate')","('exit', ('performed', 'calculate'))",259,204
316,316,exit,"('calculate', 'finish editing')","('exit', ('calculate', 'finish editing'))",282,204
317,317,handover,"('finish editing', 'save')","('handover', ('finish editing', 'save'))",2.0,204
318,318,workload,"('calculate', 'finish editing')","('workload', ('calculate', 'finish editing'))",11.75,204
319,319,workload,"('finish editing', 'begin editing')","('workload', ('finish editing', 'begin editing'))",3.2,204
320,320,workload,"('calculate', 'save')","('workload', ('calculate', 'save'))",5.230769230769231,204
321,321,enter,"('calculate', 'finish editing')","('enter', ('calculate', 'finish editing'))",594,205
322,322,enter,"('finish editing', 'performed')","('enter', ('finish editing', 'performed'))",584,205
323,323,enter,"('calculate', 'calculate')","('enter', ('calculate', 'calculate'))",396,205
324,324,enter,"('calculate', 'save')","('enter', ('calculate', 'save'))",264,205
325,325,exit,"('performed', 'calculate')","('exit', ('performed', 'calculate'))",883,205
326,326,exit,"('calculate', 'finish editing')","('exit', ('calculate', 'finish editing'))",593,205
327,327,exit,"('calculate', 'calculate')","('exit', ('calculate', 'calculate'))",237,205
328,328,workload,"('calculate', 'finish editing')","('workload', ('calculate', 'finish editing'))",29.65,205
329,329,workload,"('calculate', 'calculate')","('workload', ('calculate', 'calculate'))",26.875,205
330,330,workload,"('calculate', 'save')","('workload', ('calculate', 'save'))",4.153846153846154,205
331,331,workload,"('save', 'save')","('workload', ('save', 'save'))",25.125,205
332,332,enter,"('calculate', 'finish editing')","('enter', ('calculate', 'finish editing'))",219,206
333,333,enter,"('calculate', 'save')","('enter', ('calculate', 'save'))",115,206
334,334,exit,"('performed', 'calculate')","('exit', ('performed', 'calculate'))",240,206
335,335,exit,"('calculate', 'finish editing')","('exit', ('calculate', 'finish editing'))",215,206
336,336,handover,"('finish editing', 'begin editing')","('handover', ('finish editing', 'begin editing'))",1.6666666666666667,206
337,337,handover,"('calculate', 'save')","('handover', ('calculate', 'save'))",1.5,206
338,338,workload,"('calculate', 'finish editing')","('workload', ('calculate', 'finish editing'))",12.647058823529411,206
339,339,enter,"('calculate', 'calculate')","('enter', ('calculate', 'calculate'))",30,209
340,340,enter,"('calculate', 'save')","('enter', ('calculate', 'save'))",69,209
341,341,exit,"('initialize', 'begin editing')","('exit', ('initialize', 'begin editing'))",45,209
342,342,exit,"('calculate', 'calculate')","('exit', ('calculate', 'calculate'))",36,209
343,343,exit,"('save', 'calculate')","('exit', ('save', 'calculate'))",176,209
344,344,handover,"('save', 'save')","('handover', ('save', 'save'))",1.5,209
345,345,workload,"('finish editing', 'begin editing')","('workload', ('finish editing', 'begin editing'))",3.1666666666666665,209
346,346,workload,"('calculate', 'save')","('workload', ('calculate', 'save'))",4.533333333333333,209
347,347,workload,"('save', 'calculate')","('workload', ('save', 'calculate'))",8.65,209
348,348,workload,"('begin editing', 'save')","('workload', ('begin editing', 'save'))",5.0,209
349,349,enter,"('calculate', 'finish editing')","('enter', ('calculate', 'finish editing'))",260,210
350,350,enter,"('calculate', 'calculate')","('enter', ('calculate', 'calculate'))",44,210
351,351,enter,"('calculate', 'save')","('enter', ('calculate', 'save'))",88,210
352,352,enter,"('save', 'calculate')","('enter', ('save', 'calculate'))",248,210
353,353,exit,"('initialize', 'begin editing')","('exit', ('initialize', 'begin editing'))",48,210
354,354,exit,"('calculate', 'finish editing')","('exit', ('calculate', 'finish editing'))",260,210
355,355,exit,"('calculate', 'calculate')","('exit', ('calculate', 'calculate'))",49,210
356,356,exit,"('finish editing', 'begin editing')","('exit', ('finish editing', 'begin editing'))",45,210
357,357,exit,"('performed', 'save')","('exit', ('performed', 'save'))",82,210
358,358,exit,"('save', 'calculate')","('exit', ('save', 'calculate'))",238,210
359,359,workload,"('finish editing', 'begin editing')","('workload', ('finish editing', 'begin editing'))",3.7,210
360,360,workload,"('calculate', 'save')","('workload', ('calculate', 'save'))",4.35,210
361,361,workload,"('save', 'calculate')","('workload', ('save', 'calculate'))",7.645161290322581,210
362,362,enter,"('calculate', 'finish editing')","('enter', ('calculate', 'finish editing'))",257,211
363,363,enter,"('calculate', 'calculate')","('enter', ('calculate', 'calculate'))",42,211
364,364,enter,"('calculate', 'save')","('enter', ('calculate', 'save'))",139,211
365,365,enter,"('save', 'calculate')","('enter', ('save', 'calculate'))",271,211
366,366,exit,"('calculate', 'finish editing')","('exit', ('calculate', 'finish editing'))",256,211
367,367,exit,"('calculate', 'calculate')","('exit', ('calculate', 'calculate'))",94,211
368,368,exit,"('calculate', 'save')","('exit', ('calculate', 'save'))",156,211
369,369,exit,"('performed', 'save')","('exit', ('performed', 'save'))",66,211
370,370,exit,"('save', 'calculate')","('exit', ('save', 'calculate'))",268,211
371,371,handover,"('calculate', 'save')","('handover', ('calculate', 'save'))",1.1666666666666667,211
372,372,workload,"('calculate', 'calculate')","('workload', ('calculate', 'calculate'))",5.818181818181818,211
373,373,workload,"('calculate', 'save')","('workload', ('calculate', 'save'))",6.526315789473684,211
374,374,workload,"('finish editing', 'save')","('workload', ('finish editing', 'save'))",5.666666666666667,211
375,375,workload,"('save', 'calculate')","('workload', ('save', 'calculate'))",8.8,211
376,376,enter,"('calculate', 'finish editing')","('enter', ('calculate', 'finish editing'))",267,212
377,377,enter,"('finish editing', 'performed')","('enter', ('finish editing', 'performed'))",265,212
378,378,enter,"('calculate', 'save')","('enter', ('calculate', 'save'))",67,212
379,379,enter,"('save', 'calculate')","('enter', ('save', 'calculate'))",266,212
380,380,exit,"('initialize', 'begin editing')","('exit', ('initialize', 'begin editing'))",34,212
381,381,exit,"('calculate', 'finish editing')","('exit', ('calculate', 'finish editing'))",266,212
382,382,exit,"('save', 'calculate')","('exit', ('save', 'calculate'))",263,212
383,383,handover,"('calculate', 'save')","('handover', ('calculate', 'save'))",1.1666666666666667,212
384,384,handover,"('save', 'save')","('handover', ('save', 'save'))",1.75,212
385,385,workload,"('calculate', 'finish editing')","('workload', ('calculate', 'finish editing'))",11.083333333333334,212
386,386,workload,"('save', 'calculate')","('workload', ('save', 'calculate'))",10.916666666666666,212
387,387,workload,"('begin editing', 'save')","('workload', ('begin editing', 'save'))",4.6,212
388,388,workload,"('calculate', 'calculate')","('workload', ('calculate', 'calculate'))",3.3333333333333335,213
389,389,enter,"('calculate', 'finish editing')","('enter', ('calculate', 'finish editing'))",357,216
390,390,enter,"('performed', 'initialize')","('enter', ('performed', 'initialize'))",11109,216
391,391,enter,"('calculate', 'calculate')","('enter', ('calculate', 'calculate'))",27,216
392,392,enter,"('calculate', 'save')","('enter', ('calculate', 'save'))",54,216
393,393,enter,"('performed', 'save')","('enter', ('performed', 'save'))",307,216
394,394,enter,"('finish editing', 'save')","('enter', ('finish editing', 'save'))",73,216
395,395,enter,"('save', 'calculate')","('enter', ('save', 'calculate'))",284,216
396,396,exit,"('initialize', 'begin editing')","('exit', ('initialize', 'begin editing'))",50,216
397,397,exit,"('calculate', 'finish editing')","('exit', ('calculate', 'finish editing'))",359,216
398,398,exit,"('finish editing', 'performed')","('exit', ('finish editing', 'performed'))",3396,216
399,399,exit,"('calculate', 'calculate')","('exit', ('calculate', 'calculate'))",94,216
400,400,exit,"('finish editing', 'begin editing')","('exit', ('finish editing', 'begin editing'))",42,216
401,401,exit,"('performed', 'performed')","('exit', ('performed', 'performed'))",9220,216
402,402,exit,"('performed', 'save')","('exit', ('performed', 'save'))",74,216
403,403,exit,"('finish editing', 'save')","('exit', ('finish editing', 'save'))",61,216
404,404,exit,"('save', 'calculate')","('exit', ('save', 'calculate'))",294,216
405,405,handover,"('finish editing', 'performed')","('handover', ('finish editing', 'performed'))",64.0,216
406,406,workload,"('calculate', 'finish editing')","('workload', ('calculate', 'finish editing'))",12.75,216
407,407,workload,"('finish editing', 'begin editing')","('workload', ('finish editing', 'begin editing'))",2.7,216
408,408,workload,"('finish editing', 'calculate')","('workload', ('finish editing', 'calculate'))",4.0,216
409,409,workload,"('calculate', 'save')","('workload', ('calculate', 'save'))",4.5,216
410,410,workload,"('finish editing', 'save')","('workload', ('finish editing', 'save'))",4.384615384615385,216
411,411,workload,"('save', 'calculate')","('workload', ('save', 'calculate'))",10.777777777777779,216
412,412,workload,"('begin editing', 'save')","('workload', ('begin editing', 'save'))",5.785714285714286,216
413,413,enter,"('calculate', 'finish editing')","('enter', ('calculate', 'finish editing'))",294,217
414,414,enter,"('save', 'calculate')","('enter', ('save', 'calculate'))",250,217
415,415,exit,"('calculate', 'finish editing')","('exit', ('calculate', 'finish editing'))",295,217
416,416,exit,"('calculate', 'calculate')","('exit', ('calculate', 'calculate'))",33,217
417,417,exit,"('performed', 'save')","('exit', ('performed', 'save'))",72,217
418,418,exit,"('save', 'calculate')","('exit', ('save', 'calculate'))",253,217
419,419,workload,"('calculate', 'finish editing')","('workload', ('calculate', 'finish editing'))",10.5,217
420,420,workload,"('save', 'calculate')","('workload', ('save', 'calculate'))",9.0,217
421,421,enter,"('calculate', 'finish editing')","('enter', ('calculate', 'finish editing'))",287,218
422,422,enter,"('finish editing', 'begin editing')","('enter', ('finish editing', 'begin editing'))",47,218
423,423,enter,"('save', 'calculate')","('enter', ('save', 'calculate'))",228,218
424,424,enter,"('save', 'begin editing')","('enter', ('save', 'begin editing'))",33,218
425,425,exit,"('calculate', 'finish editing')","('exit', ('calculate', 'finish editing'))",288,218
426,426,exit,"('performed', 'save')","('exit', ('performed', 'save'))",141,218
427,427,exit,"('save', 'calculate')","('exit', ('save', 'calculate'))",227,218
428,428,handover,"('begin editing', 'save')","('handover', ('begin editing', 'save'))",1.3333333333333333,218
429,429,enter,"('calculate', 'finish editing')","('enter', ('calculate', 'finish editing'))",359,219
430,430,enter,"('finish editing', 'begin editing')","('enter', ('finish editing', 'begin editing'))",50,219
431,431,enter,"('finish editing', 'save')","('enter', ('finish editing', 'save'))",76,219
432,432,enter,"('save', 'calculate')","('enter', ('save', 'calculate'))",273,219
433,433,enter,"('begin editing', 'save')","('enter', ('begin editing', 'save'))",134,219
434,434,exit,"('calculate', 'finish editing')","('exit', ('calculate', 'finish editing'))",361,219
435,435,exit,"('performed', 'save')","('exit', ('performed', 'save'))",65,219
436,436,exit,"('finish editing', 'save')","('exit', ('finish editing', 'save'))",72,219
437,437,exit,"('save', 'calculate')","('exit', ('save', 'calculate'))",274,219
438,438,exit,"('begin editing', 'save')","('exit', ('begin editing', 'save'))",136,219
439,439,handover,"('save', 'save')","('handover', ('save', 'save'))",1.6666666666666667,219
440,440,workload,"('calculate', 'finish editing')","('workload', ('calculate', 'finish editing'))",14.36,219
441,441,workload,"('finish editing', 'begin editing')","('workload', ('finish editing', 'begin editing'))",3.2,219
442,442,workload,"('finish editing', 'save')","('workload', ('finish editing', 'save'))",4.375,219
443,443,workload,"('save', 'calculate')","('workload', ('save', 'calculate'))",10.92,219
444,444,workload,"('begin editing', 'save')","('workload', ('begin editing', 'save'))",7.052631578947368,219
445,445,workload,"('save', 'begin editing')","('workload', ('save', 'begin editing'))",3.25,219
446,446,enter,"('calculate', 'finish editing')","('enter', ('calculate', 'finish editing'))",218,220
447,447,exit,"('calculate', 'finish editing')","('exit', ('calculate', 'finish editing'))",219,220
448,448,exit,"('save', 'calculate')","('exit', ('save', 'calculate'))",157,220
449,449,workload,"('save', 'begin editing')","('workload', ('save', 'begin editing'))",2.4,220
450,450,workload,"('finish editing', 'calculate')","('workload', ('finish editing', 'calculate'))",2.5,223
451,451,enter,"('finish editing', 'initialize')","('enter', ('finish editing', 'initialize'))",134,225
452,452,enter,"('calculate', 'finish editing')","('enter', ('calculate', 'finish editing'))",234,225
453,453,exit,"('calculate', 'finish editing')","('exit', ('calculate', 'finish editing'))",235,225
454,454,exit,"('save', 'calculate')","('exit', ('save', 'calculate'))",157,225
455,455,handover,"('finish editing', 'save')","('handover', ('finish editing', 'save'))",1.2857142857142858,225
456,456,workload,"('finish editing', 'begin editing')","('workload', ('finish editing', 'begin editing'))",3.1,225
457,457,workload,"('save', 'begin editing')","('workload', ('save', 'begin editing'))",4.5,225
458,458,enter,"('finish editing', 'initialize')","('enter', ('finish editing', 'initialize'))",112,226
459,459,enter,"('begin editing', 'save')","('enter', ('begin editing', 'save'))",179,226
460,460,handover,"('calculate', 'finish editing')","('handover', ('calculate', 'finish editing'))",2.0,226
461,461,enter,"('initialize', 'begin editing')","('enter', ('initialize', 'begin editing'))",1663,227
462,462,exit,"('finish editing', 'initialize')","('exit', ('finish editing', 'initialize'))",181,227
463,463,exit,"('performed', 'initialize')","('exit', ('performed', 'initialize'))",1527,227
464,464,handover,"('finish editing', 'initialize')","('handover', ('finish editing', 'initialize'))",13.0,227
465,465,handover,"('calculate', 'save')","('handover', ('calculate', 'save'))",3.0,231
466,466,workload,"('finish editing', 'calculate')","('workload', ('finish editing', 'calculate'))",3.0,231
467,467,enter,"('finish editing', 'begin editing')","('enter', ('finish editing', 'begin editing'))",53,232
468,468,enter,"('insert document', 'save')","('enter', ('insert document', 'save'))",73,232
469,469,exit,"('initialize', 'begin editing')","('exit', ('initialize', 'begin editing'))",33,232
470,470,exit,"('insert document', 'save')","('exit', ('insert document', 'save'))",73,232
471,471,exit,"('begin editing', 'insert document')","('exit', ('begin editing', 'insert document'))",57,232
472,472,handover,"('finish editing', 'save')","('handover', ('finish editing', 'save'))",1.3333333333333333,232
473,473,workload,"('insert document', 'save')","('workload', ('insert document', 'save'))",4.294117647058823,232
474,474,workload,"('begin editing', 'insert document')","('workload', ('begin editing', 'insert document'))",3.8,232
475,475,enter,"('save', 'begin editing')","('enter', ('save', 'begin editing'))",41,233
476,476,workload,"('begin editing', 'insert document')","('workload', ('begin editing', 'insert document'))",2.8666666666666667,233
477,477,handover,"('finish editing', 'initialize')","('handover', ('finish editing', 'initialize'))",9.0,234
478,478,handover,"('performed', 'performed')","('handover', ('performed', 'performed'))",2.0,234
479,479,enter,"('initialize', 'begin editing')","('enter', ('initialize', 'begin editing'))",29,237
480,480,enter,"('finish editing', 'initialize')","('enter', ('finish editing', 'initialize'))",116,237
481,481,enter,"('calculate', 'finish editing')","('enter', ('calculate', 'finish editing'))",196,237
482,482,enter,"('finish editing', 'begin editing')","('enter', ('finish editing', 'begin editing'))",103,237
483,483,enter,"('save', 'calculate')","('enter', ('save', 'calculate'))",191,237
484,484,enter,"('begin editing', 'save')","('enter', ('begin editing', 'save'))",160,237
485,485,enter,"('save', 'begin editing')","('enter', ('save', 'begin editing'))",58,237
486,486,enter,"('insert document', 'save')","('enter', ('insert document', 'save'))",97,237
487,487,enter,"('begin editing', 'insert document')","('enter', ('begin editing', 'insert document'))",74,237
488,488,exit,"('initialize', 'begin editing')","('exit', ('initialize', 'begin editing'))",74,237
489,489,exit,"('calculate', 'finish editing')","('exit', ('calculate', 'finish editing'))",196,237
490,490,exit,"('save', 'calculate')","('exit', ('save', 'calculate'))",191,237
491,491,exit,"('begin editing', 'save')","('exit', ('begin editing', 'save'))",166,237
492,492,exit,"('insert document', 'save')","('exit', ('insert document', 'save'))",97,237
493,493,exit,"('begin editing', 'insert document')","('exit', ('begin editing', 'insert document'))",73,237
494,494,handover,"('finish editing', 'initialize')","('handover', ('finish editing', 'initialize'))",16.0,237
495,495,handover,"('performed', 'initialize')","('handover', ('performed', 'initialize'))",3.0,237
496,496,workload,"('begin editing', 'save')","('workload', ('begin editing', 'save'))",5.161290322580645,237
497,497,workload,"('save', 'begin editing')","('workload', ('save', 'begin editing'))",2.2857142857142856,237
498,498,workload,"('insert document', 'save')","('workload', ('insert document', 'save'))",4.363636363636363,237
499,499,workload,"('begin editing', 'insert document')","('workload', ('begin editing', 'insert document'))",4.294117647058823,237
500,500,enter,"('finish editing', 'initialize')","('enter', ('finish editing', 'initialize'))",152,238
501,501,enter,"('calculate', 'finish editing')","('enter', ('calculate', 'finish editing'))",214,238
502,502,enter,"('finish editing', 'begin editing')","('enter', ('finish editing', 'begin editing'))",63,238
503,503,enter,"('begin editing', 'save')","('enter', ('begin editing', 'save'))",153,238
504,504,enter,"('save', 'begin editing')","('enter', ('save', 'begin editing'))",88,238
505,505,enter,"('insert document', 'save')","('enter', ('insert document', 'save'))",96,238
506,506,enter,"('begin editing', 'insert document')","('enter', ('begin editing', 'insert document'))",78,238
507,507,exit,"('initialize', 'begin editing')","('exit', ('initialize', 'begin editing'))",39,238
508,508,exit,"('calculate', 'finish editing')","('exit', ('calculate', 'finish editing'))",214,238
509,509,exit,"('finish editing', 'begin editing')","('exit', ('finish editing', 'begin editing'))",51,238
510,510,exit,"('finish editing', 'save')","('exit', ('finish editing', 'save'))",70,238
511,511,exit,"('save', 'calculate')","('exit', ('save', 'calculate'))",173,238
512,512,exit,"('begin editing', 'save')","('exit', ('begin editing', 'save'))",158,238
513,513,exit,"('save', 'begin editing')","('exit', ('save', 'begin editing'))",35,238
514,514,exit,"('insert document', 'save')","('exit', ('insert document', 'save'))",94,238
515,515,exit,"('begin editing', 'insert document')","('exit', ('begin editing', 'insert document'))",76,238
516,516,handover,"('calculate', 'calculate')","('handover', ('calculate', 'calculate'))",1.5,238
517,517,workload,"('finish editing', 'save')","('workload', ('finish editing', 'save'))",4.0,238
518,518,workload,"('begin editing', 'save')","('workload', ('begin editing', 'save'))",6.04,238
519,519,workload,"('save', 'begin editing')","('workload', ('save', 'begin editing'))",2.357142857142857,238
520,520,workload,"('begin editing', 'insert document')","('workload', ('begin editing', 'insert document'))",2.8846153846153846,238
521,521,enter,"('initialize', 'begin editing')","('enter', ('initialize', 'begin editing'))",12561,239
522,522,enter,"('finish editing', 'initialize')","('enter', ('finish editing', 'initialize'))",218,239
523,523,enter,"('finish editing', 'begin editing')","('enter', ('finish editing', 'begin editing'))",48,239
524,524,enter,"('begin editing', 'save')","('enter', ('begin editing', 'save'))",133,239
525,525,enter,"('save', 'begin editing')","('enter', ('save', 'begin editing'))",45,239
526,526,enter,"('insert document', 'save')","('enter', ('insert document', 'save'))",66,239
527,527,exit,"('initialize', 'begin editing')","('exit', ('initialize', 'begin editing'))",35,239
528,528,exit,"('finish editing', 'initialize')","('exit', ('finish editing', 'initialize'))",1291,239
529,529,exit,"('performed', 'initialize')","('exit', ('performed', 'initialize'))",10277,239
530,530,exit,"('finish editing', 'begin editing')","('exit', ('finish editing', 'begin editing'))",46,239
531,531,exit,"('begin editing', 'save')","('exit', ('begin editing', 'save'))",144,239
532,532,exit,"('insert document', 'save')","('exit', ('insert document', 'save'))",68,239
533,533,handover,"('finish editing', 'initialize')","('handover', ('finish editing', 'initialize'))",27.0,239
534,534,handover,"('insert document', 'save')","('handover', ('insert document', 'save'))",2.0,239
535,535,workload,"('begin editing', 'finish editing')","('workload', ('begin editing', 'finish editing'))",2.75,239
536,536,workload,"('create', 'initialize')","('workload', ('create', 'initialize'))",9.0,239
537,537,workload,"('save', 'finish editing')","('workload', ('save', 'finish editing'))",6.266666666666667,239
538,538,workload,"('finish editing', 'save')","('workload', ('finish editing', 'save'))",3.9166666666666665,239
539,539,workload,"('begin editing', 'save')","('workload', ('begin editing', 'save'))",6.428571428571429,239
540,540,enter,"('calculate', 'finish editing')","('enter', ('calculate', 'finish editing'))",215,240
541,541,enter,"('begin editing', 'calculate')","('enter', ('begin editing', 'calculate'))",14523,240
542,542,enter,"('calculate', 'calculate')","('enter', ('calculate', 'calculate'))",10939,240
543,543,enter,"('finish editing', 'begin editing')","('enter', ('finish editing', 'begin editing'))",164,240
544,544,enter,"('calculate', 'save')","('enter', ('calculate', 'save'))",1340,240
545,545,enter,"('calculate', 'begin editing')","('enter', ('calculate', 'begin editing'))",2126,240
546,546,enter,"('begin editing', 'save')","('enter', ('begin editing', 'save'))",122,240
547,547,enter,"('save', 'begin editing')","('enter', ('save', 'begin editing'))",34,240
548,548,enter,"('insert document', 'save')","('enter', ('insert document', 'save'))",61,240
549,549,exit,"('initialize', 'begin editing')","('exit', ('initialize', 'begin editing'))",14022,240
550,550,exit,"('begin editing', 'calculate')","('exit', ('begin editing', 'calculate'))",14523,240
551,551,exit,"('finish editing', 'begin editing')","('exit', ('finish editing', 'begin editing'))",346,240
552,552,exit,"('begin editing', 'save')","('exit', ('begin editing', 'save'))",122,240
553,553,exit,"('save', 'begin editing')","('exit', ('save', 'begin editing'))",260,240
554,554,exit,"('insert document', 'save')","('exit', ('insert document', 'save'))",61,240
555,555,handover,"('finish editing', 'begin editing')","('handover', ('finish editing', 'begin editing'))",15.0,240
556,556,handover,"('save', 'begin editing')","('handover', ('save', 'begin editing'))",14.0,240
557,557,workload,"('begin editing', 'calculate')","('workload', ('begin editing', 'calculate'))",2904.6,240
558,558,workload,"('begin editing', 'save')","('workload', ('begin editing', 'save'))",4.615384615384615,240
559,559,workload,"('save', 'begin editing')","('workload', ('save', 'begin editing'))",3.0,240
560,560,workload,"('begin editing', 'insert document')","('workload', ('begin editing', 'insert document'))",2.6842105263157894,240
561,561,enter,"('insert document', 'save')","('enter', ('insert document', 'save'))",56,241
562,562,exit,"('insert document', 'save')","('exit', ('insert document', 'save'))",55,241
563,563,workload,"('begin editing', 'save')","('workload', ('begin editing', 'save'))",4.777777777777778,241
564,564,enter,"('calculate', 'finish editing')","('enter', ('calculate', 'finish editing'))",188,244
565,565,enter,"('finish editing', 'begin editing')","('enter', ('finish editing', 'begin editing'))",63,244
566,566,enter,"('finish editing', 'calculate')","('enter', ('finish editing', 'calculate'))",207,244
567,567,enter,"('save', 'finish editing')","('enter', ('save', 'finish editing'))",110,244
568,568,enter,"('save', 'calculate')","('enter', ('save', 'calculate'))",249,244
569,569,enter,"('begin editing', 'save')","('enter', ('begin editing', 'save'))",200,244
570,570,enter,"('save', 'begin editing')","('enter', ('save', 'begin editing'))",37,244
571,571,enter,"('insert document', 'save')","('enter', ('insert document', 'save'))",69,244
572,572,exit,"('calculate', 'finish editing')","('exit', ('calculate', 'finish editing'))",221,244
573,573,exit,"('calculate', 'save')","('exit', ('calculate', 'save'))",132,244
574,574,exit,"('save', 'calculate')","('exit', ('save', 'calculate'))",167,244
575,575,exit,"('calculate', 'begin editing')","('exit', ('calculate', 'begin editing'))",237,244
576,576,exit,"('begin editing', 'save')","('exit', ('begin editing', 'save'))",199,244
577,577,exit,"('insert document', 'save')","('exit', ('insert document', 'save'))",68,244
578,578,handover,"('finish editing', 'save')","('handover', ('finish editing', 'save'))",1.4,244
579,579,workload,"('save', 'finish editing')","('workload', ('save', 'finish editing'))",9.454545454545455,244
580,580,workload,"('begin editing', 'save')","('workload', ('begin editing', 'save'))",7.653846153846154,244
581,581,workload,"('insert document', 'save')","('workload', ('insert document', 'save'))",4.0,244
582,582,workload,"('begin editing', 'insert document')","('workload', ('begin editing', 'insert document'))",3.0,244
583,583,enter,"('begin editing', 'finish editing')","('enter', ('begin editing', 'finish editing'))",14,245
584,584,enter,"('finish editing', 'begin editing')","('enter', ('finish editing', 'begin editing'))",61,245
585,585,enter,"('finish editing', 'calculate')","('enter', ('finish editing', 'calculate'))",374,245
586,586,enter,"('save', 'finish editing')","('enter', ('save', 'finish editing'))",208,245
587,587,enter,"('performed', 'save')","('enter', ('performed', 'save'))",35,245
588,588,enter,"('finish editing', 'save')","('enter', ('finish editing', 'save'))",78,245
589,589,enter,"('save', 'save')","('enter', ('save', 'save'))",422,245
590,590,enter,"('save', 'calculate')","('enter', ('save', 'calculate'))",275,245
591,591,enter,"('begin editing', 'save')","('enter', ('begin editing', 'save'))",220,245
592,592,enter,"('insert document', 'save')","('enter', ('insert document', 'save'))",65,245
593,593,exit,"('calculate', 'finish editing')","('exit', ('calculate', 'finish editing'))",181,245
594,594,exit,"('calculate', 'save')","('exit', ('calculate', 'save'))",325,245
595,595,exit,"('save', 'finish editing')","('exit', ('save', 'finish editing'))",214,245
596,596,exit,"('save', 'save')","('exit', ('save', 'save'))",420,245
597,597,exit,"('save', 'calculate')","('exit', ('save', 'calculate'))",182,245
598,598,exit,"('calculate', 'begin editing')","('exit', ('calculate', 'begin editing'))",250,245
599,599,exit,"('begin editing', 'save')","('exit', ('begin editing', 'save'))",221,245
600,600,exit,"('insert document', 'save')","('exit', ('insert document', 'save'))",65,245
601,601,handover,"('finish editing', 'save')","('handover', ('finish editing', 'save'))",1.6666666666666667,245
602,602,workload,"('save', 'finish editing')","('workload', ('save', 'finish editing'))",5.458333333333333,245
603,603,workload,"('begin editing', 'save')","('workload', ('begin editing', 'save'))",7.892857142857143,245
604,604,workload,"('save', 'begin editing')","('workload', ('save', 'begin editing'))",2.6666666666666665,245
605,605,enter,"('begin editing', 'finish editing')","('enter', ('begin editing', 'finish editing'))",17,246
606,606,enter,"('calculate', 'finish editing')","('enter', ('calculate', 'finish editing'))",210,246
607,607,enter,"('finish editing', 'begin editing')","('enter', ('finish editing', 'begin editing'))",63,246
608,608,enter,"('finish editing', 'calculate')","('enter', ('finish editing', 'calculate'))",315,246
609,609,enter,"('save', 'finish editing')","('enter', ('save', 'finish editing'))",213,246
610,610,enter,"('save', 'calculate')","('enter', ('save', 'calculate'))",273,246
611,611,enter,"('begin editing', 'save')","('enter', ('begin editing', 'save'))",322,246
612,612,enter,"('insert document', 'save')","('enter', ('insert document', 'save'))",75,246
613,613,enter,"('begin editing', 'insert document')","('enter', ('begin editing', 'insert document'))",56,246
614,614,exit,"('begin editing', 'finish editing')","('exit', ('begin editing', 'finish editing'))",16,246
615,615,exit,"('calculate', 'finish editing')","('exit', ('calculate', 'finish editing'))",212,246
616,616,exit,"('finish editing', 'begin editing')","('exit', ('finish editing', 'begin editing'))",50,246
617,617,exit,"('save', 'finish editing')","('exit', ('save', 'finish editing'))",214,246
618,618,exit,"('save', 'calculate')","('exit', ('save', 'calculate'))",204,246
619,619,exit,"('calculate', 'begin editing')","('exit', ('calculate', 'begin editing'))",331,246
620,620,exit,"('begin editing', 'save')","('exit', ('begin editing', 'save'))",324,246
621,621,exit,"('insert document', 'save')","('exit', ('insert document', 'save'))",75,246
622,622,exit,"('begin editing', 'insert document')","('exit', ('begin editing', 'insert document'))",58,246
623,623,handover,"('finish editing', 'save')","('handover', ('finish editing', 'save'))",1.1666666666666667,246
624,624,workload,"('save', 'finish editing')","('workload', ('save', 'finish editing'))",16.307692307692307,246
625,625,workload,"('begin editing', 'save')","('workload', ('begin editing', 'save'))",11.5,246
626,626,enter,"('begin editing', 'finish editing')","('enter', ('begin editing', 'finish editing'))",18,247
627,627,enter,"('calculate', 'finish editing')","('enter', ('calculate', 'finish editing'))",200,247
628,628,enter,"('finish editing', 'begin editing')","('enter', ('finish editing', 'begin editing'))",80,247
629,629,enter,"('finish editing', 'calculate')","('enter', ('finish editing', 'calculate'))",821,247
630,630,enter,"('save', 'finish editing')","('enter', ('save', 'finish editing'))",428,247
631,631,enter,"('performed', 'save')","('enter', ('performed', 'save'))",73,247
632,632,enter,"('finish editing', 'save')","('enter', ('finish editing', 'save'))",69,247
633,633,enter,"('save', 'save')","('enter', ('save', 'save'))",685,247
634,634,enter,"('save', 'calculate')","('enter', ('save', 'calculate'))",239,247
635,635,enter,"('begin editing', 'save')","('enter', ('begin editing', 'save'))",341,247
636,636,enter,"('insert document', 'save')","('enter', ('insert document', 'save'))",73,247
637,637,exit,"('begin editing', 'finish editing')","('exit', ('begin editing', 'finish editing'))",18,247
638,638,exit,"('calculate', 'finish editing')","('exit', ('calculate', 'finish editing'))",208,247
639,639,exit,"('finish editing', 'begin editing')","('exit', ('finish editing', 'begin editing'))",57,247
640,640,exit,"('calculate', 'save')","('exit', ('calculate', 'save'))",543,247
641,641,exit,"('save', 'finish editing')","('exit', ('save', 'finish editing'))",426,247
642,642,exit,"('performed', 'save')","('exit', ('performed', 'save'))",73,247
643,643,exit,"('finish editing', 'save')","('exit', ('finish editing', 'save'))",80,247
644,644,exit,"('save', 'save')","('exit', ('save', 'save'))",706,247
645,645,exit,"('save', 'calculate')","('exit', ('save', 'calculate'))",178,247
646,646,exit,"('calculate', 'begin editing')","('exit', ('calculate', 'begin editing'))",341,247
647,647,exit,"('begin editing', 'save')","('exit', ('begin editing', 'save'))",341,247
648,648,exit,"('insert document', 'save')","('exit', ('insert document', 'save'))",71,247
649,649,handover,"('finish editing', 'save')","('handover', ('finish editing', 'save'))",3.0,247
650,650,handover,"('save', 'save')","('handover', ('save', 'save'))",2.0,247
651,651,workload,"('finish editing', 'begin editing')","('workload', ('finish editing', 'begin editing'))",2.9285714285714284,247
652,652,workload,"('save', 'finish editing')","('workload', ('save', 'finish editing'))",13.842105263157896,247
653,653,workload,"('save', 'save')","('workload', ('save', 'save'))",23.20689655172414,247
654,654,workload,"('save', 'calculate')","('workload', ('save', 'calculate'))",6.846153846153846,247
655,655,workload,"('begin editing', 'save')","('workload', ('begin editing', 'save'))",14.166666666666666,247
656,656,enter,"('finish editing', 'calculate')","('enter', ('finish editing', 'calculate'))",192,248
657,657,enter,"('save', 'finish editing')","('enter', ('save', 'finish editing'))",144,248
658,658,enter,"('begin editing', 'save')","('enter', ('begin editing', 'save'))",169,248
659,659,exit,"('save', 'finish editing')","('exit', ('save', 'finish editing'))",144,248
660,660,exit,"('calculate', 'begin editing')","('exit', ('calculate', 'begin editing'))",150,248
661,661,exit,"('begin editing', 'save')","('exit', ('begin editing', 'save'))",169,248
662,662,workload,"('save', 'finish editing')","('workload', ('save', 'finish editing'))",11.076923076923077,248
663,663,workload,"('begin editing', 'save')","('workload', ('begin editing', 'save'))",8.047619047619047,248
664,664,workload,"('save', 'begin editing')","('workload', ('save', 'begin editing'))",2.75,248
665,665,enter,"('finish editing', 'calculate')","('enter', ('finish editing', 'calculate'))",247,251
666,666,enter,"('save', 'finish editing')","('enter', ('save', 'finish editing'))",242,251
667,667,enter,"('begin editing', 'save')","('enter', ('begin editing', 'save'))",233,251
668,668,exit,"('save', 'finish editing')","('exit', ('save', 'finish editing'))",244,251
669,669,exit,"('calculate', 'begin editing')","('exit', ('calculate', 'begin editing'))",204,251
670,670,exit,"('begin editing', 'save')","('exit', ('begin editing', 'save'))",232,251
671,671,workload,"('save', 'finish editing')","('workload', ('save', 'finish editing'))",14.294117647058824,251
672,672,workload,"('performed', 'save')","('workload', ('performed', 'save'))",6.0,251
673,673,workload,"('begin editing', 'save')","('workload', ('begin editing', 'save'))",14.5,251
674,674,workload,"('save', 'begin editing')","('workload', ('save', 'begin editing'))",8.0,251
675,675,enter,"('begin editing', 'finish editing')","('enter', ('begin editing', 'finish editing'))",14,252
676,676,enter,"('finish editing', 'calculate')","('enter', ('finish editing', 'calculate'))",190,252
677,677,enter,"('save', 'finish editing')","('enter', ('save', 'finish editing'))",185,252
678,678,enter,"('begin editing', 'save')","('enter', ('begin editing', 'save'))",172,252
679,679,exit,"('begin editing', 'finish editing')","('exit', ('begin editing', 'finish editing'))",17,252
680,680,exit,"('finish editing', 'begin editing')","('exit', ('finish editing', 'begin editing'))",52,252
681,681,exit,"('save', 'finish editing')","('exit', ('save', 'finish editing'))",186,252
682,682,exit,"('begin editing', 'save')","('exit', ('begin editing', 'save'))",172,252
683,683,workload,"('save', 'finish editing')","('workload', ('save', 'finish editing'))",6.2,252
684,684,workload,"('begin editing', 'save')","('workload', ('begin editing', 'save'))",6.333333333333333,252
685,685,workload,"('save', 'begin editing')","('workload', ('save', 'begin editing'))",2.4,252
686,686,enter,"('begin editing', 'calculate')","('enter', ('begin editing', 'calculate'))",317,253
687,687,enter,"('calculate', 'calculate')","('enter', ('calculate', 'calculate'))",11784,253
688,688,enter,"('finish editing', 'calculate')","('enter', ('finish editing', 'calculate'))",166,253
689,689,enter,"('calculate', 'save')","('enter', ('calculate', 'save'))",900,253
690,690,enter,"('save', 'finish editing')","('enter', ('save', 'finish editing'))",126,253
691,691,enter,"('save', 'save')","('enter', ('save', 'save'))",896,253
692,692,enter,"('calculate', 'begin editing')","('enter', ('calculate', 'begin editing'))",1323,253
693,693,enter,"('begin editing', 'save')","('enter', ('begin editing', 'save'))",140,253
694,694,exit,"('begin editing', 'calculate')","('exit', ('begin editing', 'calculate'))",321,253
695,695,exit,"('calculate', 'calculate')","('exit', ('calculate', 'calculate'))",11189,253
696,696,exit,"('finish editing', 'begin editing')","('exit', ('finish editing', 'begin editing'))",120,253
697,697,exit,"('finish editing', 'calculate')","('exit', ('finish editing', 'calculate'))",2654,253
698,698,exit,"('save', 'finish editing')","('exit', ('save', 'finish editing'))",126,253
699,699,exit,"('save', 'save')","('exit', ('save', 'save'))",912,253
700,700,exit,"('save', 'calculate')","('exit', ('save', 'calculate'))",708,253
701,701,exit,"('calculate', 'begin editing')","('exit', ('calculate', 'begin editing'))",316,253
702,702,exit,"('begin editing', 'save')","('exit', ('begin editing', 'save'))",142,253
703,703,exit,"('save', 'begin editing')","('exit', ('save', 'begin editing'))",35,253
704,704,handover,"('finish editing', 'begin editing')","('handover', ('finish editing', 'begin editing'))",4.25,253
705,705,handover,"('finish editing', 'calculate')","('handover', ('finish editing', 'calculate'))",70.0,253
706,706,handover,"('save', 'calculate')","('handover', ('save', 'calculate'))",63.0,253
707,707,handover,"('save', 'begin editing')","('handover', ('save', 'begin editing'))",2.5,253
708,708,workload,"('begin editing', 'calculate')","('workload', ('begin editing', 'calculate'))",78.5,253
709,709,workload,"('calculate', 'calculate')","('workload', ('calculate', 'calculate'))",3620.6666666666665,253
710,710,workload,"('save', 'finish editing')","('workload', ('save', 'finish editing'))",5.25,253
711,711,workload,"('save', 'save')","('workload', ('save', 'save'))",23.128205128205128,253
712,712,workload,"('begin editing', 'save')","('workload', ('begin editing', 'save'))",5.071428571428571,253
713,713,enter,"('begin editing', 'finish editing')","('enter', ('begin editing', 'finish editing'))",22,254
714,714,enter,"('calculate', 'calculate')","('enter', ('calculate', 'calculate'))",189,254
715,715,enter,"('save', 'finish editing')","('enter', ('save', 'finish editing'))",123,254
716,716,enter,"('save', 'save')","('enter', ('save', 'save'))",964,254
717,717,enter,"('calculate', 'begin editing')","('enter', ('calculate', 'begin editing'))",34,254
718,718,enter,"('begin editing', 'save')","('enter', ('begin editing', 'save'))",129,254
719,719,exit,"('begin editing', 'finish editing')","('exit', ('begin editing', 'finish editing'))",22,254
720,720,exit,"('calculate', 'calculate')","('exit', ('calculate', 'calculate'))",301,254
721,721,exit,"('save', 'finish editing')","('exit', ('save', 'finish editing'))",121,254
722,722,exit,"('save', 'save')","('exit', ('save', 'save'))",928,254
723,723,exit,"('calculate', 'begin editing')","('exit', ('calculate', 'begin editing'))",148,254
724,724,exit,"('begin editing', 'save')","('exit', ('begin editing', 'save'))",129,254
725,725,handover,"('calculate', 'calculate')","('handover', ('calculate', 'calculate'))",1.5,254
726,726,workload,"('save', 'finish editing')","('workload', ('save', 'finish editing'))",5.217391304347826,254
727,727,workload,"('save', 'save')","('workload', ('save', 'save'))",25.0,254
728,728,enter,"('begin editing', 'finish editing')","('enter', ('begin editing', 'finish editing'))",18,255
729,729,enter,"('performed', 'save')","('enter', ('performed', 'save'))",75,255
730,730,exit,"('begin editing', 'finish editing')","('exit', ('begin editing', 'finish editing'))",18,255
731,731,exit,"('calculate', 'begin editing')","('exit', ('calculate', 'begin editing'))",292,255
732,732,handover,"('finish editing', 'begin editing')","('handover', ('finish editing', 'begin editing'))",2.5,255
733,733,handover,"('save', 'begin editing')","('handover', ('save', 'begin editing'))",8.0,255
734,734,workload,"('begin editing', 'finish editing')","('workload', ('begin editing', 'finish editing'))",2.125,255
735,735,workload,"('finish editing', 'save')","('workload', ('finish editing', 'save'))",3.7777777777777777,255
736,736,workload,"('save', 'calculate')","('workload', ('save', 'calculate'))",7.0,255
737,737,workload,"('begin editing', 'save')","('workload', ('begin editing', 'save'))",4.642857142857143,255
738,738,workload,"('save', 'save')","('workload', ('save', 'save'))",77.0,256
739,739,enter,"('begin editing', 'finish editing')","('enter', ('begin editing', 'finish editing'))",15,258
740,740,enter,"('save', 'begin editing')","('enter', ('save', 'begin editing'))",38,258
741,741,exit,"('begin editing', 'finish editing')","('exit', ('begin editing', 'finish editing'))",15,258
742,742,enter,"('save', 'save')","('enter', ('save', 'save'))",958,259
743,743,enter,"('save', 'calculate')","('enter', ('save', 'calculate'))",196,259
744,744,enter,"('begin editing', 'save')","('enter', ('begin editing', 'save'))",118,259
745,745,exit,"('save', 'save')","('exit', ('save', 'save'))",944,259
746,746,exit,"('begin editing', 'save')","('exit', ('begin editing', 'save'))",124,259
747,747,workload,"('save', 'calculate')","('workload', ('save', 'calculate'))",6.8,259
748,748,workload,"('begin editing', 'save')","('workload', ('begin editing', 'save'))",4.875,259
749,749,enter,"('save', 'finish editing')","('enter', ('save', 'finish editing'))",107,260
750,750,enter,"('save', 'save')","('enter', ('save', 'save'))",635,260
751,751,enter,"('begin editing', 'save')","('enter', ('begin editing', 'save'))",127,260
752,752,exit,"('save', 'finish editing')","('exit', ('save', 'finish editing'))",110,260
753,753,exit,"('save', 'save')","('exit', ('save', 'save'))",642,260
754,754,exit,"('begin editing', 'save')","('exit', ('begin editing', 'save'))",130,260
755,755,workload,"('begin editing', 'save')","('workload', ('begin editing', 'save'))",4.571428571428571,260
756,756,enter,"('finish editing', 'begin editing')","('enter', ('finish editing', 'begin editing'))",49,261
757,757,enter,"('save', 'finish editing')","('enter', ('save', 'finish editing'))",195,261
758,758,enter,"('save', 'save')","('enter', ('save', 'save'))",1139,261
759,759,enter,"('save', 'calculate')","('enter', ('save', 'calculate'))",220,261
760,760,enter,"('begin editing', 'save')","('enter', ('begin editing', 'save'))",187,261
761,761,enter,"('save', 'begin editing')","('enter', ('save', 'begin editing'))",37,261
762,762,enter,"('insert document', 'save')","('enter', ('insert document', 'save'))",71,261
763,763,exit,"('calculate', 'save')","('exit', ('calculate', 'save'))",131,261
764,764,exit,"('save', 'finish editing')","('exit', ('save', 'finish editing'))",195,261
765,765,exit,"('save', 'save')","('exit', ('save', 'save'))",1134,261
766,766,exit,"('calculate', 'begin editing')","('exit', ('calculate', 'begin editing'))",151,261
767,767,exit,"('begin editing', 'save')","('exit', ('begin editing', 'save'))",190,261
768,768,exit,"('insert document', 'save')","('exit', ('insert document', 'save'))",73,261
769,769,exit,"('begin editing', 'insert document')","('exit', ('begin editing', 'insert document'))",54,261
770,770,workload,"('save', 'finish editing')","('workload', ('save', 'finish editing'))",7.76,261
771,771,workload,"('performed', 'save')","('workload', ('performed', 'save'))",3.5,261
772,772,workload,"('save', 'save')","('workload', ('save', 'save'))",24.88888888888889,261
773,773,workload,"('begin editing', 'save')","('workload', ('begin editing', 'save'))",5.636363636363637,261
774,774,enter,"('save', 'finish editing')","('enter', ('save', 'finish editing'))",150,262
775,775,enter,"('begin editing', 'save')","('enter', ('begin editing', 'save'))",134,262
776,776,enter,"('save', 'begin editing')","('enter', ('save', 'begin editing'))",38,262
777,777,exit,"('save', 'finish editing')","('exit', ('save', 'finish editing'))",148,262
778,778,exit,"('begin editing', 'save')","('exit', ('begin editing', 'save'))",135,262
779,779,exit,"('save', 'begin editing')","('exit', ('save', 'begin editing'))",30,262
780,780,handover,"('finish editing', 'save')","('handover', ('finish editing', 'save'))",1.2,262
781,781,workload,"('save', 'finish editing')","('workload', ('save', 'finish editing'))",5.6923076923076925,262
782,782,workload,"('begin editing', 'save')","('workload', ('begin editing', 'save'))",4.962962962962963,262
783,783,enter,"('save', 'finish editing')","('enter', ('save', 'finish editing'))",124,265
784,784,enter,"('finish editing', 'save')","('enter', ('finish editing', 'save'))",105,265
785,785,enter,"('save', 'save')","('enter', ('save', 'save'))",589,265
786,786,enter,"('insert document', 'save')","('enter', ('insert document', 'save'))",72,265
787,787,enter,"('begin editing', 'insert document')","('enter', ('begin editing', 'insert document'))",58,265
788,788,exit,"('save', 'finish editing')","('exit', ('save', 'finish editing'))",129,265
789,789,exit,"('finish editing', 'save')","('exit', ('finish editing', 'save'))",97,265
790,790,exit,"('save', 'save')","('exit', ('save', 'save'))",586,265
791,791,exit,"('save', 'begin editing')","('exit', ('save', 'begin editing'))",28,265
792,792,exit,"('insert document', 'save')","('exit', ('insert document', 'save'))",70,265
793,793,exit,"('begin editing', 'insert document')","('exit', ('begin editing', 'insert document'))",57,265
794,794,workload,"('performed', 'save')","('workload', ('performed', 'save'))",3.0,265
795,795,workload,"('begin editing', 'insert document')","('workload', ('begin editing', 'insert document'))",2.590909090909091,265
796,796,enter,"('save', 'finish editing')","('enter', ('save', 'finish editing'))",225,266
797,797,enter,"('finish editing', 'save')","('enter', ('finish editing', 'save'))",145,266
798,798,enter,"('save', 'save')","('enter', ('save', 'save'))",678,266
799,799,enter,"('save', 'calculate')","('enter', ('save', 'calculate'))",207,266
800,800,enter,"('insert document', 'save')","('enter', ('insert document', 'save'))",85,266
801,801,enter,"('begin editing', 'insert document')","('enter', ('begin editing', 'insert document'))",70,266
802,802,exit,"('save', 'finish editing')","('exit', ('save', 'finish editing'))",225,266
803,803,exit,"('finish editing', 'save')","('exit', ('finish editing', 'save'))",157,266
804,804,exit,"('save', 'save')","('exit', ('save', 'save'))",672,266
805,805,exit,"('begin editing', 'save')","('exit', ('begin editing', 'save'))",117,266
806,806,exit,"('insert document', 'save')","('exit', ('insert document', 'save'))",86,266
807,807,exit,"('begin editing', 'insert document')","('exit', ('begin editing', 'insert document'))",71,266
808,808,handover,"('finish editing', 'save')","('handover', ('finish editing', 'save'))",1.3333333333333333,266
809,809,workload,"('save', 'finish editing')","('workload', ('save', 'finish editing'))",8.653846153846153,266
810,810,workload,"('finish editing', 'save')","('workload', ('finish editing', 'save'))",5.137931034482759,266
811,811,workload,"('begin editing', 'save')","('workload', ('begin editing', 'save'))",4.64,266
812,812,workload,"('begin editing', 'insert document')","('workload', ('begin editing', 'insert document'))",2.84,266
813,813,enter,"('begin editing', 'finish editing')","('enter', ('begin editing', 'finish editing'))",14,267
814,814,enter,"('begin editing', 'calculate')","('enter', ('begin editing', 'calculate'))",281,267
815,815,enter,"('calculate', 'calculate')","('enter', ('calculate', 'calculate'))",3658,267
816,816,enter,"('finish editing', 'calculate')","('enter', ('finish editing', 'calculate'))",174,267
817,817,enter,"('save', 'finish editing')","('enter', ('save', 'finish editing'))",236,267
818,818,enter,"('finish editing', 'save')","('enter', ('finish editing', 'save'))",154,267
819,819,enter,"('save', 'save')","('enter', ('save', 'save'))",957,267
820,820,enter,"('save', 'calculate')","('enter', ('save', 'calculate'))",288,267
821,821,enter,"('calculate', 'begin editing')","('enter', ('calculate', 'begin editing'))",68,267
822,822,enter,"('begin editing', 'save')","('enter', ('begin editing', 'save'))",175,267
823,823,enter,"('save', 'begin editing')","('enter', ('save', 'begin editing'))",33,267
824,824,enter,"('insert document', 'save')","('enter', ('insert document', 'save'))",88,267
825,825,enter,"('begin editing', 'insert document')","('enter', ('begin editing', 'insert document'))",62,267
826,826,exit,"('calculate', 'calculate')","('exit', ('calculate', 'calculate'))",3138,267
827,827,exit,"('finish editing', 'begin editing')","('exit', ('finish editing', 'begin editing'))",84,267
828,828,exit,"('finish editing', 'calculate')","('exit', ('finish editing', 'calculate'))",525,267
829,829,exit,"('save', 'finish editing')","('exit', ('save', 'finish editing'))",237,267
830,830,exit,"('finish editing', 'save')","('exit', ('finish editing', 'save'))",182,267
831,831,exit,"('save', 'save')","('exit', ('save', 'save'))",992,267
832,832,exit,"('save', 'calculate')","('exit', ('save', 'calculate'))",202,267
833,833,exit,"('begin editing', 'save')","('exit', ('begin editing', 'save'))",165,267
834,834,exit,"('save', 'begin editing')","('exit', ('save', 'begin editing'))",91,267
835,835,exit,"('insert document', 'save')","('exit', ('insert document', 'save'))",89,267
836,836,exit,"('begin editing', 'insert document')","('exit', ('begin editing', 'insert document'))",61,267
837,837,handover,"('calculate', 'calculate')","('handover', ('calculate', 'calculate'))",2.3333333333333335,267
838,838,handover,"('finish editing', 'begin editing')","('handover', ('finish editing', 'begin editing'))",1.5714285714285714,267
839,839,handover,"('finish editing', 'calculate')","('handover', ('finish editing', 'calculate'))",18.0,267
840,840,handover,"('save', 'calculate')","('handover', ('save', 'calculate'))",12.0,267
841,841,handover,"('save', 'begin editing')","('handover', ('save', 'begin editing'))",2.5555555555555554,267
842,842,handover,"('insert document', 'save')","('handover', ('insert document', 'save'))",2.0,267
843,843,workload,"('calculate', 'calculate')","('workload', ('calculate', 'calculate'))",343.1111111111111,267
844,844,workload,"('save', 'finish editing')","('workload', ('save', 'finish editing'))",5.85,267
845,845,workload,"('finish editing', 'save')","('workload', ('finish editing', 'save'))",4.5675675675675675,267
846,846,enter,"('begin editing', 'finish editing')","('enter', ('begin editing', 'finish editing'))",16,268
847,847,enter,"('calculate', 'finish editing')","('enter', ('calculate', 'finish editing'))",1016,268
848,848,enter,"('begin editing', 'calculate')","('enter', ('begin editing', 'calculate'))",75,268
849,849,enter,"('calculate', 'calculate')","('enter', ('calculate', 'calculate'))",14529,268
850,850,enter,"('finish editing', 'begin editing')","('enter', ('finish editing', 'begin editing'))",859,268
851,851,enter,"('finish editing', 'decide')","('enter', ('finish editing', 'decide'))",35,268
852,852,enter,"('finish editing', 'calculate')","('enter', ('finish editing', 'calculate'))",230,268
853,853,enter,"('calculate', 'save')","('enter', ('calculate', 'save'))",463,268
854,854,enter,"('save', 'finish editing')","('enter', ('save', 'finish editing'))",253,268
855,855,enter,"('finish editing', 'save')","('enter', ('finish editing', 'save'))",151,268
856,856,enter,"('save', 'save')","('enter', ('save', 'save'))",1039,268
857,857,enter,"('save', 'calculate')","('enter', ('save', 'calculate'))",419,268
858,858,enter,"('calculate', 'begin editing')","('enter', ('calculate', 'begin editing'))",383,268
859,859,enter,"('begin editing', 'save')","('enter', ('begin editing', 'save'))",191,268
860,860,enter,"('insert document', 'save')","('enter', ('insert document', 'save'))",120,268
861,861,enter,"('begin editing', 'insert document')","('enter', ('begin editing', 'insert document'))",77,268
862,862,exit,"('begin editing', 'finish editing')","('exit', ('begin editing', 'finish editing'))",16,268
863,863,exit,"('performed', 'calculate')","('exit', ('performed', 'calculate'))",652,268
864,864,exit,"('calculate', 'finish editing')","('exit', ('calculate', 'finish editing'))",1014,268
865,865,exit,"('begin editing', 'calculate')","('exit', ('begin editing', 'calculate'))",357,268
866,866,exit,"('calculate', 'calculate')","('exit', ('calculate', 'calculate'))",13528,268
867,867,exit,"('finish editing', 'decide')","('exit', ('finish editing', 'decide'))",35,268
868,868,exit,"('finish editing', 'calculate')","('exit', ('finish editing', 'calculate'))",824,268
869,869,exit,"('calculate', 'save')","('exit', ('calculate', 'save'))",230,268
870,870,exit,"('save', 'finish editing')","('exit', ('save', 'finish editing'))",253,268
871,871,exit,"('finish editing', 'save')","('exit', ('finish editing', 'save'))",150,268
872,872,exit,"('save', 'save')","('exit', ('save', 'save'))",1033,268
873,873,exit,"('save', 'calculate')","('exit', ('save', 'calculate'))",1253,268
874,874,exit,"('calculate', 'begin editing')","('exit', ('calculate', 'begin editing'))",261,268
875,875,exit,"('begin editing', 'save')","('exit', ('begin editing', 'save'))",204,268
876,876,exit,"('save', 'begin editing')","('exit', ('save', 'begin editing'))",33,268
877,877,exit,"('insert document', 'save')","('exit', ('insert document', 'save'))",119,268
878,878,exit,"('begin editing', 'insert document')","('exit', ('begin editing', 'insert document'))",78,268
879,879,handover,"('performed', 'calculate')","('handover', ('performed', 'calculate'))",4.0,268
880,880,handover,"('begin editing', 'calculate')","('handover', ('begin editing', 'calculate'))",13.0,268
881,881,handover,"('calculate', 'calculate')","('handover', ('calculate', 'calculate'))",1.5,268
882,882,handover,"('finish editing', 'calculate')","('handover', ('finish editing', 'calculate'))",77.0,268
883,883,handover,"('save', 'calculate')","('handover', ('save', 'calculate'))",70.0,268
884,884,workload,"('calculate', 'finish editing')","('workload', ('calculate', 'finish editing'))",37.370370370370374,268
885,885,workload,"('calculate', 'calculate')","('workload', ('calculate', 'calculate'))",2672.2,268
886,886,workload,"('finish editing', 'decide')","('workload', ('finish editing', 'decide'))",13.0,268
887,887,workload,"('save', 'finish editing')","('workload', ('save', 'finish editing'))",6.837837837837838,268
888,888,workload,"('finish editing', 'save')","('workload', ('finish editing', 'save'))",4.2727272727272725,268
889,889,workload,"('begin editing', 'save')","('workload', ('begin editing', 'save'))",5.0,268
890,890,enter,"('save', 'finish editing')","('enter', ('save', 'finish editing'))",127,269
891,891,enter,"('finish editing', 'save')","('enter', ('finish editing', 'save'))",120,269
892,892,enter,"('save', 'save')","('enter', ('save', 'save'))",459,269
893,893,enter,"('save', 'calculate')","('enter', ('save', 'calculate'))",287,269
894,894,enter,"('insert document', 'save')","('enter', ('insert document', 'save'))",63,269
895,895,exit,"('calculate', 'save')","('exit', ('calculate', 'save'))",157,269
896,896,exit,"('save', 'finish editing')","('exit', ('save', 'finish editing'))",127,269
897,897,exit,"('finish editing', 'save')","('exit', ('finish editing', 'save'))",119,269
898,898,exit,"('save', 'save')","('exit', ('save', 'save'))",462,269
899,899,exit,"('begin editing', 'save')","('exit', ('begin editing', 'save'))",100,269
900,900,exit,"('insert document', 'save')","('exit', ('insert document', 'save'))",64,269
901,901,workload,"('save', 'save')","('workload', ('save', 'save'))",246.0,270
902,902,enter,"('begin editing', 'finish editing')","('enter', ('begin editing', 'finish editing'))",17,272
903,903,enter,"('calculate', 'finish editing')","('enter', ('calculate', 'finish editing'))",7210,272
904,904,enter,"('calculate', 'calculate')","('enter', ('calculate', 'calculate'))",4462,272
905,905,enter,"('finish editing', 'begin editing')","('enter', ('finish editing', 'begin editing'))",7100,272
906,906,enter,"('calculate', 'save')","('enter', ('calculate', 'save'))",414,272
907,907,enter,"('save', 'finish editing')","('enter', ('save', 'finish editing'))",150,272
908,908,enter,"('finish editing', 'save')","('enter', ('finish editing', 'save'))",112,272
909,909,enter,"('save', 'save')","('enter', ('save', 'save'))",545,272
910,910,enter,"('save', 'calculate')","('enter', ('save', 'calculate'))",310,272
911,911,enter,"('calculate', 'begin editing')","('enter', ('calculate', 'begin editing'))",640,272
912,912,enter,"('begin editing', 'save')","('enter', ('begin editing', 'save'))",129,272
913,913,enter,"('insert document', 'save')","('enter', ('insert document', 'save'))",85,272
914,914,exit,"('begin editing', 'finish editing')","('exit', ('begin editing', 'finish editing'))",17,272
915,915,exit,"('calculate', 'finish editing')","('exit', ('calculate', 'finish editing'))",7183,272
916,916,exit,"('calculate', 'calculate')","('exit', ('calculate', 'calculate'))",12147,272
917,917,exit,"('finish editing', 'calculate')","('exit', ('finish editing', 'calculate'))",184,272
918,918,exit,"('calculate', 'save')","('exit', ('calculate', 'save'))",208,272
919,919,exit,"('save', 'finish editing')","('exit', ('save', 'finish editing'))",150,272
920,920,exit,"('finish editing', 'save')","('exit', ('finish editing', 'save'))",90,272
921,921,exit,"('save', 'save')","('exit', ('save', 'save'))",527,272
922,922,exit,"('save', 'calculate')","('exit', ('save', 'calculate'))",374,272
923,923,exit,"('begin editing', 'save')","('exit', ('begin editing', 'save'))",128,272
924,924,exit,"('insert document', 'save')","('exit', ('insert document', 'save'))",84,272
925,925,handover,"('calculate', 'calculate')","('handover', ('calculate', 'calculate'))",1.6666666666666667,272
926,926,handover,"('finish editing', 'calculate')","('handover', ('finish editing', 'calculate'))",23.0,272
927,927,handover,"('save', 'calculate')","('handover', ('save', 'calculate'))",48.0,272
928,928,workload,"('begin editing', 'finish editing')","('workload', ('begin editing', 'finish editing'))",2.4285714285714284,272
929,929,workload,"('calculate', 'finish editing')","('workload', ('calculate', 'finish editing'))",287.04,272
930,930,workload,"('calculate', 'calculate')","('workload', ('calculate', 'calculate'))",3034.5,272
931,931,enter,"('begin editing', 'finish editing')","('enter', ('begin editing', 'finish editing'))",27,273
932,932,enter,"('calculate', 'finish editing')","('enter', ('calculate', 'finish editing'))",238,273
933,933,enter,"('finish editing', 'begin editing')","('enter', ('finish editing', 'begin editing'))",62,273
934,934,enter,"('finish editing', 'calculate')","('enter', ('finish editing', 'calculate'))",216,273
935,935,enter,"('save', 'finish editing')","('enter', ('save', 'finish editing'))",213,273
936,936,enter,"('finish editing', 'save')","('enter', ('finish editing', 'save'))",200,273
937,937,enter,"('save', 'save')","('enter', ('save', 'save'))",1255,273
938,938,enter,"('save', 'calculate')","('enter', ('save', 'calculate'))",427,273
939,939,enter,"('begin editing', 'save')","('enter', ('begin editing', 'save'))",152,273
940,940,enter,"('save', 'begin editing')","('enter', ('save', 'begin editing'))",45,273
941,941,enter,"('insert document', 'save')","('enter', ('insert document', 'save'))",107,273
942,942,enter,"('begin editing', 'insert document')","('enter', ('begin editing', 'insert document'))",60,273
943,943,exit,"('begin editing', 'finish editing')","('exit', ('begin editing', 'finish editing'))",27,273
944,944,exit,"('calculate', 'finish editing')","('exit', ('calculate', 'finish editing'))",263,273
945,945,exit,"('calculate', 'calculate')","('exit', ('calculate', 'calculate'))",36,273
946,946,exit,"('finish editing', 'begin editing')","('exit', ('finish editing', 'begin editing'))",54,273
947,947,exit,"('calculate', 'save')","('exit', ('calculate', 'save'))",240,273
948,948,exit,"('save', 'finish editing')","('exit', ('save', 'finish editing'))",213,273
949,949,exit,"('finish editing', 'save')","('exit', ('finish editing', 'save'))",202,273
950,950,exit,"('save', 'save')","('exit', ('save', 'save'))",1247,273
951,951,exit,"('save', 'calculate')","('exit', ('save', 'calculate'))",237,273
952,952,exit,"('calculate', 'begin editing')","('exit', ('calculate', 'begin editing'))",162,273
953,953,exit,"('begin editing', 'save')","('exit', ('begin editing', 'save'))",152,273
954,954,exit,"('save', 'begin editing')","('exit', ('save', 'begin editing'))",29,273
955,955,exit,"('insert document', 'save')","('exit', ('insert document', 'save'))",107,273
956,956,exit,"('begin editing', 'insert document')","('exit', ('begin editing', 'insert document'))",60,273
957,957,workload,"('save', 'finish editing')","('workload', ('save', 'finish editing'))",5.756756756756757,273
958,958,workload,"('finish editing', 'save')","('workload', ('finish editing', 'save'))",4.5476190476190474,273
959,959,workload,"('save', 'save')","('workload', ('save', 'save'))",22.98148148148148,273
960,960,workload,"('save', 'calculate')","('workload', ('save', 'calculate'))",8.428571428571429,273
961,961,workload,"('save', 'begin editing')","('workload', ('save', 'begin editing'))",2.4,273
962,962,enter,"('begin editing', 'calculate')","('enter', ('begin editing', 'calculate'))",260,274
963,963,enter,"('save', 'finish editing')","('enter', ('save', 'finish editing'))",129,274
964,964,enter,"('finish editing', 'save')","('enter', ('finish editing', 'save'))",123,274
965,965,enter,"('save', 'save')","('enter', ('save', 'save'))",881,274
966,966,enter,"('save', 'calculate')","('enter', ('save', 'calculate'))",366,274
967,967,enter,"('begin editing', 'save')","('enter', ('begin editing', 'save'))",131,274
968,968,enter,"('save', 'begin editing')","('enter', ('save', 'begin editing'))",33,274
969,969,enter,"('insert document', 'save')","('enter', ('insert document', 'save'))",77,274
970,970,enter,"('begin editing', 'insert document')","('enter', ('begin editing', 'insert document'))",60,274
971,971,exit,"('calculate', 'finish editing')","('exit', ('calculate', 'finish editing'))",189,274
972,972,exit,"('calculate', 'calculate')","('exit', ('calculate', 'calculate'))",37,274
973,973,exit,"('finish editing', 'begin editing')","('exit', ('finish editing', 'begin editing'))",54,274
974,974,exit,"('calculate', 'save')","('exit', ('calculate', 'save'))",158,274
975,975,exit,"('save', 'finish editing')","('exit', ('save', 'finish editing'))",129,274
976,976,exit,"('finish editing', 'save')","('exit', ('finish editing', 'save'))",145,274
977,977,exit,"('save', 'save')","('exit', ('save', 'save'))",910,274
978,978,exit,"('save', 'calculate')","('exit', ('save', 'calculate'))",185,274
979,979,exit,"('calculate', 'begin editing')","('exit', ('calculate', 'begin editing'))",370,274
980,980,exit,"('begin editing', 'save')","('exit', ('begin editing', 'save'))",124,274
981,981,exit,"('save', 'begin editing')","('exit', ('save', 'begin editing'))",34,274
982,982,exit,"('insert document', 'save')","('exit', ('insert document', 'save'))",78,274
983,983,exit,"('begin editing', 'insert document')","('exit', ('begin editing', 'insert document'))",60,274
984,984,handover,"('save', 'begin editing')","('handover', ('save', 'begin editing'))",2.75,274
985,985,workload,"('finish editing', 'decide')","('workload', ('finish editing', 'decide'))",12.0,274
986,986,workload,"('finish editing', 'save')","('workload', ('finish editing', 'save'))",3.7058823529411766,274
987,987,workload,"('save', 'calculate')","('workload', ('save', 'calculate'))",7.36,274
988,988,enter,"('calculate', 'finish editing')","('enter', ('calculate', 'finish editing'))",9547,275
989,989,enter,"('begin editing', 'calculate')","('enter', ('begin editing', 'calculate'))",7934,275
990,990,enter,"('calculate', 'calculate')","('enter', ('calculate', 'calculate'))",3661,275
991,991,enter,"('finish editing', 'begin editing')","('enter', ('finish editing', 'begin editing'))",9365,275
992,992,enter,"('finish editing', 'calculate')","('enter', ('finish editing', 'calculate'))",169,275
993,993,enter,"('calculate', 'save')","('enter', ('calculate', 'save'))",783,275
994,994,enter,"('save', 'finish editing')","('enter', ('save', 'finish editing'))",173,275
995,995,enter,"('finish editing', 'save')","('enter', ('finish editing', 'save'))",181,275
996,996,enter,"('save', 'save')","('enter', ('save', 'save'))",977,275
997,997,enter,"('save', 'calculate')","('enter', ('save', 'calculate'))",259,275
998,998,enter,"('calculate', 'begin editing')","('enter', ('calculate', 'begin editing'))",560,275
999,999,enter,"('begin editing', 'save')","('enter', ('begin editing', 'save'))",120,275
1000,1000,enter,"('insert document', 'save')","('enter', ('insert document', 'save'))",74,275
1001,1001,enter,"('begin editing', 'insert document')","('enter', ('begin editing', 'insert document'))",60,275
1002,1002,exit,"('calculate', 'finish editing')","('exit', ('calculate', 'finish editing'))",9539,275
1003,1003,exit,"('begin editing', 'calculate')","('exit', ('begin editing', 'calculate'))",8192,275
1004,1004,exit,"('calculate', 'calculate')","('exit', ('calculate', 'calculate'))",5165,275
1005,1005,exit,"('finish editing', 'begin editing')","('exit', ('finish editing', 'begin editing'))",7933,275
1006,1006,exit,"('finish editing', 'calculate')","('exit', ('finish editing', 'calculate'))",555,275
1007,1007,exit,"('calculate', 'save')","('exit', ('calculate', 'save'))",158,275
1008,1008,exit,"('save', 'finish editing')","('exit', ('save', 'finish editing'))",173,275
1009,1009,exit,"('finish editing', 'save')","('exit', ('finish editing', 'save'))",131,275
1010,1010,exit,"('save', 'save')","('exit', ('save', 'save'))",972,275
1011,1011,exit,"('save', 'calculate')","('exit', ('save', 'calculate'))",763,275
1012,1012,exit,"('begin editing', 'save')","('exit', ('begin editing', 'save'))",129,275
1013,1013,exit,"('save', 'begin editing')","('exit', ('save', 'begin editing'))",58,275
1014,1014,exit,"('insert document', 'save')","('exit', ('insert document', 'save'))",74,275
1015,1015,exit,"('begin editing', 'insert document')","('exit', ('begin editing', 'insert document'))",60,275
1016,1016,handover,"('begin editing', 'calculate')","('handover', ('begin editing', 'calculate'))",13.0,275
1017,1017,handover,"('calculate', 'calculate')","('handover', ('calculate', 'calculate'))",1.5,275
1018,1018,handover,"('finish editing', 'begin editing')","('handover', ('finish editing', 'begin editing'))",1.5294117647058822,275
1019,1019,handover,"('finish editing', 'calculate')","('handover', ('finish editing', 'calculate'))",66.0,275
1020,1020,handover,"('save', 'calculate')","('handover', ('save', 'calculate'))",71.0,275
1021,1021,handover,"('save', 'begin editing')","('handover', ('save', 'begin editing'))",3.6666666666666665,275
1022,1022,workload,"('calculate', 'finish editing')","('workload', ('calculate', 'finish editing'))",433.3181818181818,275
1023,1023,workload,"('begin editing', 'calculate')","('workload', ('begin editing', 'calculate'))",1981.75,275
1024,1024,workload,"('calculate', 'calculate')","('workload', ('calculate', 'calculate'))",514.7,275
1025,1025,workload,"('finish editing', 'begin editing')","('workload', ('finish editing', 'begin editing'))",490.6875,275
1026,1026,workload,"('save', 'finish editing')","('workload', ('save', 'finish editing'))",6.178571428571429,275
1027,1027,workload,"('finish editing', 'save')","('workload', ('finish editing', 'save'))",3.6363636363636362,275
1028,1028,workload,"('save', 'save')","('workload', ('save', 'save'))",23.0,275
1029,1029,workload,"('begin editing', 'insert document')","('workload', ('begin editing', 'insert document'))",2.608695652173913,275
1030,1030,enter,"('finish editing', 'save')","('enter', ('finish editing', 'save'))",78,276
1031,1031,enter,"('save', 'begin editing')","('enter', ('save', 'begin editing'))",40,276
1032,1032,enter,"('insert document', 'save')","('enter', ('insert document', 'save'))",73,276
1033,1033,exit,"('finish editing', 'save')","('exit', ('finish editing', 'save'))",80,276
1034,1034,exit,"('insert document', 'save')","('exit', ('insert document', 'save'))",73,276
1035,1035,workload,"('save', 'finish editing')","('workload', ('save', 'finish editing'))",4.947368421052632,276
1036,1036,workload,"('insert document', 'save')","('workload', ('insert document', 'save'))",3.65,276
1037,1037,enter,"('finish editing', 'save')","('enter', ('finish editing', 'save'))",99,279
1038,1038,enter,"('save', 'calculate')","('enter', ('save', 'calculate'))",282,279
1039,1039,enter,"('insert document', 'save')","('enter', ('insert document', 'save'))",66,279
1040,1040,enter,"('begin editing', 'insert document')","('enter', ('begin editing', 'insert document'))",61,279
1041,1041,exit,"('calculate', 'save')","('exit', ('calculate', 'save'))",159,279
1042,1042,exit,"('finish editing', 'save')","('exit', ('finish editing', 'save'))",101,279
1043,1043,exit,"('save', 'calculate')","('exit', ('save', 'calculate'))",153,279
1044,1044,exit,"('insert document', 'save')","('exit', ('insert document', 'save'))",66,279
1045,1045,exit,"('begin editing', 'insert document')","('exit', ('begin editing', 'insert document'))",61,279
1046,1046,enter,"('calculate', 'calculate')","('enter', ('calculate', 'calculate'))",29,280
1047,1047,enter,"('finish editing', 'save')","('enter', ('finish editing', 'save'))",103,280
1048,1048,enter,"('save', 'save')","('enter', ('save', 'save'))",779,280
1049,1049,enter,"('save', 'calculate')","('enter', ('save', 'calculate'))",271,280
1050,1050,enter,"('insert document', 'save')","('enter', ('insert document', 'save'))",83,280
1051,1051,exit,"('calculate', 'calculate')","('exit', ('calculate', 'calculate'))",39,280
1052,1052,exit,"('calculate', 'save')","('exit', ('calculate', 'save'))",132,280
1053,1053,exit,"('finish editing', 'save')","('exit', ('finish editing', 'save'))",101,280
1054,1054,exit,"('save', 'save')","('exit', ('save', 'save'))",780,280
1055,1055,exit,"('save', 'calculate')","('exit', ('save', 'calculate'))",167,280
1056,1056,exit,"('insert document', 'save')","('exit', ('insert document', 'save'))",83,280
1057,1057,exit,"('begin editing', 'insert document')","('exit', ('begin editing', 'insert document'))",55,280
1058,1058,enter,"('finish editing', 'save')","('enter', ('finish editing', 'save'))",110,281
1059,1059,enter,"('save', 'save')","('enter', ('save', 'save'))",768,281
1060,1060,enter,"('save', 'calculate')","('enter', ('save', 'calculate'))",293,281
1061,1061,enter,"('save', 'begin editing')","('enter', ('save', 'begin editing'))",49,281
1062,1062,enter,"('insert document', 'save')","('enter', ('insert document', 'save'))",78,281
1063,1063,exit,"('calculate', 'save')","('exit', ('calculate', 'save'))",161,281
1064,1064,exit,"('finish editing', 'save')","('exit', ('finish editing', 'save'))",117,281
1065,1065,exit,"('save', 'save')","('exit', ('save', 'save'))",757,281
1066,1066,exit,"('save', 'begin editing')","('exit', ('save', 'begin editing'))",38,281
1067,1067,exit,"('insert document', 'save')","('exit', ('insert document', 'save'))",77,281
1068,1068,handover,"('save', 'save')","('handover', ('save', 'save'))",1.5,281
1069,1069,workload,"('finish editing', 'save')","('workload', ('finish editing', 'save'))",3.466666666666667,281
1070,1070,enter,"('calculate', 'calculate')","('enter', ('calculate', 'calculate'))",30,282
1071,1071,enter,"('finish editing', 'begin editing')","('enter', ('finish editing', 'begin editing'))",46,282
1072,1072,enter,"('calculate', 'save')","('enter', ('calculate', 'save'))",65,282
1073,1073,enter,"('save', 'finish editing')","('enter', ('save', 'finish editing'))",102,282
1074,1074,enter,"('finish editing', 'save')","('enter', ('finish editing', 'save'))",96,282
1075,1075,enter,"('save', 'save')","('enter', ('save', 'save'))",892,282
1076,1076,enter,"('save', 'calculate')","('enter', ('save', 'calculate'))",289,282
1077,1077,enter,"('save', 'begin editing')","('enter', ('save', 'begin editing'))",37,282
1078,1078,enter,"('insert document', 'save')","('enter', ('insert document', 'save'))",65,282
1079,1079,exit,"('calculate', 'calculate')","('exit', ('calculate', 'calculate'))",74,282
1080,1080,exit,"('finish editing', 'begin editing')","('exit', ('finish editing', 'begin editing'))",48,282
1081,1081,exit,"('calculate', 'save')","('exit', ('calculate', 'save'))",151,282
1082,1082,exit,"('finish editing', 'save')","('exit', ('finish editing', 'save'))",107,282
1083,1083,exit,"('save', 'save')","('exit', ('save', 'save'))",893,282
1084,1084,exit,"('save', 'calculate')","('exit', ('save', 'calculate'))",179,282
1085,1085,exit,"('save', 'begin editing')","('exit', ('save', 'begin editing'))",29,282
1086,1086,exit,"('insert document', 'save')","('exit', ('insert document', 'save'))",65,282
1087,1087,workload,"('calculate', 'save')","('workload', ('calculate', 'save'))",8.125,282
1088,1088,workload,"('performed', 'save')","('workload', ('performed', 'save'))",2.6666666666666665,282
1089,1089,workload,"('save', 'calculate')","('workload', ('save', 'calculate'))",7.521739130434782,282
1090,1090,workload,"('save', 'begin editing')","('workload', ('save', 'begin editing'))",2.3,282
1091,1091,enter,"('calculate', 'finish editing')","('enter', ('calculate', 'finish editing'))",2124,283
1092,1092,enter,"('begin editing', 'calculate')","('enter', ('begin editing', 'calculate'))",1966,283
1093,1093,enter,"('calculate', 'calculate')","('enter', ('calculate', 'calculate'))",1039,283
1094,1094,enter,"('finish editing', 'begin editing')","('enter', ('finish editing', 'begin editing'))",2080,283
1095,1095,exit,"('calculate', 'finish editing')","('exit', ('calculate', 'finish editing'))",2124,283
1096,1096,exit,"('begin editing', 'calculate')","('exit', ('begin editing', 'calculate'))",1966,283
1097,1097,exit,"('calculate', 'calculate')","('exit', ('calculate', 'calculate'))",868,283
1098,1098,exit,"('finish editing', 'begin editing')","('exit', ('finish editing', 'begin editing'))",1990,283
1099,1099,exit,"('finish editing', 'calculate')","('exit', ('finish editing', 'calculate'))",147,283
1100,1100,exit,"('finish editing', 'save')","('exit', ('finish editing', 'save'))",74,283
1101,1101,exit,"('save', 'save')","('exit', ('save', 'save'))",417,283
1102,1102,exit,"('save', 'calculate')","('exit', ('save', 'calculate'))",216,283
1103,1103,exit,"('save', 'begin editing')","('exit', ('save', 'begin editing'))",29,283
1104,1104,handover,"('calculate', 'calculate')","('handover', ('calculate', 'calculate'))",1.6666666666666667,283
1105,1105,handover,"('save', 'calculate')","('handover', ('save', 'calculate'))",16.0,283
1106,1106,handover,"('save', 'begin editing')","('handover', ('save', 'begin editing'))",2.5,283
1107,1107,workload,"('calculate', 'finish editing')","('workload', ('calculate', 'finish editing'))",111.78947368421052,283
1108,1108,workload,"('begin editing', 'calculate')","('workload', ('begin editing', 'calculate'))",491.0,283
1109,1109,workload,"('calculate', 'calculate')","('workload', ('calculate', 'calculate'))",169.4,283
1110,1110,workload,"('finish editing', 'begin editing')","('workload', ('finish editing', 'begin editing'))",194.2,283
1111,1111,workload,"('save', 'save')","('workload', ('save', 'save'))",42.0,284
1112,1112,enter,"('calculate', 'finish editing')","('enter', ('calculate', 'finish editing'))",10399,286
1113,1113,enter,"('begin editing', 'calculate')","('enter', ('begin editing', 'calculate'))",9503,286
1114,1114,enter,"('calculate', 'calculate')","('enter', ('calculate', 'calculate'))",2599,286
1115,1115,enter,"('finish editing', 'begin editing')","('enter', ('finish editing', 'begin editing'))",10219,286
1116,1116,enter,"('calculate', 'save')","('enter', ('calculate', 'save'))",837,286
1117,1117,enter,"('save', 'finish editing')","('enter', ('save', 'finish editing'))",123,286
1118,1118,enter,"('finish editing', 'save')","('enter', ('finish editing', 'save'))",198,286
1119,1119,enter,"('save', 'save')","('enter', ('save', 'save'))",700,286
1120,1120,enter,"('save', 'calculate')","('enter', ('save', 'calculate'))",292,286
1121,1121,enter,"('calculate', 'begin editing')","('enter', ('calculate', 'begin editing'))",700,286
1122,1122,enter,"('save', 'begin editing')","('enter', ('save', 'begin editing'))",77,286
1123,1123,enter,"('insert document', 'save')","('enter', ('insert document', 'save'))",61,286
1124,1124,exit,"('calculate', 'finish editing')","('exit', ('calculate', 'finish editing'))",10396,286
1125,1125,exit,"('begin editing', 'calculate')","('exit', ('begin editing', 'calculate'))",9507,286
1126,1126,exit,"('calculate', 'calculate')","('exit', ('calculate', 'calculate'))",3780,286
1127,1127,exit,"('finish editing', 'begin editing')","('exit', ('finish editing', 'begin editing'))",9453,286
1128,1128,exit,"('finish editing', 'calculate')","('exit', ('finish editing', 'calculate'))",580,286
1129,1129,exit,"('calculate', 'save')","('exit', ('calculate', 'save'))",209,286
1130,1130,exit,"('save', 'finish editing')","('exit', ('save', 'finish editing'))",122,286
1131,1131,exit,"('finish editing', 'save')","('exit', ('finish editing', 'save'))",128,286
1132,1132,exit,"('save', 'save')","('exit', ('save', 'save'))",701,286
1133,1133,exit,"('save', 'calculate')","('exit', ('save', 'calculate'))",788,286
1134,1134,exit,"('begin editing', 'save')","('exit', ('begin editing', 'save'))",98,286
1135,1135,exit,"('save', 'begin editing')","('exit', ('save', 'begin editing'))",118,286
1136,1136,exit,"('insert document', 'save')","('exit', ('insert document', 'save'))",60,286
1137,1137,exit,"('begin editing', 'insert document')","('exit', ('begin editing', 'insert document'))",52,286
1138,1138,handover,"('calculate', 'calculate')","('handover', ('calculate', 'calculate'))",1.4285714285714286,286
1139,1139,handover,"('finish editing', 'begin editing')","('handover', ('finish editing', 'begin editing'))",2.357142857142857,286
1140,1140,handover,"('finish editing', 'calculate')","('handover', ('finish editing', 'calculate'))",69.0,286
1141,1141,handover,"('save', 'calculate')","('handover', ('save', 'calculate'))",35.0,286
1142,1142,handover,"('save', 'begin editing')","('handover', ('save', 'begin editing'))",4.111111111111111,286
1143,1143,workload,"('calculate', 'finish editing')","('workload', ('calculate', 'finish editing'))",432.625,286
1144,1144,workload,"('begin editing', 'calculate')","('workload', ('begin editing', 'calculate'))",1900.2,286
1145,1145,workload,"('calculate', 'calculate')","('workload', ('calculate', 'calculate'))",533.8571428571429,286
1146,1146,workload,"('finish editing', 'begin editing')","('workload', ('finish editing', 'begin editing'))",669.0,286
1147,1147,workload,"('save', 'begin editing')","('workload', ('save', 'begin editing'))",2.2666666666666666,286
1148,1148,enter,"('begin editing', 'finish editing')","('enter', ('begin editing', 'finish editing'))",18,287
1149,1149,enter,"('calculate', 'finish editing')","('enter', ('calculate', 'finish editing'))",207,287
1150,1150,enter,"('begin editing', 'calculate')","('enter', ('begin editing', 'calculate'))",80,287
1151,1151,enter,"('finish editing', 'begin editing')","('enter', ('finish editing', 'begin editing'))",87,287
1152,1152,enter,"('finish editing', 'decide')","('enter', ('finish editing', 'decide'))",77,287
1153,1153,enter,"('save', 'save')","('enter', ('save', 'save'))",1015,287
1154,1154,enter,"('save', 'calculate')","('enter', ('save', 'calculate'))",295,287
1155,1155,enter,"('begin editing', 'save')","('enter', ('begin editing', 'save'))",142,287
1156,1156,enter,"('save', 'begin editing')","('enter', ('save', 'begin editing'))",121,287
1157,1157,enter,"('insert document', 'save')","('enter', ('insert document', 'save'))",88,287
1158,1158,exit,"('begin editing', 'finish editing')","('exit', ('begin editing', 'finish editing'))",18,287
1159,1159,exit,"('calculate', 'finish editing')","('exit', ('calculate', 'finish editing'))",210,287
1160,1160,exit,"('begin editing', 'calculate')","('exit', ('begin editing', 'calculate'))",79,287
1161,1161,exit,"('calculate', 'calculate')","('exit', ('calculate', 'calculate'))",40,287
1162,1162,exit,"('finish editing', 'begin editing')","('exit', ('finish editing', 'begin editing'))",65,287
1163,1163,exit,"('finish editing', 'decide')","('exit', ('finish editing', 'decide'))",77,287
1164,1164,exit,"('calculate', 'save')","('exit', ('calculate', 'save'))",240,287
1165,1165,exit,"('finish editing', 'save')","('exit', ('finish editing', 'save'))",79,287
1166,1166,exit,"('save', 'save')","('exit', ('save', 'save'))",1003,287
1167,1167,exit,"('begin editing', 'save')","('exit', ('begin editing', 'save'))",140,287
1168,1168,exit,"('save', 'begin editing')","('exit', ('save', 'begin editing'))",56,287
1169,1169,exit,"('insert document', 'save')","('exit', ('insert document', 'save'))",89,287
1170,1170,exit,"('begin editing', 'insert document')","('exit', ('begin editing', 'insert document'))",55,287
1171,1171,workload,"('initialize', 'begin editing')","('workload', ('initialize', 'begin editing'))",6.5,287
1172,1172,workload,"('begin editing', 'calculate')","('workload', ('begin editing', 'calculate'))",8.777777777777779,287
1173,1173,workload,"('finish editing', 'decide')","('workload', ('finish editing', 'decide'))",25.0,287
1174,1174,workload,"('save', 'begin editing')","('workload', ('save', 'begin editing'))",2.5,287
1175,1175,enter,"('begin editing', 'calculate')","('enter', ('begin editing', 'calculate'))",169,288
1176,1176,enter,"('finish editing', 'begin editing')","('enter', ('finish editing', 'begin editing'))",123,288
1177,1177,enter,"('finish editing', 'decide')","('enter', ('finish editing', 'decide'))",35,288
1178,1178,enter,"('save', 'finish editing')","('enter', ('save', 'finish editing'))",229,288
1179,1179,enter,"('performed', 'save')","('enter', ('performed', 'save'))",49,288
1180,1180,enter,"('finish editing', 'save')","('enter', ('finish editing', 'save'))",115,288
1181,1181,enter,"('save', 'save')","('enter', ('save', 'save'))",605,288
1182,1182,enter,"('save', 'calculate')","('enter', ('save', 'calculate'))",492,288
1183,1183,enter,"('begin editing', 'save')","('enter', ('begin editing', 'save'))",450,288
1184,1184,enter,"('save', 'begin editing')","('enter', ('save', 'begin editing'))",116,288
1185,1185,enter,"('insert document', 'save')","('enter', ('insert document', 'save'))",97,288
1186,1186,enter,"('begin editing', 'insert document')","('enter', ('begin editing', 'insert document'))",57,288
1187,1187,exit,"('calculate', 'calculate')","('exit', ('calculate', 'calculate'))",48,288
1188,1188,exit,"('finish editing', 'begin editing')","('exit', ('finish editing', 'begin editing'))",175,288
1189,1189,exit,"('finish editing', 'decide')","('exit', ('finish editing', 'decide'))",35,288
1190,1190,exit,"('calculate', 'save')","('exit', ('calculate', 'save'))",338,288
1191,1191,exit,"('save', 'finish editing')","('exit', ('save', 'finish editing'))",229,288
1192,1192,exit,"('finish editing', 'save')","('exit', ('finish editing', 'save'))",149,288
1193,1193,exit,"('save', 'save')","('exit', ('save', 'save'))",585,288
1194,1194,exit,"('calculate', 'begin editing')","('exit', ('calculate', 'begin editing'))",435,288
1195,1195,exit,"('begin editing', 'save')","('exit', ('begin editing', 'save'))",311,288
1196,1196,exit,"('save', 'begin editing')","('exit', ('save', 'begin editing'))",103,288
1197,1197,exit,"('insert document', 'save')","('exit', ('insert document', 'save'))",98,288
1198,1198,handover,"('finish editing', 'begin editing')","('handover', ('finish editing', 'begin editing'))",1.9333333333333333,288
1199,1199,handover,"('save', 'save')","('handover', ('save', 'save'))",1.3846153846153846,288
1200,1200,handover,"('save', 'begin editing')","('handover', ('save', 'begin editing'))",2.9285714285714284,288
1201,1201,workload,"('begin editing', 'calculate')","('workload', ('begin editing', 'calculate'))",6.0,288
1202,1202,workload,"('calculate', 'calculate')","('workload', ('calculate', 'calculate'))",3.6666666666666665,288
1203,1203,workload,"('finish editing', 'decide')","('workload', ('finish editing', 'decide'))",35.0,288
1204,1204,workload,"('save', 'finish editing')","('workload', ('save', 'finish editing'))",7.387096774193548,288
1205,1205,workload,"('begin editing', 'save')","('workload', ('begin editing', 'save'))",6.116279069767442,288
1206,1206,workload,"('save', 'begin editing')","('workload', ('save', 'begin editing'))",2.3846153846153846,288
1207,1207,enter,"('begin editing', 'finish editing')","('enter', ('begin editing', 'finish editing'))",16,289
1208,1208,enter,"('finish editing', 'begin editing')","('enter', ('finish editing', 'begin editing'))",70,289
1209,1209,enter,"('finish editing', 'decide')","('enter', ('finish editing', 'decide'))",16,289
1210,1210,enter,"('save', 'finish editing')","('enter', ('save', 'finish editing'))",132,289
1211,1211,enter,"('finish editing', 'save')","('enter', ('finish editing', 'save'))",70,289
1212,1212,enter,"('save', 'save')","('enter', ('save', 'save'))",800,289
1213,1213,enter,"('save', 'calculate')","('enter', ('save', 'calculate'))",458,289
1214,1214,enter,"('begin editing', 'save')","('enter', ('begin editing', 'save'))",170,289
1215,1215,enter,"('save', 'begin editing')","('enter', ('save', 'begin editing'))",85,289
1216,1216,enter,"('insert document', 'save')","('enter', ('insert document', 'save'))",92,289
1217,1217,exit,"('begin editing', 'finish editing')","('exit', ('begin editing', 'finish editing'))",16,289
1218,1218,exit,"('finish editing', 'begin editing')","('exit', ('finish editing', 'begin editing'))",113,289
1219,1219,exit,"('finish editing', 'decide')","('exit', ('finish editing', 'decide'))",16,289
1220,1220,exit,"('calculate', 'save')","('exit', ('calculate', 'save'))",141,289
1221,1221,exit,"('save', 'finish editing')","('exit', ('save', 'finish editing'))",132,289
1222,1222,exit,"('finish editing', 'save')","('exit', ('finish editing', 'save'))",110,289
1223,1223,exit,"('save', 'save')","('exit', ('save', 'save'))",841,289
1224,1224,exit,"('begin editing', 'save')","('exit', ('begin editing', 'save'))",262,289
1225,1225,exit,"('save', 'begin editing')","('exit', ('save', 'begin editing'))",47,289
1226,1226,exit,"('insert document', 'save')","('exit', ('insert document', 'save'))",92,289
1227,1227,workload,"('begin editing', 'calculate')","('workload', ('begin editing', 'calculate'))",6.5,289
1228,1228,workload,"('finish editing', 'decide')","('workload', ('finish editing', 'decide'))",8.0,289
1229,1229,workload,"('performed', 'save')","('workload', ('performed', 'save'))",4.0,289
1230,1230,workload,"('begin editing', 'save')","('workload', ('begin editing', 'save'))",4.823529411764706,289
1231,1231,enter,"('calculate', 'finish editing')","('enter', ('calculate', 'finish editing'))",13147,290
1232,1232,enter,"('begin editing', 'calculate')","('enter', ('begin editing', 'calculate'))",10321,290
1233,1233,enter,"('calculate', 'calculate')","('enter', ('calculate', 'calculate'))",760,290
1234,1234,enter,"('finish editing', 'begin editing')","('enter', ('finish editing', 'begin editing'))",12535,290
1235,1235,enter,"('calculate', 'save')","('enter', ('calculate', 'save'))",353,290
1236,1236,enter,"('save', 'finish editing')","('enter', ('save', 'finish editing'))",115,290
1237,1237,enter,"('finish editing', 'save')","('enter', ('finish editing', 'save'))",331,290
1238,1238,enter,"('save', 'save')","('enter', ('save', 'save'))",437,290
1239,1239,enter,"('calculate', 'begin editing')","('enter', ('calculate', 'begin editing'))",132,290
1240,1240,enter,"('begin editing', 'save')","('enter', ('begin editing', 'save'))",133,290
1241,1241,enter,"('save', 'begin editing')","('enter', ('save', 'begin editing'))",86,290
1242,1242,exit,"('calculate', 'finish editing')","('exit', ('calculate', 'finish editing'))",13143,290
1243,1243,exit,"('begin editing', 'calculate')","('exit', ('begin editing', 'calculate'))",10481,290
1244,1244,exit,"('calculate', 'calculate')","('exit', ('calculate', 'calculate'))",2532,290
1245,1245,exit,"('finish editing', 'begin editing')","('exit', ('finish editing', 'begin editing'))",10200,290
1246,1246,exit,"('finish editing', 'calculate')","('exit', ('finish editing', 'calculate'))",397,290
1247,1247,exit,"('save', 'finish editing')","('exit', ('save', 'finish editing'))",115,290
1248,1248,exit,"('finish editing', 'save')","('exit', ('finish editing', 'save'))",115,290
1249,1249,exit,"('save', 'save')","('exit', ('save', 'save'))",431,290
1250,1250,exit,"('save', 'calculate')","('exit', ('save', 'calculate'))",1163,290
1251,1251,exit,"('begin editing', 'save')","('exit', ('begin editing', 'save'))",181,290
1252,1252,exit,"('save', 'begin editing')","('exit', ('save', 'begin editing'))",186,290
1253,1253,handover,"('performed', 'calculate')","('handover', ('performed', 'calculate'))",2.0,290
1254,1254,handover,"('begin editing', 'calculate')","('handover', ('begin editing', 'calculate'))",9.0,290
1255,1255,handover,"('calculate', 'calculate')","('handover', ('calculate', 'calculate'))",3.25,290
1256,1256,handover,"('finish editing', 'begin editing')","('handover', ('finish editing', 'begin editing'))",1.6,290
1257,1257,handover,"('finish editing', 'calculate')","('handover', ('finish editing', 'calculate'))",63.0,290
1258,1258,handover,"('save', 'calculate')","('handover', ('save', 'calculate'))",34.5,290
1259,1259,handover,"('save', 'begin editing')","('handover', ('save', 'begin editing'))",4.2727272727272725,290
1260,1260,workload,"('calculate', 'finish editing')","('workload', ('calculate', 'finish editing'))",730.1111111111111,290
1261,1261,workload,"('begin editing', 'calculate')","('workload', ('begin editing', 'calculate'))",1473.7142857142858,290
1262,1262,workload,"('calculate', 'calculate')","('workload', ('calculate', 'calculate'))",621.5,290
1263,1263,workload,"('finish editing', 'begin editing')","('workload', ('finish editing', 'begin editing'))",911.1818181818181,290
1264,1264,workload,"('finish editing', 'save')","('workload', ('finish editing', 'save'))",4.285714285714286,290
1265,1265,workload,"('begin editing', 'save')","('workload', ('begin editing', 'save'))",5.115384615384615,290
1266,1266,workload,"('save', 'begin editing')","('workload', ('save', 'begin editing'))",2.5384615384615383,290
1267,1267,enter,"('begin editing', 'finish editing')","('enter', ('begin editing', 'finish editing'))",14,293
1268,1268,enter,"('begin editing', 'calculate')","('enter', ('begin editing', 'calculate'))",46,293
1269,1269,enter,"('finish editing', 'begin editing')","('enter', ('finish editing', 'begin editing'))",137,293
1270,1270,enter,"('finish editing', 'decide')","('enter', ('finish editing', 'decide'))",19,293
1271,1271,enter,"('save', 'finish editing')","('enter', ('save', 'finish editing'))",143,293
1272,1272,enter,"('performed', 'save')","('enter', ('performed', 'save'))",35,293
1273,1273,enter,"('finish editing', 'save')","('enter', ('finish editing', 'save'))",151,293
1274,1274,enter,"('save', 'calculate')","('enter', ('save', 'calculate'))",205,293
1275,1275,enter,"('begin editing', 'save')","('enter', ('begin editing', 'save'))",184,293
1276,1276,enter,"('save', 'begin editing')","('enter', ('save', 'begin editing'))",176,293
1277,1277,enter,"('insert document', 'save')","('enter', ('insert document', 'save'))",117,293
1278,1278,enter,"('begin editing', 'insert document')","('enter', ('begin editing', 'insert document'))",84,293
1279,1279,exit,"('begin editing', 'calculate')","('exit', ('begin editing', 'calculate'))",44,293
1280,1280,exit,"('finish editing', 'begin editing')","('exit', ('finish editing', 'begin editing'))",236,293
1281,1281,exit,"('calculate', 'save')","('exit', ('calculate', 'save'))",132,293
1282,1282,exit,"('save', 'finish editing')","('exit', ('save', 'finish editing'))",143,293
1283,1283,exit,"('finish editing', 'save')","('exit', ('finish editing', 'save'))",186,293
1284,1284,exit,"('begin editing', 'save')","('exit', ('begin editing', 'save'))",183,293
1285,1285,exit,"('save', 'begin editing')","('exit', ('save', 'begin editing'))",35,293
1286,1286,exit,"('insert document', 'save')","('exit', ('insert document', 'save'))",115,293
1287,1287,exit,"('begin editing', 'insert document')","('exit', ('begin editing', 'insert document'))",84,293
1288,1288,workload,"('finish editing', 'begin editing')","('workload', ('finish editing', 'begin editing'))",2.8260869565217392,293
1289,1289,workload,"('performed', 'save')","('workload', ('performed', 'save'))",7.0,293
1290,1290,workload,"('insert document', 'save')","('workload', ('insert document', 'save'))",3.8333333333333335,293
1291,1291,workload,"('begin editing', 'insert document')","('workload', ('begin editing', 'insert document'))",3.5,293
1292,1292,enter,"('begin editing', 'calculate')","('enter', ('begin editing', 'calculate'))",39,294
1293,1293,enter,"('calculate', 'calculate')","('enter', ('calculate', 'calculate'))",105,294
1294,1294,enter,"('finish editing', 'begin editing')","('enter', ('finish editing', 'begin editing'))",143,294
1295,1295,enter,"('save', 'finish editing')","('enter', ('save', 'finish editing'))",134,294
1296,1296,enter,"('finish editing', 'save')","('enter', ('finish editing', 'save'))",108,294
1297,1297,enter,"('save', 'begin editing')","('enter', ('save', 'begin editing'))",81,294
1298,1298,exit,"('begin editing', 'calculate')","('exit', ('begin editing', 'calculate'))",38,294
1299,1299,exit,"('calculate', 'calculate')","('exit', ('calculate', 'calculate'))",86,294
1300,1300,exit,"('finish editing', 'begin editing')","('exit', ('finish editing', 'begin editing'))",101,294
1301,1301,exit,"('save', 'finish editing')","('exit', ('save', 'finish editing'))",134,294
1302,1302,exit,"('finish editing', 'save')","('exit', ('finish editing', 'save'))",96,294
1303,1303,exit,"('save', 'calculate')","('exit', ('save', 'calculate'))",157,294
1304,1304,exit,"('begin editing', 'save')","('exit', ('begin editing', 'save'))",100,294
1305,1305,exit,"('save', 'begin editing')","('exit', ('save', 'begin editing'))",32,294
1306,1306,workload,"('begin editing', 'calculate')","('workload', ('begin editing', 'calculate'))",6.166666666666667,294
1307,1307,workload,"('finish editing', 'begin editing')","('workload', ('finish editing', 'begin editing'))",4.538461538461538,294
1308,1308,workload,"('save', 'finish editing')","('workload', ('save', 'finish editing'))",4.785714285714286,294
1309,1309,enter,"('calculate', 'calculate')","('enter', ('calculate', 'calculate'))",101,295
1310,1310,enter,"('finish editing', 'begin editing')","('enter', ('finish editing', 'begin editing'))",172,295
1311,1311,enter,"('save', 'finish editing')","('enter', ('save', 'finish editing'))",253,295
1312,1312,enter,"('finish editing', 'save')","('enter', ('finish editing', 'save'))",147,295
1313,1313,enter,"('save', 'save')","('enter', ('save', 'save'))",492,295
1314,1314,enter,"('save', 'calculate')","('enter', ('save', 'calculate'))",296,295
1315,1315,enter,"('begin editing', 'save')","('enter', ('begin editing', 'save'))",238,295
1316,1316,enter,"('save', 'begin editing')","('enter', ('save', 'begin editing'))",316,295
1317,1317,exit,"('finish editing', 'begin editing')","('exit', ('finish editing', 'begin editing'))",167,295
1318,1318,exit,"('calculate', 'save')","('exit', ('calculate', 'save'))",140,295
1319,1319,exit,"('save', 'finish editing')","('exit', ('save', 'finish editing'))",250,295
1320,1320,exit,"('finish editing', 'save')","('exit', ('finish editing', 'save'))",252,295
1321,1321,exit,"('save', 'save')","('exit', ('save', 'save'))",569,295
1322,1322,exit,"('save', 'calculate')","('exit', ('save', 'calculate'))",171,295
1323,1323,exit,"('begin editing', 'save')","('exit', ('begin editing', 'save'))",221,295
1324,1324,exit,"('save', 'begin editing')","('exit', ('save', 'begin editing'))",84,295
1325,1325,handover,"('finish editing', 'save')","('handover', ('finish editing', 'save'))",1.5238095238095237,295
1326,1326,handover,"('save', 'save')","('handover', ('save', 'save'))",1.391304347826087,295
1327,1327,handover,"('save', 'begin editing')","('handover', ('save', 'begin editing'))",2.5833333333333335,295
1328,1328,workload,"('finish editing', 'begin editing')","('workload', ('finish editing', 'begin editing'))",4.411764705882353,295
1329,1329,workload,"('calculate', 'save')","('workload', ('calculate', 'save'))",4.625,295
1330,1330,workload,"('save', 'finish editing')","('workload', ('save', 'finish editing'))",8.333333333333334,295
1331,1331,workload,"('save', 'calculate')","('workload', ('save', 'calculate'))",8.095238095238095,295
1332,1332,workload,"('begin editing', 'save')","('workload', ('begin editing', 'save'))",7.142857142857143,295
1333,1333,enter,"('calculate', 'calculate')","('enter', ('calculate', 'calculate'))",27,296
1334,1334,enter,"('finish editing', 'begin editing')","('enter', ('finish editing', 'begin editing'))",107,296
1335,1335,enter,"('save', 'finish editing')","('enter', ('save', 'finish editing'))",199,296
1336,1336,enter,"('finish editing', 'save')","('enter', ('finish editing', 'save'))",135,296
1337,1337,enter,"('begin editing', 'save')","('enter', ('begin editing', 'save'))",241,296
1338,1338,enter,"('save', 'begin editing')","('enter', ('save', 'begin editing'))",268,296
1339,1339,exit,"('finish editing', 'begin editing')","('exit', ('finish editing', 'begin editing'))",134,296
1340,1340,exit,"('save', 'finish editing')","('exit', ('save', 'finish editing'))",202,296
1341,1341,exit,"('finish editing', 'save')","('exit', ('finish editing', 'save'))",217,296
1342,1342,exit,"('begin editing', 'save')","('exit', ('begin editing', 'save'))",260,296
1343,1343,exit,"('save', 'begin editing')","('exit', ('save', 'begin editing'))",112,296
1344,1344,handover,"('finish editing', 'save')","('handover', ('finish editing', 'save'))",2.1538461538461537,296
1345,1345,workload,"('finish editing', 'initialize')","('workload', ('finish editing', 'initialize'))",3.0,296
1346,1346,workload,"('save', 'finish editing')","('workload', ('save', 'finish editing'))",6.419354838709677,296
1347,1347,workload,"('performed', 'save')","('workload', ('performed', 'save'))",2.6666666666666665,296
1348,1348,workload,"('begin editing', 'save')","('workload', ('begin editing', 'save'))",7.774193548387097,296
1349,1349,workload,"('save', 'begin editing')","('workload', ('save', 'begin editing'))",2.5,296
1350,1350,enter,"('initialize', 'begin editing')","('enter', ('initialize', 'begin editing'))",43,297
1351,1351,enter,"('calculate', 'finish editing')","('enter', ('calculate', 'finish editing'))",14431,297
1352,1352,enter,"('begin editing', 'calculate')","('enter', ('begin editing', 'calculate'))",13117,297
1353,1353,enter,"('calculate', 'calculate')","('enter', ('calculate', 'calculate'))",86,297
1354,1354,enter,"('finish editing', 'decide')","('enter', ('finish editing', 'decide'))",14386,297
1355,1355,enter,"('save', 'begin editing')","('enter', ('save', 'begin editing'))",61,297
1356,1356,exit,"('initialize', 'begin editing')","('exit', ('initialize', 'begin editing'))",43,297
1357,1357,exit,"('calculate', 'finish editing')","('exit', ('calculate', 'finish editing'))",14421,297
1358,1358,exit,"('begin editing', 'calculate')","('exit', ('begin editing', 'calculate'))",13130,297
1359,1359,exit,"('calculate', 'calculate')","('exit', ('calculate', 'calculate'))",854,297
1360,1360,exit,"('finish editing', 'begin editing')","('exit', ('finish editing', 'begin editing'))",12400,297
1361,1361,exit,"('finish editing', 'decide')","('exit', ('finish editing', 'decide'))",89,297
1362,1362,exit,"('finish editing', 'calculate')","('exit', ('finish editing', 'calculate'))",41,297
1363,1363,exit,"('save', 'calculate')","('exit', ('save', 'calculate'))",371,297
1364,1364,exit,"('save', 'begin editing')","('exit', ('save', 'begin editing'))",681,297
1365,1365,handover,"('calculate', 'calculate')","('handover', ('calculate', 'calculate'))",4.6,297
1366,1366,handover,"('finish editing', 'begin editing')","('handover', ('finish editing', 'begin editing'))",6.375,297
1367,1367,handover,"('finish editing', 'calculate')","('handover', ('finish editing', 'calculate'))",20.0,297
1368,1368,handover,"('save', 'calculate')","('handover', ('save', 'calculate'))",13.25,297
1369,1369,handover,"('save', 'begin editing')","('handover', ('save', 'begin editing'))",9.857142857142858,297
1370,1370,workload,"('initialize', 'begin editing')","('workload', ('initialize', 'begin editing'))",43.0,297
1371,1371,workload,"('calculate', 'finish editing')","('workload', ('calculate', 'finish editing'))",1442.1,297
1372,1372,workload,"('begin editing', 'calculate')","('workload', ('begin editing', 'calculate'))",1311.6,297
1373,1373,workload,"('calculate', 'calculate')","('workload', ('calculate', 'calculate'))",81.0,297
1374,1374,workload,"('finish editing', 'begin editing')","('workload', ('finish editing', 'begin editing'))",2016.0,297
1375,1375,workload,"('insert document', 'save')","('workload', ('insert document', 'save'))",5.0,297
1376,1376,enter,"('finish editing', 'decide')","('enter', ('finish editing', 'decide'))",56,298
1377,1377,enter,"('decide', 'revoke decision')","('enter', ('decide', 'revoke decision'))",14249,298
1378,1378,exit,"('finish editing', 'decide')","('exit', ('finish editing', 'decide'))",14375,298
1379,1379,workload,"('calculate', 'finish editing')","('workload', ('calculate', 'finish editing'))",10.5,298
1380,1380,workload,"('finish editing', 'decide')","('workload', ('finish editing', 'decide'))",8.0,298
1381,1381,workload,"('save', 'calculate')","('workload', ('save', 'calculate'))",11.0,298
1382,1382,enter,"('finish editing', 'decide')","('enter', ('finish editing', 'decide'))",26,300
1383,1383,exit,"('calculate', 'calculate')","('exit', ('calculate', 'calculate'))",32,300
1384,1384,exit,"('finish editing', 'decide')","('exit', ('finish editing', 'decide'))",22,300
1385,1385,handover,"('finish editing', 'save')","('handover', ('finish editing', 'save'))",1.4,300
1386,1386,enter,"('finish editing', 'decide')","('enter', ('finish editing', 'decide'))",53,301
1387,1387,enter,"('decide', 'revoke decision')","('enter', ('decide', 'revoke decision'))",68,301
1388,1388,enter,"('revoke decision', 'calculate')","('enter', ('revoke decision', 'calculate'))",115,301
1389,1389,enter,"('calculate', 'begin editing')","('enter', ('calculate', 'begin editing'))",12,301
1390,1390,exit,"('calculate', 'calculate')","('exit', ('calculate', 'calculate'))",41,301
1391,1391,exit,"('finish editing', 'decide')","('exit', ('finish editing', 'decide'))",75,301
1392,1392,exit,"('decide', 'revoke decision')","('exit', ('decide', 'revoke decision'))",108,301
1393,1393,handover,"('finish editing', 'decide')","('handover', ('finish editing', 'decide'))",1.1111111111111112,301
1394,1394,handover,"('finish editing', 'save')","('handover', ('finish editing', 'save'))",1.6666666666666667,301
1395,1395,workload,"('initialize', 'begin editing')","('workload', ('initialize', 'begin editing'))",11.0,301
1396,1396,workload,"('begin editing', 'calculate')","('workload', ('begin editing', 'calculate'))",5.5,301
1397,1397,workload,"('finish editing', 'decide')","('workload', ('finish editing', 'decide'))",14.0,301
1398,1398,workload,"('calculate', 'save')","('workload', ('calculate', 'save'))",4.2,301
1399,1399,enter,"('calculate', 'finish editing')","('enter', ('calculate', 'finish editing'))",437,302
1400,1400,enter,"('begin editing', 'calculate')","('enter', ('begin editing', 'calculate'))",75,302
1401,1401,enter,"('calculate', 'calculate')","('enter', ('calculate', 'calculate'))",49,302
1402,1402,enter,"('finish editing', 'begin editing')","('enter', ('finish editing', 'begin editing'))",76,302
1403,1403,enter,"('finish editing', 'decide')","('enter', ('finish editing', 'decide'))",390,302
1404,1404,enter,"('revoke decision', 'calculate')","('enter', ('revoke decision', 'calculate'))",14192,302
1405,1405,enter,"('decide', 'begin payment')","('enter', ('decide', 'begin payment'))",301,302
1406,1406,exit,"('calculate', 'finish editing')","('exit', ('calculate', 'finish editing'))",437,302
1407,1407,exit,"('begin editing', 'calculate')","('exit', ('begin editing', 'calculate'))",31,302
1408,1408,exit,"('finish editing', 'begin editing')","('exit', ('finish editing', 'begin editing'))",56,302
1409,1409,exit,"('finish editing', 'decide')","('exit', ('finish editing', 'decide'))",347,302
1410,1410,exit,"('decide', 'revoke decision')","('exit', ('decide', 'revoke decision'))",14226,302
1411,1411,exit,"('revoke decision', 'calculate')","('exit', ('revoke decision', 'calculate'))",412,302
1412,1412,handover,"('finish editing', 'decide')","('handover', ('finish editing', 'decide'))",1.1428571428571428,302
1413,1413,workload,"('calculate', 'finish editing')","('workload', ('calculate', 'finish editing'))",39.72727272727273,302
1414,1414,workload,"('begin editing', 'calculate')","('workload', ('begin editing', 'calculate'))",6.0,302
1415,1415,workload,"('calculate', 'calculate')","('workload', ('calculate', 'calculate'))",3.25,302
1416,1416,workload,"('decide', 'revoke decision')","('workload', ('decide', 'revoke decision'))",74.25,302
1417,1417,workload,"('revoke decision', 'calculate')","('workload', ('revoke decision', 'calculate'))",10.666666666666666,302
1418,1418,enter,"('initialize', 'begin editing')","('enter', ('initialize', 'begin editing'))",27,303
1419,1419,enter,"('calculate', 'finish editing')","('enter', ('calculate', 'finish editing'))",14203,303
1420,1420,enter,"('begin editing', 'calculate')","('enter', ('begin editing', 'calculate'))",165,303
1421,1421,enter,"('calculate', 'calculate')","('enter', ('calculate', 'calculate'))",95,303
1422,1422,enter,"('finish editing', 'begin editing')","('enter', ('finish editing', 'begin editing'))",137,303
1423,1423,enter,"('finish editing', 'decide')","('enter', ('finish editing', 'decide'))",14049,303
1424,1424,exit,"('initialize', 'begin editing')","('exit', ('initialize', 'begin editing'))",27,303
1425,1425,exit,"('calculate', 'finish editing')","('exit', ('calculate', 'finish editing'))",14201,303
1426,1426,exit,"('begin editing', 'calculate')","('exit', ('begin editing', 'calculate'))",209,303
1427,1427,exit,"('calculate', 'calculate')","('exit', ('calculate', 'calculate'))",129,303
1428,1428,exit,"('finish editing', 'begin editing')","('exit', ('finish editing', 'begin editing'))",134,303
1429,1429,exit,"('finish editing', 'decide')","('exit', ('finish editing', 'decide'))",329,303
1430,1430,exit,"('revoke decision', 'calculate')","('exit', ('revoke decision', 'calculate'))",13912,303
1431,1431,handover,"('begin editing', 'calculate')","('handover', ('begin editing', 'calculate'))",18.0,303
1432,1432,handover,"('calculate', 'calculate')","('handover', ('calculate', 'calculate'))",1.625,303
1433,1433,handover,"('finish editing', 'decide')","('handover', ('finish editing', 'decide'))",1.0833333333333333,303
1434,1434,handover,"('revoke decision', 'calculate')","('handover', ('revoke decision', 'calculate'))",5.2727272727272725,303
1435,1435,workload,"('initialize', 'begin editing')","('workload', ('initialize', 'begin editing'))",5.4,303
1436,1436,workload,"('calculate', 'finish editing')","('workload', ('calculate', 'finish editing'))",946.3333333333334,303
1437,1437,workload,"('begin editing', 'calculate')","('workload', ('begin editing', 'calculate'))",12.615384615384615,303
1438,1438,workload,"('calculate', 'calculate')","('workload', ('calculate', 'calculate'))",5.888888888888889,303
1439,1439,workload,"('finish editing', 'begin editing')","('workload', ('finish editing', 'begin editing'))",3.0,303
1440,1440,workload,"('finish editing', 'decide')","('workload', ('finish editing', 'decide'))",15.4,303
1441,1441,enter,"('begin editing', 'calculate')","('enter', ('begin editing', 'calculate'))",48,304
1442,1442,enter,"('finish editing', 'decide')","('enter', ('finish editing', 'decide'))",71,304
1443,1443,enter,"('decide', 'begin payment')","('enter', ('decide', 'begin payment'))",13841,304
1444,1444,exit,"('begin editing', 'calculate')","('exit', ('begin editing', 'calculate'))",47,304
1445,1445,exit,"('finish editing', 'begin editing')","('exit', ('finish editing', 'begin editing'))",50,304
1446,1446,exit,"('finish editing', 'decide')","('exit', ('finish editing', 'decide'))",13833,304
1447,1447,workload,"('begin editing', 'calculate')","('workload', ('begin editing', 'calculate'))",6.714285714285714,304
1448,1448,workload,"('insert document', 'save')","('workload', ('insert document', 'save'))",4.0,304
1449,1449,enter,"('begin payment', 'abort payment')","('enter', ('begin payment', 'abort payment'))",10059,305
1450,1450,exit,"('decide', 'begin payment')","('exit', ('decide', 'begin payment'))",14382,305
1451,1451,handover,"('decide', 'begin payment')","('handover', ('decide', 'begin payment'))",21.0,305
1452,1452,enter,"('abort payment', 'begin payment')","('enter', ('abort payment', 'begin payment'))",5588,307
1453,1453,enter,"('begin payment', 'insert document')","('enter', ('begin payment', 'insert document'))",5586,307
1454,1454,exit,"('begin payment', 'abort payment')","('exit', ('begin payment', 'abort payment'))",5586,307
1455,1455,exit,"('abort payment', 'begin payment')","('exit', ('abort payment', 'begin payment'))",5588,307
1456,1456,workload,"('begin payment', 'abort payment')","('workload', ('begin payment', 'abort payment'))",5586.0,307
1457,1457,workload,"('abort payment', 'begin payment')","('workload', ('abort payment', 'begin payment'))",5588.0,307
1458,1458,workload,"('insert document', 'save')","('workload', ('insert document', 'save'))",4.5,307
1459,1459,enter,"('finish editing', 'decide')","('enter', ('finish editing', 'decide'))",19,308
1460,1460,exit,"('begin payment', 'insert document')","('exit', ('begin payment', 'insert document'))",42,308
1461,1461,workload,"('insert document', 'save')","('workload', ('insert document', 'save'))",21.5,308
1462,1462,enter,"('finish editing', 'decide')","('enter', ('finish editing', 'decide'))",59,309
1463,1463,enter,"('insert document', 'finish payment')","('enter', ('insert document', 'finish payment'))",14372,309
1464,1464,exit,"('begin editing', 'calculate')","('exit', ('begin editing', 'calculate'))",29,309
1465,1465,exit,"('finish editing', 'decide')","('exit', ('finish editing', 'decide'))",66,309
1466,1466,exit,"('begin payment', 'insert document')","('exit', ('begin payment', 'insert document'))",14316,309
1467,1467,workload,"('begin editing', 'calculate')","('workload', ('begin editing', 'calculate'))",14.0,309
1468,1468,workload,"('finish editing', 'decide')","('workload', ('finish editing', 'decide'))",26.0,309
1469,1469,workload,"('calculate', 'save')","('workload', ('calculate', 'save'))",9.666666666666666,309
1470,1470,workload,"('calculate', 'begin editing')","('workload', ('calculate', 'begin editing'))",12.0,309
1471,1471,enter,"('finish editing', 'decide')","('enter', ('finish editing', 'decide'))",24,310
1472,1472,exit,"('finish editing', 'decide')","('exit', ('finish editing', 'decide'))",24,310
1473,1473,workload,"('revoke decision', 'calculate')","('workload', ('revoke decision', 'calculate'))",4.333333333333333,310
1474,1474,exit,"('insert document', 'finish payment')","('exit', ('insert document', 'finish payment'))",14373,325
1475,1475,workload,"('calculate', 'calculate')","('workload', ('calculate', 'calculate'))",4.0,343
1476,1476,workload,"('finish editing', 'save')","('workload', ('finish editing', 'save'))",4.0,344
1477,1477,enter,"('initialize', 'begin editing')","('enter', ('initialize', 'begin editing'))",29,353
1478,1478,enter,"('finish editing', 'decide')","('enter', ('finish editing', 'decide'))",21,353
1479,1479,exit,"('initialize', 'begin editing')","('exit', ('initialize', 'begin editing'))",27,353
1480,1480,exit,"('finish editing', 'decide')","('exit', ('finish editing', 'decide'))",21,353
1481,1481,handover,"('finish editing', 'decide')","('handover', ('finish editing', 'decide'))",1.3333333333333333,357
1482,1482,workload,"('finish editing', 'save')","('workload', ('finish editing', 'save'))",4.0,357
1483,1483,enter,"('initialize', 'begin editing')","('enter', ('initialize', 'begin editing'))",39,359
1484,1484,enter,"('begin editing', 'calculate')","('enter', ('begin editing', 'calculate'))",41,359
1485,1485,enter,"('finish editing', 'decide')","('enter', ('finish editing', 'decide'))",41,359
1486,1486,exit,"('initialize', 'begin editing')","('exit', ('initialize', 'begin editing'))",39,359
1487,1487,exit,"('begin editing', 'calculate')","('exit', ('begin editing', 'calculate'))",41,359
1488,1488,exit,"('finish editing', 'decide')","('exit', ('finish editing', 'decide'))",41,359
1489,1489,workload,"('initialize', 'begin editing')","('workload', ('initialize', 'begin editing'))",7.8,359
1490,1490,workload,"('begin editing', 'calculate')","('workload', ('begin editing', 'calculate'))",8.2,359
1491,1491,workload,"('finish editing', 'decide')","('workload', ('finish editing', 'decide'))",9.0,359
1492,1492,enter,"('finish editing', 'decide')","('enter', ('finish editing', 'decide'))",17,365
1493,1493,exit,"('finish editing', 'decide')","('exit', ('finish editing', 'decide'))",17,365
1494,1494,workload,"('begin editing', 'calculate')","('workload', ('begin editing', 'calculate'))",5.333333333333333,367
1495,1495,workload,"('finish editing', 'begin editing')","('workload', ('finish editing', 'begin editing'))",3.4,372
1496,1496,workload,"('finish editing', 'begin editing')","('workload', ('finish editing', 'begin editing'))",4.0,373
1497,1497,enter,"('initialize', 'begin editing')","('enter', ('initialize', 'begin editing'))",26,379
1498,1498,enter,"('initialize', 'begin editing')","('enter', ('initialize', 'begin editing'))",47,391
1499,1499,enter,"('begin editing', 'calculate')","('enter', ('begin editing', 'calculate'))",47,391
1500,1500,exit,"('initialize', 'begin editing')","('exit', ('initialize', 'begin editing'))",48,391
1501,1501,exit,"('begin editing', 'calculate')","('exit', ('begin editing', 'calculate'))",47,391
1502,1502,workload,"('initialize', 'begin editing')","('workload', ('initialize', 'begin editing'))",6.714285714285714,391
1503,1503,workload,"('begin editing', 'calculate')","('workload', ('begin editing', 'calculate'))",6.714285714285714,391
1504,1504,workload,"('finish editing', 'begin editing')","('workload', ('finish editing', 'begin editing'))",3.5,391
1505,1505,workload,"('insert document', 'save')","('workload', ('insert document', 'save'))",9.0,391
1506,1506,enter,"('initialize', 'begin editing')","('enter', ('initialize', 'begin editing'))",43,392
1507,1507,enter,"('begin editing', 'calculate')","('enter', ('begin editing', 'calculate'))",43,392
1508,1508,exit,"('initialize', 'begin editing')","('exit', ('initialize', 'begin editing'))",43,392
1509,1509,exit,"('begin editing', 'calculate')","('exit', ('begin editing', 'calculate'))",43,392
1510,1510,workload,"('initialize', 'begin editing')","('workload', ('initialize', 'begin editing'))",7.166666666666667,392
1511,1511,workload,"('begin editing', 'calculate')","('workload', ('begin editing', 'calculate'))",7.166666666666667,392
1512,1512,workload,"('save', 'finish editing')","('workload', ('save', 'finish editing'))",5.333333333333333,392
1513,1513,workload,"('insert document', 'save')","('workload', ('insert document', 'save'))",5.625,392
1514,1514,enter,"('initialize', 'begin editing')","('enter', ('initialize', 'begin editing'))",26,393
1515,1515,enter,"('initialize', 'begin editing')","('enter', ('initialize', 'begin editing'))",26,394
1516,1516,handover,"('finish editing', 'save')","('handover', ('finish editing', 'save'))",2.0,401
1517,1517,handover,"('finish editing', 'decide')","('handover', ('finish editing', 'decide'))",1.3333333333333333,408
1518,1518,handover,"('finish editing', 'decide')","('handover', ('finish editing', 'decide'))",1.5,413
1519,1519,workload,"('save', 'finish editing')","('workload', ('save', 'finish editing'))",5.0,413
1520,1520,workload,"('begin editing', 'save')","('workload', ('begin editing', 'save'))",4.4,413
1521,1521,workload,"('finish editing', 'save')","('workload', ('finish editing', 'save'))",7.5,414
1522,1522,handover,"('finish editing', 'save')","('handover', ('finish editing', 'save'))",2.0,429
1523,1523,workload,"('finish editing', 'save')","('workload', ('finish editing', 'save'))",4.0,429
1524,1524,handover,"('finish editing', 'begin editing')","('handover', ('finish editing', 'begin editing'))",2.0,430
1525,1525,workload,"('insert document', 'save')","('workload', ('insert document', 'save'))",4.0,430
1526,1526,handover,"('finish editing', 'decide')","('handover', ('finish editing', 'decide'))",1.6666666666666667,434
1527,1527,workload,"('calculate', 'calculate')","('workload', ('calculate', 'calculate'))",4.0,436
1528,1528,workload,"('finish editing', 'begin editing')","('workload', ('finish editing', 'begin editing'))",4.0,443
1529,1529,workload,"('save', 'finish editing')","('workload', ('save', 'finish editing'))",7.0,443
1530,1530,workload,"('begin editing', 'save')","('workload', ('begin editing', 'save'))",4.5,443
1531,1531,workload,"('save', 'save')","('workload', ('save', 'save'))",203.0,451
1532,1532,workload,"('save', 'save')","('workload', ('save', 'save'))",22.5,472
1533,1533,workload,"('insert document', 'save')","('workload', ('insert document', 'save'))",6.125,484
1534,1534,enter,"('insert document', 'save')","('enter', ('insert document', 'save'))",77,485
1535,1535,exit,"('insert document', 'save')","('exit', ('insert document', 'save'))",77,485
1536,1536,workload,"('finish editing', 'save')","('workload', ('finish editing', 'save'))",3.5,485
1537,1537,workload,"('insert document', 'save')","('workload', ('insert document', 'save'))",7.7,485
1538,1538,handover,"('save', 'save')","('handover', ('save', 'save'))",2.0,489
1539,1539,workload,"('insert document', 'save')","('workload', ('insert document', 'save'))",6.5,489
1540,1540,workload,"('finish editing', 'save')","('workload', ('finish editing', 'save'))",3.5,492
1541,1541,enter,"('begin editing', 'insert document')","('enter', ('begin editing', 'insert document'))",79,505
1542,1542,exit,"('save', 'begin editing')","('exit', ('save', 'begin editing'))",40,505
1543,1543,handover,"('finish editing', 'begin editing')","('handover', ('finish editing', 'begin editing'))",14.0,505
1544,1544,handover,"('save', 'begin editing')","('handover', ('save', 'begin editing'))",23.0,505
1545,1545,workload,"('initialize', 'begin editing')","('workload', ('initialize', 'begin editing'))",5.5,512
1546,1546,workload,"('begin editing', 'calculate')","('workload', ('begin editing', 'calculate'))",5.5,512
1547,1547,workload,"('calculate', 'calculate')","('workload', ('calculate', 'calculate'))",4.5,512
1548,1548,workload,"('insert document', 'save')","('workload', ('insert document', 'save'))",4.0,512
1549,1549,workload,"('begin editing', 'insert document')","('workload', ('begin editing', 'insert document'))",4.0,512
1550,1550,workload,"('finish editing', 'begin editing')","('workload', ('finish editing', 'begin editing'))",3.0,513
1551,1551,workload,"('initialize', 'begin editing')","('workload', ('initialize', 'begin editing'))",25.0,517
1552,1552,workload,"('begin editing', 'calculate')","('workload', ('begin editing', 'calculate'))",25.0,517
1553,1553,workload,"('insert document', 'save')","('workload', ('insert document', 'save'))",6.5,517
1554,1554,workload,"('insert document', 'save')","('workload', ('insert document', 'save'))",7.0,519
1555,1555,workload,"('finish editing', 'save')","('workload', ('finish editing', 'save'))",3.5,539
1556,1556,handover,"('finish editing', 'begin editing')","('handover', ('finish editing', 'begin editing'))",2.0,540
1557,1557,handover,"('finish editing', 'save')","('handover', ('finish editing', 'save'))",2.0,541
1558,1558,handover,"('save', 'save')","('handover', ('save', 'save'))",2.0,546
1559,1559,workload,"('begin editing', 'insert document')","('workload', ('begin editing', 'insert document'))",3.0,548
1560,1560,handover,"('save', 'save')","('handover', ('save', 'save'))",1.5,549
1561,1561,workload,"('begin editing', 'calculate')","('workload', ('begin editing', 'calculate'))",5.0,549
1562,1562,enter,"('initialize', 'begin editing')","('enter', ('initialize', 'begin editing'))",35,559
1563,1563,enter,"('begin editing', 'calculate')","('enter', ('begin editing', 'calculate'))",37,559
1564,1564,enter,"('finish editing', 'decide')","('enter', ('finish editing', 'decide'))",16,559
1565,1565,exit,"('initialize', 'begin editing')","('exit', ('initialize', 'begin editing'))",35,559
1566,1566,exit,"('begin editing', 'calculate')","('exit', ('begin editing', 'calculate'))",37,559
1567,1567,workload,"('initialize', 'begin editing')","('workload', ('initialize', 'begin editing'))",7.0,559
1568,1568,workload,"('begin editing', 'calculate')","('workload', ('begin editing', 'calculate'))",6.166666666666667,559
1569,1569,workload,"('calculate', 'save')","('workload', ('calculate', 'save'))",5.0,559
1570,1570,workload,"('save', 'finish editing')","('workload', ('save', 'finish editing'))",7.0,559
1571,1571,workload,"('finish editing', 'save')","('workload', ('finish editing', 'save'))",4.0,559
1572,1572,workload,"('finish editing', 'save')","('workload', ('finish editing', 'save'))",3.5,560
1573,1573,workload,"('insert document', 'save')","('workload', ('insert document', 'save'))",3.8,560
1574,1574,workload,"('begin editing', 'finish editing')","('workload', ('begin editing', 'finish editing'))",3.0,561
1575,1575,enter,"('initialize', 'begin editing')","('enter', ('initialize', 'begin editing'))",34,562
1576,1576,enter,"('begin editing', 'calculate')","('enter', ('begin editing', 'calculate'))",37,562
1577,1577,enter,"('finish editing', 'decide')","('enter', ('finish editing', 'decide'))",23,562
1578,1578,exit,"('initialize', 'begin editing')","('exit', ('initialize', 'begin editing'))",35,562
1579,1579,exit,"('begin editing', 'calculate')","('exit', ('begin editing', 'calculate'))",37,562
1580,1580,exit,"('finish editing', 'decide')","('exit', ('finish editing', 'decide'))",22,562
1581,1581,workload,"('insert document', 'save')","('workload', ('insert document', 'save'))",4.4,563
1582,1582,enter,"('initialize', 'begin editing')","('enter', ('initialize', 'begin editing'))",45,569
1583,1583,enter,"('begin editing', 'calculate')","('enter', ('begin editing', 'calculate'))",47,569
1584,1584,exit,"('initialize', 'begin editing')","('exit', ('initialize', 'begin editing'))",45,569
1585,1585,exit,"('begin editing', 'calculate')","('exit', ('begin editing', 'calculate'))",47,569
1586,1586,workload,"('initialize', 'begin editing')","('workload', ('initialize', 'begin editing'))",5.625,569
1587,1587,workload,"('finish editing', 'begin editing')","('workload', ('finish editing', 'begin editing'))",3.1666666666666665,569
1588,1588,workload,"('calculate', 'begin editing')","('workload', ('calculate', 'begin editing'))",3.0,569
1589,1589,workload,"('insert document', 'save')","('workload', ('insert document', 'save'))",4.142857142857143,569
1590,1590,enter,"('initialize', 'begin editing')","('enter', ('initialize', 'begin editing'))",37,570
1591,1591,enter,"('begin editing', 'calculate')","('enter', ('begin editing', 'calculate'))",38,570
1592,1592,exit,"('initialize', 'begin editing')","('exit', ('initialize', 'begin editing'))",37,570
1593,1593,exit,"('begin editing', 'calculate')","('exit', ('begin editing', 'calculate'))",38,570
1594,1594,workload,"('initialize', 'begin editing')","('workload', ('initialize', 'begin editing'))",7.4,570
1595,1595,workload,"('begin editing', 'calculate')","('workload', ('begin editing', 'calculate'))",6.333333333333333,570
1596,1596,workload,"('begin editing', 'save')","('workload', ('begin editing', 'save'))",5.5,570
1597,1597,workload,"('insert document', 'save')","('workload', ('insert document', 'save'))",3.6666666666666665,570
1598,1598,enter,"('finish editing', 'decide')","('enter', ('finish editing', 'decide'))",18,574
1599,1599,exit,"('finish editing', 'decide')","('exit', ('finish editing', 'decide'))",18,574
1600,1600,handover,"('finish editing', 'decide')","('handover', ('finish editing', 'decide'))",1.3333333333333333,574
1601,1601,workload,"('finish editing', 'begin editing')","('workload', ('finish editing', 'begin editing'))",3.25,576
1602,1602,workload,"('calculate', 'begin editing')","('workload', ('calculate', 'begin editing'))",3.0,576
1603,1603,workload,"('save', 'begin editing')","('workload', ('save', 'begin editing'))",2.5,576
1604,1604,exit,"('finish editing', 'decide')","('exit', ('finish editing', 'decide'))",17,577
1605,1605,handover,"('save', 'save')","('handover', ('save', 'save'))",3.0,583
1606,1606,handover,"('finish editing', 'decide')","('handover', ('finish editing', 'decide'))",1.25,584
1607,1607,handover,"('save', 'begin editing')","('handover', ('save', 'begin editing'))",3.0,584
1608,1608,workload,"('calculate', 'calculate')","('workload', ('calculate', 'calculate'))",4.0,584
1609,1609,workload,"('finish editing', 'begin editing')","('workload', ('finish editing', 'begin editing'))",3.3333333333333335,584
1610,1610,workload,"('begin editing', 'save')","('workload', ('begin editing', 'save'))",4.6,584
1611,1611,workload,"('insert document', 'save')","('workload', ('insert document', 'save'))",5.0,584
1612,1612,workload,"('save', 'begin editing')","('workload', ('save', 'begin editing'))",2.5,588
1613,1613,workload,"('insert document', 'save')","('workload', ('insert document', 'save'))",4.666666666666667,589
1614,1614,handover,"('save', 'save')","('handover', ('save', 'save'))",1.5,590
1615,1615,workload,"('finish editing', 'save')","('workload', ('finish editing', 'save'))",4.0,590
1616,1616,workload,"('insert document', 'save')","('workload', ('insert document', 'save'))",3.875,590
1617,1617,workload,"('initialize', 'begin editing')","('workload', ('initialize', 'begin editing'))",7.0,594
1618,1618,workload,"('calculate', 'calculate')","('workload', ('calculate', 'calculate'))",3.25,598
1619,1619,handover,"('finish editing', 'begin editing')","('handover', ('finish editing', 'begin editing'))",5.0,603
1620,1620,workload,"('save', 'finish editing')","('workload', ('save', 'finish editing'))",6.0,609
1621,1621,enter,"('initialize', 'begin editing')","('enter', ('initialize', 'begin editing'))",50,615
1622,1622,enter,"('begin editing', 'calculate')","('enter', ('begin editing', 'calculate'))",50,615
1623,1623,exit,"('initialize', 'begin editing')","('exit', ('initialize', 'begin editing'))",50,615
1624,1624,exit,"('begin editing', 'calculate')","('exit', ('begin editing', 'calculate'))",50,615
1625,1625,workload,"('initialize', 'begin editing')","('workload', ('initialize', 'begin editing'))",25.0,615
1626,1626,workload,"('begin editing', 'calculate')","('workload', ('begin editing', 'calculate'))",25.0,615
1627,1627,workload,"('insert document', 'save')","('workload', ('insert document', 'save'))",11.0,615
1628,1628,workload,"('finish editing', 'save')","('workload', ('finish editing', 'save'))",4.0,618
1629,1629,workload,"('finish editing', 'begin editing')","('workload', ('finish editing', 'begin editing'))",3.0,639
1630,1630,workload,"('save', 'begin editing')","('workload', ('save', 'begin editing'))",2.5,647
1631,1631,workload,"('save', 'finish editing')","('workload', ('save', 'finish editing'))",5.0,659
1632,1632,workload,"('begin editing', 'insert document')","('workload', ('begin editing', 'insert document'))",3.0,659
1633,1633,workload,"('save', 'calculate')","('workload', ('save', 'calculate'))",7.0,673
1634,1634,workload,"('save', 'begin editing')","('workload', ('save', 'begin editing'))",3.0,673
1635,1635,workload,"('insert document', 'save')","('workload', ('insert document', 'save'))",4.0,673
1636,1636,workload,"('begin editing', 'insert document')","('workload', ('begin editing', 'insert document'))",3.0,673
1637,1637,workload,"('begin editing', 'insert document')","('workload', ('begin editing', 'insert document'))",3.0,682
1638,1638,workload,"('begin editing', 'calculate')","('workload', ('begin editing', 'calculate'))",5.333333333333333,693
1639,1639,workload,"('save', 'begin editing')","('workload', ('save', 'begin editing'))",2.5,694
1640,1640,workload,"('insert document', 'save')","('workload', ('insert document', 'save'))",5.142857142857143,694
1641,1641,handover,"('save', 'save')","('handover', ('save', 'save'))",2.0,695
1642,1642,enter,"('initialize', 'begin editing')","('enter', ('initialize', 'begin editing'))",480,696
1643,1643,enter,"('begin editing', 'calculate')","('enter', ('begin editing', 'calculate'))",481,696
1644,1644,enter,"('calculate', 'begin editing')","('enter', ('calculate', 'begin editing'))",24,696
1645,1645,exit,"('initialize', 'begin editing')","('exit', ('initialize', 'begin editing'))",480,696
1646,1646,exit,"('begin editing', 'calculate')","('exit', ('begin editing', 'calculate'))",481,696
1647,1647,handover,"('begin editing', 'insert document')","('handover', ('begin editing', 'insert document'))",2.0,696
1648,1648,workload,"('initialize', 'begin editing')","('workload', ('initialize', 'begin editing'))",160.0,696
1649,1649,workload,"('begin editing', 'calculate')","('workload', ('begin editing', 'calculate'))",120.25,696
1650,1650,workload,"('insert document', 'save')","('workload', ('insert document', 'save'))",8.5,696
1651,1651,workload,"('begin editing', 'insert document')","('workload', ('begin editing', 'insert document'))",5.0,696
1652,1652,handover,"('save', 'save')","('handover', ('save', 'save'))",2.0,700
1653,1653,delay,"('mail income', 'mail valid')","('delay', ('mail income', 'mail valid'))","(39, 10)","(48, 87)"
1654,1654,delay,"('mail income', 'mail valid')","('delay', ('mail income', 'mail valid'))","(42, 13)","(49, 91)"
1655,1655,delay,"('mail valid', 'initialize')","('delay', ('mail valid', 'initialize'))","(78, 16)","(49, 127)"
1656,1656,delay,"('mail valid', 'initialize')","('delay', ('mail valid', 'initialize'))","(77, 25)","(50, 127)"
1657,1657,delay,"('mail valid', 'initialize')","('delay', ('mail valid', 'initialize'))","(78, 11)","(50, 128)"
1658,1658,delay,"('mail valid', 'initialize')","('delay', ('mail valid', 'initialize'))","(76, 16)","(51, 127)"
1659,1659,batch,"('mail income', 'mail valid')","('batch', ('mail income', 'mail valid'))",49,"(52, 55)"
1660,1660,delay,"('mail income', 'mail valid')","('delay', ('mail income', 'mail valid'))","(39, 12)","(52, 91)"
1661,1661,batch,"('mail income', 'mail valid')","('batch', ('mail income', 'mail valid'))",40,"(55, 62)"
1662,1662,delay,"('mail income', 'mail valid')","('delay', ('mail income', 'mail valid'))","(32, 17)","(55, 87)"
1663,1663,delay,"('mail income', 'mail valid')","('delay', ('mail income', 'mail valid'))","(36, 36)","(55, 91)"
1664,1664,delay,"('mail valid', 'initialize')","('delay', ('mail valid', 'initialize'))","(72, 84)","(55, 127)"
1665,1665,delay,"('mail income', 'initialize')","('delay', ('mail income', 'initialize'))","(72, 13)","(55, 127)"
1666,1666,delay,"('mail valid', 'initialize')","('delay', ('mail valid', 'initialize'))","(73, 10)","(55, 128)"
1667,1667,delay,"('mail valid', 'initialize')","('delay', ('mail valid', 'initialize'))","(74, 23)","(55, 129)"
1668,1668,delay,"('mail income', 'mail valid')","('delay', ('mail income', 'mail valid'))","(20, 10)","(56, 76)"
1669,1669,delay,"('mail income', 'mail valid')","('delay', ('mail income', 'mail valid'))","(31, 14)","(56, 87)"
1670,1670,delay,"('mail income', 'mail valid')","('delay', ('mail income', 'mail valid'))","(35, 32)","(56, 91)"
1671,1671,delay,"('mail valid', 'initialize')","('delay', ('mail valid', 'initialize'))","(71, 41)","(56, 127)"
1672,1672,delay,"('mail income', 'initialize')","('delay', ('mail income', 'initialize'))","(71, 10)","(56, 127)"
1673,1673,delay,"('mail valid', 'initialize')","('delay', ('mail valid', 'initialize'))","(73, 17)","(56, 129)"
1674,1674,batch,"('mail income', 'mail valid')","('batch', ('mail income', 'mail valid'))",46,"(57, 62)"
1675,1675,delay,"('mail income', 'mail valid')","('delay', ('mail income', 'mail valid'))","(19, 15)","(57, 76)"
1676,1676,delay,"('mail income', 'mail valid')","('delay', ('mail income', 'mail valid'))","(34, 35)","(57, 91)"
1677,1677,delay,"('mail valid', 'initialize')","('delay', ('mail valid', 'initialize'))","(70, 54)","(57, 127)"
1678,1678,delay,"('mail income', 'initialize')","('delay', ('mail income', 'initialize'))","(70, 17)","(57, 127)"
1679,1679,delay,"('mail valid', 'initialize')","('delay', ('mail valid', 'initialize'))","(71, 18)","(57, 128)"
1680,1680,delay,"('mail valid', 'initialize')","('delay', ('mail valid', 'initialize'))","(72, 16)","(57, 129)"
1681,1681,delay,"('mail income', 'mail valid')","('delay', ('mail income', 'mail valid'))","(29, 13)","(58, 87)"
1682,1682,delay,"('mail income', 'mail valid')","('delay', ('mail income', 'mail valid'))","(33, 26)","(58, 91)"
1683,1683,delay,"('mail valid', 'initialize')","('delay', ('mail valid', 'initialize'))","(69, 56)","(58, 127)"
1684,1684,delay,"('mail income', 'initialize')","('delay', ('mail income', 'initialize'))","(69, 14)","(58, 127)"
1685,1685,delay,"('mail valid', 'initialize')","('delay', ('mail valid', 'initialize'))","(70, 12)","(58, 128)"
1686,1686,delay,"('mail valid', 'initialize')","('delay', ('mail valid', 'initialize'))","(71, 18)","(58, 129)"
1687,1687,delay,"('mail income', 'mail valid')","('delay', ('mail income', 'mail valid'))","(32, 19)","(59, 91)"
1688,1688,delay,"('mail valid', 'initialize')","('delay', ('mail valid', 'initialize'))","(68, 58)","(59, 127)"
1689,1689,delay,"('mail valid', 'initialize')","('delay', ('mail valid', 'initialize'))","(69, 20)","(59, 128)"
1690,1690,delay,"('mail valid', 'initialize')","('delay', ('mail valid', 'initialize'))","(70, 20)","(59, 129)"
1691,1691,delay,"('mail income', 'mail valid')","('delay', ('mail income', 'mail valid'))","(29, 16)","(62, 91)"
1692,1692,batch,"('mail valid', 'initialize')","('batch', ('mail valid', 'initialize'))",153,"(62, 127)"
1693,1693,delay,"('mail valid', 'initialize')","('delay', ('mail valid', 'initialize'))","(65, 153)","(62, 127)"
1694,1694,delay,"('mail valid', 'initialize')","('delay', ('mail valid', 'initialize'))","(66, 21)","(62, 128)"
1695,1695,delay,"('mail valid', 'initialize')","('delay', ('mail valid', 'initialize'))","(67, 33)","(62, 129)"
1696,1696,batch,"('mail income', 'mail valid')","('batch', ('mail income', 'mail valid'))",43,"(63, 65)"
1697,1697,delay,"('mail income', 'mail valid')","('delay', ('mail income', 'mail valid'))","(22, 16)","(63, 85)"
1698,1698,batch,"('mail income', 'mail valid')","('batch', ('mail income', 'mail valid'))",47,"(63, 91)"
1699,1699,delay,"('mail income', 'mail valid')","('delay', ('mail income', 'mail valid'))","(28, 47)","(63, 91)"
1700,1700,delay,"('mail valid', 'initialize')","('delay', ('mail valid', 'initialize'))","(64, 64)","(63, 127)"
1701,1701,delay,"('mail income', 'initialize')","('delay', ('mail income', 'initialize'))","(64, 17)","(63, 127)"
1702,1702,delay,"('mail valid', 'initialize')","('delay', ('mail valid', 'initialize'))","(66, 14)","(63, 129)"
1703,1703,delay,"('mail income', 'mail valid')","('delay', ('mail income', 'mail valid'))","(27, 30)","(64, 91)"
1704,1704,delay,"('mail valid', 'initialize')","('delay', ('mail valid', 'initialize'))","(63, 72)","(64, 127)"
1705,1705,delay,"('mail income', 'initialize')","('delay', ('mail income', 'initialize'))","(63, 14)","(64, 127)"
1706,1706,delay,"('mail valid', 'initialize')","('delay', ('mail valid', 'initialize'))","(64, 21)","(64, 128)"
1707,1707,delay,"('mail valid', 'initialize')","('delay', ('mail valid', 'initialize'))","(65, 22)","(64, 129)"
1708,1708,delay,"('mail income', 'mail valid')","('delay', ('mail income', 'mail valid'))","(26, 22)","(65, 91)"
1709,1709,batch,"('mail valid', 'mail income')","('batch', ('mail valid', 'mail income'))",10,"(65, 118)"
1710,1710,delay,"('mail valid', 'mail income')","('delay', ('mail valid', 'mail income'))","(53, 10)","(65, 118)"
1711,1711,batch,"('mail valid', 'mail income')","('batch', ('mail valid', 'mail income'))",10,"(65, 125)"
1712,1712,delay,"('mail valid', 'mail income')","('delay', ('mail valid', 'mail income'))","(60, 10)","(65, 125)"
1713,1713,batch,"('mail valid', 'initialize')","('batch', ('mail valid', 'initialize'))",155,"(65, 127)"
1714,1714,delay,"('mail income', 'initialize')","('delay', ('mail income', 'initialize'))","(62, 23)","(65, 127)"
1715,1715,delay,"('mail valid', 'initialize')","('delay', ('mail valid', 'initialize'))","(63, 24)","(65, 128)"
1716,1716,delay,"('mail valid', 'initialize')","('delay', ('mail valid', 'initialize'))","(64, 53)","(65, 129)"
1717,1717,delay,"('mail income', 'initialize')","('delay', ('mail income', 'initialize'))","(64, 15)","(65, 129)"
1718,1718,batch,"('mail income', 'mail valid')","('batch', ('mail income', 'mail valid'))",39,"(66, 69)"
1719,1719,delay,"('mail income', 'mail valid')","('delay', ('mail income', 'mail valid'))","(25, 11)","(66, 91)"
1720,1720,delay,"('mail income', 'initialize')","('delay', ('mail income', 'initialize'))","(61, 14)","(66, 127)"
1721,1721,delay,"('mail valid', 'initialize')","('delay', ('mail valid', 'initialize'))","(63, 26)","(66, 129)"
1722,1722,delay,"('mail income', 'mail valid')","('delay', ('mail income', 'mail valid'))","(24, 10)","(67, 91)"
1723,1723,batch,"('mail income', 'mail valid')","('batch', ('mail income', 'mail valid'))",39,"(69, 76)"
1724,1724,delay,"('mail income', 'mail valid')","('delay', ('mail income', 'mail valid'))","(18, 14)","(69, 87)"
1725,1725,batch,"('mail income', 'mail valid')","('batch', ('mail income', 'mail valid'))",40,"(69, 91)"
1726,1726,batch,"('mail valid', 'mail income')","('batch', ('mail valid', 'mail income'))",10,"(69, 91)"
1727,1727,delay,"('mail income', 'mail valid')","('delay', ('mail income', 'mail valid'))","(22, 40)","(69, 91)"
1728,1728,batch,"('mail valid', 'mail income')","('batch', ('mail valid', 'mail income'))",11,"(69, 120)"
1729,1729,delay,"('mail valid', 'mail income')","('delay', ('mail valid', 'mail income'))","(51, 11)","(69, 120)"
1730,1730,batch,"('mail valid', 'mail income')","('batch', ('mail valid', 'mail income'))",10,"(69, 121)"
1731,1731,delay,"('mail valid', 'mail income')","('delay', ('mail valid', 'mail income'))","(52, 10)","(69, 121)"
1732,1732,batch,"('mail valid', 'mail income')","('batch', ('mail valid', 'mail income'))",10,"(69, 125)"
1733,1733,delay,"('mail valid', 'mail income')","('delay', ('mail valid', 'mail income'))","(56, 10)","(69, 125)"
1734,1734,batch,"('mail valid', 'initialize')","('batch', ('mail valid', 'initialize'))",181,"(69, 127)"
1735,1735,delay,"('mail income', 'initialize')","('delay', ('mail income', 'initialize'))","(58, 21)","(69, 127)"
1736,1736,batch,"('mail income', 'mail valid')","('batch', ('mail income', 'mail valid'))",53,"(70, 73)"
1737,1737,batch,"('mail income', 'mail valid')","('batch', ('mail income', 'mail valid'))",45,"(70, 76)"
1738,1738,batch,"('mail income', 'mail valid')","('batch', ('mail income', 'mail valid'))",51,"(70, 91)"
1739,1739,delay,"('mail income', 'mail valid')","('delay', ('mail income', 'mail valid'))","(21, 51)","(70, 91)"
1740,1740,batch,"('mail valid', 'mail income')","('batch', ('mail valid', 'mail income'))",10,"(70, 118)"
1741,1741,delay,"('mail valid', 'mail income')","('delay', ('mail valid', 'mail income'))","(48, 10)","(70, 118)"
1742,1742,batch,"('mail valid', 'initialize')","('batch', ('mail valid', 'initialize'))",152,"(70, 127)"
1743,1743,delay,"('mail income', 'initialize')","('delay', ('mail income', 'initialize'))","(57, 32)","(70, 127)"
1744,1744,batch,"('mail income', 'mail valid')","('batch', ('mail income', 'mail valid'))",67,"(71, 73)"
1745,1745,batch,"('mail income', 'mail valid')","('batch', ('mail income', 'mail valid'))",64,"(71, 76)"
1746,1746,batch,"('mail income', 'mail valid')","('batch', ('mail income', 'mail valid'))",49,"(71, 91)"
1747,1747,delay,"('mail income', 'mail valid')","('delay', ('mail income', 'mail valid'))","(20, 49)","(71, 91)"
1748,1748,delay,"('mail income', 'initialize')","('delay', ('mail income', 'initialize'))","(56, 18)","(71, 127)"
1749,1749,batch,"('mail income', 'mail valid')","('batch', ('mail income', 'mail valid'))",53,"(72, 76)"
1750,1750,batch,"('mail valid', 'mail income')","('batch', ('mail valid', 'mail income'))",10,"(72, 84)"
1751,1751,delay,"('mail income', 'mail valid')","('delay', ('mail income', 'mail valid'))","(19, 20)","(72, 91)"
1752,1752,batch,"('mail valid', 'mail income')","('batch', ('mail valid', 'mail income'))",10,"(72, 118)"
1753,1753,delay,"('mail valid', 'mail income')","('delay', ('mail valid', 'mail income'))","(46, 10)","(72, 118)"
1754,1754,batch,"('mail valid', 'mail income')","('batch', ('mail valid', 'mail income'))",10,"(72, 120)"
1755,1755,delay,"('mail valid', 'mail income')","('delay', ('mail valid', 'mail income'))","(48, 10)","(72, 120)"
1756,1756,batch,"('mail valid', 'mail income')","('batch', ('mail valid', 'mail income'))",12,"(72, 125)"
1757,1757,delay,"('mail valid', 'mail income')","('delay', ('mail valid', 'mail income'))","(53, 12)","(72, 125)"
1758,1758,delay,"('mail income', 'initialize')","('delay', ('mail income', 'initialize'))","(55, 25)","(72, 127)"
1759,1759,delay,"('mail income', 'initialize')","('delay', ('mail income', 'initialize'))","(57, 10)","(72, 129)"
1760,1760,batch,"('mail income', 'mail valid')","('batch', ('mail income', 'mail valid'))",49,"(73, 76)"
1761,1761,batch,"('mail income', 'mail valid')","('batch', ('mail income', 'mail valid'))",44,"(73, 78)"
1762,1762,batch,"('mail valid', 'mail income')","('batch', ('mail valid', 'mail income'))",17,"(73, 91)"
1763,1763,delay,"('mail income', 'mail valid')","('delay', ('mail income', 'mail valid'))","(18, 29)","(73, 91)"
1764,1764,batch,"('mail valid', 'mail income')","('batch', ('mail valid', 'mail income'))",11,"(73, 93)"
1765,1765,batch,"('mail valid', 'mail income')","('batch', ('mail valid', 'mail income'))",12,"(73, 97)"
1766,1766,batch,"('mail valid', 'mail income')","('batch', ('mail valid', 'mail income'))",12,"(73, 105)"
1767,1767,batch,"('mail valid', 'mail income')","('batch', ('mail valid', 'mail income'))",15,"(73, 106)"
1768,1768,batch,"('mail valid', 'mail income')","('batch', ('mail valid', 'mail income'))",18,"(73, 107)"
1769,1769,batch,"('mail valid', 'mail income')","('batch', ('mail valid', 'mail income'))",11,"(73, 108)"
1770,1770,batch,"('mail valid', 'mail income')","('batch', ('mail valid', 'mail income'))",22,"(73, 118)"
1771,1771,delay,"('mail valid', 'mail income')","('delay', ('mail valid', 'mail income'))","(45, 22)","(73, 118)"
1772,1772,batch,"('mail valid', 'mail income')","('batch', ('mail valid', 'mail income'))",11,"(73, 120)"
1773,1773,delay,"('mail valid', 'mail income')","('delay', ('mail valid', 'mail income'))","(47, 11)","(73, 120)"
1774,1774,batch,"('mail valid', 'mail income')","('batch', ('mail valid', 'mail income'))",12,"(73, 121)"
1775,1775,delay,"('mail valid', 'mail income')","('delay', ('mail valid', 'mail income'))","(48, 12)","(73, 121)"
1776,1776,batch,"('mail valid', 'mail income')","('batch', ('mail valid', 'mail income'))",10,"(73, 122)"
1777,1777,delay,"('mail valid', 'mail income')","('delay', ('mail valid', 'mail income'))","(49, 10)","(73, 122)"
1778,1778,batch,"('mail valid', 'mail income')","('batch', ('mail valid', 'mail income'))",14,"(73, 125)"
1779,1779,delay,"('mail valid', 'mail income')","('delay', ('mail valid', 'mail income'))","(52, 14)","(73, 125)"
1780,1780,batch,"('mail valid', 'initialize')","('batch', ('mail valid', 'initialize'))",311,"(73, 127)"
1781,1781,delay,"('mail income', 'initialize')","('delay', ('mail income', 'initialize'))","(54, 19)","(73, 127)"
1782,1782,batch,"('mail income', 'mail valid')","('batch', ('mail income', 'mail valid'))",51,"(76, 77)"
1783,1783,batch,"('mail income', 'mail valid')","('batch', ('mail income', 'mail valid'))",67,"(76, 78)"
1784,1784,batch,"('mail income', 'mail valid')","('batch', ('mail income', 'mail valid'))",57,"(76, 83)"
1785,1785,batch,"('mail income', 'mail valid')","('batch', ('mail income', 'mail valid'))",44,"(76, 85)"
1786,1786,batch,"('mail income', 'mail valid')","('batch', ('mail income', 'mail valid'))",40,"(76, 87)"
1787,1787,batch,"('mail valid', 'mail income')","('batch', ('mail valid', 'mail income'))",10,"(76, 87)"
1788,1788,batch,"('mail income', 'mail valid')","('batch', ('mail income', 'mail valid'))",72,"(76, 91)"
1789,1789,batch,"('mail valid', 'mail income')","('batch', ('mail valid', 'mail income'))",10,"(76, 91)"
1790,1790,batch,"('mail valid', 'mail income')","('batch', ('mail valid', 'mail income'))",12,"(76, 100)"
1791,1791,batch,"('mail valid', 'mail income')","('batch', ('mail valid', 'mail income'))",19,"(76, 104)"
1792,1792,batch,"('mail valid', 'mail income')","('batch', ('mail valid', 'mail income'))",11,"(76, 105)"
1793,1793,batch,"('mail valid', 'mail income')","('batch', ('mail valid', 'mail income'))",11,"(76, 118)"
1794,1794,delay,"('mail valid', 'mail income')","('delay', ('mail valid', 'mail income'))","(42, 11)","(76, 118)"
1795,1795,batch,"('mail valid', 'mail income')","('batch', ('mail valid', 'mail income'))",19,"(76, 119)"
1796,1796,delay,"('mail valid', 'mail income')","('delay', ('mail valid', 'mail income'))","(43, 19)","(76, 119)"
1797,1797,batch,"('mail valid', 'mail income')","('batch', ('mail valid', 'mail income'))",10,"(76, 122)"
1798,1798,delay,"('mail valid', 'mail income')","('delay', ('mail valid', 'mail income'))","(46, 10)","(76, 122)"
1799,1799,batch,"('mail valid', 'mail income')","('batch', ('mail valid', 'mail income'))",14,"(76, 125)"
1800,1800,delay,"('mail valid', 'mail income')","('delay', ('mail valid', 'mail income'))","(49, 14)","(76, 125)"
1801,1801,batch,"('mail valid', 'initialize')","('batch', ('mail valid', 'initialize'))",321,"(76, 127)"
1802,1802,delay,"('mail income', 'initialize')","('delay', ('mail income', 'initialize'))","(51, 36)","(76, 127)"
1803,1803,delay,"('mail income', 'initialize')","('delay', ('mail income', 'initialize'))","(53, 16)","(76, 129)"
1804,1804,batch,"('mail income', 'mail valid')","('batch', ('mail income', 'mail valid'))",67,"(77, 78)"
1805,1805,batch,"('mail income', 'mail valid')","('batch', ('mail income', 'mail valid'))",44,"(77, 80)"
1806,1806,batch,"('mail income', 'mail valid')","('batch', ('mail income', 'mail valid'))",96,"(77, 83)"
1807,1807,batch,"('mail income', 'mail valid')","('batch', ('mail income', 'mail valid'))",63,"(77, 85)"
1808,1808,batch,"('mail income', 'mail valid')","('batch', ('mail income', 'mail valid'))",74,"(77, 91)"
1809,1809,batch,"('mail valid', 'initialize')","('batch', ('mail valid', 'initialize'))",209,"(77, 127)"
1810,1810,delay,"('mail income', 'initialize')","('delay', ('mail income', 'initialize'))","(50, 48)","(77, 127)"
1811,1811,batch,"('mail income', 'mail valid')","('batch', ('mail income', 'mail valid'))",54,"(78, 80)"
1812,1812,batch,"('mail income', 'mail valid')","('batch', ('mail income', 'mail valid'))",143,"(78, 83)"
1813,1813,batch,"('mail income', 'mail valid')","('batch', ('mail income', 'mail valid'))",85,"(78, 85)"
1814,1814,batch,"('mail income', 'mail valid')","('batch', ('mail income', 'mail valid'))",39,"(78, 87)"
1815,1815,batch,"('mail income', 'mail valid')","('batch', ('mail income', 'mail valid'))",56,"(78, 91)"
1816,1816,batch,"('mail valid', 'mail income')","('batch', ('mail valid', 'mail income'))",11,"(78, 121)"
1817,1817,delay,"('mail valid', 'mail income')","('delay', ('mail valid', 'mail income'))","(43, 11)","(78, 121)"
1818,1818,batch,"('mail valid', 'initialize')","('batch', ('mail valid', 'initialize'))",267,"(78, 127)"
1819,1819,delay,"('mail income', 'initialize')","('delay', ('mail income', 'initialize'))","(49, 46)","(78, 127)"
1820,1820,delay,"('mail income', 'initialize')","('delay', ('mail income', 'initialize'))","(51, 10)","(78, 129)"
1821,1821,batch,"('mail income', 'mail valid')","('batch', ('mail income', 'mail valid'))",103,"(80, 83)"
1822,1822,batch,"('mail income', 'mail valid')","('batch', ('mail income', 'mail valid'))",50,"(80, 84)"
1823,1823,batch,"('mail income', 'mail valid')","('batch', ('mail income', 'mail valid'))",67,"(80, 85)"
1824,1824,batch,"('mail income', 'mail valid')","('batch', ('mail income', 'mail valid'))",39,"(80, 87)"
1825,1825,batch,"('mail income', 'mail valid')","('batch', ('mail income', 'mail valid'))",52,"(80, 91)"
1826,1826,delay,"('mail income', 'initialize')","('delay', ('mail income', 'initialize'))","(47, 25)","(80, 127)"
1827,1827,delay,"('mail income', 'initialize')","('delay', ('mail income', 'initialize'))","(49, 14)","(80, 129)"
1828,1828,batch,"('mail income', 'mail valid')","('batch', ('mail income', 'mail valid'))",67,"(82, 84)"
1829,1829,batch,"('mail income', 'mail valid')","('batch', ('mail income', 'mail valid'))",43,"(82, 85)"
1830,1830,batch,"('mail income', 'mail valid')","('batch', ('mail income', 'mail valid'))",114,"(83, 84)"
1831,1831,batch,"('mail income', 'mail valid')","('batch', ('mail income', 'mail valid'))",190,"(83, 85)"
1832,1832,batch,"('mail income', 'mail valid')","('batch', ('mail income', 'mail valid'))",77,"(83, 86)"
1833,1833,batch,"('mail income', 'mail valid')","('batch', ('mail income', 'mail valid'))",94,"(83, 87)"
1834,1834,batch,"('mail income', 'mail valid')","('batch', ('mail income', 'mail valid'))",118,"(83, 91)"
1835,1835,batch,"('mail valid', 'mail income')","('batch', ('mail valid', 'mail income'))",12,"(83, 91)"
1836,1836,batch,"('mail valid', 'mail income')","('batch', ('mail valid', 'mail income'))",10,"(83, 98)"
1837,1837,batch,"('mail valid', 'mail income')","('batch', ('mail valid', 'mail income'))",13,"(83, 105)"
1838,1838,batch,"('mail valid', 'mail income')","('batch', ('mail valid', 'mail income'))",17,"(83, 121)"
1839,1839,delay,"('mail valid', 'mail income')","('delay', ('mail valid', 'mail income'))","(38, 17)","(83, 121)"
1840,1840,batch,"('mail valid', 'mail income')","('batch', ('mail valid', 'mail income'))",14,"(83, 125)"
1841,1841,delay,"('mail valid', 'mail income')","('delay', ('mail valid', 'mail income'))","(42, 14)","(83, 125)"
1842,1842,batch,"('mail valid', 'initialize')","('batch', ('mail valid', 'initialize'))",411,"(83, 127)"
1843,1843,batch,"('mail income', 'initialize')","('batch', ('mail income', 'initialize'))",78,"(83, 127)"
1844,1844,batch,"('mail valid', 'initialize')","('batch', ('mail valid', 'initialize'))",148,"(83, 128)"
1845,1845,delay,"('mail income', 'initialize')","('delay', ('mail income', 'initialize'))","(46, 20)","(83, 129)"
1846,1846,batch,"('mail income', 'mail valid')","('batch', ('mail income', 'mail valid'))",173,"(84, 85)"
1847,1847,batch,"('mail income', 'mail valid')","('batch', ('mail income', 'mail valid'))",146,"(84, 86)"
1848,1848,batch,"('mail income', 'mail valid')","('batch', ('mail income', 'mail valid'))",169,"(84, 87)"
1849,1849,batch,"('mail income', 'mail valid')","('batch', ('mail income', 'mail valid'))",210,"(84, 91)"
1850,1850,batch,"('mail valid', 'mail income')","('batch', ('mail valid', 'mail income'))",11,"(84, 125)"
1851,1851,delay,"('mail valid', 'mail income')","('delay', ('mail valid', 'mail income'))","(41, 11)","(84, 125)"
1852,1852,batch,"('mail valid', 'initialize')","('batch', ('mail valid', 'initialize'))",370,"(84, 127)"
1853,1853,batch,"('mail income', 'initialize')","('batch', ('mail income', 'initialize'))",103,"(84, 127)"
1854,1854,batch,"('mail income', 'mail valid')","('batch', ('mail income', 'mail valid'))",184,"(85, 86)"
1855,1855,batch,"('mail valid', 'mail income')","('batch', ('mail valid', 'mail income'))",13,"(85, 86)"
1856,1856,batch,"('mail income', 'mail valid')","('batch', ('mail income', 'mail valid'))",246,"(85, 87)"
1857,1857,batch,"('mail valid', 'mail income')","('batch', ('mail valid', 'mail income'))",14,"(85, 87)"
1858,1858,batch,"('mail income', 'mail valid')","('batch', ('mail income', 'mail valid'))",269,"(85, 91)"
1859,1859,batch,"('mail valid', 'mail income')","('batch', ('mail valid', 'mail income'))",10,"(85, 91)"
1860,1860,batch,"('mail valid', 'mail income')","('batch', ('mail valid', 'mail income'))",15,"(85, 105)"
1861,1861,batch,"('mail valid', 'mail income')","('batch', ('mail valid', 'mail income'))",12,"(85, 118)"
1862,1862,batch,"('mail valid', 'mail income')","('batch', ('mail valid', 'mail income'))",15,"(85, 121)"
1863,1863,batch,"('mail valid', 'mail income')","('batch', ('mail valid', 'mail income'))",10,"(85, 122)"
1864,1864,batch,"('mail valid', 'mail income')","('batch', ('mail valid', 'mail income'))",19,"(85, 125)"
1865,1865,delay,"('mail valid', 'mail income')","('delay', ('mail valid', 'mail income'))","(40, 19)","(85, 125)"
1866,1866,batch,"('mail valid', 'initialize')","('batch', ('mail valid', 'initialize'))",793,"(85, 127)"
1867,1867,batch,"('mail income', 'initialize')","('batch', ('mail income', 'initialize'))",144,"(85, 127)"
1868,1868,batch,"('mail valid', 'initialize')","('batch', ('mail valid', 'initialize'))",165,"(85, 129)"
1869,1869,batch,"('mail income', 'mail valid')","('batch', ('mail income', 'mail valid'))",332,"(86, 87)"
1870,1870,batch,"('mail income', 'mail valid')","('batch', ('mail income', 'mail valid'))",408,"(86, 91)"
1871,1871,batch,"('mail valid', 'mail income')","('batch', ('mail valid', 'mail income'))",10,"(86, 125)"
1872,1872,delay,"('mail valid', 'mail income')","('delay', ('mail valid', 'mail income'))","(39, 10)","(86, 125)"
1873,1873,batch,"('mail valid', 'initialize')","('batch', ('mail valid', 'initialize'))",537,"(86, 127)"
1874,1874,batch,"('mail income', 'initialize')","('batch', ('mail income', 'initialize'))",171,"(86, 127)"
1875,1875,batch,"('mail valid', 'initialize')","('batch', ('mail valid', 'initialize'))",148,"(86, 129)"
1876,1876,batch,"('mail income', 'mail valid')","('batch', ('mail income', 'mail valid'))",462,"(87, 91)"
1877,1877,batch,"('mail valid', 'mail income')","('batch', ('mail valid', 'mail income'))",29,"(87, 91)"
1878,1878,batch,"('mail valid', 'mail income')","('batch', ('mail valid', 'mail income'))",10,"(87, 92)"
1879,1879,batch,"('mail valid', 'mail income')","('batch', ('mail valid', 'mail income'))",12,"(87, 97)"
1880,1880,batch,"('mail valid', 'mail income')","('batch', ('mail valid', 'mail income'))",13,"(87, 98)"
1881,1881,batch,"('mail valid', 'mail income')","('batch', ('mail valid', 'mail income'))",12,"(87, 100)"
1882,1882,batch,"('mail valid', 'mail income')","('batch', ('mail valid', 'mail income'))",12,"(87, 104)"
1883,1883,batch,"('mail valid', 'mail income')","('batch', ('mail valid', 'mail income'))",22,"(87, 105)"
1884,1884,batch,"('mail valid', 'mail income')","('batch', ('mail valid', 'mail income'))",16,"(87, 118)"
1885,1885,batch,"('mail valid', 'mail income')","('batch', ('mail valid', 'mail income'))",13,"(87, 120)"
1886,1886,batch,"('mail valid', 'mail income')","('batch', ('mail valid', 'mail income'))",10,"(87, 121)"
1887,1887,batch,"('mail valid', 'mail income')","('batch', ('mail valid', 'mail income'))",11,"(87, 122)"
1888,1888,batch,"('mail valid', 'mail income')","('batch', ('mail valid', 'mail income'))",15,"(87, 125)"
1889,1889,delay,"('mail valid', 'mail income')","('delay', ('mail valid', 'mail income'))","(38, 15)","(87, 125)"
1890,1890,batch,"('mail valid', 'mail income')","('batch', ('mail valid', 'mail income'))",13,"(87, 126)"
1891,1891,delay,"('mail valid', 'mail income')","('delay', ('mail valid', 'mail income'))","(39, 13)","(87, 126)"
1892,1892,batch,"('mail valid', 'initialize')","('batch', ('mail valid', 'initialize'))",978,"(87, 127)"
1893,1893,batch,"('mail income', 'initialize')","('batch', ('mail income', 'initialize'))",169,"(87, 127)"
1894,1894,batch,"('mail valid', 'initialize')","('batch', ('mail valid', 'initialize'))",175,"(87, 128)"
1895,1895,batch,"('mail valid', 'initialize')","('batch', ('mail valid', 'initialize'))",256,"(87, 129)"
1896,1896,batch,"('mail income', 'mail valid')","('batch', ('mail income', 'mail valid'))",162,"(88, 91)"
1897,1897,batch,"('mail income', 'mail valid')","('batch', ('mail income', 'mail valid'))",137,"(89, 91)"
1898,1898,batch,"('mail income', 'mail valid')","('batch', ('mail income', 'mail valid'))",233,"(90, 91)"
1899,1899,batch,"('mail valid', 'mail income')","('batch', ('mail valid', 'mail income'))",20,"(91, 92)"
1900,1900,batch,"('mail valid', 'mail income')","('batch', ('mail valid', 'mail income'))",20,"(91, 93)"
1901,1901,batch,"('mail valid', 'mail income')","('batch', ('mail valid', 'mail income'))",19,"(91, 97)"
1902,1902,batch,"('mail valid', 'mail income')","('batch', ('mail valid', 'mail income'))",30,"(91, 98)"
1903,1903,batch,"('mail valid', 'mail income')","('batch', ('mail valid', 'mail income'))",30,"(91, 99)"
1904,1904,batch,"('mail valid', 'mail income')","('batch', ('mail valid', 'mail income'))",25,"(91, 100)"
1905,1905,batch,"('mail valid', 'mail income')","('batch', ('mail valid', 'mail income'))",18,"(91, 101)"
1906,1906,batch,"('mail valid', 'mail income')","('batch', ('mail valid', 'mail income'))",35,"(91, 104)"
1907,1907,batch,"('mail valid', 'mail income')","('batch', ('mail valid', 'mail income'))",46,"(91, 105)"
1908,1908,batch,"('mail valid', 'mail income')","('batch', ('mail valid', 'mail income'))",12,"(91, 115)"
1909,1909,batch,"('mail valid', 'mail income')","('batch', ('mail valid', 'mail income'))",32,"(91, 118)"
1910,1910,batch,"('mail valid', 'mail income')","('batch', ('mail valid', 'mail income'))",31,"(91, 119)"
1911,1911,batch,"('mail valid', 'mail income')","('batch', ('mail valid', 'mail income'))",25,"(91, 120)"
1912,1912,batch,"('mail valid', 'mail income')","('batch', ('mail valid', 'mail income'))",22,"(91, 121)"
1913,1913,batch,"('mail valid', 'mail income')","('batch', ('mail valid', 'mail income'))",31,"(91, 122)"
1914,1914,batch,"('mail valid', 'mail income')","('batch', ('mail valid', 'mail income'))",14,"(91, 124)"
1915,1915,batch,"('mail valid', 'mail income')","('batch', ('mail valid', 'mail income'))",46,"(91, 125)"
1916,1916,batch,"('mail valid', 'mail income')","('batch', ('mail valid', 'mail income'))",37,"(91, 126)"
1917,1917,batch,"('mail valid', 'initialize')","('batch', ('mail valid', 'initialize'))",2147,"(91, 127)"
1918,1918,batch,"('mail income', 'initialize')","('batch', ('mail income', 'initialize'))",272,"(91, 127)"
1919,1919,batch,"('mail valid', 'initialize')","('batch', ('mail valid', 'initialize'))",384,"(91, 128)"
1920,1920,batch,"('mail income', 'initialize')","('batch', ('mail income', 'initialize'))",74,"(91, 128)"
1921,1921,batch,"('mail valid', 'initialize')","('batch', ('mail valid', 'initialize'))",626,"(91, 129)"
1922,1922,batch,"('mail income', 'initialize')","('batch', ('mail income', 'initialize'))",61,"(91, 129)"
1923,1923,batch,"('mail income', 'initialize')","('batch', ('mail income', 'initialize'))",84,"(92, 127)"
1924,1924,batch,"('mail income', 'initialize')","('batch', ('mail income', 'initialize'))",85,"(93, 127)"
1925,1925,batch,"('mail income', 'initialize')","('batch', ('mail income', 'initialize'))",56,"(94, 127)"
1926,1926,batch,"('mail income', 'initialize')","('batch', ('mail income', 'initialize'))",77,"(97, 127)"
1927,1927,batch,"('mail income', 'initialize')","('batch', ('mail income', 'initialize'))",83,"(98, 127)"
1928,1928,batch,"('mail income', 'initialize')","('batch', ('mail income', 'initialize'))",78,"(99, 127)"
1929,1929,batch,"('mail income', 'initialize')","('batch', ('mail income', 'initialize'))",77,"(100, 127)"
1930,1930,batch,"('mail income', 'initialize')","('batch', ('mail income', 'initialize'))",51,"(101, 127)"
1931,1931,batch,"('mail income', 'initialize')","('batch', ('mail income', 'initialize'))",79,"(104, 127)"
1932,1932,batch,"('mail income', 'initialize')","('batch', ('mail income', 'initialize'))",98,"(105, 127)"
1933,1933,batch,"('mail income', 'initialize')","('batch', ('mail income', 'initialize'))",50,"(118, 127)"
1934,1934,batch,"('mail income', 'initialize')","('batch', ('mail income', 'initialize'))",94,"(118, 147)"
1935,1935,batch,"('mail income', 'initialize')","('batch', ('mail income', 'initialize'))",51,"(119, 147)"
1936,1936,batch,"('mail income', 'initialize')","('batch', ('mail income', 'initialize'))",67,"(120, 147)"
1937,1937,batch,"('mail income', 'initialize')","('batch', ('mail income', 'initialize'))",61,"(121, 147)"
1938,1938,batch,"('mail income', 'initialize')","('batch', ('mail income', 'initialize'))",59,"(122, 147)"
1939,1939,batch,"('mail income', 'initialize')","('batch', ('mail income', 'initialize'))",62,"(125, 127)"
1940,1940,batch,"('mail income', 'initialize')","('batch', ('mail income', 'initialize'))",60,"(125, 147)"
1941,1941,batch,"('initialize', 'begin editing')","('batch', ('initialize', 'begin editing'))",47,"(127, 129)"
1942,1942,batch,"('finish editing', 'create')","('batch', ('finish editing', 'create'))",37,"(127, 129)"
1943,1943,batch,"('begin editing', 'create')","('batch', ('begin editing', 'create'))",37,"(127, 129)"
1944,1944,batch,"('finish editing', 'begin editing')","('batch', ('finish editing', 'begin editing'))",48,"(127, 129)"
1945,1945,batch,"('create', 'begin editing')","('batch', ('create', 'begin editing'))",3,"(127, 141)"
1946,1946,batch,"('create', 'begin editing')","('batch', ('create', 'begin editing'))",5685,"(127, 147)"
1947,1947,batch,"('create', 'initialize')","('batch', ('create', 'initialize'))",5695,"(127, 147)"
1948,1948,delay,"('create', 'begin editing')","('delay', ('create', 'begin editing'))","(20, 5685)","(127, 147)"
1949,1949,delay,"('finish editing', 'initialize')","('delay', ('finish editing', 'initialize'))","(25, 34)","(127, 152)"
1950,1950,delay,"('finish editing', 'initialize')","('delay', ('finish editing', 'initialize'))","(47, 30)","(127, 174)"
1951,1951,batch,"('finish editing', 'initialize')","('batch', ('finish editing', 'initialize'))",403,"(127, 176)"
1952,1952,delay,"('finish editing', 'initialize')","('delay', ('finish editing', 'initialize'))","(49, 403)","(127, 176)"
1953,1953,batch,"('create', 'initialize')","('batch', ('create', 'initialize'))",329,"(127, 190)"
1954,1954,batch,"('finish editing', 'initialize')","('batch', ('finish editing', 'initialize'))",2559,"(127, 190)"
1955,1955,batch,"('finish editing', 'performed')","('batch', ('finish editing', 'performed'))",2519,"(127, 190)"
1956,1956,delay,"('create', 'initialize')","('delay', ('create', 'initialize'))","(63, 329)","(127, 190)"
1957,1957,delay,"('finish editing', 'initialize')","('delay', ('finish editing', 'initialize'))","(63, 2559)","(127, 190)"
1958,1958,delay,"('initialize', 'performed')","('delay', ('initialize', 'performed'))","(63, 2501)","(127, 190)"
1959,1959,delay,"('finish editing', 'performed')","('delay', ('finish editing', 'performed'))","(63, 2519)","(127, 190)"
1960,1960,batch,"('finish editing', 'create')","('batch', ('finish editing', 'create'))",22,"(128, 129)"
1961,1961,batch,"('finish editing', 'begin editing')","('batch', ('finish editing', 'begin editing'))",22,"(128, 129)"
1962,1962,batch,"('finish editing', 'initialize')","('batch', ('finish editing', 'initialize'))",79,"(128, 152)"
1963,1963,delay,"('finish editing', 'initialize')","('delay', ('finish editing', 'initialize'))","(24, 79)","(128, 152)"
1964,1964,batch,"('finish editing', 'save')","('batch', ('finish editing', 'save'))",41,"(128, 163)"
1965,1965,batch,"('begin editing', 'save')","('batch', ('begin editing', 'save'))",41,"(128, 163)"
1966,1966,delay,"('finish editing', 'calculate')","('delay', ('finish editing', 'calculate'))","(35, 25)","(128, 163)"
1967,1967,delay,"('finish editing', 'save')","('delay', ('finish editing', 'save'))","(35, 41)","(128, 163)"
1968,1968,delay,"('begin editing', 'save')","('delay', ('begin editing', 'save'))","(35, 41)","(128, 163)"
1969,1969,batch,"('begin editing', 'calculate')","('batch', ('begin editing', 'calculate'))",29,"(128, 169)"
1970,1970,batch,"('finish editing', 'save')","('batch', ('finish editing', 'save'))",35,"(128, 169)"
1971,1971,batch,"('begin editing', 'save')","('batch', ('begin editing', 'save'))",35,"(128, 169)"
1972,1972,delay,"('begin editing', 'calculate')","('delay', ('begin editing', 'calculate'))","(41, 29)","(128, 169)"
1973,1973,delay,"('finish editing', 'calculate')","('delay', ('finish editing', 'calculate'))","(41, 29)","(128, 169)"
1974,1974,delay,"('finish editing', 'save')","('delay', ('finish editing', 'save'))","(41, 35)","(128, 169)"
1975,1975,delay,"('begin editing', 'save')","('delay', ('begin editing', 'save'))","(41, 35)","(128, 169)"
1976,1976,batch,"('begin editing', 'calculate')","('batch', ('begin editing', 'calculate'))",32,"(128, 170)"
1977,1977,batch,"('finish editing', 'save')","('batch', ('finish editing', 'save'))",29,"(128, 170)"
1978,1978,batch,"('begin editing', 'save')","('batch', ('begin editing', 'save'))",29,"(128, 170)"
1979,1979,delay,"('begin editing', 'calculate')","('delay', ('begin editing', 'calculate'))","(42, 32)","(128, 170)"
1980,1980,delay,"('finish editing', 'calculate')","('delay', ('finish editing', 'calculate'))","(42, 32)","(128, 170)"
1981,1981,delay,"('finish editing', 'save')","('delay', ('finish editing', 'save'))","(42, 29)","(128, 170)"
1982,1982,delay,"('begin editing', 'save')","('delay', ('begin editing', 'save'))","(42, 29)","(128, 170)"
1983,1983,batch,"('finish editing', 'save')","('batch', ('finish editing', 'save'))",12,"(128, 171)"
1984,1984,delay,"('begin editing', 'calculate')","('delay', ('begin editing', 'calculate'))","(43, 12)","(128, 171)"
1985,1985,delay,"('finish editing', 'calculate')","('delay', ('finish editing', 'calculate'))","(43, 12)","(128, 171)"
1986,1986,delay,"('finish editing', 'save')","('delay', ('finish editing', 'save'))","(43, 12)","(128, 171)"
1987,1987,delay,"('begin editing', 'save')","('delay', ('begin editing', 'save'))","(43, 12)","(128, 171)"
1988,1988,batch,"('finish editing', 'save')","('batch', ('finish editing', 'save'))",15,"(128, 174)"
1989,1989,batch,"('begin editing', 'save')","('batch', ('begin editing', 'save'))",15,"(128, 174)"
1990,1990,delay,"('finish editing', 'initialize')","('delay', ('finish editing', 'initialize'))","(46, 13)","(128, 174)"
1991,1991,delay,"('begin editing', 'calculate')","('delay', ('begin editing', 'calculate'))","(46, 24)","(128, 174)"
1992,1992,delay,"('finish editing', 'calculate')","('delay', ('finish editing', 'calculate'))","(46, 24)","(128, 174)"
1993,1993,delay,"('finish editing', 'save')","('delay', ('finish editing', 'save'))","(46, 15)","(128, 174)"
1994,1994,delay,"('begin editing', 'save')","('delay', ('begin editing', 'save'))","(46, 15)","(128, 174)"
1995,1995,batch,"('finish editing', 'save')","('batch', ('finish editing', 'save'))",36,"(128, 175)"
1996,1996,batch,"('begin editing', 'save')","('batch', ('begin editing', 'save'))",36,"(128, 175)"
1997,1997,delay,"('finish editing', 'save')","('delay', ('finish editing', 'save'))","(47, 36)","(128, 175)"
1998,1998,delay,"('begin editing', 'save')","('delay', ('begin editing', 'save'))","(47, 36)","(128, 175)"
1999,1999,batch,"('finish editing', 'initialize')","('batch', ('finish editing', 'initialize'))",210,"(128, 176)"
2000,2000,delay,"('finish editing', 'initialize')","('delay', ('finish editing', 'initialize'))","(48, 210)","(128, 176)"
2001,2001,batch,"('finish editing', 'save')","('batch', ('finish editing', 'save'))",19,"(128, 182)"
2002,2002,batch,"('begin editing', 'save')","('batch', ('begin editing', 'save'))",19,"(128, 182)"
2003,2003,delay,"('begin editing', 'calculate')","('delay', ('begin editing', 'calculate'))","(54, 26)","(128, 182)"
2004,2004,delay,"('finish editing', 'calculate')","('delay', ('finish editing', 'calculate'))","(54, 26)","(128, 182)"
2005,2005,delay,"('finish editing', 'save')","('delay', ('finish editing', 'save'))","(54, 19)","(128, 182)"
2006,2006,delay,"('begin editing', 'save')","('delay', ('begin editing', 'save'))","(54, 19)","(128, 182)"
2007,2007,batch,"('finish editing', 'save')","('batch', ('finish editing', 'save'))",18,"(128, 183)"
2008,2008,batch,"('begin editing', 'save')","('batch', ('begin editing', 'save'))",18,"(128, 183)"
2009,2009,delay,"('begin editing', 'calculate')","('delay', ('begin editing', 'calculate'))","(55, 28)","(128, 183)"
2010,2010,delay,"('finish editing', 'calculate')","('delay', ('finish editing', 'calculate'))","(55, 28)","(128, 183)"
2011,2011,delay,"('finish editing', 'save')","('delay', ('finish editing', 'save'))","(55, 18)","(128, 183)"
2012,2012,delay,"('begin editing', 'save')","('delay', ('begin editing', 'save'))","(55, 18)","(128, 183)"
2013,2013,delay,"('begin editing', 'calculate')","('delay', ('begin editing', 'calculate'))","(57, 13)","(128, 185)"
2014,2014,delay,"('finish editing', 'calculate')","('delay', ('finish editing', 'calculate'))","(57, 13)","(128, 185)"
2015,2015,batch,"('finish editing', 'initialize')","('batch', ('finish editing', 'initialize'))",845,"(128, 190)"
2016,2016,batch,"('finish editing', 'performed')","('batch', ('finish editing', 'performed'))",838,"(128, 190)"
2017,2017,delay,"('create', 'initialize')","('delay', ('create', 'initialize'))","(62, 20)","(128, 190)"
2018,2018,delay,"('finish editing', 'initialize')","('delay', ('finish editing', 'initialize'))","(62, 845)","(128, 190)"
2019,2019,delay,"('initialize', 'performed')","('delay', ('initialize', 'performed'))","(62, 835)","(128, 190)"
2020,2020,delay,"('finish editing', 'performed')","('delay', ('finish editing', 'performed'))","(62, 838)","(128, 190)"
2021,2021,batch,"('begin editing', 'finish editing')","('batch', ('begin editing', 'finish editing'))",2,"(129, 156)"
2022,2022,batch,"('finish editing', 'save')","('batch', ('finish editing', 'save'))",10,"(129, 160)"
2023,2023,delay,"('finish editing', 'save')","('delay', ('finish editing', 'save'))","(31, 10)","(129, 160)"
2024,2024,delay,"('begin editing', 'save')","('delay', ('begin editing', 'save'))","(31, 10)","(129, 160)"
2025,2025,batch,"('finish editing', 'save')","('batch', ('finish editing', 'save'))",12,"(129, 161)"
2026,2026,delay,"('finish editing', 'save')","('delay', ('finish editing', 'save'))","(32, 12)","(129, 161)"
2027,2027,delay,"('begin editing', 'save')","('delay', ('begin editing', 'save'))","(32, 12)","(129, 161)"
2028,2028,delay,"('finish editing', 'initialize')","('delay', ('finish editing', 'initialize'))","(45, 18)","(129, 174)"
2029,2029,batch,"('finish editing', 'initialize')","('batch', ('finish editing', 'initialize'))",256,"(129, 176)"
2030,2030,delay,"('finish editing', 'initialize')","('delay', ('finish editing', 'initialize'))","(47, 256)","(129, 176)"
2031,2031,batch,"('begin editing', 'calculate')","('batch', ('begin editing', 'calculate'))",127,"(129, 182)"
2032,2032,batch,"('finish editing', 'calculate')","('batch', ('finish editing', 'calculate'))",127,"(129, 182)"
2033,2033,delay,"('begin editing', 'calculate')","('delay', ('begin editing', 'calculate'))","(53, 127)","(129, 182)"
2034,2034,delay,"('finish editing', 'calculate')","('delay', ('finish editing', 'calculate'))","(53, 127)","(129, 182)"
2035,2035,batch,"('begin editing', 'calculate')","('batch', ('begin editing', 'calculate'))",274,"(129, 183)"
2036,2036,batch,"('finish editing', 'calculate')","('batch', ('finish editing', 'calculate'))",276,"(129, 183)"
2037,2037,delay,"('begin editing', 'calculate')","('delay', ('begin editing', 'calculate'))","(54, 274)","(129, 183)"
2038,2038,delay,"('finish editing', 'calculate')","('delay', ('finish editing', 'calculate'))","(54, 276)","(129, 183)"
2039,2039,batch,"('begin editing', 'calculate')","('batch', ('begin editing', 'calculate'))",61,"(129, 184)"
2040,2040,delay,"('begin editing', 'calculate')","('delay', ('begin editing', 'calculate'))","(55, 61)","(129, 184)"
2041,2041,delay,"('finish editing', 'calculate')","('delay', ('finish editing', 'calculate'))","(55, 61)","(129, 184)"
2042,2042,batch,"('create', 'initialize')","('batch', ('create', 'initialize'))",89,"(129, 190)"
2043,2043,batch,"('finish editing', 'initialize')","('batch', ('finish editing', 'initialize'))",1577,"(129, 190)"
2044,2044,batch,"('finish editing', 'performed')","('batch', ('finish editing', 'performed'))",1561,"(129, 190)"
2045,2045,delay,"('create', 'initialize')","('delay', ('create', 'initialize'))","(61, 89)","(129, 190)"
2046,2046,delay,"('finish editing', 'initialize')","('delay', ('finish editing', 'initialize'))","(61, 1577)","(129, 190)"
2047,2047,delay,"('initialize', 'performed')","('delay', ('initialize', 'performed'))","(61, 1548)","(129, 190)"
2048,2048,delay,"('finish editing', 'performed')","('delay', ('finish editing', 'performed'))","(61, 1561)","(129, 190)"
2049,2049,delay,"('finish editing', 'initialize')","('delay', ('finish editing', 'initialize'))","(44, 10)","(132, 176)"
2050,2050,delay,"('finish editing', 'initialize')","('delay', ('finish editing', 'initialize'))","(43, 39)","(133, 176)"
2051,2051,batch,"('save', 'finish editing')","('batch', ('save', 'finish editing'))",7,"(134, 147)"
2052,2052,batch,"('save', 'begin editing')","('batch', ('save', 'begin editing'))",7,"(134, 147)"
2053,2053,delay,"('finish editing', 'initialize')","('delay', ('finish editing', 'initialize'))","(42, 11)","(134, 176)"
2054,2054,batch,"('save', 'finish editing')","('batch', ('save', 'finish editing'))",83,"(137, 147)"
2055,2055,batch,"('save', 'begin editing')","('batch', ('save', 'begin editing'))",83,"(137, 147)"
2056,2056,delay,"('save', 'finish editing')","('delay', ('save', 'finish editing'))","(10, 83)","(137, 147)"
2057,2057,batch,"('save', 'save')","('batch', ('save', 'save'))",57,"(137, 150)"
2058,2058,batch,"('save', 'finish editing')","('batch', ('save', 'finish editing'))",6,"(142, 147)"
2059,2059,batch,"('finish editing', 'initialize')","('batch', ('finish editing', 'initialize'))",77,"(147, 150)"
2060,2060,batch,"('finish editing', 'save')","('batch', ('finish editing', 'save'))",71,"(147, 150)"
2061,2061,batch,"('begin editing', 'save')","('batch', ('begin editing', 'save'))",71,"(147, 150)"
2062,2062,batch,"('finish editing', 'initialize')","('batch', ('finish editing', 'initialize'))",243,"(147, 152)"
2063,2063,batch,"('finish editing', 'save')","('batch', ('finish editing', 'save'))",14,"(147, 154)"
2064,2064,batch,"('begin editing', 'save')","('batch', ('begin editing', 'save'))",14,"(147, 154)"
2065,2065,batch,"('begin editing', 'finish editing')","('batch', ('begin editing', 'finish editing'))",2,"(147, 156)"
2066,2066,batch,"('finish editing', 'save')","('batch', ('finish editing', 'save'))",15,"(147, 160)"
2067,2067,batch,"('begin editing', 'save')","('batch', ('begin editing', 'save'))",15,"(147, 160)"
2068,2068,batch,"('finish editing', 'save')","('batch', ('finish editing', 'save'))",24,"(147, 161)"
2069,2069,batch,"('begin editing', 'save')","('batch', ('begin editing', 'save'))",24,"(147, 161)"
2070,2070,delay,"('finish editing', 'initialize')","('delay', ('finish editing', 'initialize'))","(27, 31)","(147, 174)"
2071,2071,batch,"('finish editing', 'initialize')","('batch', ('finish editing', 'initialize'))",547,"(147, 176)"
2072,2072,delay,"('finish editing', 'initialize')","('delay', ('finish editing', 'initialize'))","(29, 547)","(147, 176)"
2073,2073,batch,"('begin editing', 'finish editing')","('batch', ('begin editing', 'finish editing'))",4,"(147, 182)"
2074,2074,batch,"('begin editing', 'calculate')","('batch', ('begin editing', 'calculate'))",177,"(147, 182)"
2075,2075,batch,"('finish editing', 'calculate')","('batch', ('finish editing', 'calculate'))",177,"(147, 182)"
2076,2076,delay,"('finish editing', 'calculate')","('delay', ('finish editing', 'calculate'))","(35, 177)","(147, 182)"
2077,2077,batch,"('begin editing', 'calculate')","('batch', ('begin editing', 'calculate'))",569,"(147, 183)"
2078,2078,batch,"('finish editing', 'calculate')","('batch', ('finish editing', 'calculate'))",569,"(147, 183)"
2079,2079,delay,"('finish editing', 'calculate')","('delay', ('finish editing', 'calculate'))","(36, 569)","(147, 183)"
2080,2080,batch,"('begin editing', 'calculate')","('batch', ('begin editing', 'calculate'))",90,"(147, 184)"
2081,2081,delay,"('finish editing', 'calculate')","('delay', ('finish editing', 'calculate'))","(37, 90)","(147, 184)"
2082,2082,delay,"('begin editing', 'calculate')","('delay', ('begin editing', 'calculate'))","(42, 12)","(147, 189)"
2083,2083,delay,"('finish editing', 'calculate')","('delay', ('finish editing', 'calculate'))","(42, 12)","(147, 189)"
2084,2084,batch,"('finish editing', 'initialize')","('batch', ('finish editing', 'initialize'))",4448,"(147, 190)"
2085,2085,batch,"('initialize', 'performed')","('batch', ('initialize', 'performed'))",4374,"(147, 190)"
2086,2086,batch,"('finish editing', 'performed')","('batch', ('finish editing', 'performed'))",4388,"(147, 190)"
2087,2087,delay,"('finish editing', 'initialize')","('delay', ('finish editing', 'initialize'))","(43, 4448)","(147, 190)"
2088,2088,delay,"('finish editing', 'performed')","('delay', ('finish editing', 'performed'))","(43, 4388)","(147, 190)"
2089,2089,batch,"('save', 'save')","('batch', ('save', 'save'))",33,"(150, 153)"
2090,2090,batch,"('save', 'save')","('batch', ('save', 'save'))",221,"(150, 154)"
2091,2091,batch,"('save', 'save')","('batch', ('save', 'save'))",17,"(152, 153)"
2092,2092,batch,"('save', 'save')","('batch', ('save', 'save'))",427,"(152, 154)"
2093,2093,batch,"('save', 'save')","('batch', ('save', 'save'))",85,"(153, 154)"
2094,2094,batch,"('save', 'save')","('batch', ('save', 'save'))",45,"(154, 155)"
2095,2095,batch,"('save', 'calculate')","('batch', ('save', 'calculate'))",77,"(154, 155)"
2096,2096,batch,"('save', 'finish editing')","('batch', ('save', 'finish editing'))",54,"(154, 156)"
2097,2097,batch,"('save', 'save')","('batch', ('save', 'save'))",38,"(154, 156)"
2098,2098,delay,"('finish editing', 'initialize')","('delay', ('finish editing', 'initialize'))","(34, 41)","(156, 190)"
2099,2099,delay,"('finish editing', 'performed')","('delay', ('finish editing', 'performed'))","(34, 41)","(156, 190)"
2100,2100,batch,"('save', 'finish editing')","('batch', ('save', 'finish editing'))",9,"(160, 161)"
2101,2101,delay,"('finish editing', 'initialize')","('delay', ('finish editing', 'initialize'))","(30, 10)","(160, 190)"
2102,2102,delay,"('finish editing', 'performed')","('delay', ('finish editing', 'performed'))","(30, 10)","(160, 190)"
2103,2103,delay,"('save', 'calculate')","('delay', ('save', 'calculate'))","(22, 10)","(161, 183)"
2104,2104,delay,"('finish editing', 'initialize')","('delay', ('finish editing', 'initialize'))","(29, 41)","(161, 190)"
2105,2105,delay,"('finish editing', 'performed')","('delay', ('finish editing', 'performed'))","(29, 40)","(161, 190)"
2106,2106,batch,"('finish editing', 'initialize')","('batch', ('finish editing', 'initialize'))",79,"(163, 190)"
2107,2107,delay,"('finish editing', 'initialize')","('delay', ('finish editing', 'initialize'))","(27, 79)","(163, 190)"
2108,2108,delay,"('finish editing', 'performed')","('delay', ('finish editing', 'performed'))","(27, 77)","(163, 190)"
2109,2109,delay,"('finish editing', 'performed')","('delay', ('finish editing', 'performed'))","(22, 16)","(168, 190)"
2110,2110,batch,"('finish editing', 'initialize')","('batch', ('finish editing', 'initialize'))",71,"(169, 190)"
2111,2111,batch,"('finish editing', 'initialize')","('batch', ('finish editing', 'initialize'))",82,"(170, 190)"
2112,2112,batch,"('save', 'save')","('batch', ('save', 'save'))",10,"(175, 176)"
2113,2113,batch,"('save', 'save')","('batch', ('save', 'save'))",9,"(176, 177)"
2114,2114,batch,"('create', 'initialize')","('batch', ('create', 'initialize'))",975,"(176, 190)"
2115,2115,batch,"('calculate', 'calculate')","('batch', ('calculate', 'calculate'))",21,"(182, 183)"
2116,2116,batch,"('finish editing', 'initialize')","('batch', ('finish editing', 'initialize'))",290,"(182, 190)"
2117,2117,batch,"('finish editing', 'performed')","('batch', ('finish editing', 'performed'))",288,"(182, 190)"
2118,2118,batch,"('calculate', 'save')","('batch', ('calculate', 'save'))",67,"(183, 189)"
2119,2119,batch,"('finish editing', 'initialize')","('batch', ('finish editing', 'initialize'))",462,"(183, 190)"
2120,2120,batch,"('finish editing', 'performed')","('batch', ('finish editing', 'performed'))",457,"(183, 190)"
2121,2121,batch,"('finish editing', 'initialize')","('batch', ('finish editing', 'initialize'))",131,"(184, 190)"
2122,2122,batch,"('performed', 'save')","('batch', ('performed', 'save'))",124,"(190, 195)"
2123,2123,batch,"('performed', 'save')","('batch', ('performed', 'save'))",62,"(190, 198)"
2124,2124,batch,"('initialize', 'begin editing')","('batch', ('initialize', 'begin editing'))",28,"(190, 203)"
2125,2125,batch,"('performed', 'calculate')","('batch', ('performed', 'calculate'))",259,"(190, 204)"
2126,2126,batch,"('performed', 'calculate')","('batch', ('performed', 'calculate'))",883,"(190, 205)"
2127,2127,batch,"('performed', 'calculate')","('batch', ('performed', 'calculate'))",240,"(190, 206)"
2128,2128,batch,"('initialize', 'begin editing')","('batch', ('initialize', 'begin editing'))",45,"(190, 209)"
2129,2129,batch,"('initialize', 'begin editing')","('batch', ('initialize', 'begin editing'))",48,"(190, 210)"
2130,2130,batch,"('performed', 'save')","('batch', ('performed', 'save'))",81,"(190, 210)"
2131,2131,batch,"('save', 'save')","('batch', ('save', 'save'))",16,"(190, 210)"
2132,2132,delay,"('save', 'save')","('delay', ('save', 'save'))","(20, 16)","(190, 210)"
2133,2133,batch,"('performed', 'save')","('batch', ('performed', 'save'))",66,"(190, 211)"
2134,2134,batch,"('save', 'save')","('batch', ('save', 'save'))",12,"(190, 211)"
2135,2135,delay,"('performed', 'save')","('delay', ('performed', 'save'))","(21, 66)","(190, 211)"
2136,2136,delay,"('save', 'save')","('delay', ('save', 'save'))","(21, 12)","(190, 211)"
2137,2137,batch,"('initialize', 'begin editing')","('batch', ('initialize', 'begin editing'))",34,"(190, 212)"
2138,2138,batch,"('save', 'save')","('batch', ('save', 'save'))",12,"(190, 212)"
2139,2139,delay,"('performed', 'save')","('delay', ('performed', 'save'))","(22, 61)","(190, 212)"
2140,2140,delay,"('save', 'save')","('delay', ('save', 'save'))","(22, 12)","(190, 212)"
2141,2141,batch,"('initialize', 'begin editing')","('batch', ('initialize', 'begin editing'))",50,"(190, 216)"
2142,2142,batch,"('initialize', 'performed')","('batch', ('initialize', 'performed'))",9085,"(190, 216)"
2143,2143,batch,"('performed', 'performed')","('batch', ('performed', 'performed'))",9220,"(190, 216)"
2144,2144,batch,"('performed', 'save')","('batch', ('performed', 'save'))",70,"(190, 216)"
2145,2145,delay,"('performed', 'calculate')","('delay', ('performed', 'calculate'))","(26, 38)","(190, 216)"
2146,2146,delay,"('finish editing', 'performed')","('delay', ('finish editing', 'performed'))","(26, 106)","(190, 216)"
2147,2147,delay,"('performed', 'performed')","('delay', ('performed', 'performed'))","(26, 9220)","(190, 216)"
2148,2148,delay,"('performed', 'save')","('delay', ('performed', 'save'))","(26, 70)","(190, 216)"
2149,2149,batch,"('performed', 'save')","('batch', ('performed', 'save'))",64,"(190, 217)"
2150,2150,batch,"('save', 'save')","('batch', ('save', 'save'))",9,"(190, 217)"
2151,2151,delay,"('performed', 'calculate')","('delay', ('performed', 'calculate'))","(27, 40)","(190, 217)"
2152,2152,delay,"('performed', 'save')","('delay', ('performed', 'save'))","(27, 64)","(190, 217)"
2153,2153,batch,"('performed', 'save')","('batch', ('performed', 'save'))",76,"(190, 218)"
2154,2154,delay,"('performed', 'calculate')","('delay', ('performed', 'calculate'))","(28, 45)","(190, 218)"
2155,2155,delay,"('performed', 'save')","('delay', ('performed', 'save'))","(28, 76)","(190, 218)"
2156,2156,delay,"('performed', 'calculate')","('delay', ('performed', 'calculate'))","(29, 58)","(190, 219)"
2157,2157,delay,"('performed', 'save')","('delay', ('performed', 'save'))","(29, 54)","(190, 219)"
2158,2158,delay,"('performed', 'calculate')","('delay', ('performed', 'calculate'))","(30, 55)","(190, 220)"
2159,2159,delay,"('performed', 'save')","('delay', ('performed', 'save'))","(30, 32)","(190, 220)"
2160,2160,delay,"('performed', 'calculate')","('delay', ('performed', 'calculate'))","(33, 18)","(190, 223)"
2161,2161,delay,"('performed', 'save')","('delay', ('performed', 'save'))","(33, 20)","(190, 223)"
2162,2162,delay,"('performed', 'calculate')","('delay', ('performed', 'calculate'))","(34, 35)","(190, 224)"
2163,2163,delay,"('performed', 'save')","('delay', ('performed', 'save'))","(34, 13)","(190, 224)"
2164,2164,delay,"('performed', 'calculate')","('delay', ('performed', 'calculate'))","(35, 58)","(190, 225)"
2165,2165,delay,"('performed', 'save')","('delay', ('performed', 'save'))","(35, 19)","(190, 225)"
2166,2166,delay,"('performed', 'calculate')","('delay', ('performed', 'calculate'))","(36, 32)","(190, 226)"
2167,2167,delay,"('performed', 'save')","('delay', ('performed', 'save'))","(36, 19)","(190, 226)"
2168,2168,delay,"('performed', 'initialize')","('delay', ('performed', 'initialize'))","(37, 50)","(190, 227)"
2169,2169,delay,"('performed', 'initialize')","('delay', ('performed', 'initialize'))","(47, 27)","(190, 237)"
2170,2170,delay,"('performed', 'calculate')","('delay', ('performed', 'calculate'))","(48, 24)","(190, 238)"
2171,2171,delay,"('performed', 'calculate')","('delay', ('performed', 'calculate'))","(49, 32)","(190, 239)"
2172,2172,delay,"('performed', 'initialize')","('delay', ('performed', 'initialize'))","(49, 141)","(190, 239)"
2173,2173,batch,"('save', 'save')","('batch', ('save', 'save'))",8,"(191, 212)"
2174,2174,delay,"('finish editing', 'performed')","('delay', ('finish editing', 'performed'))","(25, 41)","(191, 216)"
2175,2175,batch,"('save', 'save')","('batch', ('save', 'save'))",15,"(195, 211)"
2176,2176,delay,"('save', 'save')","('delay', ('save', 'save'))","(16, 15)","(195, 211)"
2177,2177,batch,"('save', 'save')","('batch', ('save', 'save'))",15,"(195, 212)"
2178,2178,delay,"('save', 'save')","('delay', ('save', 'save'))","(17, 15)","(195, 212)"
2179,2179,batch,"('save', 'save')","('batch', ('save', 'save'))",17,"(195, 216)"
2180,2180,delay,"('save', 'save')","('delay', ('save', 'save'))","(21, 17)","(195, 216)"
2181,2181,batch,"('save', 'save')","('batch', ('save', 'save'))",10,"(196, 212)"
2182,2182,delay,"('save', 'save')","('delay', ('save', 'save'))","(16, 10)","(196, 212)"
2183,2183,batch,"('save', 'save')","('batch', ('save', 'save'))",8,"(202, 203)"
2184,2184,batch,"('finish editing', 'performed')","('batch', ('finish editing', 'performed'))",290,"(204, 216)"
2185,2185,batch,"('calculate', 'calculate')","('batch', ('calculate', 'calculate'))",35,"(205, 210)"
2186,2186,batch,"('calculate', 'calculate')","('batch', ('calculate', 'calculate'))",29,"(205, 211)"
2187,2187,batch,"('finish editing', 'performed')","('batch', ('finish editing', 'performed'))",584,"(205, 216)"
2188,2188,batch,"('calculate', 'calculate')","('batch', ('calculate', 'calculate'))",49,"(205, 216)"
2189,2189,batch,"('calculate', 'calculate')","('batch', ('calculate', 'calculate'))",16,"(205, 217)"
2190,2190,delay,"('calculate', 'save')","('delay', ('calculate', 'save'))","(13, 27)","(205, 218)"
2191,2191,delay,"('calculate', 'calculate')","('delay', ('calculate', 'calculate'))","(14, 14)","(205, 219)"
2192,2192,delay,"('calculate', 'save')","('delay', ('calculate', 'save'))","(14, 16)","(205, 219)"
2193,2193,delay,"('calculate', 'save')","('delay', ('calculate', 'save'))","(15, 10)","(205, 220)"
2194,2194,delay,"('calculate', 'save')","('delay', ('calculate', 'save'))","(18, 10)","(205, 223)"
2195,2195,delay,"('calculate', 'save')","('delay', ('calculate', 'save'))","(13, 32)","(206, 219)"
2196,2196,batch,"('save', 'save')","('batch', ('save', 'save'))",9,"(209, 210)"
2197,2197,batch,"('save', 'save')","('batch', ('save', 'save'))",10,"(209, 212)"
2198,2198,batch,"('calculate', 'calculate')","('batch', ('calculate', 'calculate'))",22,"(210, 211)"
2199,2199,batch,"('finish editing', 'performed')","('batch', ('finish editing', 'performed'))",265,"(212, 216)"
2200,2200,batch,"('performed', 'save')","('batch', ('performed', 'save'))",65,"(216, 218)"
2201,2201,batch,"('performed', 'initialize')","('batch', ('performed', 'initialize'))",1477,"(216, 227)"
2202,2202,delay,"('performed', 'initialize')","('delay', ('performed', 'initialize'))","(18, 13)","(216, 234)"
2203,2203,delay,"('performed', 'performed')","('delay', ('performed', 'performed'))","(18, 13)","(216, 234)"
2204,2204,delay,"('performed', 'initialize')","('delay', ('performed', 'initialize'))","(21, 145)","(216, 237)"
2205,2205,delay,"('performed', 'save')","('delay', ('performed', 'save'))","(21, 25)","(216, 237)"
2206,2206,delay,"('performed', 'save')","('delay', ('performed', 'save'))","(22, 34)","(216, 238)"
2207,2207,batch,"('performed', 'initialize')","('batch', ('performed', 'initialize'))",9472,"(216, 239)"
2208,2208,delay,"('performed', 'initialize')","('delay', ('performed', 'initialize'))","(23, 9472)","(216, 239)"
2209,2209,delay,"('performed', 'save')","('delay', ('performed', 'save'))","(23, 14)","(216, 239)"
2210,2210,batch,"('finish editing', 'initialize')","('batch', ('finish editing', 'initialize'))",91,"(225, 239)"
2211,2211,batch,"('begin editing', 'save')","('batch', ('begin editing', 'save'))",19,"(226, 227)"
2212,2212,batch,"('begin editing', 'save')","('batch', ('begin editing', 'save'))",14,"(226, 231)"
2213,2213,batch,"('begin editing', 'save')","('batch', ('begin editing', 'save'))",24,"(226, 232)"
2214,2214,batch,"('begin editing', 'save')","('batch', ('begin editing', 'save'))",29,"(226, 233)"
2215,2215,batch,"('begin editing', 'save')","('batch', ('begin editing', 'save'))",24,"(226, 234)"
2216,2216,batch,"('finish editing', 'initialize')","('batch', ('finish editing', 'initialize'))",90,"(226, 239)"
2217,2217,batch,"('performed', 'initialize')","('batch', ('performed', 'initialize'))",377,"(226, 239)"
2218,2218,batch,"('initialize', 'begin editing')","('batch', ('initialize', 'begin editing'))",33,"(227, 232)"
2219,2219,batch,"('initialize', 'begin editing')","('batch', ('initialize', 'begin editing'))",67,"(227, 237)"
2220,2220,batch,"('initialize', 'begin editing')","('batch', ('initialize', 'begin editing'))",36,"(227, 238)"
2221,2221,batch,"('finish editing', 'initialize')","('batch', ('finish editing', 'initialize'))",77,"(227, 239)"
2222,2222,batch,"('initialize', 'begin editing')","('batch', ('initialize', 'begin editing'))",1452,"(227, 240)"
2223,2223,batch,"('save', 'save')","('batch', ('save', 'save'))",10,"(231, 232)"
2224,2224,batch,"('save', 'save')","('batch', ('save', 'save'))",13,"(232, 237)"
2225,2225,batch,"('finish editing', 'begin editing')","('batch', ('finish editing', 'begin editing'))",24,"(232, 240)"
2226,2226,batch,"('save', 'begin editing')","('batch', ('save', 'begin editing'))",13,"(232, 240)"
2227,2227,batch,"('save', 'save')","('batch', ('save', 'save'))",13,"(233, 237)"
2228,2228,batch,"('finish editing', 'begin editing')","('batch', ('finish editing', 'begin editing'))",32,"(233, 240)"
2229,2229,batch,"('save', 'begin editing')","('batch', ('save', 'begin editing'))",28,"(233, 240)"
2230,2230,batch,"('finish editing', 'begin editing')","('batch', ('finish editing', 'begin editing'))",11,"(234, 240)"
2231,2231,batch,"('save', 'begin editing')","('batch', ('save', 'begin editing'))",27,"(234, 240)"
2232,2232,batch,"('save', 'save')","('batch', ('save', 'save'))",9,"(237, 238)"
2233,2233,batch,"('finish editing', 'initialize')","('batch', ('finish editing', 'initialize'))",116,"(237, 239)"
2234,2234,batch,"('finish editing', 'begin editing')","('batch', ('finish editing', 'begin editing'))",66,"(237, 240)"
2235,2235,batch,"('save', 'begin editing')","('batch', ('save', 'begin editing'))",42,"(237, 240)"
2236,2236,batch,"('finish editing', 'initialize')","('batch', ('finish editing', 'initialize'))",152,"(238, 239)"
2237,2237,batch,"('save', 'save')","('batch', ('save', 'save'))",8,"(238, 239)"
2238,2238,batch,"('finish editing', 'begin editing')","('batch', ('finish editing', 'begin editing'))",28,"(238, 240)"
2239,2239,batch,"('save', 'begin editing')","('batch', ('save', 'begin editing'))",64,"(238, 240)"
2240,2240,batch,"('initialize', 'begin editing')","('batch', ('initialize', 'begin editing'))",12540,"(239, 240)"
2241,2241,batch,"('finish editing', 'begin editing')","('batch', ('finish editing', 'begin editing'))",29,"(239, 240)"
2242,2242,batch,"('save', 'begin editing')","('batch', ('save', 'begin editing'))",42,"(239, 240)"
2243,2243,batch,"('calculate', 'finish editing')","('batch', ('calculate', 'finish editing'))",33,"(240, 244)"
2244,2244,batch,"('calculate', 'save')","('batch', ('calculate', 'save'))",126,"(240, 244)"
2245,2245,batch,"('calculate', 'begin editing')","('batch', ('calculate', 'begin editing'))",237,"(240, 244)"
2246,2246,batch,"('calculate', 'save')","('batch', ('calculate', 'save'))",319,"(240, 245)"
2247,2247,batch,"('calculate', 'begin editing')","('batch', ('calculate', 'begin editing'))",250,"(240, 245)"
2248,2248,batch,"('calculate', 'begin editing')","('batch', ('calculate', 'begin editing'))",331,"(240, 246)"
2249,2249,batch,"('calculate', 'finish editing')","('batch', ('calculate', 'finish editing'))",8,"(240, 247)"
2250,2250,batch,"('calculate', 'calculate')","('batch', ('calculate', 'calculate'))",17,"(240, 247)"
2251,2251,batch,"('calculate', 'save')","('batch', ('calculate', 'save'))",542,"(240, 247)"
2252,2252,batch,"('calculate', 'begin editing')","('batch', ('calculate', 'begin editing'))",341,"(240, 247)"
2253,2253,batch,"('calculate', 'finish editing')","('batch', ('calculate', 'finish editing'))",12,"(240, 248)"
2254,2254,batch,"('calculate', 'begin editing')","('batch', ('calculate', 'begin editing'))",150,"(240, 248)"
2255,2255,batch,"('calculate', 'begin editing')","('batch', ('calculate', 'begin editing'))",204,"(240, 251)"
2256,2256,delay,"('calculate', 'begin editing')","('delay', ('calculate', 'begin editing'))","(11, 204)","(240, 251)"
2257,2257,batch,"('calculate', 'save')","('batch', ('calculate', 'save'))",70,"(240, 252)"
2258,2258,delay,"('calculate', 'begin editing')","('delay', ('calculate', 'begin editing'))","(12, 141)","(240, 252)"
2259,2259,batch,"('calculate', 'calculate')","('batch', ('calculate', 'calculate'))",10862,"(240, 253)"
2260,2260,batch,"('calculate', 'begin editing')","('batch', ('calculate', 'begin editing'))",288,"(240, 253)"
2261,2261,delay,"('calculate', 'save')","('delay', ('calculate', 'save'))","(13, 51)","(240, 253)"
2262,2262,delay,"('calculate', 'begin editing')","('delay', ('calculate', 'begin editing'))","(13, 288)","(240, 253)"
2263,2263,batch,"('finish editing', 'calculate')","('batch', ('finish editing', 'calculate'))",98,"(241, 253)"
2264,2264,batch,"('finish editing', 'save')","('batch', ('finish editing', 'save'))",14,"(244, 245)"
2265,2265,batch,"('save', 'save')","('batch', ('save', 'save'))",13,"(244, 245)"
2266,2266,batch,"('finish editing', 'begin editing')","('batch', ('finish editing', 'begin editing'))",12,"(244, 247)"
2267,2267,batch,"('finish editing', 'save')","('batch', ('finish editing', 'save'))",14,"(244, 247)"
2268,2268,batch,"('save', 'save')","('batch', ('save', 'save'))",10,"(244, 247)"
2269,2269,batch,"('save', 'begin editing')","('batch', ('save', 'begin editing'))",13,"(244, 251)"
2270,2270,batch,"('finish editing', 'calculate')","('batch', ('finish editing', 'calculate'))",205,"(244, 253)"
2271,2271,batch,"('save', 'calculate')","('batch', ('save', 'calculate'))",80,"(244, 253)"
2272,2272,batch,"('finish editing', 'begin editing')","('batch', ('finish editing', 'begin editing'))",17,"(245, 246)"
2273,2273,batch,"('finish editing', 'save')","('batch', ('finish editing', 'save'))",10,"(245, 246)"
2274,2274,batch,"('save', 'save')","('batch', ('save', 'save'))",11,"(245, 246)"
2275,2275,batch,"('finish editing', 'begin editing')","('batch', ('finish editing', 'begin editing'))",11,"(245, 247)"
2276,2276,batch,"('finish editing', 'save')","('batch', ('finish editing', 'save'))",14,"(245, 252)"
2277,2277,batch,"('finish editing', 'calculate')","('batch', ('finish editing', 'calculate'))",372,"(245, 253)"
2278,2278,batch,"('save', 'calculate')","('batch', ('save', 'calculate'))",93,"(245, 253)"
2279,2279,batch,"('finish editing', 'begin editing')","('batch', ('finish editing', 'begin editing'))",10,"(246, 247)"
2280,2280,batch,"('finish editing', 'save')","('batch', ('finish editing', 'save'))",10,"(246, 247)"
2281,2281,batch,"('save', 'save')","('batch', ('save', 'save'))",11,"(246, 247)"
2282,2282,batch,"('finish editing', 'begin editing')","('batch', ('finish editing', 'begin editing'))",19,"(246, 253)"
2283,2283,batch,"('finish editing', 'calculate')","('batch', ('finish editing', 'calculate'))",314,"(246, 253)"
2284,2284,batch,"('finish editing', 'begin editing')","('batch', ('finish editing', 'begin editing'))",20,"(247, 248)"
2285,2285,batch,"('finish editing', 'save')","('batch', ('finish editing', 'save'))",11,"(247, 251)"
2286,2286,batch,"('insert document', 'save')","('batch', ('insert document', 'save'))",3,"(247, 252)"
2287,2287,batch,"('finish editing', 'begin editing')","('batch', ('finish editing', 'begin editing'))",22,"(247, 253)"
2288,2288,batch,"('finish editing', 'calculate')","('batch', ('finish editing', 'calculate'))",817,"(247, 253)"
2289,2289,batch,"('finish editing', 'begin editing')","('batch', ('finish editing', 'begin editing'))",20,"(248, 253)"
2290,2290,batch,"('finish editing', 'calculate')","('batch', ('finish editing', 'calculate'))",191,"(248, 253)"
2291,2291,batch,"('save', 'save')","('batch', ('save', 'save'))",13,"(251, 252)"
2292,2292,batch,"('finish editing', 'calculate')","('batch', ('finish editing', 'calculate'))",246,"(251, 253)"
2293,2293,batch,"('finish editing', 'begin editing')","('batch', ('finish editing', 'begin editing'))",10,"(252, 253)"
2294,2294,batch,"('finish editing', 'calculate')","('batch', ('finish editing', 'calculate'))",190,"(252, 253)"
2295,2295,batch,"('save', 'save')","('batch', ('save', 'save'))",14,"(252, 253)"
2296,2296,batch,"('save', 'calculate')","('batch', ('save', 'calculate'))",110,"(252, 253)"
2297,2297,batch,"('calculate', 'finish editing')","('batch', ('calculate', 'finish editing'))",15,"(253, 254)"
2298,2298,batch,"('calculate', 'calculate')","('batch', ('calculate', 'calculate'))",298,"(253, 254)"
2299,2299,batch,"('calculate', 'save')","('batch', ('calculate', 'save'))",112,"(253, 254)"
2300,2300,batch,"('calculate', 'begin editing')","('batch', ('calculate', 'begin editing'))",146,"(253, 254)"
2301,2301,batch,"('calculate', 'begin editing')","('batch', ('calculate', 'begin editing'))",281,"(253, 255)"
2302,2302,batch,"('calculate', 'finish editing')","('batch', ('calculate', 'finish editing'))",12,"(253, 258)"
2303,2303,batch,"('calculate', 'save')","('batch', ('calculate', 'save'))",106,"(253, 258)"
2304,2304,batch,"('calculate', 'save')","('batch', ('calculate', 'save'))",97,"(253, 259)"
2305,2305,batch,"('calculate', 'finish editing')","('batch', ('calculate', 'finish editing'))",17,"(253, 260)"
2306,2306,batch,"('calculate', 'save')","('batch', ('calculate', 'save'))",66,"(253, 260)"
2307,2307,batch,"('calculate', 'save')","('batch', ('calculate', 'save'))",124,"(253, 261)"
2308,2308,batch,"('calculate', 'begin editing')","('batch', ('calculate', 'begin editing'))",147,"(253, 261)"
2309,2309,batch,"('calculate', 'save')","('batch', ('calculate', 'save'))",79,"(253, 262)"
2310,2310,delay,"('calculate', 'begin editing')","('delay', ('calculate', 'begin editing'))","(9, 83)","(253, 262)"
2311,2311,delay,"('calculate', 'begin editing')","('delay', ('calculate', 'begin editing'))","(12, 77)","(253, 265)"
2312,2312,batch,"('calculate', 'save')","('batch', ('calculate', 'save'))",79,"(253, 266)"
2313,2313,delay,"('calculate', 'save')","('delay', ('calculate', 'save'))","(13, 79)","(253, 266)"
2314,2314,delay,"('calculate', 'begin editing')","('delay', ('calculate', 'begin editing'))","(13, 125)","(253, 266)"
2315,2315,batch,"('calculate', 'calculate')","('batch', ('calculate', 'calculate'))",3081,"(253, 267)"
2316,2316,delay,"('calculate', 'calculate')","('delay', ('calculate', 'calculate'))","(14, 3081)","(253, 267)"
2317,2317,delay,"('calculate', 'save')","('delay', ('calculate', 'save'))","(14, 54)","(253, 267)"
2318,2318,delay,"('calculate', 'begin editing')","('delay', ('calculate', 'begin editing'))","(14, 115)","(253, 267)"
2319,2319,batch,"('calculate', 'calculate')","('batch', ('calculate', 'calculate'))",8093,"(253, 268)"
2320,2320,delay,"('calculate', 'calculate')","('delay', ('calculate', 'calculate'))","(15, 8093)","(253, 268)"
2321,2321,delay,"('calculate', 'save')","('delay', ('calculate', 'save'))","(15, 44)","(253, 268)"
2322,2322,delay,"('save', 'calculate')","('delay', ('save', 'calculate'))","(15, 14)","(253, 268)"
2323,2323,delay,"('calculate', 'begin editing')","('delay', ('calculate', 'begin editing'))","(15, 40)","(253, 268)"
2324,2324,batch,"('finish editing', 'save')","('batch', ('finish editing', 'save'))",12,"(254, 255)"
2325,2325,batch,"('save', 'save')","('batch', ('save', 'save'))",18,"(254, 255)"
2326,2326,batch,"('save', 'begin editing')","('batch', ('save', 'begin editing'))",8,"(254, 255)"
2327,2327,batch,"('save', 'save')","('batch', ('save', 'save'))",10,"(254, 258)"
2328,2328,batch,"('calculate', 'calculate')","('batch', ('calculate', 'calculate'))",40,"(254, 267)"
2329,2329,batch,"('calculate', 'calculate')","('batch', ('calculate', 'calculate'))",141,"(254, 268)"
2330,2330,delay,"('calculate', 'calculate')","('delay', ('calculate', 'calculate'))","(14, 141)","(254, 268)"
2331,2331,delay,"('save', 'calculate')","('delay', ('save', 'calculate'))","(14, 62)","(254, 268)"
2332,2332,batch,"('performed', 'calculate')","('batch', ('performed', 'calculate'))",456,"(255, 268)"
2333,2333,batch,"('save', 'save')","('batch', ('save', 'save'))",21,"(258, 259)"
2334,2334,batch,"('save', 'begin editing')","('batch', ('save', 'begin editing'))",12,"(258, 267)"
2335,2335,batch,"('save', 'calculate')","('batch', ('save', 'calculate'))",95,"(258, 268)"
2336,2336,batch,"('save', 'save')","('batch', ('save', 'save'))",27,"(259, 260)"
2337,2337,batch,"('save', 'begin editing')","('batch', ('save', 'begin editing'))",7,"(259, 267)"
2338,2338,batch,"('save', 'calculate')","('batch', ('save', 'calculate'))",91,"(259, 268)"
2339,2339,batch,"('save', 'save')","('batch', ('save', 'save'))",15,"(260, 261)"
2340,2340,batch,"('save', 'save')","('batch', ('save', 'save'))",9,"(260, 262)"
2341,2341,batch,"('save', 'save')","('batch', ('save', 'save'))",27,"(261, 262)"
2342,2342,batch,"('finish editing', 'begin editing')","('batch', ('finish editing', 'begin editing'))",12,"(261, 267)"
2343,2343,batch,"('save', 'begin editing')","('batch', ('save', 'begin editing'))",10,"(261, 267)"
2344,2344,batch,"('finish editing', 'calculate')","('batch', ('finish editing', 'calculate'))",118,"(261, 268)"
2345,2345,batch,"('save', 'calculate')","('batch', ('save', 'calculate'))",125,"(261, 268)"
2346,2346,batch,"('save', 'save')","('batch', ('save', 'save'))",9,"(262, 265)"
2347,2347,batch,"('finish editing', 'begin editing')","('batch', ('finish editing', 'begin editing'))",16,"(262, 267)"
2348,2348,batch,"('save', 'begin editing')","('batch', ('save', 'begin editing'))",9,"(262, 267)"
2349,2349,batch,"('save', 'calculate')","('batch', ('save', 'calculate'))",109,"(262, 268)"
2350,2350,batch,"('save', 'save')","('batch', ('save', 'save'))",13,"(265, 266)"
2351,2351,batch,"('save', 'save')","('batch', ('save', 'save'))",24,"(266, 267)"
2352,2352,batch,"('save', 'begin editing')","('batch', ('save', 'begin editing'))",14,"(266, 267)"
2353,2353,batch,"('finish editing', 'calculate')","('batch', ('finish editing', 'calculate'))",96,"(266, 268)"
2354,2354,batch,"('save', 'calculate')","('batch', ('save', 'calculate'))",101,"(266, 268)"
2355,2355,batch,"('begin editing', 'calculate')","('batch', ('begin editing', 'calculate'))",276,"(267, 268)"
2356,2356,batch,"('calculate', 'calculate')","('batch', ('calculate', 'calculate'))",3642,"(267, 268)"
2357,2357,batch,"('save', 'calculate')","('batch', ('save', 'calculate'))",153,"(267, 268)"
2358,2358,batch,"('begin editing', 'save')","('batch', ('begin editing', 'save'))",15,"(267, 268)"
2359,2359,batch,"('calculate', 'save')","('batch', ('calculate', 'save'))",129,"(268, 269)"
2360,2360,batch,"('save', 'save')","('batch', ('save', 'save'))",15,"(268, 269)"
2361,2361,batch,"('calculate', 'calculate')","('batch', ('calculate', 'calculate'))",12136,"(268, 272)"
2362,2362,batch,"('calculate', 'save')","('batch', ('calculate', 'save'))",72,"(268, 272)"
2363,2363,batch,"('save', 'calculate')","('batch', ('save', 'calculate'))",83,"(268, 272)"
2364,2364,batch,"('calculate', 'save')","('batch', ('calculate', 'save'))",64,"(268, 273)"
2365,2365,batch,"('calculate', 'calculate')","('batch', ('calculate', 'calculate'))",738,"(268, 275)"
2366,2366,batch,"('finish editing', 'begin editing')","('batch', ('finish editing', 'begin editing'))",829,"(268, 275)"
2367,2367,batch,"('save', 'calculate')","('batch', ('save', 'calculate'))",98,"(269, 272)"
2368,2368,batch,"('calculate', 'finish editing')","('batch', ('calculate', 'finish editing'))",24,"(272, 273)"
2369,2369,batch,"('calculate', 'calculate')","('batch', ('calculate', 'calculate'))",22,"(272, 273)"
2370,2370,batch,"('finish editing', 'begin editing')","('batch', ('finish editing', 'begin editing'))",29,"(272, 273)"
2371,2371,batch,"('calculate', 'save')","('batch', ('calculate', 'save'))",130,"(272, 273)"
2372,2372,batch,"('save', 'save')","('batch', ('save', 'save'))",19,"(272, 273)"
2373,2373,batch,"('calculate', 'begin editing')","('batch', ('calculate', 'begin editing'))",143,"(272, 273)"
2374,2374,batch,"('calculate', 'calculate')","('batch', ('calculate', 'calculate'))",27,"(272, 274)"
2375,2375,batch,"('finish editing', 'begin editing')","('batch', ('finish editing', 'begin editing'))",35,"(272, 274)"
2376,2376,batch,"('calculate', 'save')","('batch', ('calculate', 'save'))",109,"(272, 274)"
2377,2377,batch,"('finish editing', 'save')","('batch', ('finish editing', 'save'))",17,"(272, 274)"
2378,2378,batch,"('calculate', 'begin editing')","('batch', ('calculate', 'begin editing'))",361,"(272, 274)"
2379,2379,batch,"('calculate', 'calculate')","('batch', ('calculate', 'calculate'))",4405,"(272, 275)"
2380,2380,batch,"('finish editing', 'begin editing')","('batch', ('finish editing', 'begin editing'))",7007,"(272, 275)"
2381,2381,batch,"('save', 'calculate')","('batch', ('save', 'calculate'))",115,"(272, 275)"
2382,2382,batch,"('save', 'save')","('batch', ('save', 'save'))",24,"(273, 274)"
2383,2383,batch,"('save', 'begin editing')","('batch', ('save', 'begin editing'))",14,"(273, 274)"
2384,2384,batch,"('finish editing', 'begin editing')","('batch', ('finish editing', 'begin editing'))",30,"(273, 275)"
2385,2385,batch,"('finish editing', 'calculate')","('batch', ('finish editing', 'calculate'))",204,"(273, 275)"
2386,2386,batch,"('save', 'calculate')","('batch', ('save', 'calculate'))",192,"(273, 275)"
2387,2387,batch,"('save', 'begin editing')","('batch', ('save', 'begin editing'))",7,"(273, 275)"
2388,2388,batch,"('begin editing', 'calculate')","('batch', ('begin editing', 'calculate'))",255,"(274, 275)"
2389,2389,batch,"('finish editing', 'begin editing')","('batch', ('finish editing', 'begin editing'))",30,"(274, 275)"
2390,2390,batch,"('finish editing', 'calculate')","('batch', ('finish editing', 'calculate'))",145,"(274, 275)"
2391,2391,batch,"('save', 'calculate')","('batch', ('save', 'calculate'))",182,"(274, 275)"
2392,2392,batch,"('save', 'begin editing')","('batch', ('save', 'begin editing'))",16,"(274, 275)"
2393,2393,batch,"('calculate', 'save')","('batch', ('calculate', 'save'))",79,"(275, 276)"
2394,2394,batch,"('save', 'save')","('batch', ('save', 'save'))",9,"(275, 276)"
2395,2395,batch,"('finish editing', 'begin editing')","('batch', ('finish editing', 'begin editing'))",11,"(275, 279)"
2396,2396,batch,"('calculate', 'save')","('batch', ('calculate', 'save'))",137,"(275, 279)"
2397,2397,batch,"('calculate', 'calculate')","('batch', ('calculate', 'calculate'))",25,"(275, 280)"
2398,2398,batch,"('finish editing', 'begin editing')","('batch', ('finish editing', 'begin editing'))",16,"(275, 280)"
2399,2399,batch,"('calculate', 'save')","('batch', ('calculate', 'save'))",103,"(275, 280)"
2400,2400,batch,"('calculate', 'calculate')","('batch', ('calculate', 'calculate'))",17,"(275, 281)"
2401,2401,batch,"('calculate', 'save')","('batch', ('calculate', 'save'))",148,"(275, 281)"
2402,2402,batch,"('finish editing', 'save')","('batch', ('finish editing', 'save'))",14,"(275, 281)"
2403,2403,batch,"('calculate', 'calculate')","('batch', ('calculate', 'calculate'))",47,"(275, 282)"
2404,2404,batch,"('finish editing', 'begin editing')","('batch', ('finish editing', 'begin editing'))",14,"(275, 282)"
2405,2405,batch,"('calculate', 'save')","('batch', ('calculate', 'save'))",85,"(275, 282)"
2406,2406,batch,"('calculate', 'calculate')","('batch', ('calculate', 'calculate'))",845,"(275, 283)"
2407,2407,batch,"('finish editing', 'begin editing')","('batch', ('finish editing', 'begin editing'))",1952,"(275, 283)"
2408,2408,batch,"('calculate', 'calculate')","('batch', ('calculate', 'calculate'))",2706,"(275, 286)"
2409,2409,batch,"('finish editing', 'begin editing')","('batch', ('finish editing', 'begin editing'))",7318,"(275, 286)"
2410,2410,delay,"('calculate', 'begin editing')","('delay', ('calculate', 'begin editing'))","(11, 28)","(275, 286)"
2411,2411,batch,"('save', 'save')","('batch', ('save', 'save'))",14,"(276, 279)"
2412,2412,batch,"('save', 'begin editing')","('batch', ('save', 'begin editing'))",19,"(276, 286)"
2413,2413,batch,"('save', 'save')","('batch', ('save', 'save'))",22,"(279, 280)"
2414,2414,batch,"('finish editing', 'begin editing')","('batch', ('finish editing', 'begin editing'))",11,"(279, 286)"
2415,2415,batch,"('save', 'calculate')","('batch', ('save', 'calculate'))",101,"(279, 286)"
2416,2416,batch,"('save', 'save')","('batch', ('save', 'save'))",10,"(280, 281)"
2417,2417,batch,"('save', 'calculate')","('batch', ('save', 'calculate'))",85,"(280, 286)"
2418,2418,batch,"('save', 'save')","('batch', ('save', 'save'))",22,"(281, 282)"
2419,2419,batch,"('save', 'calculate')","('batch', ('save', 'calculate'))",141,"(281, 286)"
2420,2420,batch,"('save', 'begin editing')","('batch', ('save', 'begin editing'))",12,"(281, 286)"
2421,2421,batch,"('finish editing', 'begin editing')","('batch', ('finish editing', 'begin editing'))",15,"(282, 283)"
2422,2422,batch,"('save', 'save')","('batch', ('save', 'save'))",24,"(282, 283)"
2423,2423,batch,"('finish editing', 'begin editing')","('batch', ('finish editing', 'begin editing'))",13,"(282, 286)"
2424,2424,batch,"('finish editing', 'calculate')","('batch', ('finish editing', 'calculate'))",106,"(282, 286)"
2425,2425,batch,"('save', 'save')","('batch', ('save', 'save'))",8,"(282, 286)"
2426,2426,batch,"('save', 'calculate')","('batch', ('save', 'calculate'))",87,"(282, 286)"
2427,2427,batch,"('save', 'begin editing')","('batch', ('save', 'begin editing'))",12,"(282, 286)"
2428,2428,batch,"('calculate', 'calculate')","('batch', ('calculate', 'calculate'))",1031,"(283, 286)"
2429,2429,batch,"('finish editing', 'begin editing')","('batch', ('finish editing', 'begin editing'))",2071,"(283, 286)"
2430,2430,batch,"('save', 'calculate')","('batch', ('save', 'calculate'))",88,"(283, 286)"
2431,2431,batch,"('save', 'begin editing')","('batch', ('save', 'begin editing'))",12,"(283, 286)"
2432,2432,batch,"('calculate', 'calculate')","('batch', ('calculate', 'calculate'))",30,"(286, 287)"
2433,2433,batch,"('finish editing', 'begin editing')","('batch', ('finish editing', 'begin editing'))",36,"(286, 287)"
2434,2434,batch,"('calculate', 'save')","('batch', ('calculate', 'save'))",224,"(286, 287)"
2435,2435,batch,"('finish editing', 'save')","('batch', ('finish editing', 'save'))",32,"(286, 287)"
2436,2436,batch,"('save', 'save')","('batch', ('save', 'save'))",12,"(286, 287)"
2437,2437,batch,"('calculate', 'calculate')","('batch', ('calculate', 'calculate'))",37,"(286, 288)"
2438,2438,batch,"('finish editing', 'begin editing')","('batch', ('finish editing', 'begin editing'))",95,"(286, 288)"
2439,2439,batch,"('calculate', 'save')","('batch', ('calculate', 'save'))",326,"(286, 288)"
2440,2440,batch,"('finish editing', 'save')","('batch', ('finish editing', 'save'))",39,"(286, 288)"
2441,2441,batch,"('calculate', 'begin editing')","('batch', ('calculate', 'begin editing'))",429,"(286, 288)"
2442,2442,batch,"('save', 'begin editing')","('batch', ('save', 'begin editing'))",13,"(286, 288)"
2443,2443,batch,"('finish editing', 'begin editing')","('batch', ('finish editing', 'begin editing'))",39,"(286, 289)"
2444,2444,batch,"('calculate', 'save')","('batch', ('calculate', 'save'))",129,"(286, 289)"
2445,2445,batch,"('finish editing', 'save')","('batch', ('finish editing', 'save'))",17,"(286, 289)"
2446,2446,batch,"('calculate', 'calculate')","('batch', ('calculate', 'calculate'))",2491,"(286, 290)"
2447,2447,batch,"('finish editing', 'begin editing')","('batch', ('finish editing', 'begin editing'))",10024,"(286, 290)"
2448,2448,batch,"('save', 'calculate')","('batch', ('save', 'calculate'))",88,"(286, 290)"
2449,2449,batch,"('save', 'begin editing')","('batch', ('save', 'begin editing'))",9,"(286, 290)"
2450,2450,batch,"('finish editing', 'begin editing')","('batch', ('finish editing', 'begin editing'))",34,"(287, 288)"
2451,2451,batch,"('finish editing', 'save')","('batch', ('finish editing', 'save'))",11,"(287, 288)"
2452,2452,batch,"('save', 'save')","('batch', ('save', 'save'))",16,"(287, 288)"
2453,2453,batch,"('save', 'begin editing')","('batch', ('save', 'begin editing'))",36,"(287, 288)"
2454,2454,batch,"('save', 'save')","('batch', ('save', 'save'))",8,"(287, 289)"
2455,2455,batch,"('finish editing', 'begin editing')","('batch', ('finish editing', 'begin editing'))",19,"(287, 290)"
2456,2456,batch,"('finish editing', 'calculate')","('batch', ('finish editing', 'calculate'))",96,"(287, 290)"
2457,2457,batch,"('save', 'calculate')","('batch', ('save', 'calculate'))",166,"(287, 290)"
2458,2458,batch,"('save', 'begin editing')","('batch', ('save', 'begin editing'))",26,"(287, 290)"
2459,2459,batch,"('finish editing', 'begin editing')","('batch', ('finish editing', 'begin editing'))",27,"(288, 289)"
2460,2460,batch,"('finish editing', 'save')","('batch', ('finish editing', 'save'))",16,"(288, 289)"
2461,2461,batch,"('save', 'save')","('batch', ('save', 'save'))",35,"(288, 289)"
2462,2462,batch,"('begin editing', 'save')","('batch', ('begin editing', 'save'))",94,"(288, 289)"
2463,2463,batch,"('save', 'begin editing')","('batch', ('save', 'begin editing'))",9,"(288, 289)"
2464,2464,batch,"('begin editing', 'insert document')","('batch', ('begin editing', 'insert document'))",8,"(288, 289)"
2465,2465,batch,"('begin editing', 'calculate')","('batch', ('begin editing', 'calculate'))",156,"(288, 290)"
2466,2466,batch,"('finish editing', 'begin editing')","('batch', ('finish editing', 'begin editing'))",50,"(288, 290)"
2467,2467,batch,"('finish editing', 'calculate')","('batch', ('finish editing', 'calculate'))",154,"(288, 290)"
2468,2468,batch,"('save', 'save')","('batch', ('save', 'save'))",8,"(288, 290)"
2469,2469,batch,"('save', 'calculate')","('batch', ('save', 'calculate'))",395,"(288, 290)"
2470,2470,batch,"('begin editing', 'save')","('batch', ('begin editing', 'save'))",47,"(288, 290)"
2471,2471,batch,"('save', 'begin editing')","('batch', ('save', 'begin editing'))",53,"(288, 290)"
2472,2472,batch,"('finish editing', 'begin editing')","('batch', ('finish editing', 'begin editing'))",28,"(289, 290)"
2473,2473,batch,"('save', 'calculate')","('batch', ('save', 'calculate'))",386,"(289, 290)"
2474,2474,batch,"('save', 'begin editing')","('batch', ('save', 'begin editing'))",55,"(289, 290)"
2475,2475,batch,"('finish editing', 'begin editing')","('batch', ('finish editing', 'begin editing'))",169,"(290, 293)"
2476,2476,batch,"('calculate', 'save')","('batch', ('calculate', 'save'))",121,"(290, 293)"
2477,2477,batch,"('finish editing', 'save')","('batch', ('finish editing', 'save'))",91,"(290, 293)"
2478,2478,batch,"('calculate', 'calculate')","('batch', ('calculate', 'calculate'))",64,"(290, 294)"
2479,2479,batch,"('finish editing', 'begin editing')","('batch', ('finish editing', 'begin editing'))",40,"(290, 294)"
2480,2480,batch,"('finish editing', 'save')","('batch', ('finish editing', 'save'))",33,"(290, 294)"
2481,2481,batch,"('finish editing', 'begin editing')","('batch', ('finish editing', 'begin editing'))",72,"(290, 295)"
2482,2482,batch,"('calculate', 'save')","('batch', ('calculate', 'save'))",91,"(290, 295)"
2483,2483,batch,"('finish editing', 'save')","('batch', ('finish editing', 'save'))",46,"(290, 295)"
2484,2484,batch,"('save', 'begin editing')","('batch', ('save', 'begin editing'))",8,"(290, 295)"
2485,2485,batch,"('finish editing', 'begin editing')","('batch', ('finish editing', 'begin editing'))",66,"(290, 296)"
2486,2486,batch,"('finish editing', 'save')","('batch', ('finish editing', 'save'))",45,"(290, 296)"
2487,2487,batch,"('calculate', 'calculate')","('batch', ('calculate', 'calculate'))",650,"(290, 297)"
2488,2488,batch,"('finish editing', 'begin editing')","('batch', ('finish editing', 'begin editing'))",12107,"(290, 297)"
2489,2489,batch,"('save', 'begin editing')","('batch', ('save', 'begin editing'))",23,"(290, 297)"
2490,2490,delay,"('calculate', 'begin editing')","('delay', ('calculate', 'begin editing'))","(19, 14)","(290, 309)"
2491,2491,batch,"('save', 'save')","('batch', ('save', 'save'))",9,"(293, 294)"
2492,2492,batch,"('save', 'begin editing')","('batch', ('save', 'begin editing'))",9,"(293, 294)"
2493,2493,batch,"('finish editing', 'save')","('batch', ('finish editing', 'save'))",43,"(293, 295)"
2494,2494,batch,"('save', 'save')","('batch', ('save', 'save'))",69,"(293, 295)"
2495,2495,batch,"('save', 'begin editing')","('batch', ('save', 'begin editing'))",13,"(293, 295)"
2496,2496,batch,"('save', 'save')","('batch', ('save', 'save'))",8,"(293, 296)"
2497,2497,batch,"('save', 'begin editing')","('batch', ('save', 'begin editing'))",12,"(293, 296)"
2498,2498,batch,"('finish editing', 'begin editing')","('batch', ('finish editing', 'begin editing'))",62,"(293, 297)"
2499,2499,batch,"('finish editing', 'decide')","('batch', ('finish editing', 'decide'))",17,"(293, 297)"
2500,2500,batch,"('save', 'begin editing')","('batch', ('save', 'begin editing'))",113,"(293, 297)"
2501,2501,delay,"('finish editing', 'decide')","('delay', ('finish editing', 'decide'))","(4, 17)","(293, 297)"
2502,2502,batch,"('finish editing', 'begin editing')","('batch', ('finish editing', 'begin editing'))",22,"(294, 295)"
2503,2503,batch,"('finish editing', 'save')","('batch', ('finish editing', 'save'))",46,"(294, 295)"
2504,2504,batch,"('save', 'save')","('batch', ('save', 'save'))",32,"(294, 295)"
2505,2505,batch,"('save', 'begin editing')","('batch', ('save', 'begin editing'))",8,"(294, 295)"
2506,2506,batch,"('save', 'begin editing')","('batch', ('save', 'begin editing'))",7,"(294, 296)"
2507,2507,batch,"('calculate', 'calculate')","('batch', ('calculate', 'calculate'))",78,"(294, 297)"
2508,2508,batch,"('finish editing', 'begin editing')","('batch', ('finish editing', 'begin editing'))",60,"(294, 297)"
2509,2509,batch,"('save', 'begin editing')","('batch', ('save', 'begin editing'))",44,"(294, 297)"
2510,2510,batch,"('finish editing', 'begin editing')","('batch', ('finish editing', 'begin editing'))",25,"(295, 296)"
2511,2511,batch,"('finish editing', 'save')","('batch', ('finish editing', 'save'))",30,"(295, 296)"
2512,2512,batch,"('save', 'save')","('batch', ('save', 'save'))",25,"(295, 296)"
2513,2513,batch,"('begin editing', 'save')","('batch', ('begin editing', 'save'))",18,"(295, 296)"
2514,2514,batch,"('save', 'begin editing')","('batch', ('save', 'begin editing'))",24,"(295, 296)"
2515,2515,batch,"('calculate', 'calculate')","('batch', ('calculate', 'calculate'))",85,"(295, 297)"
2516,2516,batch,"('finish editing', 'begin editing')","('batch', ('finish editing', 'begin editing'))",79,"(295, 297)"
2517,2517,batch,"('save', 'calculate')","('batch', ('save', 'calculate'))",119,"(295, 297)"
2518,2518,batch,"('save', 'begin editing')","('batch', ('save', 'begin editing'))",237,"(295, 297)"
2519,2519,batch,"('calculate', 'calculate')","('batch', ('calculate', 'calculate'))",22,"(296, 297)"
2520,2520,batch,"('finish editing', 'begin editing')","('batch', ('finish editing', 'begin editing'))",67,"(296, 297)"
2521,2521,batch,"('save', 'save')","('batch', ('save', 'save'))",19,"(296, 297)"
2522,2522,batch,"('save', 'calculate')","('batch', ('save', 'calculate'))",92,"(296, 297)"
2523,2523,batch,"('save', 'begin editing')","('batch', ('save', 'begin editing'))",204,"(296, 297)"
2524,2524,batch,"('calculate', 'finish editing')","('batch', ('calculate', 'finish editing'))",10,"(297, 298)"
2525,2525,batch,"('finish editing', 'decide')","('batch', ('finish editing', 'decide'))",14337,"(297, 298)"
2526,2526,batch,"('calculate', 'calculate')","('batch', ('calculate', 'calculate'))",21,"(297, 300)"
2527,2527,batch,"('calculate', 'calculate')","('batch', ('calculate', 'calculate'))",25,"(297, 303)"
2528,2528,delay,"('decide', 'revoke decision')","('delay', ('decide', 'revoke decision'))","(3, 106)","(298, 301)"
2529,2529,batch,"('decide', 'revoke decision')","('batch', ('decide', 'revoke decision'))",14139,"(298, 302)"
2530,2530,delay,"('decide', 'revoke decision')","('delay', ('decide', 'revoke decision'))","(4, 14139)","(298, 302)"
2531,2531,batch,"('save', 'begin editing')","('batch', ('save', 'begin editing'))",8,"(300, 301)"
2532,2532,batch,"('finish editing', 'begin editing')","('batch', ('finish editing', 'begin editing'))",10,"(300, 303)"
2533,2533,batch,"('begin editing', 'calculate')","('batch', ('begin editing', 'calculate'))",44,"(302, 303)"
2534,2534,batch,"('calculate', 'calculate')","('batch', ('calculate', 'calculate'))",21,"(302, 303)"
2535,2535,batch,"('finish editing', 'begin editing')","('batch', ('finish editing', 'begin editing'))",23,"(302, 303)"
2536,2536,batch,"('finish editing', 'decide')","('batch', ('finish editing', 'decide'))",43,"(302, 303)"
2537,2537,batch,"('revoke decision', 'calculate')","('batch', ('revoke decision', 'calculate'))",13875,"(302, 303)"
2538,2538,batch,"('decide', 'begin payment')","('batch', ('decide', 'begin payment'))",301,"(302, 305)"
2539,2539,batch,"('finish editing', 'begin editing')","('batch', ('finish editing', 'begin editing'))",39,"(303, 304)"
2540,2540,batch,"('finish editing', 'decide')","('batch', ('finish editing', 'decide'))",13763,"(303, 304)"
2541,2541,batch,"('decide', 'begin payment')","('batch', ('decide', 'begin payment'))",13837,"(304, 305)"
2542,2542,batch,"('begin payment', 'abort payment')","('batch', ('begin payment', 'abort payment'))",5586,"(305, 307)"
2543,2543,delay,"('begin payment', 'abort payment')","('delay', ('begin payment', 'abort payment'))","(3, 4473)","(305, 308)"
2544,2544,delay,"('begin payment', 'insert document')","('delay', ('begin payment', 'insert document'))","(4, 4290)","(305, 309)"
2545,2545,batch,"('begin payment', 'insert document')","('batch', ('begin payment', 'insert document'))",5535,"(307, 309)"
2546,2546,batch,"('begin payment', 'insert document')","('batch', ('begin payment', 'insert document'))",4491,"(308, 309)"
2547,2547,batch,"('insert document', 'save')","('batch', ('insert document', 'save'))",4,"(309, 324)"
2548,2548,batch,"('insert document', 'finish payment')","('batch', ('insert document', 'finish payment'))",14372,"(309, 325)"
2549,2549,delay,"('insert document', 'finish payment')","('delay', ('insert document', 'finish payment'))","(16, 14372)","(309, 325)"
2550,2550,delay,"('insert document', 'finish payment')","('delay', ('insert document', 'finish payment'))","(18, 16)","(310, 328)"
2551,2551,batch,"('abort payment', 'begin payment')","('batch', ('abort payment', 'begin payment'))",5,"(477, 496)"
2552,2552,batch,"('save', 'save')","('batch', ('save', 'save'))",9,"(489, 540)"
2553,2553,batch,"('begin editing', 'insert document')","('batch', ('begin editing', 'insert document'))",11,"(505, 512)"
2554,2554,batch,"('begin editing', 'insert document')","('batch', ('begin editing', 'insert document'))",23,"(505, 517)"
2555,2555,batch,"('begin editing', 'insert document')","('batch', ('begin editing', 'insert document'))",8,"(505, 545)"
2556,2556,batch,"('begin editing', 'insert document')","('batch', ('begin editing', 'insert document'))",7,"(505, 696)"
2557,2557,batch,"('finish editing', 'begin editing')","('batch', ('finish editing', 'begin editing'))",12,"(559, 569)"
2558,2558,batch,"('begin editing', 'insert document')","('batch', ('begin editing', 'insert document'))",36,"(603, 696)"
2559,2559,delay,"('begin editing', 'insert document')","('delay', ('begin editing', 'insert document'))","(93, 36)","(603, 696)"
