,hle-id,type,segment,activity,value,window
0,0,workload,"('W_Complete application|schedule', 'W_Complete application|start')","('workload', ('W_Complete application|schedule', 'W_Complete application|start'))",5.5,1
1,1,enter,"('W_Complete application|start', 'W_Complete application|suspend')","('enter', ('W_Complete application|start', 'W_Complete application|suspend'))",67,3
2,2,enter,"('W_Complete application|suspend', 'W_Complete application|resume')","('enter', ('W_Complete application|suspend', 'W_Complete application|resume'))",118,3
3,3,exit,"('W_Complete application|start', 'W_Complete application|suspend')","('exit', ('W_Complete application|start', 'W_Complete application|suspend'))",67,3
4,4,workload,"('W_Complete application|start', 'W_Complete application|suspend')","('workload', ('W_Complete application|start', 'W_Complete application|suspend'))",6.0,3
5,5,workload,"('W_Complete application|suspend', 'W_Complete application|resume')","('workload', ('W_Complete application|suspend', 'W_Complete application|resume'))",3.4285714285714284,3
6,6,workload,"('O_Create Offer', 'O_Created')","('workload', ('O_Create Offer', 'O_Created'))",9.76923076923077,4
7,7,workload,"('O_Created', 'O_Sent (mail and online)')","('workload', ('O_Created', 'O_Sent (mail and online)'))",8.307692307692308,4
8,8,workload,"('W_Call after offers|schedule', 'W_Call after offers|start')","('workload', ('W_Call after offers|schedule', 'W_Call after offers|start'))",6.769230769230769,4
9,9,workload,"('W_Call after offers|start', 'A_Complete')","('workload', ('W_Call after offers|start', 'A_Complete'))",6.769230769230769,4
10,10,workload,"('W_Complete application|resume', 'W_Complete application|suspend')","('workload', ('W_Complete application|resume', 'W_Complete application|suspend'))",8.25,4
11,11,workload,"('W_Complete application|suspend', 'W_Complete application|resume')","('workload', ('W_Complete application|suspend', 'W_Complete application|resume'))",3.75,6
12,12,enter,"('W_Complete application|resume', 'W_Complete application|suspend')","('enter', ('W_Complete application|resume', 'W_Complete application|suspend'))",80,8
13,13,exit,"('W_Complete application|resume', 'W_Complete application|suspend')","('exit', ('W_Complete application|resume', 'W_Complete application|suspend'))",80,8
14,14,workload,"('W_Complete application|complete', 'W_Call after offers|schedule')","('workload', ('W_Complete application|complete', 'W_Call after offers|schedule'))",4.7,8
15,15,workload,"('W_Complete application|resume', 'W_Complete application|suspend')","('workload', ('W_Complete application|resume', 'W_Complete application|suspend'))",8.0,8
16,16,enter,"('W_Call after offers|resume', 'W_Call after offers|suspend')","('enter', ('W_Call after offers|resume', 'W_Call after offers|suspend'))",252,10
17,17,enter,"('W_Call after offers|suspend', 'W_Call after offers|ate_abort')","('enter', ('W_Call after offers|suspend', 'W_Call after offers|ate_abort'))",153,10
18,18,enter,"('W_Complete application|schedule', 'W_Complete application|start')","('enter', ('W_Complete application|schedule', 'W_Complete application|start'))",77,10
19,19,exit,"('W_Call after offers|suspend', 'W_Call after offers|resume')","('exit', ('W_Call after offers|suspend', 'W_Call after offers|resume'))",240,10
20,20,exit,"('W_Call after offers|resume', 'W_Call after offers|suspend')","('exit', ('W_Call after offers|resume', 'W_Call after offers|suspend'))",252,10
21,21,exit,"('W_Complete application|schedule', 'W_Complete application|start')","('exit', ('W_Complete application|schedule', 'W_Complete application|start'))",77,10
22,22,handover,"('W_Validate application|suspend', 'W_Validate application|ate_abort')","('handover', ('W_Validate application|suspend', 'W_Validate application|ate_abort'))",2.3333333333333335,10
23,23,workload,"('W_Complete application|schedule', 'W_Complete application|start')","('workload', ('W_Complete application|schedule', 'W_Complete application|start'))",4.529411764705882,10
24,24,workload,"('W_Complete application|start', 'A_Concept')","('workload', ('W_Complete application|start', 'A_Concept'))",3.533333333333333,10
25,25,enter,"('W_Complete application|suspend', 'W_Complete application|resume')","('enter', ('W_Complete application|suspend', 'W_Complete application|resume'))",111,11
26,26,enter,"('W_Complete application|resume', 'W_Complete application|suspend')","('enter', ('W_Complete application|resume', 'W_Complete application|suspend'))",91,11
27,27,exit,"('W_Complete application|suspend', 'W_Complete application|resume')","('exit', ('W_Complete application|suspend', 'W_Complete application|resume'))",135,11
28,28,exit,"('W_Complete application|resume', 'W_Complete application|suspend')","('exit', ('W_Complete application|resume', 'W_Complete application|suspend'))",91,11
29,29,workload,"('O_Created', 'O_Sent (mail and online)')","('workload', ('O_Created', 'O_Sent (mail and online)'))",7.6875,11
30,30,workload,"('W_Call after offers|schedule', 'W_Call after offers|start')","('workload', ('W_Call after offers|schedule', 'W_Call after offers|start'))",7.25,11
31,31,workload,"('W_Call after offers|start', 'A_Complete')","('workload', ('W_Call after offers|start', 'A_Complete'))",7.25,11
32,32,workload,"('A_Complete', 'W_Call after offers|suspend')","('workload', ('A_Complete', 'W_Call after offers|suspend'))",6.9375,11
33,33,workload,"('W_Complete application|start', 'A_Concept')","('workload', ('W_Complete application|start', 'A_Concept'))",4.1,11
34,34,workload,"('W_Complete application|resume', 'W_Complete application|suspend')","('workload', ('W_Complete application|resume', 'W_Complete application|suspend'))",7.583333333333333,11
35,35,handover,"('W_Call after offers|suspend', 'W_Call after offers|resume')","('handover', ('W_Call after offers|suspend', 'W_Call after offers|resume'))",11.0,12
36,36,workload,"('W_Call after offers|resume', 'W_Call after offers|suspend')","('workload', ('W_Call after offers|resume', 'W_Call after offers|suspend'))",71.0,12
37,37,enter,"('W_Complete application|resume', 'W_Complete application|suspend')","('enter', ('W_Complete application|resume', 'W_Complete application|suspend'))",79,13
38,38,exit,"('W_Complete application|resume', 'W_Complete application|suspend')","('exit', ('W_Complete application|resume', 'W_Complete application|suspend'))",79,13
39,39,handover,"('W_Call after offers|suspend', 'W_Call after offers|resume')","('handover', ('W_Call after offers|suspend', 'W_Call after offers|resume'))",12.5,14
40,40,enter,"('W_Complete application|start', 'W_Complete application|suspend')","('enter', ('W_Complete application|start', 'W_Complete application|suspend'))",68,17
41,41,enter,"('W_Complete application|suspend', 'W_Complete application|resume')","('enter', ('W_Complete application|suspend', 'W_Complete application|resume'))",113,17
42,42,enter,"('W_Complete application|schedule', 'W_Complete application|start')","('enter', ('W_Complete application|schedule', 'W_Complete application|start'))",81,17
43,43,exit,"('W_Complete application|start', 'W_Complete application|suspend')","('exit', ('W_Complete application|start', 'W_Complete application|suspend'))",68,17
44,44,exit,"('W_Complete application|schedule', 'W_Complete application|start')","('exit', ('W_Complete application|schedule', 'W_Complete application|start'))",81,17
45,45,workload,"('W_Call after offers|resume', 'W_Call after offers|suspend')","('workload', ('W_Call after offers|resume', 'W_Call after offers|suspend'))",60.0,17
46,46,workload,"('W_Complete application|schedule', 'W_Complete application|start')","('workload', ('W_Complete application|schedule', 'W_Complete application|start'))",4.05,17
47,47,enter,"('W_Complete application|resume', 'W_Complete application|suspend')","('enter', ('W_Complete application|resume', 'W_Complete application|suspend'))",81,18
48,48,exit,"('W_Complete application|resume', 'W_Complete application|suspend')","('exit', ('W_Complete application|resume', 'W_Complete application|suspend'))",81,18
49,49,workload,"('W_Validate application|suspend', 'W_Validate application|resume')","('workload', ('W_Validate application|suspend', 'W_Validate application|resume'))",8.428571428571429,18
50,50,workload,"('W_Complete application|resume', 'W_Complete application|suspend')","('workload', ('W_Complete application|resume', 'W_Complete application|suspend'))",6.75,18
51,51,enter,"('O_Accepted', 'A_Pending')","('enter', ('O_Accepted', 'A_Pending'))",111,21
52,52,exit,"('O_Accepted', 'A_Pending')","('exit', ('O_Accepted', 'A_Pending'))",111,21
53,53,handover,"('W_Call incomplete files|suspend', 'W_Call incomplete files|ate_abort')","('handover', ('W_Call incomplete files|suspend', 'W_Call incomplete files|ate_abort'))",5.0,22
54,54,handover,"('W_Complete application|suspend', 'W_Complete application|resume')","('handover', ('W_Complete application|suspend', 'W_Complete application|resume'))",2.7777777777777777,22
55,55,workload,"('W_Complete application|start', 'W_Complete application|suspend')","('workload', ('W_Complete application|start', 'W_Complete application|suspend'))",5.5,22
56,56,workload,"('A_Accepted', 'O_Create Offer')","('workload', ('A_Accepted', 'O_Create Offer'))",7.333333333333333,22
57,57,workload,"('O_Create Offer', 'O_Created')","('workload', ('O_Create Offer', 'O_Created'))",9.666666666666666,22
58,58,workload,"('O_Created', 'O_Sent (mail and online)')","('workload', ('O_Created', 'O_Sent (mail and online)'))",8.333333333333334,22
59,59,workload,"('O_Sent (mail and online)', 'W_Complete application|ate_abort')","('workload', ('O_Sent (mail and online)', 'W_Complete application|ate_abort'))",3.1666666666666665,22
60,60,workload,"('W_Complete application|ate_abort', 'W_Call after offers|schedule')","('workload', ('W_Complete application|ate_abort', 'W_Call after offers|schedule'))",3.1666666666666665,22
61,61,workload,"('W_Call after offers|schedule', 'W_Call after offers|start')","('workload', ('W_Call after offers|schedule', 'W_Call after offers|start'))",8.0,22
62,62,workload,"('W_Call after offers|start', 'A_Complete')","('workload', ('W_Call after offers|start', 'A_Complete'))",8.0,22
63,63,workload,"('A_Complete', 'W_Call after offers|suspend')","('workload', ('A_Complete', 'W_Call after offers|suspend'))",7.888888888888889,22
64,64,workload,"('W_Validate application|schedule', 'W_Validate application|start')","('workload', ('W_Validate application|schedule', 'W_Validate application|start'))",16.0,22
65,65,workload,"('W_Validate application|start', 'A_Validating')","('workload', ('W_Validate application|start', 'A_Validating'))",16.0,22
66,66,workload,"('W_Call incomplete files|ate_abort', 'W_Validate application|schedule')","('workload', ('W_Call incomplete files|ate_abort', 'W_Validate application|schedule'))",13.0,22
67,67,workload,"('A_Validating', 'W_Validate application|suspend')","('workload', ('A_Validating', 'W_Validate application|suspend'))",12.0,22
68,68,workload,"('O_Sent (mail and online)', 'W_Complete application|complete')","('workload', ('O_Sent (mail and online)', 'W_Complete application|complete'))",5.777777777777778,22
69,69,workload,"('W_Complete application|complete', 'W_Call after offers|schedule')","('workload', ('W_Complete application|complete', 'W_Call after offers|schedule'))",5.777777777777778,22
70,70,workload,"('W_Complete application|resume', 'W_Complete application|suspend')","('workload', ('W_Complete application|resume', 'W_Complete application|suspend'))",7.333333333333333,22
71,71,enter,"('W_Complete application|start', 'W_Complete application|suspend')","('enter', ('W_Complete application|start', 'W_Complete application|suspend'))",73,24
72,72,enter,"('A_Accepted', 'O_Create Offer')","('enter', ('A_Accepted', 'O_Create Offer'))",142,24
73,73,enter,"('O_Create Offer', 'O_Created')","('enter', ('O_Create Offer', 'O_Created'))",195,24
74,74,enter,"('O_Created', 'O_Sent (mail and online)')","('enter', ('O_Created', 'O_Sent (mail and online)'))",161,24
75,75,enter,"('O_Sent (mail and online)', 'W_Complete application|ate_abort')","('enter', ('O_Sent (mail and online)', 'W_Complete application|ate_abort'))",54,24
76,76,enter,"('W_Complete application|ate_abort', 'W_Call after offers|schedule')","('enter', ('W_Complete application|ate_abort', 'W_Call after offers|schedule'))",54,24
77,77,enter,"('W_Call after offers|schedule', 'W_Call after offers|start')","('enter', ('W_Call after offers|schedule', 'W_Call after offers|start'))",151,24
78,78,enter,"('W_Call after offers|start', 'A_Complete')","('enter', ('W_Call after offers|start', 'A_Complete'))",151,24
79,79,enter,"('A_Complete', 'W_Call after offers|suspend')","('enter', ('A_Complete', 'W_Call after offers|suspend'))",141,24
80,80,enter,"('W_Complete application|suspend', 'W_Complete application|resume')","('enter', ('W_Complete application|suspend', 'W_Complete application|resume'))",144,24
81,81,enter,"('O_Sent (mail and online)', 'W_Complete application|complete')","('enter', ('O_Sent (mail and online)', 'W_Complete application|complete'))",91,24
82,82,enter,"('W_Complete application|complete', 'W_Call after offers|schedule')","('enter', ('W_Complete application|complete', 'W_Call after offers|schedule'))",94,24
83,83,enter,"('W_Complete application|resume', 'W_Complete application|suspend')","('enter', ('W_Complete application|resume', 'W_Complete application|suspend'))",96,24
84,84,exit,"('A_Concept', 'W_Complete application|start')","('exit', ('A_Concept', 'W_Complete application|start'))",76,24
85,85,exit,"('W_Complete application|start', 'W_Complete application|suspend')","('exit', ('W_Complete application|start', 'W_Complete application|suspend'))",73,24
86,86,exit,"('A_Accepted', 'O_Create Offer')","('exit', ('A_Accepted', 'O_Create Offer'))",143,24
87,87,exit,"('O_Create Offer', 'O_Created')","('exit', ('O_Create Offer', 'O_Created'))",195,24
88,88,exit,"('O_Created', 'O_Sent (mail and online)')","('exit', ('O_Created', 'O_Sent (mail and online)'))",161,24
89,89,exit,"('O_Sent (mail and online)', 'W_Complete application|ate_abort')","('exit', ('O_Sent (mail and online)', 'W_Complete application|ate_abort'))",54,24
90,90,exit,"('W_Complete application|ate_abort', 'W_Call after offers|schedule')","('exit', ('W_Complete application|ate_abort', 'W_Call after offers|schedule'))",54,24
91,91,exit,"('W_Call after offers|schedule', 'W_Call after offers|start')","('exit', ('W_Call after offers|schedule', 'W_Call after offers|start'))",151,24
92,92,exit,"('W_Call after offers|start', 'A_Complete')","('exit', ('W_Call after offers|start', 'A_Complete'))",151,24
93,93,exit,"('A_Complete', 'W_Call after offers|suspend')","('exit', ('A_Complete', 'W_Call after offers|suspend'))",141,24
94,94,exit,"('W_Complete application|suspend', 'W_Complete application|resume')","('exit', ('W_Complete application|suspend', 'W_Complete application|resume'))",144,24
95,95,exit,"('O_Sent (mail and online)', 'W_Complete application|complete')","('exit', ('O_Sent (mail and online)', 'W_Complete application|complete'))",91,24
96,96,exit,"('W_Complete application|complete', 'W_Call after offers|schedule')","('exit', ('W_Complete application|complete', 'W_Call after offers|schedule'))",94,24
97,97,exit,"('W_Complete application|resume', 'W_Complete application|suspend')","('exit', ('W_Complete application|resume', 'W_Complete application|suspend'))",96,24
98,98,workload,"('W_Validate application|suspend', 'W_Validate application|ate_abort')","('workload', ('W_Validate application|suspend', 'W_Validate application|ate_abort'))",2.5,24
99,99,workload,"('W_Complete application|resume', 'W_Complete application|suspend')","('workload', ('W_Complete application|resume', 'W_Complete application|suspend'))",6.8,25
100,100,workload,"('W_Call incomplete files|suspend', 'W_Call incomplete files|resume')","('workload', ('W_Call incomplete files|suspend', 'W_Call incomplete files|resume'))",12.5,26
101,101,enter,"('O_Create Offer', 'O_Created')","('enter', ('O_Create Offer', 'O_Created'))",544,28
102,102,enter,"('O_Created', 'O_Sent (mail and online)')","('enter', ('O_Created', 'O_Sent (mail and online)'))",496,28
103,103,exit,"('O_Create Offer', 'O_Created')","('exit', ('O_Create Offer', 'O_Created'))",544,28
104,104,exit,"('O_Created', 'O_Sent (mail and online)')","('exit', ('O_Created', 'O_Sent (mail and online)'))",496,28
105,105,handover,"('W_Call after offers|suspend', 'W_Call after offers|ate_abort')","('handover', ('W_Call after offers|suspend', 'W_Call after offers|ate_abort'))",4.8,28
106,106,workload,"('O_Create Offer', 'O_Created')","('workload', ('O_Create Offer', 'O_Created'))",27.2,28
107,107,workload,"('O_Created', 'O_Sent (mail and online)')","('workload', ('O_Created', 'O_Sent (mail and online)'))",26.105263157894736,28
108,108,workload,"('W_Call incomplete files|suspend', 'W_Call incomplete files|resume')","('workload', ('W_Call incomplete files|suspend', 'W_Call incomplete files|resume'))",13.5,28
109,109,workload,"('W_Complete application|start', 'W_Complete application|suspend')","('workload', ('W_Complete application|start', 'W_Complete application|suspend'))",5.428571428571429,29
110,110,workload,"('W_Complete application|resume', 'W_Complete application|suspend')","('workload', ('W_Complete application|resume', 'W_Complete application|suspend'))",6.75,29
111,111,enter,"('A_Create Application', 'A_Submitted')","('enter', ('A_Create Application', 'A_Submitted'))",87,31
112,112,enter,"('A_Submitted', 'W_Handle leads|schedule')","('enter', ('A_Submitted', 'W_Handle leads|schedule'))",87,31
113,113,enter,"('W_Handle leads|schedule', 'W_Handle leads|withdraw')","('enter', ('W_Handle leads|schedule', 'W_Handle leads|withdraw'))",70,31
114,114,enter,"('W_Handle leads|withdraw', 'W_Complete application|schedule')","('enter', ('W_Handle leads|withdraw', 'W_Complete application|schedule'))",70,31
115,115,enter,"('W_Complete application|schedule', 'A_Concept')","('enter', ('W_Complete application|schedule', 'A_Concept'))",70,31
116,116,enter,"('A_Concept', 'W_Complete application|start')","('enter', ('A_Concept', 'W_Complete application|start'))",61,31
117,117,enter,"('W_Complete application|start', 'W_Complete application|suspend')","('enter', ('W_Complete application|start', 'W_Complete application|suspend'))",62,31
118,118,enter,"('A_Accepted', 'O_Create Offer')","('enter', ('A_Accepted', 'O_Create Offer'))",152,31
119,119,enter,"('O_Create Offer', 'O_Created')","('enter', ('O_Create Offer', 'O_Created'))",239,31
120,120,enter,"('O_Created', 'O_Sent (mail and online)')","('enter', ('O_Created', 'O_Sent (mail and online)'))",202,31
121,121,enter,"('O_Sent (mail and online)', 'W_Complete application|ate_abort')","('enter', ('O_Sent (mail and online)', 'W_Complete application|ate_abort'))",61,31
122,122,enter,"('W_Complete application|ate_abort', 'W_Call after offers|schedule')","('enter', ('W_Complete application|ate_abort', 'W_Call after offers|schedule'))",61,31
123,123,enter,"('W_Call after offers|schedule', 'W_Call after offers|start')","('enter', ('W_Call after offers|schedule', 'W_Call after offers|start'))",163,31
124,124,enter,"('W_Call after offers|start', 'A_Complete')","('enter', ('W_Call after offers|start', 'A_Complete'))",163,31
125,125,enter,"('A_Complete', 'W_Call after offers|suspend')","('enter', ('A_Complete', 'W_Call after offers|suspend'))",161,31
126,126,enter,"('W_Call after offers|suspend', 'W_Call after offers|resume')","('enter', ('W_Call after offers|suspend', 'W_Call after offers|resume'))",143,31
127,127,enter,"('W_Complete application|suspend', 'W_Complete application|resume')","('enter', ('W_Complete application|suspend', 'W_Complete application|resume'))",117,31
128,128,enter,"('O_Sent (mail and online)', 'W_Complete application|complete')","('enter', ('O_Sent (mail and online)', 'W_Complete application|complete'))",95,31
129,129,enter,"('W_Complete application|complete', 'W_Call after offers|schedule')","('enter', ('W_Complete application|complete', 'W_Call after offers|schedule'))",95,31
130,130,enter,"('W_Complete application|schedule', 'W_Complete application|start')","('enter', ('W_Complete application|schedule', 'W_Complete application|start'))",97,31
131,131,enter,"('W_Complete application|start', 'A_Concept')","('enter', ('W_Complete application|start', 'A_Concept'))",69,31
132,132,exit,"('A_Create Application', 'A_Submitted')","('exit', ('A_Create Application', 'A_Submitted'))",87,31
133,133,exit,"('A_Submitted', 'W_Handle leads|schedule')","('exit', ('A_Submitted', 'W_Handle leads|schedule'))",87,31
134,134,exit,"('W_Handle leads|schedule', 'W_Handle leads|withdraw')","('exit', ('W_Handle leads|schedule', 'W_Handle leads|withdraw'))",70,31
135,135,exit,"('W_Handle leads|withdraw', 'W_Complete application|schedule')","('exit', ('W_Handle leads|withdraw', 'W_Complete application|schedule'))",70,31
136,136,exit,"('W_Complete application|schedule', 'A_Concept')","('exit', ('W_Complete application|schedule', 'A_Concept'))",70,31
137,137,exit,"('W_Complete application|start', 'W_Complete application|suspend')","('exit', ('W_Complete application|start', 'W_Complete application|suspend'))",62,31
138,138,exit,"('A_Accepted', 'O_Create Offer')","('exit', ('A_Accepted', 'O_Create Offer'))",150,31
139,139,exit,"('O_Create Offer', 'O_Created')","('exit', ('O_Create Offer', 'O_Created'))",239,31
140,140,exit,"('O_Created', 'O_Sent (mail and online)')","('exit', ('O_Created', 'O_Sent (mail and online)'))",202,31
141,141,exit,"('O_Sent (mail and online)', 'W_Complete application|ate_abort')","('exit', ('O_Sent (mail and online)', 'W_Complete application|ate_abort'))",61,31
142,142,exit,"('W_Complete application|ate_abort', 'W_Call after offers|schedule')","('exit', ('W_Complete application|ate_abort', 'W_Call after offers|schedule'))",61,31
143,143,exit,"('W_Call after offers|schedule', 'W_Call after offers|start')","('exit', ('W_Call after offers|schedule', 'W_Call after offers|start'))",163,31
144,144,exit,"('W_Call after offers|start', 'A_Complete')","('exit', ('W_Call after offers|start', 'A_Complete'))",163,31
145,145,exit,"('A_Complete', 'W_Call after offers|suspend')","('exit', ('A_Complete', 'W_Call after offers|suspend'))",161,31
146,146,exit,"('O_Sent (mail and online)', 'W_Complete application|complete')","('exit', ('O_Sent (mail and online)', 'W_Complete application|complete'))",95,31
147,147,exit,"('W_Complete application|complete', 'W_Call after offers|schedule')","('exit', ('W_Complete application|complete', 'W_Call after offers|schedule'))",95,31
148,148,exit,"('W_Complete application|schedule', 'W_Complete application|start')","('exit', ('W_Complete application|schedule', 'W_Complete application|start'))",97,31
149,149,exit,"('W_Complete application|start', 'A_Concept')","('exit', ('W_Complete application|start', 'A_Concept'))",69,31
150,150,workload,"('A_Accepted', 'O_Create Offer')","('workload', ('A_Accepted', 'O_Create Offer'))",6.521739130434782,31
151,151,workload,"('O_Create Offer', 'O_Created')","('workload', ('O_Create Offer', 'O_Created'))",9.958333333333334,31
152,152,workload,"('O_Created', 'O_Sent (mail and online)')","('workload', ('O_Created', 'O_Sent (mail and online)'))",8.416666666666666,31
153,153,workload,"('O_Sent (mail and online)', 'W_Complete application|ate_abort')","('workload', ('O_Sent (mail and online)', 'W_Complete application|ate_abort'))",3.388888888888889,31
154,154,workload,"('W_Complete application|ate_abort', 'W_Call after offers|schedule')","('workload', ('W_Complete application|ate_abort', 'W_Call after offers|schedule'))",3.388888888888889,31
155,155,workload,"('W_Call after offers|schedule', 'W_Call after offers|start')","('workload', ('W_Call after offers|schedule', 'W_Call after offers|start'))",7.086956521739131,31
156,156,workload,"('W_Call after offers|start', 'A_Complete')","('workload', ('W_Call after offers|start', 'A_Complete'))",7.086956521739131,31
157,157,workload,"('A_Complete', 'W_Call after offers|suspend')","('workload', ('A_Complete', 'W_Call after offers|suspend'))",7.181818181818182,31
158,158,workload,"('W_Call after offers|resume', 'W_Call after offers|suspend')","('workload', ('W_Call after offers|resume', 'W_Call after offers|suspend'))",53.0,31
159,159,workload,"('W_Validate application|suspend', 'W_Validate application|ate_abort')","('workload', ('W_Validate application|suspend', 'W_Validate application|ate_abort'))",3.0,31
160,160,workload,"('W_Call incomplete files|suspend', 'W_Call incomplete files|resume')","('workload', ('W_Call incomplete files|suspend', 'W_Call incomplete files|resume'))",10.0,31
161,161,workload,"('W_Complete application|schedule', 'W_Complete application|start')","('workload', ('W_Complete application|schedule', 'W_Complete application|start'))",4.619047619047619,31
162,162,workload,"('W_Complete application|start', 'A_Concept')","('workload', ('W_Complete application|start', 'A_Concept'))",3.8333333333333335,31
163,163,enter,"('W_Call after offers|ate_abort', 'W_Validate application|schedule')","('enter', ('W_Call after offers|ate_abort', 'W_Validate application|schedule'))",118,33
164,164,enter,"('A_Validating', 'O_Returned')","('enter', ('A_Validating', 'O_Returned'))",120,33
165,165,enter,"('O_Returned', 'W_Validate application|suspend')","('enter', ('O_Returned', 'W_Validate application|suspend'))",124,33
166,166,exit,"('W_Call after offers|ate_abort', 'W_Validate application|schedule')","('exit', ('W_Call after offers|ate_abort', 'W_Validate application|schedule'))",118,33
167,167,exit,"('A_Validating', 'O_Returned')","('exit', ('A_Validating', 'O_Returned'))",120,33
168,168,exit,"('O_Returned', 'W_Validate application|suspend')","('exit', ('O_Returned', 'W_Validate application|suspend'))",124,33
169,169,workload,"('W_Call after offers|ate_abort', 'W_Validate application|schedule')","('workload', ('W_Call after offers|ate_abort', 'W_Validate application|schedule'))",23.6,33
170,170,workload,"('A_Validating', 'O_Returned')","('workload', ('A_Validating', 'O_Returned'))",24.0,33
171,171,handover,"('W_Call after offers|suspend', 'W_Call after offers|resume')","('handover', ('W_Call after offers|suspend', 'W_Call after offers|resume'))",11.0,36
172,172,workload,"('W_Complete application|start', 'W_Complete application|suspend')","('workload', ('W_Complete application|start', 'W_Complete application|suspend'))",6.0,36
173,173,workload,"('A_Accepted', 'O_Create Offer')","('workload', ('A_Accepted', 'O_Create Offer'))",7.222222222222222,36
174,174,workload,"('O_Create Offer', 'O_Created')","('workload', ('O_Create Offer', 'O_Created'))",9.444444444444445,36
175,175,workload,"('O_Created', 'O_Sent (mail and online)')","('workload', ('O_Created', 'O_Sent (mail and online)'))",8.11111111111111,36
176,176,workload,"('O_Sent (mail and online)', 'W_Complete application|ate_abort')","('workload', ('O_Sent (mail and online)', 'W_Complete application|ate_abort'))",3.125,36
177,177,workload,"('W_Complete application|ate_abort', 'W_Call after offers|schedule')","('workload', ('W_Complete application|ate_abort', 'W_Call after offers|schedule'))",3.125,36
178,178,workload,"('W_Call after offers|schedule', 'W_Call after offers|start')","('workload', ('W_Call after offers|schedule', 'W_Call after offers|start'))",7.1,36
179,179,workload,"('W_Call after offers|start', 'A_Complete')","('workload', ('W_Call after offers|start', 'A_Complete'))",7.777777777777778,36
180,180,workload,"('A_Complete', 'W_Call after offers|suspend')","('workload', ('A_Complete', 'W_Call after offers|suspend'))",7.555555555555555,36
181,181,workload,"('W_Call incomplete files|ate_abort', 'W_Validate application|schedule')","('workload', ('W_Call incomplete files|ate_abort', 'W_Validate application|schedule'))",9.5,36
182,182,workload,"('O_Sent (mail and online)', 'W_Complete application|complete')","('workload', ('O_Sent (mail and online)', 'W_Complete application|complete'))",4.777777777777778,36
183,183,workload,"('W_Complete application|complete', 'W_Call after offers|schedule')","('workload', ('W_Complete application|complete', 'W_Call after offers|schedule'))",4.777777777777778,36
184,184,workload,"('W_Complete application|start', 'W_Complete application|suspend')","('workload', ('W_Complete application|start', 'W_Complete application|suspend'))",5.714285714285714,38
185,185,workload,"('A_Accepted', 'O_Create Offer')","('workload', ('A_Accepted', 'O_Create Offer'))",7.0,38
186,186,workload,"('O_Create Offer', 'O_Created')","('workload', ('O_Create Offer', 'O_Created'))",9.0,38
187,187,workload,"('O_Created', 'O_Sent (mail and online)')","('workload', ('O_Created', 'O_Sent (mail and online)'))",8.333333333333334,38
188,188,workload,"('W_Call after offers|schedule', 'W_Call after offers|start')","('workload', ('W_Call after offers|schedule', 'W_Call after offers|start'))",7.166666666666667,38
189,189,workload,"('W_Call after offers|start', 'A_Complete')","('workload', ('W_Call after offers|start', 'A_Complete'))",7.166666666666667,38
190,190,workload,"('A_Complete', 'W_Call after offers|suspend')","('workload', ('A_Complete', 'W_Call after offers|suspend'))",6.583333333333333,38
191,191,workload,"('A_Validating', 'O_Returned')","('workload', ('A_Validating', 'O_Returned'))",23.666666666666668,38
192,192,workload,"('O_Returned', 'W_Validate application|suspend')","('workload', ('O_Returned', 'W_Validate application|suspend'))",23.666666666666668,38
193,193,workload,"('W_Complete application|schedule', 'W_Complete application|start')","('workload', ('W_Complete application|schedule', 'W_Complete application|start'))",5.545454545454546,38
194,194,enter,"('W_Complete application|start', 'W_Complete application|suspend')","('enter', ('W_Complete application|start', 'W_Complete application|suspend'))",63,39
195,195,enter,"('W_Call after offers|resume', 'W_Call after offers|suspend')","('enter', ('W_Call after offers|resume', 'W_Call after offers|suspend'))",305,39
196,196,enter,"('W_Call after offers|suspend', 'W_Call after offers|ate_abort')","('enter', ('W_Call after offers|suspend', 'W_Call after offers|ate_abort'))",194,39
197,197,enter,"('W_Validate application|suspend', 'W_Validate application|resume')","('enter', ('W_Validate application|suspend', 'W_Validate application|resume'))",231,39
198,198,enter,"('W_Validate application|resume', 'W_Validate application|suspend')","('enter', ('W_Validate application|resume', 'W_Validate application|suspend'))",163,39
199,199,exit,"('A_Concept', 'W_Complete application|start')","('exit', ('A_Concept', 'W_Complete application|start'))",82,39
200,200,exit,"('W_Complete application|start', 'W_Complete application|suspend')","('exit', ('W_Complete application|start', 'W_Complete application|suspend'))",63,39
201,201,exit,"('W_Call after offers|suspend', 'W_Call after offers|resume')","('exit', ('W_Call after offers|suspend', 'W_Call after offers|resume'))",290,39
202,202,exit,"('W_Call after offers|resume', 'W_Call after offers|suspend')","('exit', ('W_Call after offers|resume', 'W_Call after offers|suspend'))",305,39
203,203,exit,"('W_Validate application|resume', 'W_Validate application|suspend')","('exit', ('W_Validate application|resume', 'W_Validate application|suspend'))",163,39
204,204,workload,"('W_Call after offers|suspend', 'W_Call after offers|resume')","('workload', ('W_Call after offers|suspend', 'W_Call after offers|resume'))",7.333333333333333,39
205,205,workload,"('W_Call after offers|resume', 'W_Call after offers|suspend')","('workload', ('W_Call after offers|resume', 'W_Call after offers|suspend'))",50.833333333333336,39
206,206,workload,"('W_Validate application|suspend', 'W_Validate application|resume')","('workload', ('W_Validate application|suspend', 'W_Validate application|resume'))",8.571428571428571,39
207,207,workload,"('W_Validate application|resume', 'W_Validate application|suspend')","('workload', ('W_Validate application|resume', 'W_Validate application|suspend'))",16.3,39
208,208,enter,"('W_Call after offers|ate_abort', 'W_Validate application|schedule')","('enter', ('W_Call after offers|ate_abort', 'W_Validate application|schedule'))",119,40
209,209,enter,"('W_Validate application|schedule', 'W_Validate application|start')","('enter', ('W_Validate application|schedule', 'W_Validate application|start'))",188,40
210,210,enter,"('W_Validate application|start', 'A_Validating')","('enter', ('W_Validate application|start', 'A_Validating'))",188,40
211,211,enter,"('A_Validating', 'O_Returned')","('enter', ('A_Validating', 'O_Returned'))",118,40
212,212,enter,"('O_Returned', 'W_Validate application|suspend')","('enter', ('O_Returned', 'W_Validate application|suspend'))",117,40
213,213,enter,"('W_Validate application|suspend', 'W_Validate application|resume')","('enter', ('W_Validate application|suspend', 'W_Validate application|resume'))",224,40
214,214,exit,"('W_Call after offers|ate_abort', 'W_Validate application|schedule')","('exit', ('W_Call after offers|ate_abort', 'W_Validate application|schedule'))",119,40
215,215,exit,"('W_Validate application|schedule', 'W_Validate application|start')","('exit', ('W_Validate application|schedule', 'W_Validate application|start'))",188,40
216,216,exit,"('W_Validate application|start', 'A_Validating')","('exit', ('W_Validate application|start', 'A_Validating'))",188,40
217,217,exit,"('A_Validating', 'O_Returned')","('exit', ('A_Validating', 'O_Returned'))",118,40
218,218,exit,"('O_Returned', 'W_Validate application|suspend')","('exit', ('O_Returned', 'W_Validate application|suspend'))",117,40
219,219,handover,"('W_Call after offers|suspend', 'W_Call after offers|resume')","('handover', ('W_Call after offers|suspend', 'W_Call after offers|resume'))",10.0,40
220,220,workload,"('W_Call after offers|resume', 'W_Call after offers|suspend')","('workload', ('W_Call after offers|resume', 'W_Call after offers|suspend'))",73.0,40
221,221,workload,"('W_Call after offers|ate_abort', 'W_Validate application|schedule')","('workload', ('W_Call after offers|ate_abort', 'W_Validate application|schedule'))",23.8,40
222,222,workload,"('A_Validating', 'O_Returned')","('workload', ('A_Validating', 'O_Returned'))",23.6,40
223,223,workload,"('O_Returned', 'W_Validate application|suspend')","('workload', ('O_Returned', 'W_Validate application|suspend'))",23.4,40
224,224,workload,"('W_Validate application|suspend', 'W_Validate application|resume')","('workload', ('W_Validate application|suspend', 'W_Validate application|resume'))",10.714285714285714,40
225,225,workload,"('A_Accepted', 'O_Create Offer')","('workload', ('A_Accepted', 'O_Create Offer'))",7.846153846153846,41
226,226,workload,"('O_Create Offer', 'O_Created')","('workload', ('O_Create Offer', 'O_Created'))",9.466666666666667,41
227,227,workload,"('O_Created', 'O_Sent (mail and online)')","('workload', ('O_Created', 'O_Sent (mail and online)'))",8.071428571428571,41
228,228,workload,"('O_Sent (mail and online)', 'W_Complete application|ate_abort')","('workload', ('O_Sent (mail and online)', 'W_Complete application|ate_abort'))",3.5555555555555554,41
229,229,workload,"('W_Complete application|ate_abort', 'W_Call after offers|schedule')","('workload', ('W_Complete application|ate_abort', 'W_Call after offers|schedule'))",3.5555555555555554,41
230,230,workload,"('W_Call after offers|schedule', 'W_Call after offers|start')","('workload', ('W_Call after offers|schedule', 'W_Call after offers|start'))",7.846153846153846,41
231,231,workload,"('W_Call after offers|start', 'A_Complete')","('workload', ('W_Call after offers|start', 'A_Complete'))",7.846153846153846,41
232,232,workload,"('A_Complete', 'W_Call after offers|suspend')","('workload', ('A_Complete', 'W_Call after offers|suspend'))",8.0,41
233,233,workload,"('W_Complete application|suspend', 'W_Complete application|resume')","('workload', ('W_Complete application|suspend', 'W_Complete application|resume'))",4.375,41
234,234,workload,"('O_Sent (mail and online)', 'W_Complete application|complete')","('workload', ('O_Sent (mail and online)', 'W_Complete application|complete'))",5.5,41
235,235,workload,"('W_Complete application|complete', 'W_Call after offers|schedule')","('workload', ('W_Complete application|complete', 'W_Call after offers|schedule'))",5.583333333333333,41
236,236,workload,"('W_Complete application|start', 'A_Concept')","('workload', ('W_Complete application|start', 'A_Concept'))",3.2222222222222223,41
237,237,workload,"('W_Complete application|resume', 'W_Complete application|suspend')","('workload', ('W_Complete application|resume', 'W_Complete application|suspend'))",6.7,41
238,238,workload,"('W_Complete application|start', 'W_Complete application|suspend')","('workload', ('W_Complete application|start', 'W_Complete application|suspend'))",5.571428571428571,43
239,239,workload,"('W_Call incomplete files|ate_abort', 'W_Validate application|schedule')","('workload', ('W_Call incomplete files|ate_abort', 'W_Validate application|schedule'))",9.0,43
240,240,workload,"('A_Validating', 'W_Validate application|suspend')","('workload', ('A_Validating', 'W_Validate application|suspend'))",8.5,43
241,241,enter,"('O_Create Offer', 'O_Created')","('enter', ('O_Create Offer', 'O_Created'))",199,45
242,242,enter,"('W_Call after offers|resume', 'W_Call after offers|suspend')","('enter', ('W_Call after offers|resume', 'W_Call after offers|suspend'))",246,45
243,243,enter,"('W_Call after offers|suspend', 'W_Call after offers|ate_abort')","('enter', ('W_Call after offers|suspend', 'W_Call after offers|ate_abort'))",174,45
244,244,enter,"('W_Complete application|schedule', 'W_Complete application|start')","('enter', ('W_Complete application|schedule', 'W_Complete application|start'))",78,45
245,245,enter,"('W_Complete application|start', 'A_Concept')","('enter', ('W_Complete application|start', 'A_Concept'))",56,45
246,246,exit,"('O_Create Offer', 'O_Created')","('exit', ('O_Create Offer', 'O_Created'))",199,45
247,247,exit,"('W_Call after offers|suspend', 'W_Call after offers|resume')","('exit', ('W_Call after offers|suspend', 'W_Call after offers|resume'))",239,45
248,248,exit,"('W_Call after offers|resume', 'W_Call after offers|suspend')","('exit', ('W_Call after offers|resume', 'W_Call after offers|suspend'))",246,45
249,249,exit,"('W_Complete application|schedule', 'W_Complete application|start')","('exit', ('W_Complete application|schedule', 'W_Complete application|start'))",78,45
250,250,exit,"('W_Complete application|start', 'A_Concept')","('exit', ('W_Complete application|start', 'A_Concept'))",56,45
251,251,handover,"('W_Call after offers|suspend', 'W_Call after offers|resume')","('handover', ('W_Call after offers|suspend', 'W_Call after offers|resume'))",14.0,45
252,252,workload,"('W_Call after offers|suspend', 'W_Call after offers|resume')","('workload', ('W_Call after offers|suspend', 'W_Call after offers|resume'))",8.5,45
253,253,workload,"('W_Call after offers|resume', 'W_Call after offers|suspend')","('workload', ('W_Call after offers|resume', 'W_Call after offers|suspend'))",123.0,45
254,254,enter,"('W_Validate application|suspend', 'W_Validate application|resume')","('enter', ('W_Validate application|suspend', 'W_Validate application|resume'))",305,46
255,255,enter,"('W_Validate application|resume', 'W_Validate application|suspend')","('enter', ('W_Validate application|resume', 'W_Validate application|suspend'))",258,46
256,256,exit,"('W_Validate application|suspend', 'W_Validate application|resume')","('exit', ('W_Validate application|suspend', 'W_Validate application|resume'))",312,46
257,257,exit,"('W_Validate application|resume', 'W_Validate application|suspend')","('exit', ('W_Validate application|resume', 'W_Validate application|suspend'))",258,46
258,258,handover,"('W_Call after offers|suspend', 'W_Call after offers|resume')","('handover', ('W_Call after offers|suspend', 'W_Call after offers|resume'))",12.0,46
259,259,workload,"('W_Call after offers|resume', 'W_Call after offers|suspend')","('workload', ('W_Call after offers|resume', 'W_Call after offers|suspend'))",57.0,46
260,260,workload,"('W_Validate application|resume', 'W_Validate application|suspend')","('workload', ('W_Validate application|resume', 'W_Validate application|suspend'))",19.76923076923077,46
261,261,enter,"('O_Returned', 'W_Validate application|suspend')","('enter', ('O_Returned', 'W_Validate application|suspend'))",108,47
262,262,enter,"('W_Validate application|complete', 'W_Call incomplete files|schedule')","('enter', ('W_Validate application|complete', 'W_Call incomplete files|schedule'))",57,47
263,263,exit,"('O_Returned', 'W_Validate application|suspend')","('exit', ('O_Returned', 'W_Validate application|suspend'))",108,47
264,264,exit,"('W_Validate application|complete', 'W_Call incomplete files|schedule')","('exit', ('W_Validate application|complete', 'W_Call incomplete files|schedule'))",57,47
265,265,workload,"('W_Validate application|complete', 'W_Call incomplete files|schedule')","('workload', ('W_Validate application|complete', 'W_Call incomplete files|schedule'))",6.333333333333333,47
266,266,enter,"('W_Validate application|suspend', 'W_Validate application|resume')","('enter', ('W_Validate application|suspend', 'W_Validate application|resume'))",248,48
267,267,enter,"('W_Validate application|resume', 'W_Validate application|suspend')","('enter', ('W_Validate application|resume', 'W_Validate application|suspend'))",175,48
268,268,enter,"('W_Validate application|complete', 'W_Call incomplete files|schedule')","('enter', ('W_Validate application|complete', 'W_Call incomplete files|schedule'))",60,48
269,269,exit,"('W_Validate application|suspend', 'W_Validate application|resume')","('exit', ('W_Validate application|suspend', 'W_Validate application|resume'))",259,48
270,270,exit,"('W_Validate application|resume', 'W_Validate application|suspend')","('exit', ('W_Validate application|resume', 'W_Validate application|suspend'))",175,48
271,271,exit,"('W_Validate application|complete', 'W_Call incomplete files|schedule')","('exit', ('W_Validate application|complete', 'W_Call incomplete files|schedule'))",60,48
272,272,workload,"('W_Validate application|resume', 'W_Validate application|suspend')","('workload', ('W_Validate application|resume', 'W_Validate application|suspend'))",17.5,48
273,273,workload,"('W_Validate application|complete', 'W_Call incomplete files|schedule')","('workload', ('W_Validate application|complete', 'W_Call incomplete files|schedule'))",6.0,48
274,274,enter,"('W_Validate application|complete', 'W_Call incomplete files|schedule')","('enter', ('W_Validate application|complete', 'W_Call incomplete files|schedule'))",65,49
275,275,exit,"('W_Validate application|complete', 'W_Call incomplete files|schedule')","('exit', ('W_Validate application|complete', 'W_Call incomplete files|schedule'))",65,49
276,276,workload,"('W_Validate application|complete', 'W_Call incomplete files|schedule')","('workload', ('W_Validate application|complete', 'W_Call incomplete files|schedule'))",5.909090909090909,49
277,277,handover,"('W_Complete application|suspend', 'W_Complete application|resume')","('handover', ('W_Complete application|suspend', 'W_Complete application|resume'))",2.4444444444444446,50
278,278,workload,"('O_Create Offer', 'O_Created')","('workload', ('O_Create Offer', 'O_Created'))",9.125,50
279,279,workload,"('O_Sent (mail and online)', 'W_Complete application|ate_abort')","('workload', ('O_Sent (mail and online)', 'W_Complete application|ate_abort'))",3.2857142857142856,50
280,280,workload,"('W_Complete application|ate_abort', 'W_Call after offers|schedule')","('workload', ('W_Complete application|ate_abort', 'W_Call after offers|schedule'))",3.2857142857142856,50
281,281,enter,"('O_Accepted', 'A_Pending')","('enter', ('O_Accepted', 'A_Pending'))",223,52
282,282,enter,"('W_Complete application|suspend', 'W_Complete application|resume')","('enter', ('W_Complete application|suspend', 'W_Complete application|resume'))",129,52
283,283,enter,"('W_Complete application|resume', 'W_Complete application|suspend')","('enter', ('W_Complete application|resume', 'W_Complete application|suspend'))",80,52
284,284,exit,"('O_Accepted', 'A_Pending')","('exit', ('O_Accepted', 'A_Pending'))",223,52
285,285,exit,"('W_Complete application|suspend', 'W_Complete application|resume')","('exit', ('W_Complete application|suspend', 'W_Complete application|resume'))",114,52
286,286,exit,"('W_Complete application|resume', 'W_Complete application|suspend')","('exit', ('W_Complete application|resume', 'W_Complete application|suspend'))",80,52
287,287,workload,"('O_Accepted', 'A_Pending')","('workload', ('O_Accepted', 'A_Pending'))",20.272727272727273,52
288,288,workload,"('W_Validate application|suspend', 'W_Validate application|resume')","('workload', ('W_Validate application|suspend', 'W_Validate application|resume'))",8.428571428571429,52
289,289,workload,"('W_Complete application|start', 'A_Concept')","('workload', ('W_Complete application|start', 'A_Concept'))",3.3333333333333335,52
290,290,enter,"('W_Complete application|start', 'W_Complete application|suspend')","('enter', ('W_Complete application|start', 'W_Complete application|suspend'))",92,53
291,291,enter,"('A_Accepted', 'O_Create Offer')","('enter', ('A_Accepted', 'O_Create Offer'))",188,53
292,292,enter,"('O_Create Offer', 'O_Created')","('enter', ('O_Create Offer', 'O_Created'))",251,53
293,293,enter,"('O_Created', 'O_Sent (mail and online)')","('enter', ('O_Created', 'O_Sent (mail and online)'))",218,53
294,294,enter,"('O_Sent (mail and online)', 'W_Complete application|ate_abort')","('enter', ('O_Sent (mail and online)', 'W_Complete application|ate_abort'))",70,53
295,295,enter,"('W_Complete application|ate_abort', 'W_Call after offers|schedule')","('enter', ('W_Complete application|ate_abort', 'W_Call after offers|schedule'))",70,53
296,296,enter,"('W_Call after offers|schedule', 'W_Call after offers|start')","('enter', ('W_Call after offers|schedule', 'W_Call after offers|start'))",196,53
297,297,enter,"('W_Call after offers|start', 'A_Complete')","('enter', ('W_Call after offers|start', 'A_Complete'))",196,53
298,298,enter,"('A_Complete', 'W_Call after offers|suspend')","('enter', ('A_Complete', 'W_Call after offers|suspend'))",189,53
299,299,enter,"('W_Call after offers|suspend', 'W_Call after offers|resume')","('enter', ('W_Call after offers|suspend', 'W_Call after offers|resume'))",176,53
300,300,enter,"('W_Complete application|suspend', 'W_Complete application|resume')","('enter', ('W_Complete application|suspend', 'W_Complete application|resume'))",111,53
301,301,enter,"('O_Sent (mail and online)', 'W_Complete application|complete')","('enter', ('O_Sent (mail and online)', 'W_Complete application|complete'))",120,53
302,302,enter,"('W_Complete application|complete', 'W_Call after offers|schedule')","('enter', ('W_Complete application|complete', 'W_Call after offers|schedule'))",122,53
303,303,enter,"('W_Validate application|resume', 'W_Validate application|suspend')","('enter', ('W_Validate application|resume', 'W_Validate application|suspend'))",159,53
304,304,enter,"('W_Complete application|resume', 'W_Complete application|suspend')","('enter', ('W_Complete application|resume', 'W_Complete application|suspend'))",85,53
305,305,exit,"('A_Concept', 'W_Complete application|start')","('exit', ('A_Concept', 'W_Complete application|start'))",127,53
306,306,exit,"('W_Complete application|start', 'W_Complete application|suspend')","('exit', ('W_Complete application|start', 'W_Complete application|suspend'))",92,53
307,307,exit,"('A_Accepted', 'O_Create Offer')","('exit', ('A_Accepted', 'O_Create Offer'))",188,53
308,308,exit,"('O_Create Offer', 'O_Created')","('exit', ('O_Create Offer', 'O_Created'))",251,53
309,309,exit,"('O_Created', 'O_Sent (mail and online)')","('exit', ('O_Created', 'O_Sent (mail and online)'))",217,53
310,310,exit,"('O_Sent (mail and online)', 'W_Complete application|ate_abort')","('exit', ('O_Sent (mail and online)', 'W_Complete application|ate_abort'))",70,53
311,311,exit,"('W_Complete application|ate_abort', 'W_Call after offers|schedule')","('exit', ('W_Complete application|ate_abort', 'W_Call after offers|schedule'))",70,53
312,312,exit,"('W_Call after offers|schedule', 'W_Call after offers|start')","('exit', ('W_Call after offers|schedule', 'W_Call after offers|start'))",196,53
313,313,exit,"('W_Call after offers|start', 'A_Complete')","('exit', ('W_Call after offers|start', 'A_Complete'))",196,53
314,314,exit,"('A_Complete', 'W_Call after offers|suspend')","('exit', ('A_Complete', 'W_Call after offers|suspend'))",189,53
315,315,exit,"('W_Complete application|suspend', 'W_Complete application|resume')","('exit', ('W_Complete application|suspend', 'W_Complete application|resume'))",138,53
316,316,exit,"('O_Sent (mail and online)', 'W_Complete application|complete')","('exit', ('O_Sent (mail and online)', 'W_Complete application|complete'))",120,53
317,317,exit,"('W_Complete application|complete', 'W_Call after offers|schedule')","('exit', ('W_Complete application|complete', 'W_Call after offers|schedule'))",122,53
318,318,exit,"('W_Validate application|resume', 'W_Validate application|suspend')","('exit', ('W_Validate application|resume', 'W_Validate application|suspend'))",159,53
319,319,exit,"('W_Complete application|resume', 'W_Complete application|suspend')","('exit', ('W_Complete application|resume', 'W_Complete application|suspend'))",85,53
320,320,workload,"('A_Accepted', 'O_Create Offer')","('workload', ('A_Accepted', 'O_Create Offer'))",6.962962962962963,53
321,321,workload,"('O_Create Offer', 'O_Created')","('workload', ('O_Create Offer', 'O_Created'))",9.296296296296296,53
322,322,workload,"('O_Created', 'O_Sent (mail and online)')","('workload', ('O_Created', 'O_Sent (mail and online)'))",8.346153846153847,53
323,323,workload,"('O_Sent (mail and online)', 'W_Complete application|ate_abort')","('workload', ('O_Sent (mail and online)', 'W_Complete application|ate_abort'))",3.5,53
324,324,workload,"('W_Complete application|ate_abort', 'W_Call after offers|schedule')","('workload', ('W_Complete application|ate_abort', 'W_Call after offers|schedule'))",3.5,53
325,325,workload,"('W_Call after offers|schedule', 'W_Call after offers|start')","('workload', ('W_Call after offers|schedule', 'W_Call after offers|start'))",7.2592592592592595,53
326,326,workload,"('W_Call after offers|start', 'A_Complete')","('workload', ('W_Call after offers|start', 'A_Complete'))",7.2592592592592595,53
327,327,workload,"('A_Complete', 'W_Call after offers|suspend')","('workload', ('A_Complete', 'W_Call after offers|suspend'))",7.153846153846154,53
328,328,workload,"('W_Call incomplete files|suspend', 'W_Call incomplete files|resume')","('workload', ('W_Call incomplete files|suspend', 'W_Call incomplete files|resume'))",11.0,53
329,329,workload,"('W_Call incomplete files|resume', 'W_Call incomplete files|suspend')","('workload', ('W_Call incomplete files|resume', 'W_Call incomplete files|suspend'))",33.5,53
330,330,workload,"('O_Sent (mail and online)', 'W_Complete application|complete')","('workload', ('O_Sent (mail and online)', 'W_Complete application|complete'))",6.0,53
331,331,workload,"('W_Complete application|complete', 'W_Call after offers|schedule')","('workload', ('W_Complete application|complete', 'W_Call after offers|schedule'))",5.809523809523809,53
332,332,enter,"('W_Complete application|suspend', 'W_Complete application|resume')","('enter', ('W_Complete application|suspend', 'W_Complete application|resume'))",123,54
333,333,enter,"('W_Validate application|suspend', 'W_Validate application|resume')","('enter', ('W_Validate application|suspend', 'W_Validate application|resume'))",250,54
334,334,enter,"('W_Validate application|resume', 'W_Validate application|suspend')","('enter', ('W_Validate application|resume', 'W_Validate application|suspend'))",175,54
335,335,enter,"('W_Complete application|resume', 'W_Complete application|suspend')","('enter', ('W_Complete application|resume', 'W_Complete application|suspend'))",101,54
336,336,exit,"('W_Complete application|suspend', 'W_Complete application|resume')","('exit', ('W_Complete application|suspend', 'W_Complete application|resume'))",135,54
337,337,exit,"('W_Validate application|suspend', 'W_Validate application|resume')","('exit', ('W_Validate application|suspend', 'W_Validate application|resume'))",259,54
338,338,exit,"('W_Validate application|resume', 'W_Validate application|suspend')","('exit', ('W_Validate application|resume', 'W_Validate application|suspend'))",175,54
339,339,exit,"('W_Complete application|resume', 'W_Complete application|suspend')","('exit', ('W_Complete application|resume', 'W_Complete application|suspend'))",101,54
340,340,workload,"('O_Returned', 'W_Validate application|suspend')","('workload', ('O_Returned', 'W_Validate application|suspend'))",16.833333333333332,54
341,341,workload,"('W_Validate application|suspend', 'W_Validate application|resume')","('workload', ('W_Validate application|suspend', 'W_Validate application|resume'))",8.88888888888889,54
342,342,workload,"('W_Validate application|suspend', 'W_Validate application|resume')","('workload', ('W_Validate application|suspend', 'W_Validate application|resume'))",10.428571428571429,55
343,343,workload,"('W_Validate application|resume', 'W_Validate application|suspend')","('workload', ('W_Validate application|resume', 'W_Validate application|suspend'))",18.428571428571427,55
344,344,handover,"('W_Call incomplete files|suspend', 'W_Call incomplete files|ate_abort')","('handover', ('W_Call incomplete files|suspend', 'W_Call incomplete files|ate_abort'))",4.5,57
345,345,workload,"('A_Accepted', 'O_Create Offer')","('workload', ('A_Accepted', 'O_Create Offer'))",6.555555555555555,57
346,346,workload,"('O_Sent (mail and online)', 'W_Complete application|ate_abort')","('workload', ('O_Sent (mail and online)', 'W_Complete application|ate_abort'))",3.8333333333333335,57
347,347,workload,"('W_Complete application|ate_abort', 'W_Call after offers|schedule')","('workload', ('W_Complete application|ate_abort', 'W_Call after offers|schedule'))",3.8333333333333335,57
348,348,workload,"('W_Call after offers|schedule', 'W_Call after offers|start')","('workload', ('W_Call after offers|schedule', 'W_Call after offers|start'))",6.888888888888889,57
349,349,workload,"('W_Call after offers|start', 'A_Complete')","('workload', ('W_Call after offers|start', 'A_Complete'))",6.888888888888889,57
350,350,workload,"('A_Complete', 'W_Call after offers|suspend')","('workload', ('A_Complete', 'W_Call after offers|suspend'))",6.777777777777778,57
351,351,workload,"('W_Call incomplete files|ate_abort', 'W_Validate application|schedule')","('workload', ('W_Call incomplete files|ate_abort', 'W_Validate application|schedule'))",11.0,57
352,352,workload,"('A_Validating', 'W_Validate application|suspend')","('workload', ('A_Validating', 'W_Validate application|suspend'))",8.5,57
353,353,workload,"('O_Sent (mail and online)', 'W_Complete application|complete')","('workload', ('O_Sent (mail and online)', 'W_Complete application|complete'))",5.285714285714286,57
354,354,workload,"('W_Complete application|complete', 'W_Call after offers|schedule')","('workload', ('W_Complete application|complete', 'W_Call after offers|schedule'))",5.285714285714286,57
355,355,enter,"('W_Complete application|start', 'W_Complete application|suspend')","('enter', ('W_Complete application|start', 'W_Complete application|suspend'))",70,59
356,356,enter,"('W_Call after offers|suspend', 'W_Call after offers|resume')","('enter', ('W_Call after offers|suspend', 'W_Call after offers|resume'))",140,59
357,357,enter,"('W_Call after offers|resume', 'W_Call after offers|suspend')","('enter', ('W_Call after offers|resume', 'W_Call after offers|suspend'))",237,59
358,358,enter,"('W_Call after offers|suspend', 'W_Call after offers|ate_abort')","('enter', ('W_Call after offers|suspend', 'W_Call after offers|ate_abort'))",145,59
359,359,enter,"('W_Complete application|suspend', 'W_Complete application|resume')","('enter', ('W_Complete application|suspend', 'W_Complete application|resume'))",126,59
360,360,enter,"('W_Complete application|schedule', 'W_Complete application|start')","('enter', ('W_Complete application|schedule', 'W_Complete application|start'))",79,59
361,361,enter,"('W_Complete application|start', 'A_Concept')","('enter', ('W_Complete application|start', 'A_Concept'))",55,59
362,362,exit,"('W_Complete application|start', 'W_Complete application|suspend')","('exit', ('W_Complete application|start', 'W_Complete application|suspend'))",70,59
363,363,exit,"('W_Call after offers|suspend', 'W_Call after offers|resume')","('exit', ('W_Call after offers|suspend', 'W_Call after offers|resume'))",231,59
364,364,exit,"('W_Call after offers|resume', 'W_Call after offers|suspend')","('exit', ('W_Call after offers|resume', 'W_Call after offers|suspend'))",237,59
365,365,exit,"('W_Complete application|suspend', 'W_Complete application|resume')","('exit', ('W_Complete application|suspend', 'W_Complete application|resume'))",108,59
366,366,exit,"('W_Complete application|schedule', 'W_Complete application|start')","('exit', ('W_Complete application|schedule', 'W_Complete application|start'))",79,59
367,367,exit,"('W_Complete application|start', 'A_Concept')","('exit', ('W_Complete application|start', 'A_Concept'))",55,59
368,368,workload,"('W_Call incomplete files|suspend', 'W_Call incomplete files|resume')","('workload', ('W_Call incomplete files|suspend', 'W_Call incomplete files|resume'))",13.0,59
369,369,workload,"('W_Complete application|schedule', 'W_Complete application|start')","('workload', ('W_Complete application|schedule', 'W_Complete application|start'))",4.157894736842105,59
370,370,workload,"('W_Complete application|start', 'A_Concept')","('workload', ('W_Complete application|start', 'A_Concept'))",3.235294117647059,59
371,371,enter,"('W_Complete application|suspend', 'W_Complete application|resume')","('enter', ('W_Complete application|suspend', 'W_Complete application|resume'))",131,60
372,372,enter,"('W_Complete application|resume', 'W_Complete application|suspend')","('enter', ('W_Complete application|resume', 'W_Complete application|suspend'))",104,60
373,373,exit,"('W_Complete application|suspend', 'W_Complete application|resume')","('exit', ('W_Complete application|suspend', 'W_Complete application|resume'))",142,60
374,374,exit,"('W_Complete application|resume', 'W_Complete application|suspend')","('exit', ('W_Complete application|resume', 'W_Complete application|suspend'))",104,60
375,375,workload,"('W_Validate application|suspend', 'W_Validate application|ate_abort')","('workload', ('W_Validate application|suspend', 'W_Validate application|ate_abort'))",2.5,60
376,376,enter,"('O_Sent (mail and online)', 'W_Complete application|ate_abort')","('enter', ('O_Sent (mail and online)', 'W_Complete application|ate_abort'))",55,61
377,377,enter,"('W_Complete application|ate_abort', 'W_Call after offers|schedule')","('enter', ('W_Complete application|ate_abort', 'W_Call after offers|schedule'))",55,61
378,378,enter,"('W_Call after offers|ate_abort', 'W_Validate application|schedule')","('enter', ('W_Call after offers|ate_abort', 'W_Validate application|schedule'))",125,61
379,379,enter,"('A_Validating', 'O_Returned')","('enter', ('A_Validating', 'O_Returned'))",122,61
380,380,enter,"('O_Returned', 'W_Validate application|suspend')","('enter', ('O_Returned', 'W_Validate application|suspend'))",121,61
381,381,exit,"('O_Sent (mail and online)', 'W_Complete application|ate_abort')","('exit', ('O_Sent (mail and online)', 'W_Complete application|ate_abort'))",55,61
382,382,exit,"('W_Complete application|ate_abort', 'W_Call after offers|schedule')","('exit', ('W_Complete application|ate_abort', 'W_Call after offers|schedule'))",55,61
383,383,exit,"('W_Call after offers|suspend', 'W_Call after offers|ate_abort')","('exit', ('W_Call after offers|suspend', 'W_Call after offers|ate_abort'))",118,61
384,384,exit,"('W_Call after offers|ate_abort', 'W_Validate application|schedule')","('exit', ('W_Call after offers|ate_abort', 'W_Validate application|schedule'))",125,61
385,385,exit,"('A_Validating', 'O_Returned')","('exit', ('A_Validating', 'O_Returned'))",122,61
386,386,exit,"('O_Returned', 'W_Validate application|suspend')","('exit', ('O_Returned', 'W_Validate application|suspend'))",121,61
387,387,workload,"('A_Validating', 'O_Returned')","('workload', ('A_Validating', 'O_Returned'))",20.333333333333332,61
388,388,workload,"('O_Returned', 'W_Validate application|suspend')","('workload', ('O_Returned', 'W_Validate application|suspend'))",24.0,61
389,389,workload,"('W_Call incomplete files|schedule', 'W_Call incomplete files|start')","('workload', ('W_Call incomplete files|schedule', 'W_Call incomplete files|start'))",8.272727272727273,61
390,390,workload,"('W_Call incomplete files|start', 'A_Incomplete')","('workload', ('W_Call incomplete files|start', 'A_Incomplete'))",8.272727272727273,61
391,391,enter,"('W_Call incomplete files|suspend', 'W_Call incomplete files|resume')","('enter', ('W_Call incomplete files|suspend', 'W_Call incomplete files|resume'))",229,63
392,392,enter,"('W_Call incomplete files|resume', 'W_Call incomplete files|suspend')","('enter', ('W_Call incomplete files|resume', 'W_Call incomplete files|suspend'))",216,63
393,393,exit,"('W_Call incomplete files|suspend', 'W_Call incomplete files|resume')","('exit', ('W_Call incomplete files|suspend', 'W_Call incomplete files|resume'))",235,63
394,394,exit,"('W_Call incomplete files|resume', 'W_Call incomplete files|suspend')","('exit', ('W_Call incomplete files|resume', 'W_Call incomplete files|suspend'))",216,63
395,395,handover,"('A_Accepted', 'O_Create Offer')","('handover', ('A_Accepted', 'O_Create Offer'))",2.0,63
396,396,workload,"('W_Validate application|complete', 'W_Call incomplete files|schedule')","('workload', ('W_Validate application|complete', 'W_Call incomplete files|schedule'))",6.0,63
397,397,handover,"('W_Call after offers|suspend', 'W_Call after offers|resume')","('handover', ('W_Call after offers|suspend', 'W_Call after offers|resume'))",14.0,64
398,398,handover,"('W_Call incomplete files|suspend', 'W_Call incomplete files|ate_abort')","('handover', ('W_Call incomplete files|suspend', 'W_Call incomplete files|ate_abort'))",4.5,64
399,399,workload,"('W_Call after offers|resume', 'W_Call after offers|suspend')","('workload', ('W_Call after offers|resume', 'W_Call after offers|suspend'))",98.0,64
400,400,workload,"('W_Call incomplete files|ate_abort', 'W_Validate application|schedule')","('workload', ('W_Call incomplete files|ate_abort', 'W_Validate application|schedule'))",13.5,64
401,401,enter,"('W_Validate application|suspend', 'W_Validate application|resume')","('enter', ('W_Validate application|suspend', 'W_Validate application|resume'))",237,67
402,402,enter,"('W_Validate application|resume', 'W_Validate application|suspend')","('enter', ('W_Validate application|resume', 'W_Validate application|suspend'))",164,67
403,403,exit,"('W_Validate application|suspend', 'W_Validate application|resume')","('exit', ('W_Validate application|suspend', 'W_Validate application|resume'))",262,67
404,404,exit,"('W_Validate application|resume', 'W_Validate application|suspend')","('exit', ('W_Validate application|resume', 'W_Validate application|suspend'))",164,67
405,405,workload,"('A_Validating', 'O_Returned')","('workload', ('A_Validating', 'O_Returned'))",18.75,67
406,406,workload,"('O_Returned', 'W_Validate application|suspend')","('workload', ('O_Returned', 'W_Validate application|suspend'))",18.75,67
407,407,workload,"('W_Validate application|suspend', 'W_Validate application|resume')","('workload', ('W_Validate application|suspend', 'W_Validate application|resume'))",8.4,67
408,408,enter,"('W_Call after offers|ate_abort', 'W_Validate application|schedule')","('enter', ('W_Call after offers|ate_abort', 'W_Validate application|schedule'))",132,68
409,409,enter,"('W_Validate application|schedule', 'W_Validate application|start')","('enter', ('W_Validate application|schedule', 'W_Validate application|start'))",217,68
410,410,enter,"('W_Validate application|start', 'A_Validating')","('enter', ('W_Validate application|start', 'A_Validating'))",216,68
411,411,enter,"('A_Validating', 'O_Returned')","('enter', ('A_Validating', 'O_Returned'))",135,68
412,412,enter,"('O_Returned', 'W_Validate application|suspend')","('enter', ('O_Returned', 'W_Validate application|suspend'))",133,68
413,413,enter,"('A_Validating', 'W_Validate application|suspend')","('enter', ('A_Validating', 'W_Validate application|suspend'))",78,68
414,414,enter,"('W_Validate application|suspend', 'W_Validate application|resume')","('enter', ('W_Validate application|suspend', 'W_Validate application|resume'))",236,68
415,415,enter,"('W_Validate application|complete', 'W_Call incomplete files|schedule')","('enter', ('W_Validate application|complete', 'W_Call incomplete files|schedule'))",62,68
416,416,exit,"('W_Call after offers|suspend', 'W_Call after offers|ate_abort')","('exit', ('W_Call after offers|suspend', 'W_Call after offers|ate_abort'))",128,68
417,417,exit,"('W_Call after offers|ate_abort', 'W_Validate application|schedule')","('exit', ('W_Call after offers|ate_abort', 'W_Validate application|schedule'))",132,68
418,418,exit,"('W_Validate application|schedule', 'W_Validate application|start')","('exit', ('W_Validate application|schedule', 'W_Validate application|start'))",217,68
419,419,exit,"('W_Validate application|start', 'A_Validating')","('exit', ('W_Validate application|start', 'A_Validating'))",216,68
420,420,exit,"('A_Validating', 'O_Returned')","('exit', ('A_Validating', 'O_Returned'))",135,68
421,421,exit,"('O_Returned', 'W_Validate application|suspend')","('exit', ('O_Returned', 'W_Validate application|suspend'))",133,68
422,422,exit,"('A_Validating', 'W_Validate application|suspend')","('exit', ('A_Validating', 'W_Validate application|suspend'))",78,68
423,423,exit,"('W_Validate application|complete', 'W_Call incomplete files|schedule')","('exit', ('W_Validate application|complete', 'W_Call incomplete files|schedule'))",62,68
424,424,handover,"('W_Complete application|suspend', 'W_Complete application|resume')","('handover', ('W_Complete application|suspend', 'W_Complete application|resume'))",2.7777777777777777,68
425,425,workload,"('W_Call after offers|ate_abort', 'W_Validate application|schedule')","('workload', ('W_Call after offers|ate_abort', 'W_Validate application|schedule'))",22.0,68
426,426,workload,"('A_Validating', 'O_Returned')","('workload', ('A_Validating', 'O_Returned'))",19.285714285714285,68
427,427,workload,"('O_Returned', 'W_Validate application|suspend')","('workload', ('O_Returned', 'W_Validate application|suspend'))",22.166666666666668,68
428,428,workload,"('W_Validate application|complete', 'W_Call incomplete files|schedule')","('workload', ('W_Validate application|complete', 'W_Call incomplete files|schedule'))",6.2,68
429,429,enter,"('W_Validate application|suspend', 'W_Validate application|resume')","('enter', ('W_Validate application|suspend', 'W_Validate application|resume'))",220,69
430,430,exit,"('W_Validate application|suspend', 'W_Validate application|resume')","('exit', ('W_Validate application|suspend', 'W_Validate application|resume'))",227,69
431,431,enter,"('W_Complete application|suspend', 'W_Complete application|resume')","('enter', ('W_Complete application|suspend', 'W_Complete application|resume'))",109,70
432,432,enter,"('W_Complete application|resume', 'W_Complete application|suspend')","('enter', ('W_Complete application|resume', 'W_Complete application|suspend'))",79,70
433,433,exit,"('W_Complete application|resume', 'W_Complete application|suspend')","('exit', ('W_Complete application|resume', 'W_Complete application|suspend'))",79,70
434,434,handover,"('W_Call after offers|suspend', 'W_Call after offers|ate_abort')","('handover', ('W_Call after offers|suspend', 'W_Call after offers|ate_abort'))",6.0,70
435,435,workload,"('W_Validate application|suspend', 'W_Validate application|ate_abort')","('workload', ('W_Validate application|suspend', 'W_Validate application|ate_abort'))",2.6666666666666665,70
436,436,workload,"('W_Validate application|complete', 'W_Call incomplete files|schedule')","('workload', ('W_Validate application|complete', 'W_Call incomplete files|schedule'))",6.142857142857143,70
437,437,handover,"('W_Call after offers|suspend', 'W_Call after offers|resume')","('handover', ('W_Call after offers|suspend', 'W_Call after offers|resume'))",16.0,71
438,438,workload,"('W_Call after offers|resume', 'W_Call after offers|suspend')","('workload', ('W_Call after offers|resume', 'W_Call after offers|suspend'))",68.5,71
439,439,workload,"('W_Call incomplete files|ate_abort', 'W_Validate application|schedule')","('workload', ('W_Call incomplete files|ate_abort', 'W_Validate application|schedule'))",9.0,71
440,440,workload,"('W_Complete application|start', 'W_Complete application|suspend')","('workload', ('W_Complete application|start', 'W_Complete application|suspend'))",5.75,73
441,441,workload,"('W_Call incomplete files|schedule', 'W_Call incomplete files|start')","('workload', ('W_Call incomplete files|schedule', 'W_Call incomplete files|start'))",8.8,73
442,442,workload,"('W_Call incomplete files|start', 'A_Incomplete')","('workload', ('W_Call incomplete files|start', 'A_Incomplete'))",8.8,73
443,443,workload,"('A_Incomplete', 'W_Call incomplete files|suspend')","('workload', ('A_Incomplete', 'W_Call incomplete files|suspend'))",8.7,73
444,444,workload,"('W_Call incomplete files|resume', 'W_Call incomplete files|suspend')","('workload', ('W_Call incomplete files|resume', 'W_Call incomplete files|suspend'))",30.25,73
445,445,handover,"('W_Call incomplete files|suspend', 'W_Call incomplete files|resume')","('handover', ('W_Call incomplete files|suspend', 'W_Call incomplete files|resume'))",6.333333333333333,74
446,446,enter,"('W_Call after offers|ate_abort', 'W_Validate application|schedule')","('enter', ('W_Call after offers|ate_abort', 'W_Validate application|schedule'))",122,75
447,447,enter,"('A_Validating', 'O_Returned')","('enter', ('A_Validating', 'O_Returned'))",124,75
448,448,enter,"('O_Returned', 'W_Validate application|suspend')","('enter', ('O_Returned', 'W_Validate application|suspend'))",123,75
449,449,enter,"('W_Validate application|suspend', 'W_Validate application|resume')","('enter', ('W_Validate application|suspend', 'W_Validate application|resume'))",284,75
450,450,enter,"('W_Validate application|resume', 'W_Validate application|suspend')","('enter', ('W_Validate application|resume', 'W_Validate application|suspend'))",182,75
451,451,exit,"('W_Call after offers|suspend', 'W_Call after offers|ate_abort')","('exit', ('W_Call after offers|suspend', 'W_Call after offers|ate_abort'))",116,75
452,452,exit,"('W_Call after offers|ate_abort', 'W_Validate application|schedule')","('exit', ('W_Call after offers|ate_abort', 'W_Validate application|schedule'))",122,75
453,453,exit,"('A_Validating', 'O_Returned')","('exit', ('A_Validating', 'O_Returned'))",124,75
454,454,exit,"('O_Returned', 'W_Validate application|suspend')","('exit', ('O_Returned', 'W_Validate application|suspend'))",123,75
455,455,exit,"('W_Validate application|suspend', 'W_Validate application|resume')","('exit', ('W_Validate application|suspend', 'W_Validate application|resume'))",245,75
456,456,exit,"('W_Validate application|resume', 'W_Validate application|suspend')","('exit', ('W_Validate application|resume', 'W_Validate application|suspend'))",182,75
457,457,workload,"('O_Returned', 'W_Validate application|suspend')","('workload', ('O_Returned', 'W_Validate application|suspend'))",17.571428571428573,75
458,458,workload,"('W_Validate application|suspend', 'W_Validate application|ate_abort')","('workload', ('W_Validate application|suspend', 'W_Validate application|ate_abort'))",2.5,75
459,459,workload,"('W_Validate application|suspend', 'W_Validate application|resume')","('workload', ('W_Validate application|suspend', 'W_Validate application|resume'))",9.7,75
460,460,enter,"('W_Complete application|start', 'W_Complete application|suspend')","('enter', ('W_Complete application|start', 'W_Complete application|suspend'))",59,76
461,461,enter,"('W_Validate application|resume', 'W_Validate application|suspend')","('enter', ('W_Validate application|resume', 'W_Validate application|suspend'))",150,76
462,462,exit,"('W_Complete application|start', 'W_Complete application|suspend')","('exit', ('W_Complete application|start', 'W_Complete application|suspend'))",59,76
463,463,exit,"('W_Validate application|resume', 'W_Validate application|suspend')","('exit', ('W_Validate application|resume', 'W_Validate application|suspend'))",150,76
464,464,workload,"('O_Sent (mail and online)', 'W_Complete application|ate_abort')","('workload', ('O_Sent (mail and online)', 'W_Complete application|ate_abort'))",3.0625,76
465,465,workload,"('W_Complete application|ate_abort', 'W_Call after offers|schedule')","('workload', ('W_Complete application|ate_abort', 'W_Call after offers|schedule'))",3.125,76
466,466,workload,"('W_Call incomplete files|suspend', 'W_Call incomplete files|resume')","('workload', ('W_Call incomplete files|suspend', 'W_Call incomplete files|resume'))",10.0,76
467,467,workload,"('W_Validate application|resume', 'W_Validate application|suspend')","('workload', ('W_Validate application|resume', 'W_Validate application|suspend'))",16.555555555555557,76
468,468,enter,"('O_Sent (mail and online)', 'W_Complete application|ate_abort')","('enter', ('O_Sent (mail and online)', 'W_Complete application|ate_abort'))",53,77
469,469,enter,"('W_Complete application|ate_abort', 'W_Call after offers|schedule')","('enter', ('W_Complete application|ate_abort', 'W_Call after offers|schedule'))",53,77
470,470,enter,"('W_Complete application|resume', 'W_Complete application|suspend')","('enter', ('W_Complete application|resume', 'W_Complete application|suspend'))",88,77
471,471,exit,"('O_Sent (mail and online)', 'W_Complete application|ate_abort')","('exit', ('O_Sent (mail and online)', 'W_Complete application|ate_abort'))",53,77
472,472,exit,"('W_Complete application|ate_abort', 'W_Call after offers|schedule')","('exit', ('W_Complete application|ate_abort', 'W_Call after offers|schedule'))",53,77
473,473,exit,"('W_Complete application|suspend', 'W_Complete application|resume')","('exit', ('W_Complete application|suspend', 'W_Complete application|resume'))",110,77
474,474,exit,"('W_Complete application|resume', 'W_Complete application|suspend')","('exit', ('W_Complete application|resume', 'W_Complete application|suspend'))",88,77
475,475,handover,"('W_Validate application|suspend', 'W_Validate application|ate_abort')","('handover', ('W_Validate application|suspend', 'W_Validate application|ate_abort'))",3.5,77
476,476,workload,"('W_Validate application|ate_abort', 'W_Call incomplete files|schedule')","('workload', ('W_Validate application|ate_abort', 'W_Call incomplete files|schedule'))",10.0,77
477,477,workload,"('W_Call incomplete files|schedule', 'W_Call incomplete files|start')","('workload', ('W_Call incomplete files|schedule', 'W_Call incomplete files|start'))",8.444444444444445,77
478,478,workload,"('W_Call incomplete files|start', 'A_Incomplete')","('workload', ('W_Call incomplete files|start', 'A_Incomplete'))",8.444444444444445,77
479,479,workload,"('A_Incomplete', 'W_Call incomplete files|suspend')","('workload', ('A_Incomplete', 'W_Call incomplete files|suspend'))",9.25,77
480,480,workload,"('W_Complete application|suspend', 'W_Complete application|resume')","('workload', ('W_Complete application|suspend', 'W_Complete application|resume'))",4.6,77
481,481,workload,"('W_Complete application|resume', 'W_Complete application|suspend')","('workload', ('W_Complete application|resume', 'W_Complete application|suspend'))",7.25,77
482,482,workload,"('W_Validate application|complete', 'W_Call incomplete files|schedule')","('workload', ('W_Validate application|complete', 'W_Call incomplete files|schedule'))",6.571428571428571,77
483,483,enter,"('W_Complete application|start', 'W_Complete application|suspend')","('enter', ('W_Complete application|start', 'W_Complete application|suspend'))",69,80
484,484,enter,"('A_Complete', 'W_Call after offers|suspend')","('enter', ('A_Complete', 'W_Call after offers|suspend'))",139,80
485,485,enter,"('W_Call after offers|suspend', 'W_Call after offers|resume')","('enter', ('W_Call after offers|suspend', 'W_Call after offers|resume'))",138,80
486,486,enter,"('W_Call after offers|resume', 'W_Call after offers|suspend')","('enter', ('W_Call after offers|resume', 'W_Call after offers|suspend'))",246,80
487,487,enter,"('W_Call after offers|suspend', 'W_Call after offers|ate_abort')","('enter', ('W_Call after offers|suspend', 'W_Call after offers|ate_abort'))",148,80
488,488,enter,"('W_Complete application|suspend', 'W_Complete application|resume')","('enter', ('W_Complete application|suspend', 'W_Complete application|resume'))",145,80
489,489,enter,"('O_Sent (mail and online)', 'W_Complete application|complete')","('enter', ('O_Sent (mail and online)', 'W_Complete application|complete'))",97,80
490,490,enter,"('W_Complete application|complete', 'W_Call after offers|schedule')","('enter', ('W_Complete application|complete', 'W_Call after offers|schedule'))",98,80
491,491,enter,"('W_Complete application|resume', 'W_Complete application|suspend')","('enter', ('W_Complete application|resume', 'W_Complete application|suspend'))",92,80
492,492,exit,"('A_Concept', 'W_Complete application|start')","('exit', ('A_Concept', 'W_Complete application|start'))",95,80
493,493,exit,"('W_Complete application|start', 'W_Complete application|suspend')","('exit', ('W_Complete application|start', 'W_Complete application|suspend'))",69,80
494,494,exit,"('A_Complete', 'W_Call after offers|suspend')","('exit', ('A_Complete', 'W_Call after offers|suspend'))",139,80
495,495,exit,"('W_Call after offers|suspend', 'W_Call after offers|resume')","('exit', ('W_Call after offers|suspend', 'W_Call after offers|resume'))",237,80
496,496,exit,"('W_Call after offers|resume', 'W_Call after offers|suspend')","('exit', ('W_Call after offers|resume', 'W_Call after offers|suspend'))",246,80
497,497,exit,"('W_Complete application|suspend', 'W_Complete application|resume')","('exit', ('W_Complete application|suspend', 'W_Complete application|resume'))",128,80
498,498,exit,"('O_Sent (mail and online)', 'W_Complete application|complete')","('exit', ('O_Sent (mail and online)', 'W_Complete application|complete'))",97,80
499,499,exit,"('W_Complete application|complete', 'W_Call after offers|schedule')","('exit', ('W_Complete application|complete', 'W_Call after offers|schedule'))",98,80
500,500,exit,"('W_Complete application|resume', 'W_Complete application|suspend')","('exit', ('W_Complete application|resume', 'W_Complete application|suspend'))",92,80
501,501,workload,"('W_Call incomplete files|suspend', 'W_Call incomplete files|resume')","('workload', ('W_Call incomplete files|suspend', 'W_Call incomplete files|resume'))",17.5,80
502,502,enter,"('O_Accepted', 'A_Pending')","('enter', ('O_Accepted', 'A_Pending'))",221,81
503,503,enter,"('W_Complete application|suspend', 'W_Complete application|resume')","('enter', ('W_Complete application|suspend', 'W_Complete application|resume'))",121,81
504,504,enter,"('W_Complete application|resume', 'W_Complete application|suspend')","('enter', ('W_Complete application|resume', 'W_Complete application|suspend'))",102,81
505,505,exit,"('O_Accepted', 'A_Pending')","('exit', ('O_Accepted', 'A_Pending'))",221,81
506,506,exit,"('W_Complete application|suspend', 'W_Complete application|resume')","('exit', ('W_Complete application|suspend', 'W_Complete application|resume'))",132,81
507,507,exit,"('W_Complete application|resume', 'W_Complete application|suspend')","('exit', ('W_Complete application|resume', 'W_Complete application|suspend'))",102,81
508,508,workload,"('O_Accepted', 'A_Pending')","('workload', ('O_Accepted', 'A_Pending'))",18.416666666666668,81
509,509,workload,"('W_Complete application|resume', 'W_Complete application|suspend')","('workload', ('W_Complete application|resume', 'W_Complete application|suspend'))",7.214285714285714,81
510,510,enter,"('W_Call after offers|ate_abort', 'W_Validate application|schedule')","('enter', ('W_Call after offers|ate_abort', 'W_Validate application|schedule'))",143,82
511,511,enter,"('W_Validate application|schedule', 'W_Validate application|start')","('enter', ('W_Validate application|schedule', 'W_Validate application|start'))",194,82
512,512,enter,"('W_Validate application|start', 'A_Validating')","('enter', ('W_Validate application|start', 'A_Validating'))",191,82
513,513,enter,"('A_Validating', 'O_Returned')","('enter', ('A_Validating', 'O_Returned'))",142,82
514,514,enter,"('O_Returned', 'W_Validate application|suspend')","('enter', ('O_Returned', 'W_Validate application|suspend'))",144,82
515,515,enter,"('W_Validate application|suspend', 'W_Validate application|resume')","('enter', ('W_Validate application|suspend', 'W_Validate application|resume'))",215,82
516,516,exit,"('W_Call after offers|suspend', 'W_Call after offers|ate_abort')","('exit', ('W_Call after offers|suspend', 'W_Call after offers|ate_abort'))",135,82
517,517,exit,"('W_Call after offers|ate_abort', 'W_Validate application|schedule')","('exit', ('W_Call after offers|ate_abort', 'W_Validate application|schedule'))",143,82
518,518,exit,"('W_Validate application|schedule', 'W_Validate application|start')","('exit', ('W_Validate application|schedule', 'W_Validate application|start'))",194,82
519,519,exit,"('W_Validate application|start', 'A_Validating')","('exit', ('W_Validate application|start', 'A_Validating'))",191,82
520,520,exit,"('A_Validating', 'O_Returned')","('exit', ('A_Validating', 'O_Returned'))",142,82
521,521,exit,"('O_Returned', 'W_Validate application|suspend')","('exit', ('O_Returned', 'W_Validate application|suspend'))",144,82
522,522,workload,"('W_Call after offers|ate_abort', 'W_Validate application|schedule')","('workload', ('W_Call after offers|ate_abort', 'W_Validate application|schedule'))",23.833333333333332,82
523,523,workload,"('W_Validate application|schedule', 'W_Validate application|start')","('workload', ('W_Validate application|schedule', 'W_Validate application|start'))",16.166666666666668,82
524,524,workload,"('W_Validate application|start', 'A_Validating')","('workload', ('W_Validate application|start', 'A_Validating'))",17.363636363636363,82
525,525,workload,"('A_Validating', 'O_Returned')","('workload', ('A_Validating', 'O_Returned'))",23.666666666666668,82
526,526,workload,"('O_Returned', 'W_Validate application|suspend')","('workload', ('O_Returned', 'W_Validate application|suspend'))",18.0,82
527,527,workload,"('W_Call incomplete files|suspend', 'W_Call incomplete files|resume')","('workload', ('W_Call incomplete files|suspend', 'W_Call incomplete files|resume'))",33.0,82
528,528,handover,"('W_Call incomplete files|suspend', 'W_Call incomplete files|resume')","('handover', ('W_Call incomplete files|suspend', 'W_Call incomplete files|resume'))",6.333333333333333,83
529,529,handover,"('W_Call after offers|suspend', 'W_Call after offers|resume')","('handover', ('W_Call after offers|suspend', 'W_Call after offers|resume'))",13.0,84
530,530,workload,"('W_Call after offers|resume', 'W_Call after offers|suspend')","('workload', ('W_Call after offers|resume', 'W_Call after offers|suspend'))",62.5,84
531,531,workload,"('O_Returned', 'W_Validate application|suspend')","('workload', ('O_Returned', 'W_Validate application|suspend'))",17.0,84
532,532,workload,"('W_Call incomplete files|suspend', 'W_Call incomplete files|resume')","('workload', ('W_Call incomplete files|suspend', 'W_Call incomplete files|resume'))",11.0,84
533,533,workload,"('O_Sent (mail and online)', 'W_Complete application|complete')","('workload', ('O_Sent (mail and online)', 'W_Complete application|complete'))",5.0,84
534,534,workload,"('W_Complete application|complete', 'W_Call after offers|schedule')","('workload', ('W_Complete application|complete', 'W_Call after offers|schedule'))",5.0,84
535,535,handover,"('W_Call after offers|suspend', 'W_Call after offers|ate_abort')","('handover', ('W_Call after offers|suspend', 'W_Call after offers|ate_abort'))",6.0,85
536,536,handover,"('W_Validate application|suspend', 'W_Validate application|resume')","('handover', ('W_Validate application|suspend', 'W_Validate application|resume'))",5.5,87
537,537,enter,"('A_Validating', 'O_Returned')","('enter', ('A_Validating', 'O_Returned'))",113,88
538,538,enter,"('O_Returned', 'W_Validate application|suspend')","('enter', ('O_Returned', 'W_Validate application|suspend'))",111,88
539,539,exit,"('A_Validating', 'O_Returned')","('exit', ('A_Validating', 'O_Returned'))",113,88
540,540,exit,"('O_Returned', 'W_Validate application|suspend')","('exit', ('O_Returned', 'W_Validate application|suspend'))",111,88
541,541,workload,"('W_Call after offers|ate_abort', 'W_Validate application|schedule')","('workload', ('W_Call after offers|ate_abort', 'W_Validate application|schedule'))",22.4,88
542,542,workload,"('A_Validating', 'O_Returned')","('workload', ('A_Validating', 'O_Returned'))",18.833333333333332,88
543,543,workload,"('O_Returned', 'W_Validate application|suspend')","('workload', ('O_Returned', 'W_Validate application|suspend'))",18.5,88
544,544,enter,"('W_Validate application|suspend', 'W_Validate application|resume')","('enter', ('W_Validate application|suspend', 'W_Validate application|resume'))",220,90
545,545,enter,"('W_Validate application|resume', 'W_Validate application|suspend')","('enter', ('W_Validate application|resume', 'W_Validate application|suspend'))",149,90
546,546,exit,"('W_Validate application|suspend', 'W_Validate application|resume')","('exit', ('W_Validate application|suspend', 'W_Validate application|resume'))",257,90
547,547,exit,"('W_Validate application|resume', 'W_Validate application|suspend')","('exit', ('W_Validate application|resume', 'W_Validate application|suspend'))",149,90
548,548,enter,"('W_Validate application|resume', 'W_Validate application|suspend')","('enter', ('W_Validate application|resume', 'W_Validate application|suspend'))",157,91
549,549,enter,"('W_Validate application|complete', 'W_Call incomplete files|schedule')","('enter', ('W_Validate application|complete', 'W_Call incomplete files|schedule'))",62,91
550,550,exit,"('W_Validate application|suspend', 'W_Validate application|resume')","('exit', ('W_Validate application|suspend', 'W_Validate application|resume'))",245,91
551,551,exit,"('W_Validate application|resume', 'W_Validate application|suspend')","('exit', ('W_Validate application|resume', 'W_Validate application|suspend'))",157,91
552,552,exit,"('W_Validate application|complete', 'W_Call incomplete files|schedule')","('exit', ('W_Validate application|complete', 'W_Call incomplete files|schedule'))",62,91
553,553,workload,"('W_Validate application|suspend', 'W_Validate application|resume')","('workload', ('W_Validate application|suspend', 'W_Validate application|resume'))",10.0,91
554,554,handover,"('W_Call incomplete files|suspend', 'W_Call incomplete files|ate_abort')","('handover', ('W_Call incomplete files|suspend', 'W_Call incomplete files|ate_abort'))",4.0,92
555,555,workload,"('A_Validating', 'W_Validate application|suspend')","('workload', ('A_Validating', 'W_Validate application|suspend'))",8.333333333333334,92
556,556,enter,"('W_Complete application|suspend', 'W_Complete application|resume')","('enter', ('W_Complete application|suspend', 'W_Complete application|resume'))",137,95
557,557,enter,"('W_Complete application|resume', 'W_Complete application|suspend')","('enter', ('W_Complete application|resume', 'W_Complete application|suspend'))",105,95
558,558,exit,"('W_Complete application|suspend', 'W_Complete application|resume')","('exit', ('W_Complete application|suspend', 'W_Complete application|resume'))",137,95
559,559,exit,"('W_Complete application|resume', 'W_Complete application|suspend')","('exit', ('W_Complete application|resume', 'W_Complete application|suspend'))",105,95
560,560,workload,"('W_Complete application|suspend', 'W_Complete application|resume')","('workload', ('W_Complete application|suspend', 'W_Complete application|resume'))",4.0,95
561,561,workload,"('W_Validate application|complete', 'W_Call incomplete files|schedule')","('workload', ('W_Validate application|complete', 'W_Call incomplete files|schedule'))",6.166666666666667,97
562,562,handover,"('W_Call after offers|suspend', 'W_Call after offers|resume')","('handover', ('W_Call after offers|suspend', 'W_Call after offers|resume'))",20.0,98
563,563,handover,"('W_Call after offers|suspend', 'W_Call after offers|ate_abort')","('handover', ('W_Call after offers|suspend', 'W_Call after offers|ate_abort'))",5.0,98
564,564,workload,"('W_Call after offers|suspend', 'W_Call after offers|resume')","('workload', ('W_Call after offers|suspend', 'W_Call after offers|resume'))",9.0,98
565,565,workload,"('W_Call after offers|resume', 'W_Call after offers|suspend')","('workload', ('W_Call after offers|resume', 'W_Call after offers|suspend'))",91.0,98
566,566,workload,"('W_Validate application|suspend', 'W_Validate application|resume')","('workload', ('W_Validate application|suspend', 'W_Validate application|resume'))",8.166666666666666,98
567,567,workload,"('W_Complete application|schedule', 'W_Complete application|start')","('workload', ('W_Complete application|schedule', 'W_Complete application|start'))",4.0,98
568,568,handover,"('W_Call after offers|suspend', 'W_Call after offers|resume')","('handover', ('W_Call after offers|suspend', 'W_Call after offers|resume'))",12.0,99
569,569,handover,"('W_Call incomplete files|suspend', 'W_Call incomplete files|ate_abort')","('handover', ('W_Call incomplete files|suspend', 'W_Call incomplete files|ate_abort'))",5.0,99
570,570,workload,"('W_Call after offers|resume', 'W_Call after offers|suspend')","('workload', ('W_Call after offers|resume', 'W_Call after offers|suspend'))",53.5,99
571,571,workload,"('W_Validate application|schedule', 'W_Validate application|start')","('workload', ('W_Validate application|schedule', 'W_Validate application|start'))",16.0,99
572,572,workload,"('W_Validate application|start', 'A_Validating')","('workload', ('W_Validate application|start', 'A_Validating'))",16.0,99
573,573,workload,"('W_Call incomplete files|ate_abort', 'W_Validate application|schedule')","('workload', ('W_Call incomplete files|ate_abort', 'W_Validate application|schedule'))",26.0,99
574,574,workload,"('A_Validating', 'W_Validate application|suspend')","('workload', ('A_Validating', 'W_Validate application|suspend'))",12.5,99
575,575,workload,"('O_Sent (mail and online)', 'W_Complete application|ate_abort')","('workload', ('O_Sent (mail and online)', 'W_Complete application|ate_abort'))",3.2,101
576,576,workload,"('W_Complete application|ate_abort', 'W_Call after offers|schedule')","('workload', ('W_Complete application|ate_abort', 'W_Call after offers|schedule'))",3.0625,101
577,577,workload,"('W_Validate application|suspend', 'W_Validate application|resume')","('workload', ('W_Validate application|suspend', 'W_Validate application|resume'))",10.5,102
578,578,enter,"('W_Validate application|suspend', 'W_Validate application|resume')","('enter', ('W_Validate application|suspend', 'W_Validate application|resume'))",235,103
579,579,enter,"('W_Validate application|resume', 'W_Validate application|suspend')","('enter', ('W_Validate application|resume', 'W_Validate application|suspend'))",160,103
580,580,exit,"('W_Validate application|suspend', 'W_Validate application|resume')","('exit', ('W_Validate application|suspend', 'W_Validate application|resume'))",223,103
581,581,exit,"('W_Validate application|resume', 'W_Validate application|suspend')","('exit', ('W_Validate application|resume', 'W_Validate application|suspend'))",160,103
582,582,workload,"('O_Returned', 'W_Validate application|suspend')","('workload', ('O_Returned', 'W_Validate application|suspend'))",16.833333333333332,103
583,583,workload,"('W_Call incomplete files|suspend', 'W_Call incomplete files|ate_abort')","('workload', ('W_Call incomplete files|suspend', 'W_Call incomplete files|ate_abort'))",1.5,103
584,584,workload,"('W_Validate application|suspend', 'W_Validate application|resume')","('workload', ('W_Validate application|suspend', 'W_Validate application|resume'))",9.666666666666666,103
585,585,workload,"('O_Returned', 'W_Validate application|suspend')","('workload', ('O_Returned', 'W_Validate application|suspend'))",17.5,104
586,586,workload,"('W_Call incomplete files|schedule', 'W_Call incomplete files|start')","('workload', ('W_Call incomplete files|schedule', 'W_Call incomplete files|start'))",8.333333333333334,104
587,587,workload,"('W_Call incomplete files|start', 'A_Incomplete')","('workload', ('W_Call incomplete files|start', 'A_Incomplete'))",8.333333333333334,104
588,588,workload,"('A_Incomplete', 'W_Call incomplete files|suspend')","('workload', ('A_Incomplete', 'W_Call incomplete files|suspend'))",8.222222222222221,104
589,589,workload,"('W_Validate application|suspend', 'W_Validate application|resume')","('workload', ('W_Validate application|suspend', 'W_Validate application|resume'))",8.428571428571429,104
590,590,workload,"('W_Validate application|resume', 'W_Validate application|suspend')","('workload', ('W_Validate application|resume', 'W_Validate application|suspend'))",15.875,104
591,591,workload,"('W_Validate application|complete', 'W_Call incomplete files|schedule')","('workload', ('W_Validate application|complete', 'W_Call incomplete files|schedule'))",7.0,104
592,592,handover,"('W_Complete application|suspend', 'W_Complete application|resume')","('handover', ('W_Complete application|suspend', 'W_Complete application|resume'))",3.142857142857143,106
593,593,workload,"('A_Accepted', 'O_Create Offer')","('workload', ('A_Accepted', 'O_Create Offer'))",6.444444444444445,106
594,594,workload,"('O_Create Offer', 'O_Created')","('workload', ('O_Create Offer', 'O_Created'))",8.777777777777779,106
595,595,workload,"('O_Created', 'O_Sent (mail and online)')","('workload', ('O_Created', 'O_Sent (mail and online)'))",7.444444444444445,106
596,596,workload,"('W_Call incomplete files|ate_abort', 'W_Validate application|schedule')","('workload', ('W_Call incomplete files|ate_abort', 'W_Validate application|schedule'))",10.0,106
597,597,workload,"('A_Validating', 'W_Validate application|suspend')","('workload', ('A_Validating', 'W_Validate application|suspend'))",10.0,106
598,598,enter,"('A_Concept', 'W_Complete application|start')","('enter', ('A_Concept', 'W_Complete application|start'))",58,108
599,599,enter,"('W_Complete application|start', 'W_Complete application|suspend')","('enter', ('W_Complete application|start', 'W_Complete application|suspend'))",60,108
600,600,enter,"('W_Call after offers|resume', 'W_Call after offers|suspend')","('enter', ('W_Call after offers|resume', 'W_Call after offers|suspend'))",229,108
601,601,enter,"('W_Call after offers|suspend', 'W_Call after offers|ate_abort')","('enter', ('W_Call after offers|suspend', 'W_Call after offers|ate_abort'))",138,108
602,602,exit,"('W_Complete application|start', 'W_Complete application|suspend')","('exit', ('W_Complete application|start', 'W_Complete application|suspend'))",60,108
603,603,exit,"('W_Call after offers|suspend', 'W_Call after offers|resume')","('exit', ('W_Call after offers|suspend', 'W_Call after offers|resume'))",222,108
604,604,exit,"('W_Call after offers|resume', 'W_Call after offers|suspend')","('exit', ('W_Call after offers|resume', 'W_Call after offers|suspend'))",229,108
605,605,workload,"('W_Call after offers|resume', 'W_Call after offers|suspend')","('workload', ('W_Call after offers|resume', 'W_Call after offers|suspend'))",57.25,108
606,606,workload,"('W_Validate application|resume', 'W_Validate application|suspend')","('workload', ('W_Validate application|resume', 'W_Validate application|suspend'))",16.285714285714285,108
607,607,workload,"('W_Call incomplete files|suspend', 'W_Call incomplete files|resume')","('workload', ('W_Call incomplete files|suspend', 'W_Call incomplete files|resume'))",14.0,109
608,608,workload,"('W_Validate application|suspend', 'W_Validate application|resume')","('workload', ('W_Validate application|suspend', 'W_Validate application|resume'))",8.6,109
609,609,enter,"('O_Returned', 'W_Validate application|suspend')","('enter', ('O_Returned', 'W_Validate application|suspend'))",107,110
610,610,exit,"('O_Returned', 'W_Validate application|suspend')","('exit', ('O_Returned', 'W_Validate application|suspend'))",107,110
611,611,workload,"('W_Call after offers|ate_abort', 'W_Validate application|schedule')","('workload', ('W_Call after offers|ate_abort', 'W_Validate application|schedule'))",21.4,110
612,612,workload,"('W_Validate application|schedule', 'W_Validate application|start')","('workload', ('W_Validate application|schedule', 'W_Validate application|start'))",14.090909090909092,110
613,613,workload,"('W_Validate application|start', 'A_Validating')","('workload', ('W_Validate application|start', 'A_Validating'))",14.090909090909092,110
614,614,workload,"('A_Validating', 'O_Returned')","('workload', ('A_Validating', 'O_Returned'))",21.4,110
615,615,workload,"('O_Returned', 'W_Validate application|suspend')","('workload', ('O_Returned', 'W_Validate application|suspend'))",21.2,110
616,616,handover,"('W_Call after offers|suspend', 'W_Call after offers|ate_abort')","('handover', ('W_Call after offers|suspend', 'W_Call after offers|ate_abort'))",5.0,111
617,617,workload,"('A_Validating', 'O_Returned')","('workload', ('A_Validating', 'O_Returned'))",20.666666666666668,111
618,618,workload,"('O_Returned', 'W_Validate application|suspend')","('workload', ('O_Returned', 'W_Validate application|suspend'))",20.666666666666668,111
619,619,workload,"('W_Validate application|suspend', 'W_Validate application|resume')","('workload', ('W_Validate application|suspend', 'W_Validate application|resume'))",9.285714285714286,111
620,620,workload,"('W_Validate application|complete', 'W_Call incomplete files|schedule')","('workload', ('W_Validate application|complete', 'W_Call incomplete files|schedule'))",6.857142857142857,111
621,621,enter,"('O_Accepted', 'A_Pending')","('enter', ('O_Accepted', 'A_Pending'))",234,112
622,622,enter,"('W_Validate application|resume', 'W_Validate application|suspend')","('enter', ('W_Validate application|resume', 'W_Validate application|suspend'))",151,112
623,623,exit,"('O_Accepted', 'A_Pending')","('exit', ('O_Accepted', 'A_Pending'))",234,112
624,624,exit,"('W_Validate application|suspend', 'W_Validate application|resume')","('exit', ('W_Validate application|suspend', 'W_Validate application|resume'))",226,112
625,625,exit,"('W_Validate application|resume', 'W_Validate application|suspend')","('exit', ('W_Validate application|resume', 'W_Validate application|suspend'))",151,112
626,626,handover,"('W_Call after offers|suspend', 'W_Call after offers|ate_abort')","('handover', ('W_Call after offers|suspend', 'W_Call after offers|ate_abort'))",11.5,112
627,627,workload,"('W_Call after offers|ate_abort', 'W_Validate application|schedule')","('workload', ('W_Call after offers|ate_abort', 'W_Validate application|schedule'))",23.0,112
628,628,workload,"('O_Returned', 'W_Validate application|suspend')","('workload', ('O_Returned', 'W_Validate application|suspend'))",23.0,112
629,629,workload,"('W_Call incomplete files|suspend', 'W_Call incomplete files|resume')","('workload', ('W_Call incomplete files|suspend', 'W_Call incomplete files|resume'))",13.5,112
630,630,workload,"('O_Accepted', 'A_Pending')","('workload', ('O_Accepted', 'A_Pending'))",21.272727272727273,112
631,631,workload,"('W_Validate application|suspend', 'W_Validate application|resume')","('workload', ('W_Validate application|suspend', 'W_Validate application|resume'))",8.375,112
632,632,workload,"('W_Validate application|resume', 'W_Validate application|suspend')","('workload', ('W_Validate application|resume', 'W_Validate application|suspend'))",16.666666666666668,112
633,633,handover,"('W_Call incomplete files|suspend', 'W_Call incomplete files|ate_abort')","('handover', ('W_Call incomplete files|suspend', 'W_Call incomplete files|ate_abort'))",3.5,113
634,634,handover,"('W_Call after offers|suspend', 'W_Call after offers|ate_abort')","('handover', ('W_Call after offers|suspend', 'W_Call after offers|ate_abort'))",5.0,115
635,635,workload,"('W_Call after offers|suspend', 'W_Call after offers|resume')","('workload', ('W_Call after offers|suspend', 'W_Call after offers|resume'))",7.5,115
636,636,workload,"('O_Returned', 'W_Validate application|suspend')","('workload', ('O_Returned', 'W_Validate application|suspend'))",18.0,115
637,637,handover,"('W_Call after offers|suspend', 'W_Call after offers|resume')","('handover', ('W_Call after offers|suspend', 'W_Call after offers|resume'))",11.0,117
638,638,handover,"('W_Call after offers|suspend', 'W_Call after offers|ate_abort')","('handover', ('W_Call after offers|suspend', 'W_Call after offers|ate_abort'))",5.0,117
639,639,handover,"('W_Call incomplete files|suspend', 'W_Call incomplete files|ate_abort')","('handover', ('W_Call incomplete files|suspend', 'W_Call incomplete files|ate_abort'))",7.0,117
640,640,handover,"('W_Complete application|suspend', 'W_Complete application|resume')","('handover', ('W_Complete application|suspend', 'W_Complete application|resume'))",2.5,117
641,641,workload,"('W_Call after offers|resume', 'W_Call after offers|suspend')","('workload', ('W_Call after offers|resume', 'W_Call after offers|suspend'))",52.0,117
642,642,workload,"('W_Call incomplete files|ate_abort', 'W_Validate application|schedule')","('workload', ('W_Call incomplete files|ate_abort', 'W_Validate application|schedule'))",16.0,117
643,643,workload,"('A_Validating', 'W_Validate application|suspend')","('workload', ('A_Validating', 'W_Validate application|suspend'))",8.0,117
644,644,workload,"('W_Complete application|suspend', 'W_Complete application|resume')","('workload', ('W_Complete application|suspend', 'W_Complete application|resume'))",7.5,117
645,645,workload,"('W_Complete application|resume', 'W_Complete application|suspend')","('workload', ('W_Complete application|resume', 'W_Complete application|suspend'))",8.75,117
646,646,enter,"('W_Validate application|suspend', 'W_Validate application|resume')","('enter', ('W_Validate application|suspend', 'W_Validate application|resume'))",232,118
647,647,enter,"('W_Validate application|resume', 'W_Validate application|suspend')","('enter', ('W_Validate application|resume', 'W_Validate application|suspend'))",169,118
648,648,exit,"('W_Validate application|suspend', 'W_Validate application|resume')","('exit', ('W_Validate application|suspend', 'W_Validate application|resume'))",232,118
649,649,exit,"('W_Validate application|resume', 'W_Validate application|suspend')","('exit', ('W_Validate application|resume', 'W_Validate application|suspend'))",170,118
650,650,handover,"('W_Call after offers|suspend', 'W_Call after offers|ate_abort')","('handover', ('W_Call after offers|suspend', 'W_Call after offers|ate_abort'))",5.0,118
651,651,workload,"('W_Call after offers|ate_abort', 'W_Validate application|schedule')","('workload', ('W_Call after offers|ate_abort', 'W_Validate application|schedule'))",25.75,118
652,652,workload,"('A_Validating', 'O_Returned')","('workload', ('A_Validating', 'O_Returned'))",26.0,118
653,653,workload,"('O_Returned', 'W_Validate application|suspend')","('workload', ('O_Returned', 'W_Validate application|suspend'))",25.5,118
654,654,workload,"('W_Validate application|suspend', 'W_Validate application|resume')","('workload', ('W_Validate application|suspend', 'W_Validate application|resume'))",9.625,118
655,655,workload,"('W_Validate application|resume', 'W_Validate application|suspend')","('workload', ('W_Validate application|resume', 'W_Validate application|suspend'))",17.714285714285715,119
656,656,workload,"('W_Validate application|complete', 'W_Call incomplete files|schedule')","('workload', ('W_Validate application|complete', 'W_Call incomplete files|schedule'))",6.428571428571429,119
657,657,handover,"('W_Call after offers|suspend', 'W_Call after offers|resume')","('handover', ('W_Call after offers|suspend', 'W_Call after offers|resume'))",10.0,120
658,658,enter,"('W_Complete application|suspend', 'W_Complete application|resume')","('enter', ('W_Complete application|suspend', 'W_Complete application|resume'))",122,122
659,659,enter,"('W_Complete application|schedule', 'W_Complete application|start')","('enter', ('W_Complete application|schedule', 'W_Complete application|start'))",80,122
660,660,enter,"('W_Complete application|start', 'A_Concept')","('enter', ('W_Complete application|start', 'A_Concept'))",60,122
661,661,exit,"('W_Complete application|schedule', 'W_Complete application|start')","('exit', ('W_Complete application|schedule', 'W_Complete application|start'))",80,122
662,662,exit,"('W_Complete application|start', 'A_Concept')","('exit', ('W_Complete application|start', 'A_Concept'))",60,122
663,663,workload,"('W_Validate application|ate_abort', 'W_Call incomplete files|schedule')","('workload', ('W_Validate application|ate_abort', 'W_Call incomplete files|schedule'))",10.0,122
664,664,workload,"('W_Call incomplete files|schedule', 'W_Call incomplete files|start')","('workload', ('W_Call incomplete files|schedule', 'W_Call incomplete files|start'))",8.2,122
665,665,workload,"('W_Call incomplete files|start', 'A_Incomplete')","('workload', ('W_Call incomplete files|start', 'A_Incomplete'))",8.2,122
666,666,workload,"('A_Incomplete', 'W_Call incomplete files|suspend')","('workload', ('A_Incomplete', 'W_Call incomplete files|suspend'))",8.2,122
667,667,workload,"('W_Validate application|resume', 'W_Validate application|suspend')","('workload', ('W_Validate application|resume', 'W_Validate application|suspend'))",17.166666666666668,122
668,668,handover,"('W_Complete application|suspend', 'W_Complete application|resume')","('handover', ('W_Complete application|suspend', 'W_Complete application|resume'))",2.4,123
669,669,handover,"('W_Validate application|suspend', 'W_Validate application|resume')","('handover', ('W_Validate application|suspend', 'W_Validate application|resume'))",3.8,123
670,670,workload,"('A_Complete', 'W_Call after offers|suspend')","('workload', ('A_Complete', 'W_Call after offers|suspend'))",6.555555555555555,123
671,671,workload,"('O_Sent (mail and online)', 'W_Complete application|complete')","('workload', ('O_Sent (mail and online)', 'W_Complete application|complete'))",5.466666666666667,123
672,672,workload,"('W_Complete application|complete', 'W_Call after offers|schedule')","('workload', ('W_Complete application|complete', 'W_Call after offers|schedule'))",5.466666666666667,123
673,673,workload,"('W_Validate application|suspend', 'W_Validate application|resume')","('workload', ('W_Validate application|suspend', 'W_Validate application|resume'))",13.5,123
674,674,workload,"('W_Validate application|resume', 'W_Validate application|suspend')","('workload', ('W_Validate application|resume', 'W_Validate application|suspend'))",21.6,123
675,675,enter,"('W_Call after offers|ate_abort', 'W_Validate application|schedule')","('enter', ('W_Call after offers|ate_abort', 'W_Validate application|schedule'))",120,124
676,676,enter,"('A_Validating', 'O_Returned')","('enter', ('A_Validating', 'O_Returned'))",125,124
677,677,enter,"('O_Returned', 'W_Validate application|suspend')","('enter', ('O_Returned', 'W_Validate application|suspend'))",122,124
678,678,exit,"('W_Call after offers|suspend', 'W_Call after offers|ate_abort')","('exit', ('W_Call after offers|suspend', 'W_Call after offers|ate_abort'))",116,124
679,679,exit,"('W_Call after offers|ate_abort', 'W_Validate application|schedule')","('exit', ('W_Call after offers|ate_abort', 'W_Validate application|schedule'))",120,124
680,680,exit,"('A_Validating', 'O_Returned')","('exit', ('A_Validating', 'O_Returned'))",125,124
681,681,exit,"('O_Returned', 'W_Validate application|suspend')","('exit', ('O_Returned', 'W_Validate application|suspend'))",122,124
682,682,workload,"('W_Call after offers|suspend', 'W_Call after offers|resume')","('workload', ('W_Call after offers|suspend', 'W_Call after offers|resume'))",8.0,124
683,683,workload,"('O_Returned', 'W_Validate application|suspend')","('workload', ('O_Returned', 'W_Validate application|suspend'))",17.428571428571427,124
684,684,workload,"('W_Call incomplete files|schedule', 'W_Call incomplete files|start')","('workload', ('W_Call incomplete files|schedule', 'W_Call incomplete files|start'))",8.8,124
685,685,workload,"('W_Call incomplete files|start', 'A_Incomplete')","('workload', ('W_Call incomplete files|start', 'A_Incomplete'))",8.8,124
686,686,workload,"('A_Incomplete', 'W_Call incomplete files|suspend')","('workload', ('A_Incomplete', 'W_Call incomplete files|suspend'))",9.666666666666666,124
687,687,workload,"('W_Validate application|complete', 'W_Call incomplete files|schedule')","('workload', ('W_Validate application|complete', 'W_Call incomplete files|schedule'))",7.0,124
688,688,handover,"('W_Complete application|suspend', 'W_Complete application|resume')","('handover', ('W_Complete application|suspend', 'W_Complete application|resume'))",2.4285714285714284,125
689,689,workload,"('A_Validating', 'W_Validate application|suspend')","('workload', ('A_Validating', 'W_Validate application|suspend'))",7.666666666666667,125
690,690,exit,"('W_Complete application|suspend', 'W_Complete application|resume')","('exit', ('W_Complete application|suspend', 'W_Complete application|resume'))",110,126
691,691,workload,"('A_Incomplete', 'W_Call incomplete files|suspend')","('workload', ('A_Incomplete', 'W_Call incomplete files|suspend'))",8.11111111111111,126
692,692,handover,"('W_Complete application|suspend', 'W_Complete application|resume')","('handover', ('W_Complete application|suspend', 'W_Complete application|resume'))",2.5,127
693,693,enter,"('O_Sent (mail and online)', 'W_Complete application|ate_abort')","('enter', ('O_Sent (mail and online)', 'W_Complete application|ate_abort'))",51,129
694,694,enter,"('W_Complete application|ate_abort', 'W_Call after offers|schedule')","('enter', ('W_Complete application|ate_abort', 'W_Call after offers|schedule'))",52,129
695,695,exit,"('O_Sent (mail and online)', 'W_Complete application|ate_abort')","('exit', ('O_Sent (mail and online)', 'W_Complete application|ate_abort'))",51,129
696,696,exit,"('W_Complete application|ate_abort', 'W_Call after offers|schedule')","('exit', ('W_Complete application|ate_abort', 'W_Call after offers|schedule'))",52,129
697,697,handover,"('W_Validate application|suspend', 'W_Validate application|ate_abort')","('handover', ('W_Validate application|suspend', 'W_Validate application|ate_abort'))",3.5,129
698,698,workload,"('W_Complete application|start', 'W_Complete application|suspend')","('workload', ('W_Complete application|start', 'W_Complete application|suspend'))",6.875,129
699,699,workload,"('W_Complete application|ate_abort', 'W_Call after offers|schedule')","('workload', ('W_Complete application|ate_abort', 'W_Call after offers|schedule'))",3.0588235294117645,129
700,700,workload,"('W_Validate application|ate_abort', 'W_Call incomplete files|schedule')","('workload', ('W_Validate application|ate_abort', 'W_Call incomplete files|schedule'))",8.333333333333334,129
701,701,workload,"('W_Call incomplete files|schedule', 'W_Call incomplete files|start')","('workload', ('W_Call incomplete files|schedule', 'W_Call incomplete files|start'))",10.857142857142858,129
702,702,workload,"('W_Call incomplete files|start', 'A_Incomplete')","('workload', ('W_Call incomplete files|start', 'A_Incomplete'))",10.857142857142858,129
703,703,workload,"('A_Incomplete', 'W_Call incomplete files|suspend')","('workload', ('A_Incomplete', 'W_Call incomplete files|suspend'))",10.571428571428571,129
704,704,workload,"('W_Validate application|resume', 'W_Validate application|suspend')","('workload', ('W_Validate application|resume', 'W_Validate application|suspend'))",16.5,129
705,705,workload,"('W_Validate application|complete', 'W_Call incomplete files|schedule')","('workload', ('W_Validate application|complete', 'W_Call incomplete files|schedule'))",7.285714285714286,129
706,706,enter,"('W_Validate application|suspend', 'W_Validate application|resume')","('enter', ('W_Validate application|suspend', 'W_Validate application|resume'))",281,130
707,707,enter,"('W_Validate application|resume', 'W_Validate application|suspend')","('enter', ('W_Validate application|resume', 'W_Validate application|suspend'))",192,130
708,708,enter,"('W_Validate application|complete', 'W_Call incomplete files|schedule')","('enter', ('W_Validate application|complete', 'W_Call incomplete files|schedule'))",58,130
709,709,exit,"('W_Validate application|suspend', 'W_Validate application|resume')","('exit', ('W_Validate application|suspend', 'W_Validate application|resume'))",273,130
710,710,exit,"('W_Validate application|resume', 'W_Validate application|suspend')","('exit', ('W_Validate application|resume', 'W_Validate application|suspend'))",192,130
711,711,exit,"('W_Validate application|complete', 'W_Call incomplete files|schedule')","('exit', ('W_Validate application|complete', 'W_Call incomplete files|schedule'))",58,130
712,712,workload,"('O_Sent (mail and online)', 'W_Complete application|ate_abort')","('workload', ('O_Sent (mail and online)', 'W_Complete application|ate_abort'))",3.066666666666667,130
713,713,workload,"('W_Complete application|ate_abort', 'W_Call after offers|schedule')","('workload', ('W_Complete application|ate_abort', 'W_Call after offers|schedule'))",3.066666666666667,130
714,714,workload,"('W_Validate application|suspend', 'W_Validate application|resume')","('workload', ('W_Validate application|suspend', 'W_Validate application|resume'))",12.375,130
715,715,workload,"('W_Validate application|resume', 'W_Validate application|suspend')","('workload', ('W_Validate application|resume', 'W_Validate application|suspend'))",24.0,130
716,716,workload,"('W_Validate application|complete', 'W_Call incomplete files|schedule')","('workload', ('W_Validate application|complete', 'W_Call incomplete files|schedule'))",6.444444444444445,130
717,717,enter,"('W_Validate application|suspend', 'W_Validate application|resume')","('enter', ('W_Validate application|suspend', 'W_Validate application|resume'))",225,132
718,718,enter,"('W_Validate application|resume', 'W_Validate application|suspend')","('enter', ('W_Validate application|resume', 'W_Validate application|suspend'))",151,132
719,719,exit,"('W_Validate application|suspend', 'W_Validate application|resume')","('exit', ('W_Validate application|suspend', 'W_Validate application|resume'))",227,132
720,720,exit,"('W_Validate application|resume', 'W_Validate application|suspend')","('exit', ('W_Validate application|resume', 'W_Validate application|suspend'))",151,132
721,721,handover,"('W_Call after offers|suspend', 'W_Call after offers|ate_abort')","('handover', ('W_Call after offers|suspend', 'W_Call after offers|ate_abort'))",5.5,132
722,722,workload,"('W_Call after offers|ate_abort', 'W_Validate application|schedule')","('workload', ('W_Call after offers|ate_abort', 'W_Validate application|schedule'))",20.5,132
723,723,workload,"('A_Validating', 'O_Returned')","('workload', ('A_Validating', 'O_Returned'))",21.5,132
724,724,workload,"('O_Returned', 'W_Validate application|suspend')","('workload', ('O_Returned', 'W_Validate application|suspend'))",17.4,132
725,725,workload,"('W_Call incomplete files|suspend', 'W_Call incomplete files|ate_abort')","('workload', ('W_Call incomplete files|suspend', 'W_Call incomplete files|ate_abort'))",2.0,132
726,726,workload,"('W_Validate application|complete', 'W_Call incomplete files|schedule')","('workload', ('W_Validate application|complete', 'W_Call incomplete files|schedule'))",6.142857142857143,132
727,727,enter,"('W_Call incomplete files|suspend', 'W_Call incomplete files|resume')","('enter', ('W_Call incomplete files|suspend', 'W_Call incomplete files|resume'))",218,133
728,728,enter,"('W_Call incomplete files|resume', 'W_Call incomplete files|suspend')","('enter', ('W_Call incomplete files|resume', 'W_Call incomplete files|suspend'))",214,133
729,729,exit,"('W_Call incomplete files|suspend', 'W_Call incomplete files|resume')","('exit', ('W_Call incomplete files|suspend', 'W_Call incomplete files|resume'))",228,133
730,730,exit,"('W_Call incomplete files|resume', 'W_Call incomplete files|suspend')","('exit', ('W_Call incomplete files|resume', 'W_Call incomplete files|suspend'))",214,133
731,731,handover,"('A_Accepted', 'O_Create Offer')","('handover', ('A_Accepted', 'O_Create Offer'))",1.5,133
732,732,handover,"('W_Validate application|suspend', 'W_Validate application|ate_abort')","('handover', ('W_Validate application|suspend', 'W_Validate application|ate_abort'))",2.4,133
733,733,workload,"('W_Call incomplete files|schedule', 'W_Call incomplete files|start')","('workload', ('W_Call incomplete files|schedule', 'W_Call incomplete files|start'))",9.0,133
734,734,workload,"('W_Call incomplete files|start', 'A_Incomplete')","('workload', ('W_Call incomplete files|start', 'A_Incomplete'))",9.0,133
735,735,workload,"('A_Incomplete', 'W_Call incomplete files|suspend')","('workload', ('A_Incomplete', 'W_Call incomplete files|suspend'))",9.375,133
736,736,workload,"('W_Validate application|complete', 'W_Call incomplete files|schedule')","('workload', ('W_Validate application|complete', 'W_Call incomplete files|schedule'))",6.75,133
737,737,handover,"('W_Call after offers|suspend', 'W_Call after offers|resume')","('handover', ('W_Call after offers|suspend', 'W_Call after offers|resume'))",10.5,134
738,738,handover,"('W_Call incomplete files|suspend', 'W_Call incomplete files|ate_abort')","('handover', ('W_Call incomplete files|suspend', 'W_Call incomplete files|ate_abort'))",11.0,134
739,739,handover,"('W_Complete application|suspend', 'W_Complete application|resume')","('handover', ('W_Complete application|suspend', 'W_Complete application|resume'))",2.8333333333333335,134
740,740,workload,"('W_Complete application|start', 'W_Complete application|suspend')","('workload', ('W_Complete application|start', 'W_Complete application|suspend'))",6.0,134
741,741,workload,"('W_Call after offers|suspend', 'W_Call after offers|resume')","('workload', ('W_Call after offers|suspend', 'W_Call after offers|resume'))",8.0,134
742,742,workload,"('W_Validate application|schedule', 'W_Validate application|start')","('workload', ('W_Validate application|schedule', 'W_Validate application|start'))",28.0,134
743,743,workload,"('W_Validate application|start', 'A_Validating')","('workload', ('W_Validate application|start', 'A_Validating'))",28.0,134
744,744,workload,"('W_Call incomplete files|ate_abort', 'W_Validate application|schedule')","('workload', ('W_Call incomplete files|ate_abort', 'W_Validate application|schedule'))",26.0,134
745,745,workload,"('A_Validating', 'W_Validate application|suspend')","('workload', ('A_Validating', 'W_Validate application|suspend'))",24.0,134
746,746,workload,"('W_Complete application|resume', 'W_Complete application|suspend')","('workload', ('W_Complete application|resume', 'W_Complete application|suspend'))",8.333333333333334,134
747,747,handover,"('W_Validate application|suspend', 'W_Validate application|resume')","('handover', ('W_Validate application|suspend', 'W_Validate application|resume'))",5.0,135
748,748,enter,"('W_Complete application|start', 'W_Complete application|suspend')","('enter', ('W_Complete application|start', 'W_Complete application|suspend'))",62,136
749,749,exit,"('W_Complete application|start', 'W_Complete application|suspend')","('exit', ('W_Complete application|start', 'W_Complete application|suspend'))",62,136
750,750,handover,"('W_Call incomplete files|suspend', 'W_Call incomplete files|resume')","('handover', ('W_Call incomplete files|suspend', 'W_Call incomplete files|resume'))",12.0,136
751,751,workload,"('W_Complete application|start', 'W_Complete application|suspend')","('workload', ('W_Complete application|start', 'W_Complete application|suspend'))",6.777777777777778,136
752,752,workload,"('A_Accepted', 'O_Create Offer')","('workload', ('A_Accepted', 'O_Create Offer'))",6.666666666666667,136
753,753,workload,"('W_Call after offers|schedule', 'W_Call after offers|start')","('workload', ('W_Call after offers|schedule', 'W_Call after offers|start'))",7.0,136
754,754,workload,"('W_Call after offers|start', 'A_Complete')","('workload', ('W_Call after offers|start', 'A_Complete'))",7.0,136
755,755,workload,"('A_Complete', 'W_Call after offers|suspend')","('workload', ('A_Complete', 'W_Call after offers|suspend'))",6.666666666666667,136
756,756,workload,"('O_Sent (mail and online)', 'W_Complete application|complete')","('workload', ('O_Sent (mail and online)', 'W_Complete application|complete'))",5.375,136
757,757,workload,"('W_Complete application|complete', 'W_Call after offers|schedule')","('workload', ('W_Complete application|complete', 'W_Call after offers|schedule'))",5.375,136
758,758,enter,"('O_Returned', 'W_Validate application|suspend')","('enter', ('O_Returned', 'W_Validate application|suspend'))",106,137
759,759,enter,"('W_Validate application|suspend', 'W_Validate application|resume')","('enter', ('W_Validate application|suspend', 'W_Validate application|resume'))",236,137
760,760,enter,"('W_Validate application|resume', 'W_Validate application|suspend')","('enter', ('W_Validate application|resume', 'W_Validate application|suspend'))",157,137
761,761,exit,"('O_Returned', 'W_Validate application|suspend')","('exit', ('O_Returned', 'W_Validate application|suspend'))",106,137
762,762,exit,"('W_Validate application|resume', 'W_Validate application|suspend')","('exit', ('W_Validate application|resume', 'W_Validate application|suspend'))",157,137
763,763,handover,"('W_Validate application|suspend', 'W_Validate application|ate_abort')","('handover', ('W_Validate application|suspend', 'W_Validate application|ate_abort'))",2.8,137
764,764,handover,"('W_Call incomplete files|suspend', 'W_Call incomplete files|resume')","('handover', ('W_Call incomplete files|suspend', 'W_Call incomplete files|resume'))",6.75,137
765,765,workload,"('O_Returned', 'W_Validate application|suspend')","('workload', ('O_Returned', 'W_Validate application|suspend'))",17.666666666666668,137
766,766,workload,"('W_Validate application|ate_abort', 'W_Call incomplete files|schedule')","('workload', ('W_Validate application|ate_abort', 'W_Call incomplete files|schedule'))",9.6,137
767,767,workload,"('W_Validate application|suspend', 'W_Validate application|resume')","('workload', ('W_Validate application|suspend', 'W_Validate application|resume'))",11.0,137
768,768,workload,"('W_Validate application|resume', 'W_Validate application|suspend')","('workload', ('W_Validate application|resume', 'W_Validate application|suspend'))",15.4,137
769,769,enter,"('W_Call incomplete files|suspend', 'W_Call incomplete files|resume')","('enter', ('W_Call incomplete files|suspend', 'W_Call incomplete files|resume'))",288,138
770,770,enter,"('W_Call incomplete files|resume', 'W_Call incomplete files|suspend')","('enter', ('W_Call incomplete files|resume', 'W_Call incomplete files|suspend'))",259,138
771,771,enter,"('W_Complete application|suspend', 'W_Complete application|resume')","('enter', ('W_Complete application|suspend', 'W_Complete application|resume'))",179,138
772,772,enter,"('W_Complete application|resume', 'W_Complete application|suspend')","('enter', ('W_Complete application|resume', 'W_Complete application|suspend'))",151,138
773,773,exit,"('W_Call incomplete files|suspend', 'W_Call incomplete files|resume')","('exit', ('W_Call incomplete files|suspend', 'W_Call incomplete files|resume'))",288,138
774,774,exit,"('W_Call incomplete files|resume', 'W_Call incomplete files|suspend')","('exit', ('W_Call incomplete files|resume', 'W_Call incomplete files|suspend'))",259,138
775,775,exit,"('W_Complete application|suspend', 'W_Complete application|resume')","('exit', ('W_Complete application|suspend', 'W_Complete application|resume'))",193,138
776,776,exit,"('W_Complete application|resume', 'W_Complete application|suspend')","('exit', ('W_Complete application|resume', 'W_Complete application|suspend'))",151,138
777,777,workload,"('W_Complete application|suspend', 'W_Complete application|resume')","('workload', ('W_Complete application|suspend', 'W_Complete application|resume'))",4.5,138
778,778,workload,"('W_Complete application|resume', 'W_Complete application|suspend')","('workload', ('W_Complete application|resume', 'W_Complete application|suspend'))",7.842105263157895,138
779,779,workload,"('W_Call incomplete files|schedule', 'W_Call incomplete files|start')","('workload', ('W_Call incomplete files|schedule', 'W_Call incomplete files|start'))",8.4,139
780,780,workload,"('W_Call incomplete files|start', 'A_Incomplete')","('workload', ('W_Call incomplete files|start', 'A_Incomplete'))",8.4,139
781,781,workload,"('A_Incomplete', 'W_Call incomplete files|suspend')","('workload', ('A_Incomplete', 'W_Call incomplete files|suspend'))",8.4,139
782,782,workload,"('W_Validate application|complete', 'W_Call incomplete files|schedule')","('workload', ('W_Validate application|complete', 'W_Call incomplete files|schedule'))",7.428571428571429,139
783,783,enter,"('W_Validate application|resume', 'W_Validate application|suspend')","('enter', ('W_Validate application|resume', 'W_Validate application|suspend'))",160,140
784,784,exit,"('W_Validate application|suspend', 'W_Validate application|resume')","('exit', ('W_Validate application|suspend', 'W_Validate application|resume'))",233,140
785,785,exit,"('W_Validate application|resume', 'W_Validate application|suspend')","('exit', ('W_Validate application|resume', 'W_Validate application|suspend'))",160,140
786,786,handover,"('W_Call after offers|suspend', 'W_Call after offers|ate_abort')","('handover', ('W_Call after offers|suspend', 'W_Call after offers|ate_abort'))",5.0,140
787,787,workload,"('W_Call after offers|suspend', 'W_Call after offers|resume')","('workload', ('W_Call after offers|suspend', 'W_Call after offers|resume'))",21.0,140
788,788,workload,"('W_Call incomplete files|resume', 'W_Call incomplete files|suspend')","('workload', ('W_Call incomplete files|resume', 'W_Call incomplete files|suspend'))",30.666666666666668,140
789,789,workload,"('W_Validate application|resume', 'W_Validate application|suspend')","('workload', ('W_Validate application|resume', 'W_Validate application|suspend'))",17.333333333333332,140
790,790,handover,"('W_Call after offers|suspend', 'W_Call after offers|resume')","('handover', ('W_Call after offers|suspend', 'W_Call after offers|resume'))",10.0,141
791,791,handover,"('W_Call incomplete files|suspend', 'W_Call incomplete files|resume')","('handover', ('W_Call incomplete files|suspend', 'W_Call incomplete files|resume'))",12.0,141
792,792,handover,"('W_Call incomplete files|suspend', 'W_Call incomplete files|ate_abort')","('handover', ('W_Call incomplete files|suspend', 'W_Call incomplete files|ate_abort'))",3.5,141
793,793,handover,"('W_Complete application|suspend', 'W_Complete application|resume')","('handover', ('W_Complete application|suspend', 'W_Complete application|resume'))",4.0,141
794,794,workload,"('W_Call after offers|suspend', 'W_Call after offers|resume')","('workload', ('W_Call after offers|suspend', 'W_Call after offers|resume'))",11.0,141
795,795,workload,"('W_Call after offers|resume', 'W_Call after offers|suspend')","('workload', ('W_Call after offers|resume', 'W_Call after offers|suspend'))",63.5,141
796,796,workload,"('W_Call incomplete files|resume', 'W_Call incomplete files|suspend')","('workload', ('W_Call incomplete files|resume', 'W_Call incomplete files|suspend'))",30.0,141
797,797,workload,"('W_Call incomplete files|ate_abort', 'W_Validate application|schedule')","('workload', ('W_Call incomplete files|ate_abort', 'W_Validate application|schedule'))",10.5,141
798,798,workload,"('A_Validating', 'W_Validate application|suspend')","('workload', ('A_Validating', 'W_Validate application|suspend'))",8.5,141
799,799,workload,"('W_Complete application|resume', 'W_Complete application|suspend')","('workload', ('W_Complete application|resume', 'W_Complete application|suspend'))",9.666666666666666,141
800,800,enter,"('W_Call after offers|suspend', 'W_Call after offers|resume')","('enter', ('W_Call after offers|suspend', 'W_Call after offers|resume'))",138,143
801,801,enter,"('O_Accepted', 'A_Pending')","('enter', ('O_Accepted', 'A_Pending'))",233,143
802,802,exit,"('O_Accepted', 'A_Pending')","('exit', ('O_Accepted', 'A_Pending'))",233,143
803,803,workload,"('O_Accepted', 'A_Pending')","('workload', ('O_Accepted', 'A_Pending'))",21.181818181818183,143
804,804,enter,"('W_Validate application|resume', 'W_Validate application|suspend')","('enter', ('W_Validate application|resume', 'W_Validate application|suspend'))",156,144
805,805,exit,"('W_Validate application|suspend', 'W_Validate application|resume')","('exit', ('W_Validate application|suspend', 'W_Validate application|resume'))",238,144
806,806,exit,"('W_Validate application|resume', 'W_Validate application|suspend')","('exit', ('W_Validate application|resume', 'W_Validate application|suspend'))",156,144
807,807,handover,"('W_Validate application|resume', 'W_Validate application|suspend')","('handover', ('W_Validate application|resume', 'W_Validate application|suspend'))",1.5,144
808,808,workload,"('W_Complete application|resume', 'W_Complete application|suspend')","('workload', ('W_Complete application|resume', 'W_Complete application|suspend'))",7.75,144
809,809,workload,"('W_Validate application|complete', 'W_Call incomplete files|schedule')","('workload', ('W_Validate application|complete', 'W_Call incomplete files|schedule'))",5.875,144
810,810,enter,"('W_Validate application|suspend', 'W_Validate application|resume')","('enter', ('W_Validate application|suspend', 'W_Validate application|resume'))",217,145
811,811,workload,"('W_Validate application|schedule', 'W_Validate application|start')","('workload', ('W_Validate application|schedule', 'W_Validate application|start'))",13.181818181818182,145
812,812,workload,"('W_Validate application|start', 'A_Validating')","('workload', ('W_Validate application|start', 'A_Validating'))",14.4,145
813,813,workload,"('A_Validating', 'W_Validate application|suspend')","('workload', ('A_Validating', 'W_Validate application|suspend'))",7.625,145
814,814,exit,"('A_Concept', 'W_Complete application|start')","('exit', ('A_Concept', 'W_Complete application|start'))",76,146
815,815,exit,"('W_Validate application|suspend', 'W_Validate application|resume')","('exit', ('W_Validate application|suspend', 'W_Validate application|resume'))",228,146
816,816,enter,"('O_Create Offer', 'O_Created')","('enter', ('O_Create Offer', 'O_Created'))",438,148
817,817,enter,"('O_Created', 'O_Sent (mail and online)')","('enter', ('O_Created', 'O_Sent (mail and online)'))",399,148
818,818,exit,"('O_Create Offer', 'O_Created')","('exit', ('O_Create Offer', 'O_Created'))",438,148
819,819,exit,"('O_Created', 'O_Sent (mail and online)')","('exit', ('O_Created', 'O_Sent (mail and online)'))",399,148
820,820,handover,"('W_Call after offers|suspend', 'W_Call after offers|resume')","('handover', ('W_Call after offers|suspend', 'W_Call after offers|resume'))",14.0,148
821,821,workload,"('O_Create Offer', 'O_Created')","('workload', ('O_Create Offer', 'O_Created'))",54.75,148
822,822,workload,"('O_Created', 'O_Sent (mail and online)')","('workload', ('O_Created', 'O_Sent (mail and online)'))",49.875,148
823,823,workload,"('W_Call after offers|resume', 'W_Call after offers|suspend')","('workload', ('W_Call after offers|resume', 'W_Call after offers|suspend'))",65.0,148
824,824,enter,"('W_Call after offers|suspend', 'W_Call after offers|resume')","('enter', ('W_Call after offers|suspend', 'W_Call after offers|resume'))",175,150
825,825,enter,"('W_Complete application|schedule', 'W_Complete application|start')","('enter', ('W_Complete application|schedule', 'W_Complete application|start'))",74,150
826,826,exit,"('W_Complete application|schedule', 'W_Complete application|start')","('exit', ('W_Complete application|schedule', 'W_Complete application|start'))",74,150
827,827,workload,"('W_Call incomplete files|suspend', 'W_Call incomplete files|resume')","('workload', ('W_Call incomplete files|suspend', 'W_Call incomplete files|resume'))",17.0,150
828,828,workload,"('W_Call incomplete files|resume', 'W_Call incomplete files|suspend')","('workload', ('W_Call incomplete files|resume', 'W_Call incomplete files|suspend'))",31.4,150
829,829,enter,"('W_Validate application|suspend', 'W_Validate application|resume')","('enter', ('W_Validate application|suspend', 'W_Validate application|resume'))",221,151
830,830,enter,"('W_Validate application|resume', 'W_Validate application|suspend')","('enter', ('W_Validate application|resume', 'W_Validate application|suspend'))",164,151
831,831,exit,"('W_Validate application|suspend', 'W_Validate application|resume')","('exit', ('W_Validate application|suspend', 'W_Validate application|resume'))",244,151
832,832,exit,"('W_Validate application|resume', 'W_Validate application|suspend')","('exit', ('W_Validate application|resume', 'W_Validate application|suspend'))",164,151
833,833,workload,"('W_Call incomplete files|suspend', 'W_Call incomplete files|resume')","('workload', ('W_Call incomplete files|suspend', 'W_Call incomplete files|resume'))",19.0,152
834,834,workload,"('W_Call incomplete files|suspend', 'W_Call incomplete files|ate_abort')","('workload', ('W_Call incomplete files|suspend', 'W_Call incomplete files|ate_abort'))",1.3333333333333333,153
835,835,workload,"('W_Complete application|schedule', 'W_Complete application|start')","('workload', ('W_Complete application|schedule', 'W_Complete application|start'))",4.0,154
836,836,workload,"('W_Complete application|start', 'A_Concept')","('workload', ('W_Complete application|start', 'A_Concept'))",3.3333333333333335,154
837,837,workload,"('W_Validate application|complete', 'W_Call incomplete files|schedule')","('workload', ('W_Validate application|complete', 'W_Call incomplete files|schedule'))",6.571428571428571,154
838,838,handover,"('W_Call incomplete files|suspend', 'W_Call incomplete files|resume')","('handover', ('W_Call incomplete files|suspend', 'W_Call incomplete files|resume'))",16.0,155
839,839,handover,"('W_Call incomplete files|suspend', 'W_Call incomplete files|ate_abort')","('handover', ('W_Call incomplete files|suspend', 'W_Call incomplete files|ate_abort'))",6.0,155
840,840,handover,"('W_Complete application|suspend', 'W_Complete application|resume')","('handover', ('W_Complete application|suspend', 'W_Complete application|resume'))",2.3333333333333335,155
841,841,workload,"('W_Complete application|start', 'W_Complete application|suspend')","('workload', ('W_Complete application|start', 'W_Complete application|suspend'))",7.0,155
842,842,workload,"('O_Create Offer', 'O_Created')","('workload', ('O_Create Offer', 'O_Created'))",9.0,155
843,843,workload,"('O_Created', 'O_Sent (mail and online)')","('workload', ('O_Created', 'O_Sent (mail and online)'))",7.714285714285714,155
844,844,workload,"('W_Call incomplete files|resume', 'W_Call incomplete files|suspend')","('workload', ('W_Call incomplete files|resume', 'W_Call incomplete files|suspend'))",44.0,155
845,845,workload,"('W_Call incomplete files|ate_abort', 'W_Validate application|schedule')","('workload', ('W_Call incomplete files|ate_abort', 'W_Validate application|schedule'))",14.0,155
846,846,workload,"('A_Validating', 'W_Validate application|suspend')","('workload', ('A_Validating', 'W_Validate application|suspend'))",9.5,155
847,847,enter,"('A_Create Application', 'A_Submitted')","('enter', ('A_Create Application', 'A_Submitted'))",79,157
848,848,enter,"('A_Submitted', 'W_Handle leads|schedule')","('enter', ('A_Submitted', 'W_Handle leads|schedule'))",79,157
849,849,enter,"('W_Handle leads|schedule', 'W_Handle leads|withdraw')","('enter', ('W_Handle leads|schedule', 'W_Handle leads|withdraw'))",66,157
850,850,enter,"('W_Handle leads|withdraw', 'W_Complete application|schedule')","('enter', ('W_Handle leads|withdraw', 'W_Complete application|schedule'))",66,157
851,851,enter,"('W_Complete application|start', 'W_Complete application|suspend')","('enter', ('W_Complete application|start', 'W_Complete application|suspend'))",93,157
852,852,enter,"('A_Accepted', 'O_Create Offer')","('enter', ('A_Accepted', 'O_Create Offer'))",185,157
853,853,enter,"('O_Create Offer', 'O_Created')","('enter', ('O_Create Offer', 'O_Created'))",240,157
854,854,enter,"('O_Created', 'O_Sent (mail and online)')","('enter', ('O_Created', 'O_Sent (mail and online)'))",208,157
855,855,enter,"('O_Sent (mail and online)', 'W_Complete application|ate_abort')","('enter', ('O_Sent (mail and online)', 'W_Complete application|ate_abort'))",70,157
856,856,enter,"('W_Complete application|ate_abort', 'W_Call after offers|schedule')","('enter', ('W_Complete application|ate_abort', 'W_Call after offers|schedule'))",70,157
857,857,enter,"('W_Call after offers|schedule', 'W_Call after offers|start')","('enter', ('W_Call after offers|schedule', 'W_Call after offers|start'))",190,157
858,858,enter,"('W_Call after offers|start', 'A_Complete')","('enter', ('W_Call after offers|start', 'A_Complete'))",190,157
859,859,enter,"('A_Complete', 'W_Call after offers|suspend')","('enter', ('A_Complete', 'W_Call after offers|suspend'))",181,157
860,860,enter,"('W_Call after offers|suspend', 'W_Call after offers|resume')","('enter', ('W_Call after offers|suspend', 'W_Call after offers|resume'))",153,157
861,861,enter,"('W_Call incomplete files|suspend', 'W_Call incomplete files|resume')","('enter', ('W_Call incomplete files|suspend', 'W_Call incomplete files|resume'))",208,157
862,862,enter,"('W_Call incomplete files|resume', 'W_Call incomplete files|suspend')","('enter', ('W_Call incomplete files|resume', 'W_Call incomplete files|suspend'))",195,157
863,863,enter,"('W_Complete application|suspend', 'W_Complete application|resume')","('enter', ('W_Complete application|suspend', 'W_Complete application|resume'))",138,157
864,864,enter,"('O_Sent (mail and online)', 'W_Complete application|complete')","('enter', ('O_Sent (mail and online)', 'W_Complete application|complete'))",107,157
865,865,enter,"('W_Complete application|complete', 'W_Call after offers|schedule')","('enter', ('W_Complete application|complete', 'W_Call after offers|schedule'))",111,157
866,866,enter,"('W_Complete application|schedule', 'W_Complete application|start')","('enter', ('W_Complete application|schedule', 'W_Complete application|start'))",76,157
867,867,enter,"('W_Complete application|resume', 'W_Complete application|suspend')","('enter', ('W_Complete application|resume', 'W_Complete application|suspend'))",91,157
868,868,enter,"('W_Validate application|complete', 'W_Call incomplete files|schedule')","('enter', ('W_Validate application|complete', 'W_Call incomplete files|schedule'))",59,157
869,869,exit,"('A_Create Application', 'A_Submitted')","('exit', ('A_Create Application', 'A_Submitted'))",79,157
870,870,exit,"('A_Submitted', 'W_Handle leads|schedule')","('exit', ('A_Submitted', 'W_Handle leads|schedule'))",79,157
871,871,exit,"('W_Handle leads|schedule', 'W_Handle leads|withdraw')","('exit', ('W_Handle leads|schedule', 'W_Handle leads|withdraw'))",66,157
872,872,exit,"('W_Handle leads|withdraw', 'W_Complete application|schedule')","('exit', ('W_Handle leads|withdraw', 'W_Complete application|schedule'))",66,157
873,873,exit,"('A_Concept', 'W_Complete application|start')","('exit', ('A_Concept', 'W_Complete application|start'))",110,157
874,874,exit,"('W_Complete application|start', 'W_Complete application|suspend')","('exit', ('W_Complete application|start', 'W_Complete application|suspend'))",93,157
875,875,exit,"('A_Accepted', 'O_Create Offer')","('exit', ('A_Accepted', 'O_Create Offer'))",185,157
876,876,exit,"('O_Create Offer', 'O_Created')","('exit', ('O_Create Offer', 'O_Created'))",240,157
877,877,exit,"('O_Created', 'O_Sent (mail and online)')","('exit', ('O_Created', 'O_Sent (mail and online)'))",208,157
878,878,exit,"('O_Sent (mail and online)', 'W_Complete application|ate_abort')","('exit', ('O_Sent (mail and online)', 'W_Complete application|ate_abort'))",70,157
879,879,exit,"('W_Complete application|ate_abort', 'W_Call after offers|schedule')","('exit', ('W_Complete application|ate_abort', 'W_Call after offers|schedule'))",70,157
880,880,exit,"('W_Call after offers|schedule', 'W_Call after offers|start')","('exit', ('W_Call after offers|schedule', 'W_Call after offers|start'))",190,157
881,881,exit,"('W_Call after offers|start', 'A_Complete')","('exit', ('W_Call after offers|start', 'A_Complete'))",190,157
882,882,exit,"('A_Complete', 'W_Call after offers|suspend')","('exit', ('A_Complete', 'W_Call after offers|suspend'))",181,157
883,883,exit,"('W_Call incomplete files|suspend', 'W_Call incomplete files|resume')","('exit', ('W_Call incomplete files|suspend', 'W_Call incomplete files|resume'))",209,157
884,884,exit,"('W_Call incomplete files|resume', 'W_Call incomplete files|suspend')","('exit', ('W_Call incomplete files|resume', 'W_Call incomplete files|suspend'))",195,157
885,885,exit,"('W_Complete application|suspend', 'W_Complete application|resume')","('exit', ('W_Complete application|suspend', 'W_Complete application|resume'))",139,157
886,886,exit,"('O_Sent (mail and online)', 'W_Complete application|complete')","('exit', ('O_Sent (mail and online)', 'W_Complete application|complete'))",107,157
887,887,exit,"('W_Complete application|complete', 'W_Call after offers|schedule')","('exit', ('W_Complete application|complete', 'W_Call after offers|schedule'))",111,157
888,888,exit,"('W_Complete application|schedule', 'W_Complete application|start')","('exit', ('W_Complete application|schedule', 'W_Complete application|start'))",76,157
889,889,exit,"('W_Complete application|resume', 'W_Complete application|suspend')","('exit', ('W_Complete application|resume', 'W_Complete application|suspend'))",91,157
890,890,exit,"('W_Validate application|complete', 'W_Call incomplete files|schedule')","('exit', ('W_Validate application|complete', 'W_Call incomplete files|schedule'))",59,157
891,891,handover,"('W_Validate application|suspend', 'W_Validate application|ate_abort')","('handover', ('W_Validate application|suspend', 'W_Validate application|ate_abort'))",2.6,157
892,892,handover,"('W_Call incomplete files|suspend', 'W_Call incomplete files|resume')","('handover', ('W_Call incomplete files|suspend', 'W_Call incomplete files|resume'))",6.5,157
893,893,workload,"('W_Complete application|start', 'W_Complete application|suspend')","('workload', ('W_Complete application|start', 'W_Complete application|suspend'))",6.642857142857143,157
894,894,workload,"('A_Accepted', 'O_Create Offer')","('workload', ('A_Accepted', 'O_Create Offer'))",6.814814814814815,157
895,895,workload,"('O_Create Offer', 'O_Created')","('workload', ('O_Create Offer', 'O_Created'))",8.88888888888889,157
896,896,workload,"('O_Created', 'O_Sent (mail and online)')","('workload', ('O_Created', 'O_Sent (mail and online)'))",8.0,157
897,897,workload,"('O_Sent (mail and online)', 'W_Complete application|ate_abort')","('workload', ('O_Sent (mail and online)', 'W_Complete application|ate_abort'))",3.0434782608695654,157
898,898,workload,"('W_Complete application|ate_abort', 'W_Call after offers|schedule')","('workload', ('W_Complete application|ate_abort', 'W_Call after offers|schedule'))",3.0434782608695654,157
899,899,workload,"('W_Call after offers|schedule', 'W_Call after offers|start')","('workload', ('W_Call after offers|schedule', 'W_Call after offers|start'))",7.037037037037037,157
900,900,workload,"('W_Call after offers|start', 'A_Complete')","('workload', ('W_Call after offers|start', 'A_Complete'))",7.037037037037037,157
901,901,workload,"('A_Complete', 'W_Call after offers|suspend')","('workload', ('A_Complete', 'W_Call after offers|suspend'))",6.8076923076923075,157
902,902,workload,"('W_Call incomplete files|suspend', 'W_Call incomplete files|resume')","('workload', ('W_Call incomplete files|suspend', 'W_Call incomplete files|resume'))",13.0,157
903,903,workload,"('W_Call incomplete files|resume', 'W_Call incomplete files|suspend')","('workload', ('W_Call incomplete files|resume', 'W_Call incomplete files|suspend'))",65.0,157
904,904,workload,"('O_Sent (mail and online)', 'W_Complete application|complete')","('workload', ('O_Sent (mail and online)', 'W_Complete application|complete'))",5.428571428571429,158
905,905,workload,"('W_Complete application|complete', 'W_Call after offers|schedule')","('workload', ('W_Complete application|complete', 'W_Call after offers|schedule'))",5.714285714285714,158
906,906,workload,"('W_Validate application|suspend', 'W_Validate application|resume')","('workload', ('W_Validate application|suspend', 'W_Validate application|resume'))",8.285714285714286,158
907,907,workload,"('W_Complete application|schedule', 'W_Complete application|start')","('workload', ('W_Complete application|schedule', 'W_Complete application|start'))",4.333333333333333,158
908,908,workload,"('W_Complete application|resume', 'W_Complete application|suspend')","('workload', ('W_Complete application|resume', 'W_Complete application|suspend'))",8.375,158
909,909,enter,"('A_Accepted', 'O_Create Offer')","('enter', ('A_Accepted', 'O_Create Offer'))",138,159
910,910,enter,"('O_Sent (mail and online)', 'W_Complete application|complete')","('enter', ('O_Sent (mail and online)', 'W_Complete application|complete'))",90,159
911,911,enter,"('W_Complete application|complete', 'W_Call after offers|schedule')","('enter', ('W_Complete application|complete', 'W_Call after offers|schedule'))",91,159
912,912,exit,"('A_Accepted', 'O_Create Offer')","('exit', ('A_Accepted', 'O_Create Offer'))",138,159
913,913,exit,"('O_Sent (mail and online)', 'W_Complete application|complete')","('exit', ('O_Sent (mail and online)', 'W_Complete application|complete'))",90,159
914,914,exit,"('W_Complete application|complete', 'W_Call after offers|schedule')","('exit', ('W_Complete application|complete', 'W_Call after offers|schedule'))",91,159
915,915,workload,"('A_Accepted', 'O_Create Offer')","('workload', ('A_Accepted', 'O_Create Offer'))",6.571428571428571,159
916,916,workload,"('O_Created', 'O_Sent (mail and online)')","('workload', ('O_Created', 'O_Sent (mail and online)'))",7.619047619047619,159
917,917,workload,"('W_Call after offers|schedule', 'W_Call after offers|start')","('workload', ('W_Call after offers|schedule', 'W_Call after offers|start'))",6.666666666666667,159
918,918,workload,"('W_Call after offers|start', 'A_Complete')","('workload', ('W_Call after offers|start', 'A_Complete'))",6.666666666666667,159
919,919,workload,"('A_Complete', 'W_Call after offers|suspend')","('workload', ('A_Complete', 'W_Call after offers|suspend'))",6.55,159
920,920,workload,"('W_Call incomplete files|suspend', 'W_Call incomplete files|resume')","('workload', ('W_Call incomplete files|suspend', 'W_Call incomplete files|resume'))",10.0,159
921,921,workload,"('O_Sent (mail and online)', 'W_Complete application|complete')","('workload', ('O_Sent (mail and online)', 'W_Complete application|complete'))",4.7368421052631575,159
922,922,workload,"('W_Complete application|complete', 'W_Call after offers|schedule')","('workload', ('W_Complete application|complete', 'W_Call after offers|schedule'))",4.7894736842105265,159
923,923,workload,"('W_Complete application|start', 'A_Concept')","('workload', ('W_Complete application|start', 'A_Concept'))",3.2142857142857144,160
924,924,enter,"('W_Complete application|start', 'W_Complete application|suspend')","('enter', ('W_Complete application|start', 'W_Complete application|suspend'))",60,162
925,925,enter,"('W_Complete application|suspend', 'W_Complete application|resume')","('enter', ('W_Complete application|suspend', 'W_Complete application|resume'))",110,162
926,926,enter,"('W_Complete application|resume', 'W_Complete application|suspend')","('enter', ('W_Complete application|resume', 'W_Complete application|suspend'))",99,162
927,927,exit,"('A_Concept', 'W_Complete application|start')","('exit', ('A_Concept', 'W_Complete application|start'))",93,162
928,928,exit,"('W_Complete application|start', 'W_Complete application|suspend')","('exit', ('W_Complete application|start', 'W_Complete application|suspend'))",60,162
929,929,exit,"('W_Complete application|suspend', 'W_Complete application|resume')","('exit', ('W_Complete application|suspend', 'W_Complete application|resume'))",130,162
930,930,exit,"('W_Complete application|resume', 'W_Complete application|suspend')","('exit', ('W_Complete application|resume', 'W_Complete application|suspend'))",99,162
931,931,workload,"('A_Accepted', 'O_Create Offer')","('workload', ('A_Accepted', 'O_Create Offer'))",6.466666666666667,162
932,932,workload,"('O_Create Offer', 'O_Created')","('workload', ('O_Create Offer', 'O_Created'))",9.066666666666666,162
933,933,workload,"('O_Created', 'O_Sent (mail and online)')","('workload', ('O_Created', 'O_Sent (mail and online)'))",8.714285714285714,162
934,934,workload,"('W_Call after offers|schedule', 'W_Call after offers|start')","('workload', ('W_Call after offers|schedule', 'W_Call after offers|start'))",8.071428571428571,162
935,935,workload,"('W_Call after offers|start', 'A_Complete')","('workload', ('W_Call after offers|start', 'A_Complete'))",8.071428571428571,162
936,936,workload,"('A_Complete', 'W_Call after offers|suspend')","('workload', ('A_Complete', 'W_Call after offers|suspend'))",7.857142857142857,162
937,937,workload,"('O_Sent (mail and online)', 'W_Complete application|complete')","('workload', ('O_Sent (mail and online)', 'W_Complete application|complete'))",5.642857142857143,162
938,938,workload,"('W_Complete application|complete', 'W_Call after offers|schedule')","('workload', ('W_Complete application|complete', 'W_Call after offers|schedule'))",5.642857142857143,162
939,939,workload,"('W_Complete application|resume', 'W_Complete application|suspend')","('workload', ('W_Complete application|resume', 'W_Complete application|suspend'))",7.071428571428571,162
940,940,enter,"('A_Create Application', 'A_Submitted')","('enter', ('A_Create Application', 'A_Submitted'))",84,164
941,941,enter,"('A_Submitted', 'W_Handle leads|schedule')","('enter', ('A_Submitted', 'W_Handle leads|schedule'))",84,164
942,942,enter,"('W_Complete application|ate_abort', 'W_Call after offers|schedule')","('enter', ('W_Complete application|ate_abort', 'W_Call after offers|schedule'))",51,164
943,943,enter,"('W_Call after offers|resume', 'W_Call after offers|suspend')","('enter', ('W_Call after offers|resume', 'W_Call after offers|suspend'))",282,164
944,944,enter,"('W_Call after offers|suspend', 'W_Call after offers|ate_abort')","('enter', ('W_Call after offers|suspend', 'W_Call after offers|ate_abort'))",205,164
945,945,enter,"('W_Complete application|schedule', 'W_Complete application|start')","('enter', ('W_Complete application|schedule', 'W_Complete application|start'))",80,164
946,946,enter,"('W_Complete application|start', 'A_Concept')","('enter', ('W_Complete application|start', 'A_Concept'))",63,164
947,947,exit,"('A_Create Application', 'A_Submitted')","('exit', ('A_Create Application', 'A_Submitted'))",84,164
948,948,exit,"('A_Submitted', 'W_Handle leads|schedule')","('exit', ('A_Submitted', 'W_Handle leads|schedule'))",84,164
949,949,exit,"('W_Complete application|ate_abort', 'W_Call after offers|schedule')","('exit', ('W_Complete application|ate_abort', 'W_Call after offers|schedule'))",51,164
950,950,exit,"('W_Call after offers|suspend', 'W_Call after offers|resume')","('exit', ('W_Call after offers|suspend', 'W_Call after offers|resume'))",274,164
951,951,exit,"('W_Call after offers|resume', 'W_Call after offers|suspend')","('exit', ('W_Call after offers|resume', 'W_Call after offers|suspend'))",282,164
952,952,exit,"('W_Complete application|schedule', 'W_Complete application|start')","('exit', ('W_Complete application|schedule', 'W_Complete application|start'))",80,164
953,953,exit,"('W_Complete application|start', 'A_Concept')","('exit', ('W_Complete application|start', 'A_Concept'))",63,164
954,954,workload,"('W_Call incomplete files|resume', 'W_Call incomplete files|suspend')","('workload', ('W_Call incomplete files|resume', 'W_Call incomplete files|suspend'))",28.4,164
955,955,enter,"('A_Create Application', 'A_Submitted')","('enter', ('A_Create Application', 'A_Submitted'))",80,165
956,956,enter,"('A_Submitted', 'W_Handle leads|schedule')","('enter', ('A_Submitted', 'W_Handle leads|schedule'))",80,165
957,957,enter,"('W_Handle leads|schedule', 'W_Handle leads|withdraw')","('enter', ('W_Handle leads|schedule', 'W_Handle leads|withdraw'))",67,165
958,958,enter,"('W_Handle leads|withdraw', 'W_Complete application|schedule')","('enter', ('W_Handle leads|withdraw', 'W_Complete application|schedule'))",67,165
959,959,enter,"('W_Complete application|schedule', 'A_Concept')","('enter', ('W_Complete application|schedule', 'A_Concept'))",68,165
960,960,enter,"('W_Complete application|start', 'A_Concept')","('enter', ('W_Complete application|start', 'A_Concept'))",56,165
961,961,exit,"('A_Create Application', 'A_Submitted')","('exit', ('A_Create Application', 'A_Submitted'))",80,165
962,962,exit,"('A_Submitted', 'W_Handle leads|schedule')","('exit', ('A_Submitted', 'W_Handle leads|schedule'))",80,165
963,963,exit,"('W_Handle leads|schedule', 'W_Handle leads|withdraw')","('exit', ('W_Handle leads|schedule', 'W_Handle leads|withdraw'))",67,165
964,964,exit,"('W_Handle leads|withdraw', 'W_Complete application|schedule')","('exit', ('W_Handle leads|withdraw', 'W_Complete application|schedule'))",67,165
965,965,exit,"('W_Complete application|schedule', 'A_Concept')","('exit', ('W_Complete application|schedule', 'A_Concept'))",68,165
966,966,exit,"('W_Complete application|start', 'A_Concept')","('exit', ('W_Complete application|start', 'A_Concept'))",56,165
967,967,handover,"('W_Validate application|resume', 'W_Validate application|suspend')","('handover', ('W_Validate application|resume', 'W_Validate application|suspend'))",2.0,165
968,968,workload,"('W_Validate application|complete', 'W_Call incomplete files|schedule')","('workload', ('W_Validate application|complete', 'W_Call incomplete files|schedule'))",7.0,165
969,969,enter,"('W_Call after offers|ate_abort', 'W_Validate application|schedule')","('enter', ('W_Call after offers|ate_abort', 'W_Validate application|schedule'))",134,166
970,970,enter,"('W_Validate application|schedule', 'W_Validate application|start')","('enter', ('W_Validate application|schedule', 'W_Validate application|start'))",206,166
971,971,enter,"('W_Validate application|start', 'A_Validating')","('enter', ('W_Validate application|start', 'A_Validating'))",206,166
972,972,enter,"('A_Validating', 'O_Returned')","('enter', ('A_Validating', 'O_Returned'))",131,166
973,973,enter,"('O_Returned', 'W_Validate application|suspend')","('enter', ('O_Returned', 'W_Validate application|suspend'))",130,166
974,974,enter,"('W_Validate application|suspend', 'W_Validate application|resume')","('enter', ('W_Validate application|suspend', 'W_Validate application|resume'))",237,166
975,975,exit,"('W_Call after offers|suspend', 'W_Call after offers|ate_abort')","('exit', ('W_Call after offers|suspend', 'W_Call after offers|ate_abort'))",126,166
976,976,exit,"('W_Call after offers|ate_abort', 'W_Validate application|schedule')","('exit', ('W_Call after offers|ate_abort', 'W_Validate application|schedule'))",134,166
977,977,exit,"('W_Validate application|schedule', 'W_Validate application|start')","('exit', ('W_Validate application|schedule', 'W_Validate application|start'))",206,166
978,978,exit,"('W_Validate application|start', 'A_Validating')","('exit', ('W_Validate application|start', 'A_Validating'))",206,166
979,979,exit,"('A_Validating', 'O_Returned')","('exit', ('A_Validating', 'O_Returned'))",131,166
980,980,exit,"('O_Returned', 'W_Validate application|suspend')","('exit', ('O_Returned', 'W_Validate application|suspend'))",130,166
981,981,workload,"('W_Call incomplete files|resume', 'W_Call incomplete files|suspend')","('workload', ('W_Call incomplete files|resume', 'W_Call incomplete files|suspend'))",28.25,167
982,982,workload,"('W_Validate application|resume', 'W_Validate application|suspend')","('workload', ('W_Validate application|resume', 'W_Validate application|suspend'))",16.166666666666668,167
983,983,handover,"('W_Call after offers|suspend', 'W_Call after offers|ate_abort')","('handover', ('W_Call after offers|suspend', 'W_Call after offers|ate_abort'))",5.2,168
984,984,workload,"('O_Returned', 'W_Validate application|suspend')","('workload', ('O_Returned', 'W_Validate application|suspend'))",17.4,168
985,985,workload,"('A_Incomplete', 'W_Call incomplete files|suspend')","('workload', ('A_Incomplete', 'W_Call incomplete files|suspend'))",8.090909090909092,168
986,986,workload,"('W_Validate application|complete', 'W_Call incomplete files|schedule')","('workload', ('W_Validate application|complete', 'W_Call incomplete files|schedule'))",6.714285714285714,168
987,987,handover,"('W_Call incomplete files|suspend', 'W_Call incomplete files|resume')","('handover', ('W_Call incomplete files|suspend', 'W_Call incomplete files|resume'))",9.0,169
988,988,handover,"('W_Complete application|suspend', 'W_Complete application|resume')","('handover', ('W_Complete application|suspend', 'W_Complete application|resume'))",2.625,169
989,989,workload,"('A_Accepted', 'O_Create Offer')","('workload', ('A_Accepted', 'O_Create Offer'))",8.625,169
990,990,workload,"('O_Create Offer', 'O_Created')","('workload', ('O_Create Offer', 'O_Created'))",10.75,169
991,991,workload,"('O_Created', 'O_Sent (mail and online)')","('workload', ('O_Created', 'O_Sent (mail and online)'))",9.75,169
992,992,workload,"('O_Sent (mail and online)', 'W_Complete application|ate_abort')","('workload', ('O_Sent (mail and online)', 'W_Complete application|ate_abort'))",3.25,169
993,993,workload,"('W_Complete application|ate_abort', 'W_Call after offers|schedule')","('workload', ('W_Complete application|ate_abort', 'W_Call after offers|schedule'))",3.375,169
994,994,workload,"('W_Call after offers|schedule', 'W_Call after offers|start')","('workload', ('W_Call after offers|schedule', 'W_Call after offers|start'))",9.125,169
995,995,workload,"('W_Call after offers|start', 'A_Complete')","('workload', ('W_Call after offers|start', 'A_Complete'))",9.125,169
996,996,workload,"('A_Complete', 'W_Call after offers|suspend')","('workload', ('A_Complete', 'W_Call after offers|suspend'))",8.5,169
997,997,workload,"('O_Sent (mail and online)', 'W_Complete application|complete')","('workload', ('O_Sent (mail and online)', 'W_Complete application|complete'))",5.375,169
998,998,workload,"('W_Complete application|complete', 'W_Call after offers|schedule')","('workload', ('W_Complete application|complete', 'W_Call after offers|schedule'))",5.375,169
999,999,enter,"('A_Create Application', 'A_Submitted')","('enter', ('A_Create Application', 'A_Submitted'))",87,171
1000,1000,enter,"('A_Submitted', 'W_Handle leads|schedule')","('enter', ('A_Submitted', 'W_Handle leads|schedule'))",87,171
1001,1001,enter,"('A_Concept', 'W_Complete application|start')","('enter', ('A_Concept', 'W_Complete application|start'))",60,171
1002,1002,enter,"('W_Call after offers|suspend', 'W_Call after offers|resume')","('enter', ('W_Call after offers|suspend', 'W_Call after offers|resume'))",139,171
1003,1003,enter,"('W_Call after offers|resume', 'W_Call after offers|suspend')","('enter', ('W_Call after offers|resume', 'W_Call after offers|suspend'))",425,171
1004,1004,enter,"('W_Call after offers|suspend', 'W_Call after offers|ate_abort')","('enter', ('W_Call after offers|suspend', 'W_Call after offers|ate_abort'))",246,171
1005,1005,enter,"('W_Complete application|suspend', 'W_Complete application|resume')","('enter', ('W_Complete application|suspend', 'W_Complete application|resume'))",114,171
1006,1006,enter,"('W_Validate application|suspend', 'W_Validate application|resume')","('enter', ('W_Validate application|suspend', 'W_Validate application|resume'))",211,171
1007,1007,enter,"('W_Complete application|schedule', 'W_Complete application|start')","('enter', ('W_Complete application|schedule', 'W_Complete application|start'))",100,171
1008,1008,enter,"('W_Complete application|start', 'A_Concept')","('enter', ('W_Complete application|start', 'A_Concept'))",76,171
1009,1009,enter,"('W_Validate application|complete', 'W_Call incomplete files|schedule')","('enter', ('W_Validate application|complete', 'W_Call incomplete files|schedule'))",59,171
1010,1010,exit,"('A_Create Application', 'A_Submitted')","('exit', ('A_Create Application', 'A_Submitted'))",87,171
1011,1011,exit,"('A_Submitted', 'W_Handle leads|schedule')","('exit', ('A_Submitted', 'W_Handle leads|schedule'))",87,171
1012,1012,exit,"('W_Call after offers|suspend', 'W_Call after offers|resume')","('exit', ('W_Call after offers|suspend', 'W_Call after offers|resume'))",401,171
1013,1013,exit,"('W_Call after offers|resume', 'W_Call after offers|suspend')","('exit', ('W_Call after offers|resume', 'W_Call after offers|suspend'))",425,171
1014,1014,exit,"('W_Validate application|suspend', 'W_Validate application|resume')","('exit', ('W_Validate application|suspend', 'W_Validate application|resume'))",227,171
1015,1015,exit,"('W_Complete application|schedule', 'W_Complete application|start')","('exit', ('W_Complete application|schedule', 'W_Complete application|start'))",100,171
1016,1016,exit,"('W_Complete application|start', 'A_Concept')","('exit', ('W_Complete application|start', 'A_Concept'))",76,171
1017,1017,exit,"('W_Validate application|complete', 'W_Call incomplete files|schedule')","('exit', ('W_Validate application|complete', 'W_Call incomplete files|schedule'))",59,171
1018,1018,handover,"('W_Validate application|suspend', 'W_Validate application|resume')","('handover', ('W_Validate application|suspend', 'W_Validate application|resume'))",3.2222222222222223,171
1019,1019,workload,"('W_Call incomplete files|schedule', 'W_Call incomplete files|start')","('workload', ('W_Call incomplete files|schedule', 'W_Call incomplete files|start'))",8.666666666666666,171
1020,1020,workload,"('W_Call incomplete files|start', 'A_Incomplete')","('workload', ('W_Call incomplete files|start', 'A_Incomplete'))",8.666666666666666,171
1021,1021,workload,"('A_Incomplete', 'W_Call incomplete files|suspend')","('workload', ('A_Incomplete', 'W_Call incomplete files|suspend'))",8.25,171
1022,1022,workload,"('W_Validate application|resume', 'W_Validate application|suspend')","('workload', ('W_Validate application|resume', 'W_Validate application|suspend'))",16.11111111111111,171
1023,1023,workload,"('W_Complete application|schedule', 'W_Complete application|start')","('workload', ('W_Complete application|schedule', 'W_Complete application|start'))",4.761904761904762,171
1024,1024,workload,"('W_Complete application|start', 'A_Concept')","('workload', ('W_Complete application|start', 'A_Concept'))",3.8,171
1025,1025,workload,"('W_Validate application|complete', 'W_Call incomplete files|schedule')","('workload', ('W_Validate application|complete', 'W_Call incomplete files|schedule'))",7.375,171
1026,1026,enter,"('A_Concept', 'W_Complete application|start')","('enter', ('A_Concept', 'W_Complete application|start'))",58,172
1027,1027,enter,"('O_Create Offer', 'O_Created')","('enter', ('O_Create Offer', 'O_Created'))",199,172
1028,1028,enter,"('O_Created', 'O_Sent (mail and online)')","('enter', ('O_Created', 'O_Sent (mail and online)'))",163,172
1029,1029,enter,"('W_Complete application|suspend', 'W_Complete application|resume')","('enter', ('W_Complete application|suspend', 'W_Complete application|resume'))",115,172
1030,1030,enter,"('O_Sent (mail and online)', 'W_Complete application|complete')","('enter', ('O_Sent (mail and online)', 'W_Complete application|complete'))",91,172
1031,1031,enter,"('W_Complete application|complete', 'W_Call after offers|schedule')","('enter', ('W_Complete application|complete', 'W_Call after offers|schedule'))",92,172
1032,1032,enter,"('W_Validate application|suspend', 'W_Validate application|resume')","('enter', ('W_Validate application|suspend', 'W_Validate application|resume'))",218,172
1033,1033,enter,"('W_Validate application|resume', 'W_Validate application|suspend')","('enter', ('W_Validate application|resume', 'W_Validate application|suspend'))",162,172
1034,1034,enter,"('W_Complete application|resume', 'W_Complete application|suspend')","('enter', ('W_Complete application|resume', 'W_Complete application|suspend'))",88,172
1035,1035,exit,"('A_Concept', 'W_Complete application|start')","('exit', ('A_Concept', 'W_Complete application|start'))",79,172
1036,1036,exit,"('O_Create Offer', 'O_Created')","('exit', ('O_Create Offer', 'O_Created'))",199,172
1037,1037,exit,"('O_Created', 'O_Sent (mail and online)')","('exit', ('O_Created', 'O_Sent (mail and online)'))",163,172
1038,1038,exit,"('W_Complete application|suspend', 'W_Complete application|resume')","('exit', ('W_Complete application|suspend', 'W_Complete application|resume'))",129,172
1039,1039,exit,"('O_Sent (mail and online)', 'W_Complete application|complete')","('exit', ('O_Sent (mail and online)', 'W_Complete application|complete'))",91,172
1040,1040,exit,"('W_Complete application|complete', 'W_Call after offers|schedule')","('exit', ('W_Complete application|complete', 'W_Call after offers|schedule'))",92,172
1041,1041,exit,"('W_Validate application|suspend', 'W_Validate application|resume')","('exit', ('W_Validate application|suspend', 'W_Validate application|resume'))",234,172
1042,1042,exit,"('W_Validate application|resume', 'W_Validate application|suspend')","('exit', ('W_Validate application|resume', 'W_Validate application|suspend'))",161,172
1043,1043,exit,"('W_Complete application|resume', 'W_Complete application|suspend')","('exit', ('W_Complete application|resume', 'W_Complete application|suspend'))",88,172
1044,1044,workload,"('A_Accepted', 'O_Create Offer')","('workload', ('A_Accepted', 'O_Create Offer'))",6.65,172
1045,1045,workload,"('O_Created', 'O_Sent (mail and online)')","('workload', ('O_Created', 'O_Sent (mail and online)'))",7.409090909090909,172
1046,1046,workload,"('W_Call after offers|schedule', 'W_Call after offers|start')","('workload', ('W_Call after offers|schedule', 'W_Call after offers|start'))",7.1,172
1047,1047,workload,"('W_Call after offers|start', 'A_Complete')","('workload', ('W_Call after offers|start', 'A_Complete'))",7.1,172
1048,1048,workload,"('A_Complete', 'W_Call after offers|suspend')","('workload', ('A_Complete', 'W_Call after offers|suspend'))",6.75,172
1049,1049,workload,"('W_Call incomplete files|schedule', 'W_Call incomplete files|start')","('workload', ('W_Call incomplete files|schedule', 'W_Call incomplete files|start'))",10.75,172
1050,1050,workload,"('W_Call incomplete files|start', 'A_Incomplete')","('workload', ('W_Call incomplete files|start', 'A_Incomplete'))",10.75,172
1051,1051,workload,"('A_Incomplete', 'W_Call incomplete files|suspend')","('workload', ('A_Incomplete', 'W_Call incomplete files|suspend'))",10.25,172
1052,1052,workload,"('O_Sent (mail and online)', 'W_Complete application|complete')","('workload', ('O_Sent (mail and online)', 'W_Complete application|complete'))",4.7894736842105265,172
1053,1053,workload,"('W_Complete application|complete', 'W_Call after offers|schedule')","('workload', ('W_Complete application|complete', 'W_Call after offers|schedule'))",4.842105263157895,172
1054,1054,workload,"('W_Validate application|resume', 'W_Validate application|suspend')","('workload', ('W_Validate application|resume', 'W_Validate application|suspend'))",16.1,172
1055,1055,workload,"('W_Complete application|start', 'A_Concept')","('workload', ('W_Complete application|start', 'A_Concept'))",3.230769230769231,172
1056,1056,workload,"('W_Complete application|resume', 'W_Complete application|suspend')","('workload', ('W_Complete application|resume', 'W_Complete application|suspend'))",6.769230769230769,172
1057,1057,workload,"('W_Validate application|complete', 'W_Call incomplete files|schedule')","('workload', ('W_Validate application|complete', 'W_Call incomplete files|schedule'))",6.375,172
1058,1058,enter,"('W_Complete application|start', 'W_Complete application|suspend')","('enter', ('W_Complete application|start', 'W_Complete application|suspend'))",92,173
1059,1059,enter,"('A_Accepted', 'O_Create Offer')","('enter', ('A_Accepted', 'O_Create Offer'))",172,173
1060,1060,enter,"('O_Create Offer', 'O_Created')","('enter', ('O_Create Offer', 'O_Created'))",231,173
1061,1061,enter,"('O_Created', 'O_Sent (mail and online)')","('enter', ('O_Created', 'O_Sent (mail and online)'))",188,173
1062,1062,enter,"('O_Sent (mail and online)', 'W_Complete application|ate_abort')","('enter', ('O_Sent (mail and online)', 'W_Complete application|ate_abort'))",55,173
1063,1063,enter,"('W_Complete application|ate_abort', 'W_Call after offers|schedule')","('enter', ('W_Complete application|ate_abort', 'W_Call after offers|schedule'))",57,173
1064,1064,enter,"('W_Call after offers|schedule', 'W_Call after offers|start')","('enter', ('W_Call after offers|schedule', 'W_Call after offers|start'))",182,173
1065,1065,enter,"('W_Call after offers|start', 'A_Complete')","('enter', ('W_Call after offers|start', 'A_Complete'))",182,173
1066,1066,enter,"('A_Complete', 'W_Call after offers|suspend')","('enter', ('A_Complete', 'W_Call after offers|suspend'))",179,173
1067,1067,enter,"('W_Call after offers|suspend', 'W_Call after offers|resume')","('enter', ('W_Call after offers|suspend', 'W_Call after offers|resume'))",182,173
1068,1068,enter,"('O_Returned', 'W_Validate application|suspend')","('enter', ('O_Returned', 'W_Validate application|suspend'))",109,173
1069,1069,enter,"('O_Accepted', 'A_Pending')","('enter', ('O_Accepted', 'A_Pending'))",263,173
1070,1070,enter,"('W_Complete application|suspend', 'W_Complete application|resume')","('enter', ('W_Complete application|suspend', 'W_Complete application|resume'))",164,173
1071,1071,enter,"('O_Sent (mail and online)', 'W_Complete application|complete')","('enter', ('O_Sent (mail and online)', 'W_Complete application|complete'))",118,173
1072,1072,enter,"('W_Complete application|complete', 'W_Call after offers|schedule')","('enter', ('W_Complete application|complete', 'W_Call after offers|schedule'))",118,173
1073,1073,enter,"('W_Validate application|suspend', 'W_Validate application|resume')","('enter', ('W_Validate application|suspend', 'W_Validate application|resume'))",262,173
1074,1074,enter,"('W_Validate application|resume', 'W_Validate application|suspend')","('enter', ('W_Validate application|resume', 'W_Validate application|suspend'))",169,173
1075,1075,enter,"('W_Complete application|resume', 'W_Complete application|suspend')","('enter', ('W_Complete application|resume', 'W_Complete application|suspend'))",139,173
1076,1076,exit,"('A_Concept', 'W_Complete application|start')","('exit', ('A_Concept', 'W_Complete application|start'))",134,173
1077,1077,exit,"('W_Complete application|start', 'W_Complete application|suspend')","('exit', ('W_Complete application|start', 'W_Complete application|suspend'))",92,173
1078,1078,exit,"('A_Accepted', 'O_Create Offer')","('exit', ('A_Accepted', 'O_Create Offer'))",173,173
1079,1079,exit,"('O_Create Offer', 'O_Created')","('exit', ('O_Create Offer', 'O_Created'))",231,173
1080,1080,exit,"('O_Created', 'O_Sent (mail and online)')","('exit', ('O_Created', 'O_Sent (mail and online)'))",187,173
1081,1081,exit,"('O_Sent (mail and online)', 'W_Complete application|ate_abort')","('exit', ('O_Sent (mail and online)', 'W_Complete application|ate_abort'))",55,173
1082,1082,exit,"('W_Complete application|ate_abort', 'W_Call after offers|schedule')","('exit', ('W_Complete application|ate_abort', 'W_Call after offers|schedule'))",57,173
1083,1083,exit,"('W_Call after offers|schedule', 'W_Call after offers|start')","('exit', ('W_Call after offers|schedule', 'W_Call after offers|start'))",182,173
1084,1084,exit,"('W_Call after offers|start', 'A_Complete')","('exit', ('W_Call after offers|start', 'A_Complete'))",182,173
1085,1085,exit,"('A_Complete', 'W_Call after offers|suspend')","('exit', ('A_Complete', 'W_Call after offers|suspend'))",179,173
1086,1086,exit,"('O_Returned', 'W_Validate application|suspend')","('exit', ('O_Returned', 'W_Validate application|suspend'))",109,173
1087,1087,exit,"('O_Accepted', 'A_Pending')","('exit', ('O_Accepted', 'A_Pending'))",263,173
1088,1088,exit,"('W_Complete application|suspend', 'W_Complete application|resume')","('exit', ('W_Complete application|suspend', 'W_Complete application|resume'))",181,173
1089,1089,exit,"('O_Sent (mail and online)', 'W_Complete application|complete')","('exit', ('O_Sent (mail and online)', 'W_Complete application|complete'))",118,173
1090,1090,exit,"('W_Complete application|complete', 'W_Call after offers|schedule')","('exit', ('W_Complete application|complete', 'W_Call after offers|schedule'))",118,173
1091,1091,exit,"('W_Validate application|suspend', 'W_Validate application|resume')","('exit', ('W_Validate application|suspend', 'W_Validate application|resume'))",250,173
1092,1092,exit,"('W_Validate application|resume', 'W_Validate application|suspend')","('exit', ('W_Validate application|resume', 'W_Validate application|suspend'))",170,173
1093,1093,exit,"('W_Complete application|resume', 'W_Complete application|suspend')","('exit', ('W_Complete application|resume', 'W_Complete application|suspend'))",139,173
1094,1094,workload,"('O_Accepted', 'A_Pending')","('workload', ('O_Accepted', 'A_Pending'))",20.23076923076923,173
1095,1095,workload,"('W_Validate application|resume', 'W_Validate application|suspend')","('workload', ('W_Validate application|resume', 'W_Validate application|suspend'))",16.9,173
1096,1096,enter,"('A_Create Application', 'A_Submitted')","('enter', ('A_Create Application', 'A_Submitted'))",85,174
1097,1097,enter,"('A_Submitted', 'W_Handle leads|schedule')","('enter', ('A_Submitted', 'W_Handle leads|schedule'))",85,174
1098,1098,enter,"('W_Handle leads|schedule', 'W_Handle leads|withdraw')","('enter', ('W_Handle leads|schedule', 'W_Handle leads|withdraw'))",67,174
1099,1099,enter,"('W_Handle leads|withdraw', 'W_Complete application|schedule')","('enter', ('W_Handle leads|withdraw', 'W_Complete application|schedule'))",67,174
1100,1100,enter,"('W_Complete application|schedule', 'A_Concept')","('enter', ('W_Complete application|schedule', 'A_Concept'))",71,174
1101,1101,enter,"('A_Concept', 'W_Complete application|start')","('enter', ('A_Concept', 'W_Complete application|start'))",65,174
1102,1102,enter,"('O_Sent (mail and online)', 'W_Complete application|ate_abort')","('enter', ('O_Sent (mail and online)', 'W_Complete application|ate_abort'))",66,174
1103,1103,enter,"('W_Complete application|ate_abort', 'W_Call after offers|schedule')","('enter', ('W_Complete application|ate_abort', 'W_Call after offers|schedule'))",66,174
1104,1104,enter,"('O_Accepted', 'A_Pending')","('enter', ('O_Accepted', 'A_Pending'))",78,174
1105,1105,enter,"('W_Validate application|suspend', 'W_Validate application|resume')","('enter', ('W_Validate application|suspend', 'W_Validate application|resume'))",238,174
1106,1106,enter,"('W_Validate application|resume', 'W_Validate application|suspend')","('enter', ('W_Validate application|resume', 'W_Validate application|suspend'))",155,174
1107,1107,exit,"('A_Create Application', 'A_Submitted')","('exit', ('A_Create Application', 'A_Submitted'))",85,174
1108,1108,exit,"('A_Submitted', 'W_Handle leads|schedule')","('exit', ('A_Submitted', 'W_Handle leads|schedule'))",85,174
1109,1109,exit,"('W_Handle leads|schedule', 'W_Handle leads|withdraw')","('exit', ('W_Handle leads|schedule', 'W_Handle leads|withdraw'))",67,174
1110,1110,exit,"('W_Handle leads|withdraw', 'W_Complete application|schedule')","('exit', ('W_Handle leads|withdraw', 'W_Complete application|schedule'))",67,174
1111,1111,exit,"('W_Complete application|schedule', 'A_Concept')","('exit', ('W_Complete application|schedule', 'A_Concept'))",71,174
1112,1112,exit,"('O_Sent (mail and online)', 'W_Complete application|ate_abort')","('exit', ('O_Sent (mail and online)', 'W_Complete application|ate_abort'))",66,174
1113,1113,exit,"('W_Complete application|ate_abort', 'W_Call after offers|schedule')","('exit', ('W_Complete application|ate_abort', 'W_Call after offers|schedule'))",66,174
1114,1114,exit,"('O_Accepted', 'A_Pending')","('exit', ('O_Accepted', 'A_Pending'))",78,174
1115,1115,exit,"('W_Validate application|suspend', 'W_Validate application|resume')","('exit', ('W_Validate application|suspend', 'W_Validate application|resume'))",244,174
1116,1116,exit,"('W_Validate application|resume', 'W_Validate application|suspend')","('exit', ('W_Validate application|resume', 'W_Validate application|suspend'))",155,174
1117,1117,workload,"('O_Sent (mail and online)', 'W_Complete application|ate_abort')","('workload', ('O_Sent (mail and online)', 'W_Complete application|ate_abort'))",3.3,174
1118,1118,workload,"('W_Complete application|ate_abort', 'W_Call after offers|schedule')","('workload', ('W_Complete application|ate_abort', 'W_Call after offers|schedule'))",3.3,174
1119,1119,workload,"('W_Validate application|resume', 'W_Validate application|suspend')","('workload', ('W_Validate application|resume', 'W_Validate application|suspend'))",15.4,174
1120,1120,enter,"('O_Returned', 'W_Validate application|suspend')","('enter', ('O_Returned', 'W_Validate application|suspend'))",107,175
1121,1121,enter,"('O_Accepted', 'A_Pending')","('enter', ('O_Accepted', 'A_Pending'))",84,175
1122,1122,enter,"('W_Validate application|suspend', 'W_Validate application|resume')","('enter', ('W_Validate application|suspend', 'W_Validate application|resume'))",307,175
1123,1123,enter,"('W_Validate application|resume', 'W_Validate application|suspend')","('enter', ('W_Validate application|resume', 'W_Validate application|suspend'))",200,175
1124,1124,exit,"('O_Returned', 'W_Validate application|suspend')","('exit', ('O_Returned', 'W_Validate application|suspend'))",107,175
1125,1125,exit,"('O_Accepted', 'A_Pending')","('exit', ('O_Accepted', 'A_Pending'))",84,175
1126,1126,exit,"('W_Validate application|suspend', 'W_Validate application|resume')","('exit', ('W_Validate application|suspend', 'W_Validate application|resume'))",311,175
1127,1127,exit,"('W_Validate application|resume', 'W_Validate application|suspend')","('exit', ('W_Validate application|resume', 'W_Validate application|suspend'))",200,175
1128,1128,workload,"('W_Call after offers|suspend', 'W_Call after offers|resume')","('workload', ('W_Call after offers|suspend', 'W_Call after offers|resume'))",9.0,175
1129,1129,workload,"('W_Validate application|suspend', 'W_Validate application|resume')","('workload', ('W_Validate application|suspend', 'W_Validate application|resume'))",9.7,175
1130,1130,workload,"('W_Validate application|resume', 'W_Validate application|suspend')","('workload', ('W_Validate application|resume', 'W_Validate application|suspend'))",20.0,175
1131,1131,workload,"('W_Validate application|complete', 'W_Call incomplete files|schedule')","('workload', ('W_Validate application|complete', 'W_Call incomplete files|schedule'))",5.875,175
1132,1132,handover,"('W_Call incomplete files|suspend', 'W_Call incomplete files|ate_abort')","('handover', ('W_Call incomplete files|suspend', 'W_Call incomplete files|ate_abort'))",3.5,176
1133,1133,handover,"('W_Complete application|suspend', 'W_Complete application|resume')","('handover', ('W_Complete application|suspend', 'W_Complete application|resume'))",2.5,176
1134,1134,workload,"('W_Complete application|start', 'W_Complete application|suspend')","('workload', ('W_Complete application|start', 'W_Complete application|suspend'))",6.25,176
1135,1135,workload,"('A_Accepted', 'O_Create Offer')","('workload', ('A_Accepted', 'O_Create Offer'))",7.0,176
1136,1136,workload,"('O_Create Offer', 'O_Created')","('workload', ('O_Create Offer', 'O_Created'))",10.5,176
1137,1137,workload,"('O_Created', 'O_Sent (mail and online)')","('workload', ('O_Created', 'O_Sent (mail and online)'))",8.0,176
1138,1138,workload,"('W_Call after offers|schedule', 'W_Call after offers|start')","('workload', ('W_Call after offers|schedule', 'W_Call after offers|start'))",7.375,176
1139,1139,workload,"('W_Call after offers|start', 'A_Complete')","('workload', ('W_Call after offers|start', 'A_Complete'))",7.375,176
1140,1140,workload,"('A_Complete', 'W_Call after offers|suspend')","('workload', ('A_Complete', 'W_Call after offers|suspend'))",6.75,176
1141,1141,workload,"('O_Sent (mail and online)', 'W_Complete application|complete')","('workload', ('O_Sent (mail and online)', 'W_Complete application|complete'))",4.75,176
1142,1142,workload,"('W_Complete application|complete', 'W_Call after offers|schedule')","('workload', ('W_Complete application|complete', 'W_Call after offers|schedule'))",4.875,176
1143,1143,enter,"('W_Call after offers|resume', 'W_Call after offers|suspend')","('enter', ('W_Call after offers|resume', 'W_Call after offers|suspend'))",396,178
1144,1144,enter,"('W_Call after offers|suspend', 'W_Call after offers|ate_abort')","('enter', ('W_Call after offers|suspend', 'W_Call after offers|ate_abort'))",262,178
1145,1145,enter,"('W_Complete application|schedule', 'W_Complete application|start')","('enter', ('W_Complete application|schedule', 'W_Complete application|start'))",79,178
1146,1146,enter,"('W_Complete application|start', 'A_Concept')","('enter', ('W_Complete application|start', 'A_Concept'))",66,178
1147,1147,exit,"('W_Call after offers|suspend', 'W_Call after offers|resume')","('exit', ('W_Call after offers|suspend', 'W_Call after offers|resume'))",379,178
1148,1148,exit,"('W_Call after offers|resume', 'W_Call after offers|suspend')","('exit', ('W_Call after offers|resume', 'W_Call after offers|suspend'))",396,178
1149,1149,exit,"('W_Complete application|schedule', 'W_Complete application|start')","('exit', ('W_Complete application|schedule', 'W_Complete application|start'))",79,178
1150,1150,exit,"('W_Complete application|start', 'A_Concept')","('exit', ('W_Complete application|start', 'A_Concept'))",66,178
1151,1151,workload,"('W_Validate application|suspend', 'W_Validate application|resume')","('workload', ('W_Validate application|suspend', 'W_Validate application|resume'))",8.428571428571429,178
1152,1152,workload,"('W_Complete application|schedule', 'W_Complete application|start')","('workload', ('W_Complete application|schedule', 'W_Complete application|start'))",5.266666666666667,178
1153,1153,workload,"('W_Complete application|start', 'A_Concept')","('workload', ('W_Complete application|start', 'A_Concept'))",4.4,178
1154,1154,enter,"('A_Create Application', 'A_Submitted')","('enter', ('A_Create Application', 'A_Submitted'))",104,179
1155,1155,enter,"('A_Submitted', 'W_Handle leads|schedule')","('enter', ('A_Submitted', 'W_Handle leads|schedule'))",104,179
1156,1156,enter,"('W_Handle leads|schedule', 'W_Handle leads|withdraw')","('enter', ('W_Handle leads|schedule', 'W_Handle leads|withdraw'))",84,179
1157,1157,enter,"('W_Handle leads|withdraw', 'W_Complete application|schedule')","('enter', ('W_Handle leads|withdraw', 'W_Complete application|schedule'))",84,179
1158,1158,enter,"('W_Complete application|schedule', 'A_Concept')","('enter', ('W_Complete application|schedule', 'A_Concept'))",86,179
1159,1159,enter,"('A_Concept', 'W_Complete application|start')","('enter', ('A_Concept', 'W_Complete application|start'))",77,179
1160,1160,enter,"('W_Complete application|start', 'A_Concept')","('enter', ('W_Complete application|start', 'A_Concept'))",55,179
1161,1161,exit,"('A_Create Application', 'A_Submitted')","('exit', ('A_Create Application', 'A_Submitted'))",104,179
1162,1162,exit,"('A_Submitted', 'W_Handle leads|schedule')","('exit', ('A_Submitted', 'W_Handle leads|schedule'))",104,179
1163,1163,exit,"('W_Handle leads|schedule', 'W_Handle leads|withdraw')","('exit', ('W_Handle leads|schedule', 'W_Handle leads|withdraw'))",84,179
1164,1164,exit,"('W_Handle leads|withdraw', 'W_Complete application|schedule')","('exit', ('W_Handle leads|withdraw', 'W_Complete application|schedule'))",84,179
1165,1165,exit,"('W_Complete application|schedule', 'A_Concept')","('exit', ('W_Complete application|schedule', 'A_Concept'))",86,179
1166,1166,exit,"('W_Complete application|start', 'A_Concept')","('exit', ('W_Complete application|start', 'A_Concept'))",55,179
1167,1167,workload,"('W_Complete application|start', 'W_Complete application|suspend')","('workload', ('W_Complete application|start', 'W_Complete application|suspend'))",5.875,179
1168,1168,workload,"('W_Complete application|suspend', 'W_Complete application|resume')","('workload', ('W_Complete application|suspend', 'W_Complete application|resume'))",3.6666666666666665,179
1169,1169,enter,"('A_Create Application', 'A_Submitted')","('enter', ('A_Create Application', 'A_Submitted'))",83,180
1170,1170,enter,"('A_Submitted', 'W_Handle leads|schedule')","('enter', ('A_Submitted', 'W_Handle leads|schedule'))",83,180
1171,1171,enter,"('W_Complete application|start', 'W_Complete application|suspend')","('enter', ('W_Complete application|start', 'W_Complete application|suspend'))",59,180
1172,1172,enter,"('W_Call after offers|ate_abort', 'W_Validate application|schedule')","('enter', ('W_Call after offers|ate_abort', 'W_Validate application|schedule'))",161,180
1173,1173,enter,"('W_Validate application|schedule', 'W_Validate application|start')","('enter', ('W_Validate application|schedule', 'W_Validate application|start'))",202,180
1174,1174,enter,"('W_Validate application|start', 'A_Validating')","('enter', ('W_Validate application|start', 'A_Validating'))",201,180
1175,1175,enter,"('A_Validating', 'O_Returned')","('enter', ('A_Validating', 'O_Returned'))",159,180
1176,1176,enter,"('O_Returned', 'W_Validate application|suspend')","('enter', ('O_Returned', 'W_Validate application|suspend'))",160,180
1177,1177,enter,"('O_Sent (mail and online)', 'W_Complete application|complete')","('enter', ('O_Sent (mail and online)', 'W_Complete application|complete'))",89,180
1178,1178,enter,"('W_Complete application|complete', 'W_Call after offers|schedule')","('enter', ('W_Complete application|complete', 'W_Call after offers|schedule'))",93,180
1179,1179,enter,"('W_Validate application|suspend', 'W_Validate application|resume')","('enter', ('W_Validate application|suspend', 'W_Validate application|resume'))",276,180
1180,1180,enter,"('W_Validate application|resume', 'W_Validate application|suspend')","('enter', ('W_Validate application|resume', 'W_Validate application|suspend'))",161,180
1181,1181,enter,"('W_Complete application|schedule', 'W_Complete application|start')","('enter', ('W_Complete application|schedule', 'W_Complete application|start'))",72,180
1182,1182,enter,"('W_Complete application|start', 'A_Concept')","('enter', ('W_Complete application|start', 'A_Concept'))",63,180
1183,1183,exit,"('A_Create Application', 'A_Submitted')","('exit', ('A_Create Application', 'A_Submitted'))",83,180
1184,1184,exit,"('A_Submitted', 'W_Handle leads|schedule')","('exit', ('A_Submitted', 'W_Handle leads|schedule'))",83,180
1185,1185,exit,"('W_Complete application|start', 'W_Complete application|suspend')","('exit', ('W_Complete application|start', 'W_Complete application|suspend'))",59,180
1186,1186,exit,"('W_Call after offers|suspend', 'W_Call after offers|ate_abort')","('exit', ('W_Call after offers|suspend', 'W_Call after offers|ate_abort'))",153,180
1187,1187,exit,"('W_Call after offers|ate_abort', 'W_Validate application|schedule')","('exit', ('W_Call after offers|ate_abort', 'W_Validate application|schedule'))",161,180
1188,1188,exit,"('W_Validate application|schedule', 'W_Validate application|start')","('exit', ('W_Validate application|schedule', 'W_Validate application|start'))",202,180
1189,1189,exit,"('W_Validate application|start', 'A_Validating')","('exit', ('W_Validate application|start', 'A_Validating'))",201,180
1190,1190,exit,"('A_Validating', 'O_Returned')","('exit', ('A_Validating', 'O_Returned'))",159,180
1191,1191,exit,"('O_Returned', 'W_Validate application|suspend')","('exit', ('O_Returned', 'W_Validate application|suspend'))",160,180
1192,1192,exit,"('W_Complete application|suspend', 'W_Complete application|resume')","('exit', ('W_Complete application|suspend', 'W_Complete application|resume'))",114,180
1193,1193,exit,"('O_Sent (mail and online)', 'W_Complete application|complete')","('exit', ('O_Sent (mail and online)', 'W_Complete application|complete'))",89,180
1194,1194,exit,"('W_Complete application|complete', 'W_Call after offers|schedule')","('exit', ('W_Complete application|complete', 'W_Call after offers|schedule'))",93,180
1195,1195,exit,"('W_Validate application|suspend', 'W_Validate application|resume')","('exit', ('W_Validate application|suspend', 'W_Validate application|resume'))",244,180
1196,1196,exit,"('W_Validate application|resume', 'W_Validate application|suspend')","('exit', ('W_Validate application|resume', 'W_Validate application|suspend'))",161,180
1197,1197,exit,"('W_Complete application|schedule', 'W_Complete application|start')","('exit', ('W_Complete application|schedule', 'W_Complete application|start'))",72,180
1198,1198,exit,"('W_Complete application|start', 'A_Concept')","('exit', ('W_Complete application|start', 'A_Concept'))",63,180
1199,1199,workload,"('W_Validate application|suspend', 'W_Validate application|resume')","('workload', ('W_Validate application|suspend', 'W_Validate application|resume'))",9.625,180
1200,1200,workload,"('W_Validate application|resume', 'W_Validate application|suspend')","('workload', ('W_Validate application|resume', 'W_Validate application|suspend'))",17.88888888888889,180
1201,1201,enter,"('W_Validate application|suspend', 'W_Validate application|resume')","('enter', ('W_Validate application|suspend', 'W_Validate application|resume'))",237,181
1202,1202,enter,"('W_Validate application|resume', 'W_Validate application|suspend')","('enter', ('W_Validate application|resume', 'W_Validate application|suspend'))",168,181
1203,1203,exit,"('W_Validate application|suspend', 'W_Validate application|resume')","('exit', ('W_Validate application|suspend', 'W_Validate application|resume'))",237,181
1204,1204,exit,"('W_Validate application|resume', 'W_Validate application|suspend')","('exit', ('W_Validate application|resume', 'W_Validate application|suspend'))",168,181
1205,1205,workload,"('W_Call incomplete files|suspend', 'W_Call incomplete files|resume')","('workload', ('W_Call incomplete files|suspend', 'W_Call incomplete files|resume'))",11.0,181
1206,1206,workload,"('W_Validate application|suspend', 'W_Validate application|resume')","('workload', ('W_Validate application|suspend', 'W_Validate application|resume'))",8.875,181
1207,1207,workload,"('W_Validate application|resume', 'W_Validate application|suspend')","('workload', ('W_Validate application|resume', 'W_Validate application|suspend'))",21.0,181
1208,1208,enter,"('W_Handle leads|schedule', 'W_Handle leads|withdraw')","('enter', ('W_Handle leads|schedule', 'W_Handle leads|withdraw'))",66,182
1209,1209,enter,"('W_Handle leads|withdraw', 'W_Complete application|schedule')","('enter', ('W_Handle leads|withdraw', 'W_Complete application|schedule'))",66,182
1210,1210,exit,"('W_Handle leads|schedule', 'W_Handle leads|withdraw')","('exit', ('W_Handle leads|schedule', 'W_Handle leads|withdraw'))",66,182
1211,1211,exit,"('W_Handle leads|withdraw', 'W_Complete application|schedule')","('exit', ('W_Handle leads|withdraw', 'W_Complete application|schedule'))",66,182
1212,1212,handover,"('W_Validate application|suspend', 'W_Validate application|ate_abort')","('handover', ('W_Validate application|suspend', 'W_Validate application|ate_abort'))",2.3333333333333335,182
1213,1213,workload,"('W_Call incomplete files|schedule', 'W_Call incomplete files|start')","('workload', ('W_Call incomplete files|schedule', 'W_Call incomplete files|start'))",8.6,182
1214,1214,workload,"('W_Call incomplete files|start', 'A_Incomplete')","('workload', ('W_Call incomplete files|start', 'A_Incomplete'))",8.6,182
1215,1215,workload,"('A_Incomplete', 'W_Call incomplete files|suspend')","('workload', ('A_Incomplete', 'W_Call incomplete files|suspend'))",8.4,182
1216,1216,handover,"('W_Complete application|suspend', 'W_Complete application|resume')","('handover', ('W_Complete application|suspend', 'W_Complete application|resume'))",4.25,183
1217,1217,workload,"('A_Accepted', 'O_Create Offer')","('workload', ('A_Accepted', 'O_Create Offer'))",9.5,183
1218,1218,workload,"('O_Create Offer', 'O_Created')","('workload', ('O_Create Offer', 'O_Created'))",12.166666666666666,183
1219,1219,workload,"('O_Created', 'O_Sent (mail and online)')","('workload', ('O_Created', 'O_Sent (mail and online)'))",10.333333333333334,183
1220,1220,workload,"('O_Sent (mail and online)', 'W_Complete application|ate_abort')","('workload', ('O_Sent (mail and online)', 'W_Complete application|ate_abort'))",3.3333333333333335,183
1221,1221,workload,"('W_Complete application|ate_abort', 'W_Call after offers|schedule')","('workload', ('W_Complete application|ate_abort', 'W_Call after offers|schedule'))",3.3333333333333335,183
1222,1222,workload,"('W_Call after offers|schedule', 'W_Call after offers|start')","('workload', ('W_Call after offers|schedule', 'W_Call after offers|start'))",9.5,183
1223,1223,workload,"('W_Call after offers|start', 'A_Complete')","('workload', ('W_Call after offers|start', 'A_Complete'))",9.5,183
1224,1224,workload,"('A_Complete', 'W_Call after offers|suspend')","('workload', ('A_Complete', 'W_Call after offers|suspend'))",9.0,183
1225,1225,workload,"('O_Sent (mail and online)', 'W_Complete application|complete')","('workload', ('O_Sent (mail and online)', 'W_Complete application|complete'))",5.6,183
1226,1226,workload,"('W_Complete application|complete', 'W_Call after offers|schedule')","('workload', ('W_Complete application|complete', 'W_Call after offers|schedule'))",4.833333333333333,183
1227,1227,workload,"('W_Complete application|schedule', 'W_Complete application|start')","('workload', ('W_Complete application|schedule', 'W_Complete application|start'))",4.0,183
1228,1228,enter,"('A_Create Application', 'A_Submitted')","('enter', ('A_Create Application', 'A_Submitted'))",113,185
1229,1229,enter,"('A_Submitted', 'W_Handle leads|schedule')","('enter', ('A_Submitted', 'W_Handle leads|schedule'))",113,185
1230,1230,enter,"('W_Handle leads|schedule', 'W_Handle leads|withdraw')","('enter', ('W_Handle leads|schedule', 'W_Handle leads|withdraw'))",95,185
1231,1231,enter,"('W_Handle leads|withdraw', 'W_Complete application|schedule')","('enter', ('W_Handle leads|withdraw', 'W_Complete application|schedule'))",95,185
1232,1232,enter,"('W_Complete application|schedule', 'A_Concept')","('enter', ('W_Complete application|schedule', 'A_Concept'))",95,185
1233,1233,enter,"('A_Concept', 'W_Complete application|start')","('enter', ('A_Concept', 'W_Complete application|start'))",62,185
1234,1234,enter,"('W_Complete application|start', 'W_Complete application|suspend')","('enter', ('W_Complete application|start', 'W_Complete application|suspend'))",61,185
1235,1235,enter,"('A_Accepted', 'O_Create Offer')","('enter', ('A_Accepted', 'O_Create Offer'))",310,185
1236,1236,enter,"('O_Create Offer', 'O_Created')","('enter', ('O_Create Offer', 'O_Created'))",571,185
1237,1237,enter,"('O_Created', 'O_Sent (mail and online)')","('enter', ('O_Created', 'O_Sent (mail and online)'))",345,185
1238,1238,enter,"('W_Call after offers|schedule', 'W_Call after offers|start')","('enter', ('W_Call after offers|schedule', 'W_Call after offers|start'))",323,185
1239,1239,enter,"('W_Call after offers|start', 'A_Complete')","('enter', ('W_Call after offers|start', 'A_Complete'))",323,185
1240,1240,enter,"('A_Complete', 'W_Call after offers|suspend')","('enter', ('A_Complete', 'W_Call after offers|suspend'))",319,185
1241,1241,enter,"('W_Call after offers|suspend', 'W_Call after offers|resume')","('enter', ('W_Call after offers|suspend', 'W_Call after offers|resume'))",439,185
1242,1242,enter,"('W_Call after offers|resume', 'W_Call after offers|suspend')","('enter', ('W_Call after offers|resume', 'W_Call after offers|suspend'))",376,185
1243,1243,enter,"('W_Call after offers|suspend', 'W_Call after offers|ate_abort')","('enter', ('W_Call after offers|suspend', 'W_Call after offers|ate_abort'))",149,185
1244,1244,enter,"('W_Complete application|suspend', 'W_Complete application|resume')","('enter', ('W_Complete application|suspend', 'W_Complete application|resume'))",147,185
1245,1245,enter,"('O_Sent (mail and online)', 'W_Complete application|complete')","('enter', ('O_Sent (mail and online)', 'W_Complete application|complete'))",266,185
1246,1246,enter,"('W_Complete application|complete', 'W_Call after offers|schedule')","('enter', ('W_Complete application|complete', 'W_Call after offers|schedule'))",266,185
1247,1247,enter,"('W_Validate application|suspend', 'W_Validate application|resume')","('enter', ('W_Validate application|suspend', 'W_Validate application|resume'))",216,185
1248,1248,enter,"('W_Complete application|schedule', 'W_Complete application|start')","('enter', ('W_Complete application|schedule', 'W_Complete application|start'))",97,185
1249,1249,enter,"('W_Complete application|start', 'A_Concept')","('enter', ('W_Complete application|start', 'A_Concept'))",75,185
1250,1250,enter,"('W_Complete application|resume', 'W_Complete application|suspend')","('enter', ('W_Complete application|resume', 'W_Complete application|suspend'))",98,185
1251,1251,enter,"('W_Validate application|complete', 'W_Call incomplete files|schedule')","('enter', ('W_Validate application|complete', 'W_Call incomplete files|schedule'))",63,185
1252,1252,exit,"('A_Create Application', 'A_Submitted')","('exit', ('A_Create Application', 'A_Submitted'))",113,185
1253,1253,exit,"('A_Submitted', 'W_Handle leads|schedule')","('exit', ('A_Submitted', 'W_Handle leads|schedule'))",113,185
1254,1254,exit,"('W_Handle leads|schedule', 'W_Handle leads|withdraw')","('exit', ('W_Handle leads|schedule', 'W_Handle leads|withdraw'))",95,185
1255,1255,exit,"('W_Handle leads|withdraw', 'W_Complete application|schedule')","('exit', ('W_Handle leads|withdraw', 'W_Complete application|schedule'))",95,185
1256,1256,exit,"('W_Complete application|schedule', 'A_Concept')","('exit', ('W_Complete application|schedule', 'A_Concept'))",95,185
1257,1257,exit,"('A_Concept', 'W_Complete application|start')","('exit', ('A_Concept', 'W_Complete application|start'))",184,185
1258,1258,exit,"('W_Complete application|start', 'W_Complete application|suspend')","('exit', ('W_Complete application|start', 'W_Complete application|suspend'))",61,185
1259,1259,exit,"('A_Accepted', 'O_Create Offer')","('exit', ('A_Accepted', 'O_Create Offer'))",309,185
1260,1260,exit,"('O_Create Offer', 'O_Created')","('exit', ('O_Create Offer', 'O_Created'))",571,185
1261,1261,exit,"('O_Created', 'O_Sent (mail and online)')","('exit', ('O_Created', 'O_Sent (mail and online)'))",345,185
1262,1262,exit,"('W_Call after offers|schedule', 'W_Call after offers|start')","('exit', ('W_Call after offers|schedule', 'W_Call after offers|start'))",323,185
1263,1263,exit,"('W_Call after offers|start', 'A_Complete')","('exit', ('W_Call after offers|start', 'A_Complete'))",323,185
1264,1264,exit,"('A_Complete', 'W_Call after offers|suspend')","('exit', ('A_Complete', 'W_Call after offers|suspend'))",319,185
1265,1265,exit,"('W_Call after offers|suspend', 'W_Call after offers|resume')","('exit', ('W_Call after offers|suspend', 'W_Call after offers|resume'))",356,185
1266,1266,exit,"('W_Call after offers|resume', 'W_Call after offers|suspend')","('exit', ('W_Call after offers|resume', 'W_Call after offers|suspend'))",376,185
1267,1267,exit,"('W_Complete application|suspend', 'W_Complete application|resume')","('exit', ('W_Complete application|suspend', 'W_Complete application|resume'))",199,185
1268,1268,exit,"('O_Sent (mail and online)', 'W_Complete application|complete')","('exit', ('O_Sent (mail and online)', 'W_Complete application|complete'))",266,185
1269,1269,exit,"('W_Complete application|complete', 'W_Call after offers|schedule')","('exit', ('W_Complete application|complete', 'W_Call after offers|schedule'))",266,185
1270,1270,exit,"('W_Validate application|suspend', 'W_Validate application|resume')","('exit', ('W_Validate application|suspend', 'W_Validate application|resume'))",226,185
1271,1271,exit,"('W_Complete application|schedule', 'W_Complete application|start')","('exit', ('W_Complete application|schedule', 'W_Complete application|start'))",97,185
1272,1272,exit,"('W_Complete application|start', 'A_Concept')","('exit', ('W_Complete application|start', 'A_Concept'))",75,185
1273,1273,exit,"('W_Complete application|resume', 'W_Complete application|suspend')","('exit', ('W_Complete application|resume', 'W_Complete application|suspend'))",98,185
1274,1274,exit,"('W_Validate application|complete', 'W_Call incomplete files|schedule')","('exit', ('W_Validate application|complete', 'W_Call incomplete files|schedule'))",63,185
1275,1275,handover,"('W_Complete application|suspend', 'W_Complete application|resume')","('handover', ('W_Complete application|suspend', 'W_Complete application|resume'))",2.3333333333333335,185
1276,1276,workload,"('A_Accepted', 'O_Create Offer')","('workload', ('A_Accepted', 'O_Create Offer'))",11.884615384615385,185
1277,1277,workload,"('O_Create Offer', 'O_Created')","('workload', ('O_Create Offer', 'O_Created'))",19.689655172413794,185
1278,1278,workload,"('O_Created', 'O_Sent (mail and online)')","('workload', ('O_Created', 'O_Sent (mail and online)'))",11.862068965517242,185
1279,1279,workload,"('W_Call after offers|schedule', 'W_Call after offers|start')","('workload', ('W_Call after offers|schedule', 'W_Call after offers|start'))",12.423076923076923,185
1280,1280,workload,"('W_Call after offers|start', 'A_Complete')","('workload', ('W_Call after offers|start', 'A_Complete'))",12.423076923076923,185
1281,1281,workload,"('A_Complete', 'W_Call after offers|suspend')","('workload', ('A_Complete', 'W_Call after offers|suspend'))",12.68,185
1282,1282,workload,"('W_Call incomplete files|resume', 'W_Call incomplete files|suspend')","('workload', ('W_Call incomplete files|resume', 'W_Call incomplete files|suspend'))",27.25,185
1283,1283,workload,"('O_Sent (mail and online)', 'W_Complete application|complete')","('workload', ('O_Sent (mail and online)', 'W_Complete application|complete'))",11.565217391304348,185
1284,1284,workload,"('W_Complete application|complete', 'W_Call after offers|schedule')","('workload', ('W_Complete application|complete', 'W_Call after offers|schedule'))",11.565217391304348,185
1285,1285,workload,"('W_Complete application|schedule', 'W_Complete application|start')","('workload', ('W_Complete application|schedule', 'W_Complete application|start'))",4.041666666666667,185
1286,1286,workload,"('W_Complete application|start', 'A_Concept')","('workload', ('W_Complete application|start', 'A_Concept'))",3.9473684210526314,185
1287,1287,workload,"('W_Complete application|resume', 'W_Complete application|suspend')","('workload', ('W_Complete application|resume', 'W_Complete application|suspend'))",8.166666666666666,185
1288,1288,workload,"('W_Validate application|complete', 'W_Call incomplete files|schedule')","('workload', ('W_Validate application|complete', 'W_Call incomplete files|schedule'))",7.0,185
1289,1289,enter,"('A_Accepted', 'O_Create Offer')","('enter', ('A_Accepted', 'O_Create Offer'))",153,186
1290,1290,enter,"('O_Create Offer', 'O_Created')","('enter', ('O_Create Offer', 'O_Created'))",220,186
1291,1291,enter,"('O_Created', 'O_Sent (mail and online)')","('enter', ('O_Created', 'O_Sent (mail and online)'))",186,186
1292,1292,enter,"('O_Sent (mail and online)', 'W_Complete application|ate_abort')","('enter', ('O_Sent (mail and online)', 'W_Complete application|ate_abort'))",58,186
1293,1293,enter,"('W_Complete application|ate_abort', 'W_Call after offers|schedule')","('enter', ('W_Complete application|ate_abort', 'W_Call after offers|schedule'))",59,186
1294,1294,enter,"('W_Call after offers|schedule', 'W_Call after offers|start')","('enter', ('W_Call after offers|schedule', 'W_Call after offers|start'))",163,186
1295,1295,enter,"('W_Call after offers|start', 'A_Complete')","('enter', ('W_Call after offers|start', 'A_Complete'))",163,186
1296,1296,enter,"('A_Complete', 'W_Call after offers|suspend')","('enter', ('A_Complete', 'W_Call after offers|suspend'))",145,186
1297,1297,enter,"('W_Call after offers|resume', 'W_Call after offers|suspend')","('enter', ('W_Call after offers|resume', 'W_Call after offers|suspend'))",257,186
1298,1298,enter,"('W_Call after offers|suspend', 'W_Call after offers|ate_abort')","('enter', ('W_Call after offers|suspend', 'W_Call after offers|ate_abort'))",186,186
1299,1299,enter,"('W_Validate application|suspend', 'W_Validate application|resume')","('enter', ('W_Validate application|suspend', 'W_Validate application|resume'))",209,186
1300,1300,exit,"('A_Accepted', 'O_Create Offer')","('exit', ('A_Accepted', 'O_Create Offer'))",154,186
1301,1301,exit,"('O_Create Offer', 'O_Created')","('exit', ('O_Create Offer', 'O_Created'))",220,186
1302,1302,exit,"('O_Created', 'O_Sent (mail and online)')","('exit', ('O_Created', 'O_Sent (mail and online)'))",186,186
1303,1303,exit,"('O_Sent (mail and online)', 'W_Complete application|ate_abort')","('exit', ('O_Sent (mail and online)', 'W_Complete application|ate_abort'))",58,186
1304,1304,exit,"('W_Complete application|ate_abort', 'W_Call after offers|schedule')","('exit', ('W_Complete application|ate_abort', 'W_Call after offers|schedule'))",59,186
1305,1305,exit,"('W_Call after offers|schedule', 'W_Call after offers|start')","('exit', ('W_Call after offers|schedule', 'W_Call after offers|start'))",163,186
1306,1306,exit,"('W_Call after offers|start', 'A_Complete')","('exit', ('W_Call after offers|start', 'A_Complete'))",163,186
1307,1307,exit,"('A_Complete', 'W_Call after offers|suspend')","('exit', ('A_Complete', 'W_Call after offers|suspend'))",145,186
1308,1308,exit,"('W_Call after offers|suspend', 'W_Call after offers|resume')","('exit', ('W_Call after offers|suspend', 'W_Call after offers|resume'))",246,186
1309,1309,exit,"('W_Call after offers|resume', 'W_Call after offers|suspend')","('exit', ('W_Call after offers|resume', 'W_Call after offers|suspend'))",257,186
1310,1310,workload,"('W_Call incomplete files|schedule', 'W_Call incomplete files|start')","('workload', ('W_Call incomplete files|schedule', 'W_Call incomplete files|start'))",8.666666666666666,186
1311,1311,workload,"('W_Call incomplete files|start', 'A_Incomplete')","('workload', ('W_Call incomplete files|start', 'A_Incomplete'))",8.666666666666666,186
1312,1312,workload,"('A_Incomplete', 'W_Call incomplete files|suspend')","('workload', ('A_Incomplete', 'W_Call incomplete files|suspend'))",8.416666666666666,186
1313,1313,workload,"('W_Validate application|resume', 'W_Validate application|suspend')","('workload', ('W_Validate application|resume', 'W_Validate application|suspend'))",17.428571428571427,186
1314,1314,workload,"('W_Validate application|complete', 'W_Call incomplete files|schedule')","('workload', ('W_Validate application|complete', 'W_Call incomplete files|schedule'))",6.625,186
1315,1315,enter,"('A_Create Application', 'A_Submitted')","('enter', ('A_Create Application', 'A_Submitted'))",89,187
1316,1316,enter,"('A_Submitted', 'W_Handle leads|schedule')","('enter', ('A_Submitted', 'W_Handle leads|schedule'))",89,187
1317,1317,enter,"('W_Handle leads|schedule', 'W_Handle leads|withdraw')","('enter', ('W_Handle leads|schedule', 'W_Handle leads|withdraw'))",69,187
1318,1318,enter,"('W_Handle leads|withdraw', 'W_Complete application|schedule')","('enter', ('W_Handle leads|withdraw', 'W_Complete application|schedule'))",69,187
1319,1319,enter,"('W_Complete application|schedule', 'A_Concept')","('enter', ('W_Complete application|schedule', 'A_Concept'))",71,187
1320,1320,enter,"('A_Concept', 'W_Complete application|start')","('enter', ('A_Concept', 'W_Complete application|start'))",59,187
1321,1321,enter,"('W_Call after offers|suspend', 'W_Call after offers|resume')","('enter', ('W_Call after offers|suspend', 'W_Call after offers|resume'))",173,187
1322,1322,enter,"('W_Call after offers|ate_abort', 'W_Validate application|schedule')","('enter', ('W_Call after offers|ate_abort', 'W_Validate application|schedule'))",149,187
1323,1323,enter,"('W_Validate application|schedule', 'W_Validate application|start')","('enter', ('W_Validate application|schedule', 'W_Validate application|start'))",199,187
1324,1324,enter,"('W_Validate application|start', 'A_Validating')","('enter', ('W_Validate application|start', 'A_Validating'))",198,187
1325,1325,enter,"('A_Validating', 'O_Returned')","('enter', ('A_Validating', 'O_Returned'))",145,187
1326,1326,enter,"('O_Returned', 'W_Validate application|suspend')","('enter', ('O_Returned', 'W_Validate application|suspend'))",141,187
1327,1327,enter,"('W_Call incomplete files|suspend', 'W_Call incomplete files|ate_abort')","('enter', ('W_Call incomplete files|suspend', 'W_Call incomplete files|ate_abort'))",76,187
1328,1328,enter,"('W_Validate application|suspend', 'W_Validate application|resume')","('enter', ('W_Validate application|suspend', 'W_Validate application|resume'))",231,187
1329,1329,enter,"('W_Validate application|complete', 'W_Call incomplete files|schedule')","('enter', ('W_Validate application|complete', 'W_Call incomplete files|schedule'))",57,187
1330,1330,exit,"('A_Create Application', 'A_Submitted')","('exit', ('A_Create Application', 'A_Submitted'))",89,187
1331,1331,exit,"('A_Submitted', 'W_Handle leads|schedule')","('exit', ('A_Submitted', 'W_Handle leads|schedule'))",89,187
1332,1332,exit,"('W_Handle leads|schedule', 'W_Handle leads|withdraw')","('exit', ('W_Handle leads|schedule', 'W_Handle leads|withdraw'))",69,187
1333,1333,exit,"('W_Handle leads|withdraw', 'W_Complete application|schedule')","('exit', ('W_Handle leads|withdraw', 'W_Complete application|schedule'))",69,187
1334,1334,exit,"('W_Complete application|schedule', 'A_Concept')","('exit', ('W_Complete application|schedule', 'A_Concept'))",71,187
1335,1335,exit,"('W_Call after offers|suspend', 'W_Call after offers|ate_abort')","('exit', ('W_Call after offers|suspend', 'W_Call after offers|ate_abort'))",136,187
1336,1336,exit,"('W_Call after offers|ate_abort', 'W_Validate application|schedule')","('exit', ('W_Call after offers|ate_abort', 'W_Validate application|schedule'))",149,187
1337,1337,exit,"('W_Validate application|schedule', 'W_Validate application|start')","('exit', ('W_Validate application|schedule', 'W_Validate application|start'))",199,187
1338,1338,exit,"('W_Validate application|start', 'A_Validating')","('exit', ('W_Validate application|start', 'A_Validating'))",198,187
1339,1339,exit,"('A_Validating', 'O_Returned')","('exit', ('A_Validating', 'O_Returned'))",145,187
1340,1340,exit,"('O_Returned', 'W_Validate application|suspend')","('exit', ('O_Returned', 'W_Validate application|suspend'))",141,187
1341,1341,exit,"('W_Validate application|complete', 'W_Call incomplete files|schedule')","('exit', ('W_Validate application|complete', 'W_Call incomplete files|schedule'))",57,187
1342,1342,enter,"('W_Call after offers|suspend', 'W_Call after offers|resume')","('enter', ('W_Call after offers|suspend', 'W_Call after offers|resume'))",260,188
1343,1343,enter,"('W_Call incomplete files|schedule', 'W_Call incomplete files|start')","('enter', ('W_Call incomplete files|schedule', 'W_Call incomplete files|start'))",133,188
1344,1344,enter,"('W_Call incomplete files|start', 'A_Incomplete')","('enter', ('W_Call incomplete files|start', 'A_Incomplete'))",133,188
1345,1345,enter,"('A_Incomplete', 'W_Call incomplete files|suspend')","('enter', ('A_Incomplete', 'W_Call incomplete files|suspend'))",132,188
1346,1346,enter,"('W_Call incomplete files|suspend', 'W_Call incomplete files|ate_abort')","('enter', ('W_Call incomplete files|suspend', 'W_Call incomplete files|ate_abort'))",70,188
1347,1347,enter,"('A_Validating', 'W_Validate application|suspend')","('enter', ('A_Validating', 'W_Validate application|suspend'))",78,188
1348,1348,enter,"('W_Validate application|suspend', 'W_Validate application|resume')","('enter', ('W_Validate application|suspend', 'W_Validate application|resume'))",252,188
1349,1349,enter,"('W_Validate application|resume', 'W_Validate application|suspend')","('enter', ('W_Validate application|resume', 'W_Validate application|suspend'))",177,188
1350,1350,enter,"('W_Validate application|complete', 'W_Call incomplete files|schedule')","('enter', ('W_Validate application|complete', 'W_Call incomplete files|schedule'))",62,188
1351,1351,exit,"('W_Call after offers|suspend', 'W_Call after offers|resume')","('exit', ('W_Call after offers|suspend', 'W_Call after offers|resume'))",232,188
1352,1352,exit,"('W_Call incomplete files|schedule', 'W_Call incomplete files|start')","('exit', ('W_Call incomplete files|schedule', 'W_Call incomplete files|start'))",133,188
1353,1353,exit,"('W_Call incomplete files|start', 'A_Incomplete')","('exit', ('W_Call incomplete files|start', 'A_Incomplete'))",133,188
1354,1354,exit,"('A_Incomplete', 'W_Call incomplete files|suspend')","('exit', ('A_Incomplete', 'W_Call incomplete files|suspend'))",132,188
1355,1355,exit,"('A_Validating', 'W_Validate application|suspend')","('exit', ('A_Validating', 'W_Validate application|suspend'))",78,188
1356,1356,exit,"('W_Validate application|suspend', 'W_Validate application|resume')","('exit', ('W_Validate application|suspend', 'W_Validate application|resume'))",260,188
1357,1357,exit,"('W_Validate application|resume', 'W_Validate application|suspend')","('exit', ('W_Validate application|resume', 'W_Validate application|suspend'))",178,188
1358,1358,exit,"('W_Validate application|complete', 'W_Call incomplete files|schedule')","('exit', ('W_Validate application|complete', 'W_Call incomplete files|schedule'))",62,188
1359,1359,handover,"('W_Call after offers|suspend', 'W_Call after offers|ate_abort')","('handover', ('W_Call after offers|suspend', 'W_Call after offers|ate_abort'))",4.8,188
1360,1360,workload,"('W_Validate application|ate_abort', 'W_Call incomplete files|schedule')","('workload', ('W_Validate application|ate_abort', 'W_Call incomplete files|schedule'))",7.888888888888889,188
1361,1361,workload,"('A_Incomplete', 'W_Call incomplete files|suspend')","('workload', ('A_Incomplete', 'W_Call incomplete files|suspend'))",8.1875,188
1362,1362,workload,"('W_Validate application|resume', 'W_Validate application|suspend')","('workload', ('W_Validate application|resume', 'W_Validate application|suspend'))",15.909090909090908,188
1363,1363,enter,"('W_Validate application|schedule', 'W_Validate application|start')","('enter', ('W_Validate application|schedule', 'W_Validate application|start'))",209,189
1364,1364,enter,"('W_Validate application|start', 'A_Validating')","('enter', ('W_Validate application|start', 'A_Validating'))",207,189
1365,1365,enter,"('W_Call incomplete files|ate_abort', 'W_Validate application|schedule')","('enter', ('W_Call incomplete files|ate_abort', 'W_Validate application|schedule'))",88,189
1366,1366,enter,"('A_Validating', 'W_Validate application|suspend')","('enter', ('A_Validating', 'W_Validate application|suspend'))",100,189
1367,1367,enter,"('O_Accepted', 'A_Pending')","('enter', ('O_Accepted', 'A_Pending'))",80,189
1368,1368,enter,"('W_Validate application|suspend', 'W_Validate application|resume')","('enter', ('W_Validate application|suspend', 'W_Validate application|resume'))",292,189
1369,1369,enter,"('W_Validate application|resume', 'W_Validate application|suspend')","('enter', ('W_Validate application|resume', 'W_Validate application|suspend'))",191,189
1370,1370,enter,"('W_Validate application|complete', 'W_Call incomplete files|schedule')","('enter', ('W_Validate application|complete', 'W_Call incomplete files|schedule'))",63,189
1371,1371,exit,"('W_Validate application|schedule', 'W_Validate application|start')","('exit', ('W_Validate application|schedule', 'W_Validate application|start'))",209,189
1372,1372,exit,"('W_Validate application|start', 'A_Validating')","('exit', ('W_Validate application|start', 'A_Validating'))",207,189
1373,1373,exit,"('W_Call incomplete files|suspend', 'W_Call incomplete files|ate_abort')","('exit', ('W_Call incomplete files|suspend', 'W_Call incomplete files|ate_abort'))",83,189
1374,1374,exit,"('W_Call incomplete files|ate_abort', 'W_Validate application|schedule')","('exit', ('W_Call incomplete files|ate_abort', 'W_Validate application|schedule'))",88,189
1375,1375,exit,"('A_Validating', 'W_Validate application|suspend')","('exit', ('A_Validating', 'W_Validate application|suspend'))",100,189
1376,1376,exit,"('O_Accepted', 'A_Pending')","('exit', ('O_Accepted', 'A_Pending'))",80,189
1377,1377,exit,"('W_Validate application|suspend', 'W_Validate application|resume')","('exit', ('W_Validate application|suspend', 'W_Validate application|resume'))",300,189
1378,1378,exit,"('W_Validate application|resume', 'W_Validate application|suspend')","('exit', ('W_Validate application|resume', 'W_Validate application|suspend'))",191,189
1379,1379,exit,"('W_Validate application|complete', 'W_Call incomplete files|schedule')","('exit', ('W_Validate application|complete', 'W_Call incomplete files|schedule'))",63,189
1380,1380,workload,"('W_Call incomplete files|schedule', 'W_Call incomplete files|start')","('workload', ('W_Call incomplete files|schedule', 'W_Call incomplete files|start'))",8.461538461538462,189
1381,1381,workload,"('W_Call incomplete files|start', 'A_Incomplete')","('workload', ('W_Call incomplete files|start', 'A_Incomplete'))",8.461538461538462,189
1382,1382,workload,"('A_Incomplete', 'W_Call incomplete files|suspend')","('workload', ('A_Incomplete', 'W_Call incomplete files|suspend'))",9.0,189
1383,1383,workload,"('W_Call incomplete files|suspend', 'W_Call incomplete files|resume')","('workload', ('W_Call incomplete files|suspend', 'W_Call incomplete files|resume'))",13.5,189
1384,1384,workload,"('W_Validate application|suspend', 'W_Validate application|resume')","('workload', ('W_Validate application|suspend', 'W_Validate application|resume'))",12.142857142857142,189
1385,1385,workload,"('W_Validate application|resume', 'W_Validate application|suspend')","('workload', ('W_Validate application|resume', 'W_Validate application|suspend'))",19.1,189
1386,1386,workload,"('W_Validate application|complete', 'W_Call incomplete files|schedule')","('workload', ('W_Validate application|complete', 'W_Call incomplete files|schedule'))",6.3,189
1387,1387,handover,"('W_Call after offers|suspend', 'W_Call after offers|resume')","('handover', ('W_Call after offers|suspend', 'W_Call after offers|resume'))",21.0,190
1388,1388,handover,"('W_Call incomplete files|suspend', 'W_Call incomplete files|resume')","('handover', ('W_Call incomplete files|suspend', 'W_Call incomplete files|resume'))",8.0,190
1389,1389,workload,"('W_Call after offers|resume', 'W_Call after offers|suspend')","('workload', ('W_Call after offers|resume', 'W_Call after offers|suspend'))",50.0,190
1390,1390,workload,"('W_Call incomplete files|resume', 'W_Call incomplete files|suspend')","('workload', ('W_Call incomplete files|resume', 'W_Call incomplete files|suspend'))",33.0,190
1391,1391,workload,"('W_Complete application|schedule', 'W_Complete application|start')","('workload', ('W_Complete application|schedule', 'W_Complete application|start'))",4.833333333333333,190
1392,1392,workload,"('W_Complete application|start', 'A_Concept')","('workload', ('W_Complete application|start', 'A_Concept'))",4.6,190
1393,1393,enter,"('W_Complete application|start', 'W_Complete application|suspend')","('enter', ('W_Complete application|start', 'W_Complete application|suspend'))",63,191
1394,1394,exit,"('A_Concept', 'W_Complete application|start')","('exit', ('A_Concept', 'W_Complete application|start'))",107,191
1395,1395,exit,"('W_Complete application|start', 'W_Complete application|suspend')","('exit', ('W_Complete application|start', 'W_Complete application|suspend'))",63,191
1396,1396,handover,"('W_Call incomplete files|suspend', 'W_Call incomplete files|ate_abort')","('handover', ('W_Call incomplete files|suspend', 'W_Call incomplete files|ate_abort'))",4.0,191
1397,1397,handover,"('W_Complete application|suspend', 'W_Complete application|resume')","('handover', ('W_Complete application|suspend', 'W_Complete application|resume'))",2.8,191
1398,1398,handover,"('W_Validate application|suspend', 'W_Validate application|resume')","('handover', ('W_Validate application|suspend', 'W_Validate application|resume'))",4.0,191
1399,1399,workload,"('W_Complete application|start', 'W_Complete application|suspend')","('workload', ('W_Complete application|start', 'W_Complete application|suspend'))",6.3,191
1400,1400,workload,"('A_Accepted', 'O_Create Offer')","('workload', ('A_Accepted', 'O_Create Offer'))",8.0,191
1401,1401,workload,"('O_Create Offer', 'O_Created')","('workload', ('O_Create Offer', 'O_Created'))",9.8,191
1402,1402,workload,"('O_Created', 'O_Sent (mail and online)')","('workload', ('O_Created', 'O_Sent (mail and online)'))",8.2,191
1403,1403,workload,"('W_Call after offers|schedule', 'W_Call after offers|start')","('workload', ('W_Call after offers|schedule', 'W_Call after offers|start'))",8.5,191
1404,1404,workload,"('W_Call after offers|start', 'A_Complete')","('workload', ('W_Call after offers|start', 'A_Complete'))",8.5,191
1405,1405,workload,"('A_Complete', 'W_Call after offers|suspend')","('workload', ('A_Complete', 'W_Call after offers|suspend'))",8.4,191
1406,1406,workload,"('A_Validating', 'W_Validate application|suspend')","('workload', ('A_Validating', 'W_Validate application|suspend'))",8.0,191
1407,1407,workload,"('O_Sent (mail and online)', 'W_Complete application|complete')","('workload', ('O_Sent (mail and online)', 'W_Complete application|complete'))",6.7,191
1408,1408,workload,"('W_Complete application|complete', 'W_Call after offers|schedule')","('workload', ('W_Complete application|complete', 'W_Call after offers|schedule'))",6.8,191
1409,1409,enter,"('A_Create Application', 'A_Submitted')","('enter', ('A_Create Application', 'A_Submitted'))",80,192
1410,1410,enter,"('A_Submitted', 'W_Handle leads|schedule')","('enter', ('A_Submitted', 'W_Handle leads|schedule'))",80,192
1411,1411,enter,"('A_Accepted', 'O_Create Offer')","('enter', ('A_Accepted', 'O_Create Offer'))",190,192
1412,1412,enter,"('O_Create Offer', 'O_Created')","('enter', ('O_Create Offer', 'O_Created'))",253,192
1413,1413,enter,"('O_Created', 'O_Sent (mail and online)')","('enter', ('O_Created', 'O_Sent (mail and online)'))",221,192
1414,1414,enter,"('O_Sent (mail and online)', 'W_Complete application|ate_abort')","('enter', ('O_Sent (mail and online)', 'W_Complete application|ate_abort'))",77,192
1415,1415,enter,"('W_Complete application|ate_abort', 'W_Call after offers|schedule')","('enter', ('W_Complete application|ate_abort', 'W_Call after offers|schedule'))",77,192
1416,1416,enter,"('W_Call after offers|schedule', 'W_Call after offers|start')","('enter', ('W_Call after offers|schedule', 'W_Call after offers|start'))",193,192
1417,1417,enter,"('W_Call after offers|start', 'A_Complete')","('enter', ('W_Call after offers|start', 'A_Complete'))",193,192
1418,1418,enter,"('A_Complete', 'W_Call after offers|suspend')","('enter', ('A_Complete', 'W_Call after offers|suspend'))",186,192
1419,1419,enter,"('W_Call after offers|suspend', 'W_Call after offers|resume')","('enter', ('W_Call after offers|suspend', 'W_Call after offers|resume'))",200,192
1420,1420,enter,"('W_Call after offers|resume', 'W_Call after offers|suspend')","('enter', ('W_Call after offers|resume', 'W_Call after offers|suspend'))",309,192
1421,1421,enter,"('W_Call after offers|suspend', 'W_Call after offers|ate_abort')","('enter', ('W_Call after offers|suspend', 'W_Call after offers|ate_abort'))",156,192
1422,1422,enter,"('O_Returned', 'W_Validate application|suspend')","('enter', ('O_Returned', 'W_Validate application|suspend'))",109,192
1423,1423,enter,"('W_Call incomplete files|suspend', 'W_Call incomplete files|ate_abort')","('enter', ('W_Call incomplete files|suspend', 'W_Call incomplete files|ate_abort'))",78,192
1424,1424,enter,"('O_Sent (mail and online)', 'W_Complete application|complete')","('enter', ('O_Sent (mail and online)', 'W_Complete application|complete'))",110,192
1425,1425,enter,"('W_Complete application|complete', 'W_Call after offers|schedule')","('enter', ('W_Complete application|complete', 'W_Call after offers|schedule'))",111,192
1426,1426,enter,"('W_Validate application|suspend', 'W_Validate application|resume')","('enter', ('W_Validate application|suspend', 'W_Validate application|resume'))",231,192
1427,1427,enter,"('W_Validate application|resume', 'W_Validate application|suspend')","('enter', ('W_Validate application|resume', 'W_Validate application|suspend'))",169,192
1428,1428,enter,"('W_Complete application|schedule', 'W_Complete application|start')","('enter', ('W_Complete application|schedule', 'W_Complete application|start'))",92,192
1429,1429,enter,"('W_Complete application|start', 'A_Concept')","('enter', ('W_Complete application|start', 'A_Concept'))",67,192
1430,1430,enter,"('W_Validate application|complete', 'W_Call incomplete files|schedule')","('enter', ('W_Validate application|complete', 'W_Call incomplete files|schedule'))",61,192
1431,1431,exit,"('A_Create Application', 'A_Submitted')","('exit', ('A_Create Application', 'A_Submitted'))",80,192
1432,1432,exit,"('A_Submitted', 'W_Handle leads|schedule')","('exit', ('A_Submitted', 'W_Handle leads|schedule'))",80,192
1433,1433,exit,"('A_Accepted', 'O_Create Offer')","('exit', ('A_Accepted', 'O_Create Offer'))",189,192
1434,1434,exit,"('O_Create Offer', 'O_Created')","('exit', ('O_Create Offer', 'O_Created'))",253,192
1435,1435,exit,"('O_Created', 'O_Sent (mail and online)')","('exit', ('O_Created', 'O_Sent (mail and online)'))",221,192
1436,1436,exit,"('O_Sent (mail and online)', 'W_Complete application|ate_abort')","('exit', ('O_Sent (mail and online)', 'W_Complete application|ate_abort'))",77,192
1437,1437,exit,"('W_Complete application|ate_abort', 'W_Call after offers|schedule')","('exit', ('W_Complete application|ate_abort', 'W_Call after offers|schedule'))",77,192
1438,1438,exit,"('W_Call after offers|schedule', 'W_Call after offers|start')","('exit', ('W_Call after offers|schedule', 'W_Call after offers|start'))",193,192
1439,1439,exit,"('W_Call after offers|start', 'A_Complete')","('exit', ('W_Call after offers|start', 'A_Complete'))",193,192
1440,1440,exit,"('A_Complete', 'W_Call after offers|suspend')","('exit', ('A_Complete', 'W_Call after offers|suspend'))",186,192
1441,1441,exit,"('W_Call after offers|suspend', 'W_Call after offers|resume')","('exit', ('W_Call after offers|suspend', 'W_Call after offers|resume'))",286,192
1442,1442,exit,"('W_Call after offers|resume', 'W_Call after offers|suspend')","('exit', ('W_Call after offers|resume', 'W_Call after offers|suspend'))",309,192
1443,1443,exit,"('O_Returned', 'W_Validate application|suspend')","('exit', ('O_Returned', 'W_Validate application|suspend'))",109,192
1444,1444,exit,"('O_Sent (mail and online)', 'W_Complete application|complete')","('exit', ('O_Sent (mail and online)', 'W_Complete application|complete'))",110,192
1445,1445,exit,"('W_Complete application|complete', 'W_Call after offers|schedule')","('exit', ('W_Complete application|complete', 'W_Call after offers|schedule'))",111,192
1446,1446,exit,"('W_Validate application|suspend', 'W_Validate application|resume')","('exit', ('W_Validate application|suspend', 'W_Validate application|resume'))",249,192
1447,1447,exit,"('W_Validate application|resume', 'W_Validate application|suspend')","('exit', ('W_Validate application|resume', 'W_Validate application|suspend'))",169,192
1448,1448,exit,"('W_Complete application|schedule', 'W_Complete application|start')","('exit', ('W_Complete application|schedule', 'W_Complete application|start'))",92,192
1449,1449,exit,"('W_Complete application|start', 'A_Concept')","('exit', ('W_Complete application|start', 'A_Concept'))",67,192
1450,1450,exit,"('W_Validate application|complete', 'W_Call incomplete files|schedule')","('exit', ('W_Validate application|complete', 'W_Call incomplete files|schedule'))",61,192
1451,1451,workload,"('A_Accepted', 'O_Create Offer')","('workload', ('A_Accepted', 'O_Create Offer'))",6.517241379310345,192
1452,1452,workload,"('O_Create Offer', 'O_Created')","('workload', ('O_Create Offer', 'O_Created'))",8.724137931034482,192
1453,1453,workload,"('O_Created', 'O_Sent (mail and online)')","('workload', ('O_Created', 'O_Sent (mail and online)'))",7.620689655172414,192
1454,1454,workload,"('O_Sent (mail and online)', 'W_Complete application|ate_abort')","('workload', ('O_Sent (mail and online)', 'W_Complete application|ate_abort'))",3.347826086956522,192
1455,1455,workload,"('W_Complete application|ate_abort', 'W_Call after offers|schedule')","('workload', ('W_Complete application|ate_abort', 'W_Call after offers|schedule'))",3.347826086956522,192
1456,1456,workload,"('W_Call after offers|schedule', 'W_Call after offers|start')","('workload', ('W_Call after offers|schedule', 'W_Call after offers|start'))",6.655172413793103,192
1457,1457,workload,"('W_Call incomplete files|suspend', 'W_Call incomplete files|resume')","('workload', ('W_Call incomplete files|suspend', 'W_Call incomplete files|resume'))",10.333333333333334,192
1458,1458,workload,"('W_Call incomplete files|resume', 'W_Call incomplete files|suspend')","('workload', ('W_Call incomplete files|resume', 'W_Call incomplete files|suspend'))",31.4,192
1459,1459,enter,"('A_Create Application', 'A_Submitted')","('enter', ('A_Create Application', 'A_Submitted'))",88,193
1460,1460,enter,"('A_Submitted', 'W_Handle leads|schedule')","('enter', ('A_Submitted', 'W_Handle leads|schedule'))",88,193
1461,1461,enter,"('W_Handle leads|schedule', 'W_Handle leads|withdraw')","('enter', ('W_Handle leads|schedule', 'W_Handle leads|withdraw'))",74,193
1462,1462,enter,"('W_Handle leads|withdraw', 'W_Complete application|schedule')","('enter', ('W_Handle leads|withdraw', 'W_Complete application|schedule'))",74,193
1463,1463,enter,"('W_Complete application|schedule', 'A_Concept')","('enter', ('W_Complete application|schedule', 'A_Concept'))",76,193
1464,1464,enter,"('A_Concept', 'W_Complete application|start')","('enter', ('A_Concept', 'W_Complete application|start'))",73,193
1465,1465,enter,"('A_Accepted', 'O_Create Offer')","('enter', ('A_Accepted', 'O_Create Offer'))",155,193
1466,1466,enter,"('O_Create Offer', 'O_Created')","('enter', ('O_Create Offer', 'O_Created'))",226,193
1467,1467,enter,"('O_Created', 'O_Sent (mail and online)')","('enter', ('O_Created', 'O_Sent (mail and online)'))",189,193
1468,1468,enter,"('O_Sent (mail and online)', 'W_Complete application|ate_abort')","('enter', ('O_Sent (mail and online)', 'W_Complete application|ate_abort'))",67,193
1469,1469,enter,"('W_Complete application|ate_abort', 'W_Call after offers|schedule')","('enter', ('W_Complete application|ate_abort', 'W_Call after offers|schedule'))",69,193
1470,1470,enter,"('W_Call after offers|schedule', 'W_Call after offers|start')","('enter', ('W_Call after offers|schedule', 'W_Call after offers|start'))",167,193
1471,1471,enter,"('W_Call after offers|start', 'A_Complete')","('enter', ('W_Call after offers|start', 'A_Complete'))",167,193
1472,1472,enter,"('A_Complete', 'W_Call after offers|suspend')","('enter', ('A_Complete', 'W_Call after offers|suspend'))",166,193
1473,1473,enter,"('W_Call after offers|suspend', 'W_Call after offers|resume')","('enter', ('W_Call after offers|suspend', 'W_Call after offers|resume'))",187,193
1474,1474,enter,"('W_Call after offers|resume', 'W_Call after offers|suspend')","('enter', ('W_Call after offers|resume', 'W_Call after offers|suspend'))",305,193
1475,1475,enter,"('W_Call after offers|suspend', 'W_Call after offers|ate_abort')","('enter', ('W_Call after offers|suspend', 'W_Call after offers|ate_abort'))",173,193
1476,1476,enter,"('W_Validate application|ate_abort', 'W_Call incomplete files|schedule')","('enter', ('W_Validate application|ate_abort', 'W_Call incomplete files|schedule'))",78,193
1477,1477,enter,"('W_Call incomplete files|schedule', 'W_Call incomplete files|start')","('enter', ('W_Call incomplete files|schedule', 'W_Call incomplete files|start'))",140,193
1478,1478,enter,"('W_Call incomplete files|start', 'A_Incomplete')","('enter', ('W_Call incomplete files|start', 'A_Incomplete'))",140,193
1479,1479,enter,"('A_Incomplete', 'W_Call incomplete files|suspend')","('enter', ('A_Incomplete', 'W_Call incomplete files|suspend'))",138,193
1480,1480,enter,"('W_Call incomplete files|suspend', 'W_Call incomplete files|resume')","('enter', ('W_Call incomplete files|suspend', 'W_Call incomplete files|resume'))",229,193
1481,1481,enter,"('W_Call incomplete files|resume', 'W_Call incomplete files|suspend')","('enter', ('W_Call incomplete files|resume', 'W_Call incomplete files|suspend'))",196,193
1482,1482,enter,"('W_Call incomplete files|suspend', 'W_Call incomplete files|ate_abort')","('enter', ('W_Call incomplete files|suspend', 'W_Call incomplete files|ate_abort'))",78,193
1483,1483,enter,"('W_Call incomplete files|ate_abort', 'W_Validate application|schedule')","('enter', ('W_Call incomplete files|ate_abort', 'W_Validate application|schedule'))",81,193
1484,1484,enter,"('A_Validating', 'W_Validate application|suspend')","('enter', ('A_Validating', 'W_Validate application|suspend'))",97,193
1485,1485,enter,"('O_Sent (mail and online)', 'W_Complete application|complete')","('enter', ('O_Sent (mail and online)', 'W_Complete application|complete'))",90,193
1486,1486,enter,"('W_Complete application|complete', 'W_Call after offers|schedule')","('enter', ('W_Complete application|complete', 'W_Call after offers|schedule'))",93,193
1487,1487,enter,"('W_Validate application|suspend', 'W_Validate application|resume')","('enter', ('W_Validate application|suspend', 'W_Validate application|resume'))",283,193
1488,1488,enter,"('W_Validate application|resume', 'W_Validate application|suspend')","('enter', ('W_Validate application|resume', 'W_Validate application|suspend'))",238,193
1489,1489,enter,"('W_Complete application|resume', 'W_Complete application|suspend')","('enter', ('W_Complete application|resume', 'W_Complete application|suspend'))",88,193
1490,1490,enter,"('W_Validate application|complete', 'W_Call incomplete files|schedule')","('enter', ('W_Validate application|complete', 'W_Call incomplete files|schedule'))",62,193
1491,1491,exit,"('A_Create Application', 'A_Submitted')","('exit', ('A_Create Application', 'A_Submitted'))",88,193
1492,1492,exit,"('A_Submitted', 'W_Handle leads|schedule')","('exit', ('A_Submitted', 'W_Handle leads|schedule'))",88,193
1493,1493,exit,"('W_Handle leads|schedule', 'W_Handle leads|withdraw')","('exit', ('W_Handle leads|schedule', 'W_Handle leads|withdraw'))",74,193
1494,1494,exit,"('W_Handle leads|withdraw', 'W_Complete application|schedule')","('exit', ('W_Handle leads|withdraw', 'W_Complete application|schedule'))",74,193
1495,1495,exit,"('W_Complete application|schedule', 'A_Concept')","('exit', ('W_Complete application|schedule', 'A_Concept'))",76,193
1496,1496,exit,"('A_Accepted', 'O_Create Offer')","('exit', ('A_Accepted', 'O_Create Offer'))",155,193
1497,1497,exit,"('O_Create Offer', 'O_Created')","('exit', ('O_Create Offer', 'O_Created'))",226,193
1498,1498,exit,"('O_Created', 'O_Sent (mail and online)')","('exit', ('O_Created', 'O_Sent (mail and online)'))",189,193
1499,1499,exit,"('O_Sent (mail and online)', 'W_Complete application|ate_abort')","('exit', ('O_Sent (mail and online)', 'W_Complete application|ate_abort'))",67,193
1500,1500,exit,"('W_Complete application|ate_abort', 'W_Call after offers|schedule')","('exit', ('W_Complete application|ate_abort', 'W_Call after offers|schedule'))",69,193
1501,1501,exit,"('W_Call after offers|schedule', 'W_Call after offers|start')","('exit', ('W_Call after offers|schedule', 'W_Call after offers|start'))",167,193
1502,1502,exit,"('W_Call after offers|start', 'A_Complete')","('exit', ('W_Call after offers|start', 'A_Complete'))",167,193
1503,1503,exit,"('A_Complete', 'W_Call after offers|suspend')","('exit', ('A_Complete', 'W_Call after offers|suspend'))",166,193
1504,1504,exit,"('W_Call after offers|suspend', 'W_Call after offers|resume')","('exit', ('W_Call after offers|suspend', 'W_Call after offers|resume'))",288,193
1505,1505,exit,"('W_Call after offers|resume', 'W_Call after offers|suspend')","('exit', ('W_Call after offers|resume', 'W_Call after offers|suspend'))",305,193
1506,1506,exit,"('W_Validate application|suspend', 'W_Validate application|ate_abort')","('exit', ('W_Validate application|suspend', 'W_Validate application|ate_abort'))",78,193
1507,1507,exit,"('W_Validate application|ate_abort', 'W_Call incomplete files|schedule')","('exit', ('W_Validate application|ate_abort', 'W_Call incomplete files|schedule'))",78,193
1508,1508,exit,"('W_Call incomplete files|schedule', 'W_Call incomplete files|start')","('exit', ('W_Call incomplete files|schedule', 'W_Call incomplete files|start'))",140,193
1509,1509,exit,"('W_Call incomplete files|start', 'A_Incomplete')","('exit', ('W_Call incomplete files|start', 'A_Incomplete'))",140,193
1510,1510,exit,"('A_Incomplete', 'W_Call incomplete files|suspend')","('exit', ('A_Incomplete', 'W_Call incomplete files|suspend'))",138,193
1511,1511,exit,"('W_Call incomplete files|suspend', 'W_Call incomplete files|resume')","('exit', ('W_Call incomplete files|suspend', 'W_Call incomplete files|resume'))",218,193
1512,1512,exit,"('W_Call incomplete files|resume', 'W_Call incomplete files|suspend')","('exit', ('W_Call incomplete files|resume', 'W_Call incomplete files|suspend'))",196,193
1513,1513,exit,"('W_Call incomplete files|suspend', 'W_Call incomplete files|ate_abort')","('exit', ('W_Call incomplete files|suspend', 'W_Call incomplete files|ate_abort'))",77,193
1514,1514,exit,"('W_Call incomplete files|ate_abort', 'W_Validate application|schedule')","('exit', ('W_Call incomplete files|ate_abort', 'W_Validate application|schedule'))",81,193
1515,1515,exit,"('A_Validating', 'W_Validate application|suspend')","('exit', ('A_Validating', 'W_Validate application|suspend'))",97,193
1516,1516,exit,"('W_Complete application|suspend', 'W_Complete application|resume')","('exit', ('W_Complete application|suspend', 'W_Complete application|resume'))",130,193
1517,1517,exit,"('O_Sent (mail and online)', 'W_Complete application|complete')","('exit', ('O_Sent (mail and online)', 'W_Complete application|complete'))",90,193
1518,1518,exit,"('W_Complete application|complete', 'W_Call after offers|schedule')","('exit', ('W_Complete application|complete', 'W_Call after offers|schedule'))",93,193
1519,1519,exit,"('W_Validate application|suspend', 'W_Validate application|resume')","('exit', ('W_Validate application|suspend', 'W_Validate application|resume'))",315,193
1520,1520,exit,"('W_Validate application|resume', 'W_Validate application|suspend')","('exit', ('W_Validate application|resume', 'W_Validate application|suspend'))",238,193
1521,1521,exit,"('W_Complete application|resume', 'W_Complete application|suspend')","('exit', ('W_Complete application|resume', 'W_Complete application|suspend'))",88,193
1522,1522,exit,"('W_Validate application|complete', 'W_Call incomplete files|schedule')","('exit', ('W_Validate application|complete', 'W_Call incomplete files|schedule'))",62,193
1523,1523,workload,"('W_Call incomplete files|schedule', 'W_Call incomplete files|start')","('workload', ('W_Call incomplete files|schedule', 'W_Call incomplete files|start'))",9.333333333333334,193
1524,1524,workload,"('W_Call incomplete files|start', 'A_Incomplete')","('workload', ('W_Call incomplete files|start', 'A_Incomplete'))",9.333333333333334,193
1525,1525,workload,"('A_Incomplete', 'W_Call incomplete files|suspend')","('workload', ('A_Incomplete', 'W_Call incomplete files|suspend'))",9.133333333333333,193
1526,1526,workload,"('W_Validate application|suspend', 'W_Validate application|resume')","('workload', ('W_Validate application|suspend', 'W_Validate application|resume'))",8.333333333333334,193
1527,1527,workload,"('W_Validate application|resume', 'W_Validate application|suspend')","('workload', ('W_Validate application|resume', 'W_Validate application|suspend'))",16.785714285714285,193
1528,1528,enter,"('A_Create Application', 'A_Submitted')","('enter', ('A_Create Application', 'A_Submitted'))",91,194
1529,1529,enter,"('A_Submitted', 'W_Handle leads|schedule')","('enter', ('A_Submitted', 'W_Handle leads|schedule'))",91,194
1530,1530,enter,"('W_Handle leads|schedule', 'W_Handle leads|withdraw')","('enter', ('W_Handle leads|schedule', 'W_Handle leads|withdraw'))",73,194
1531,1531,enter,"('W_Handle leads|withdraw', 'W_Complete application|schedule')","('enter', ('W_Handle leads|withdraw', 'W_Complete application|schedule'))",73,194
1532,1532,enter,"('W_Complete application|schedule', 'A_Concept')","('enter', ('W_Complete application|schedule', 'A_Concept'))",76,194
1533,1533,enter,"('A_Concept', 'W_Complete application|start')","('enter', ('A_Concept', 'W_Complete application|start'))",71,194
1534,1534,enter,"('W_Call after offers|ate_abort', 'W_Validate application|schedule')","('enter', ('W_Call after offers|ate_abort', 'W_Validate application|schedule'))",162,194
1535,1535,enter,"('W_Validate application|schedule', 'W_Validate application|start')","('enter', ('W_Validate application|schedule', 'W_Validate application|start'))",253,194
1536,1536,enter,"('W_Validate application|start', 'A_Validating')","('enter', ('W_Validate application|start', 'A_Validating'))",252,194
1537,1537,enter,"('A_Validating', 'O_Returned')","('enter', ('A_Validating', 'O_Returned'))",162,194
1538,1538,enter,"('O_Returned', 'W_Validate application|suspend')","('enter', ('O_Returned', 'W_Validate application|suspend'))",161,194
1539,1539,enter,"('W_Validate application|suspend', 'W_Validate application|ate_abort')","('enter', ('W_Validate application|suspend', 'W_Validate application|ate_abort'))",115,194
1540,1540,enter,"('A_Incomplete', 'W_Call incomplete files|suspend')","('enter', ('A_Incomplete', 'W_Call incomplete files|suspend'))",121,194
1541,1541,enter,"('W_Call incomplete files|suspend', 'W_Call incomplete files|resume')","('enter', ('W_Call incomplete files|suspend', 'W_Call incomplete files|resume'))",213,194
1542,1542,enter,"('W_Call incomplete files|resume', 'W_Call incomplete files|suspend')","('enter', ('W_Call incomplete files|resume', 'W_Call incomplete files|suspend'))",198,194
1543,1543,enter,"('W_Call incomplete files|suspend', 'W_Call incomplete files|ate_abort')","('enter', ('W_Call incomplete files|suspend', 'W_Call incomplete files|ate_abort'))",78,194
1544,1544,enter,"('A_Validating', 'W_Validate application|suspend')","('enter', ('A_Validating', 'W_Validate application|suspend'))",80,194
1545,1545,enter,"('W_Validate application|suspend', 'W_Validate application|resume')","('enter', ('W_Validate application|suspend', 'W_Validate application|resume'))",337,194
1546,1546,enter,"('W_Validate application|resume', 'W_Validate application|suspend')","('enter', ('W_Validate application|resume', 'W_Validate application|suspend'))",262,194
1547,1547,enter,"('W_Complete application|resume', 'W_Complete application|suspend')","('enter', ('W_Complete application|resume', 'W_Complete application|suspend'))",78,194
1548,1548,enter,"('W_Validate application|complete', 'W_Call incomplete files|schedule')","('enter', ('W_Validate application|complete', 'W_Call incomplete files|schedule'))",72,194
1549,1549,exit,"('A_Create Application', 'A_Submitted')","('exit', ('A_Create Application', 'A_Submitted'))",91,194
1550,1550,exit,"('A_Submitted', 'W_Handle leads|schedule')","('exit', ('A_Submitted', 'W_Handle leads|schedule'))",91,194
1551,1551,exit,"('W_Handle leads|schedule', 'W_Handle leads|withdraw')","('exit', ('W_Handle leads|schedule', 'W_Handle leads|withdraw'))",73,194
1552,1552,exit,"('W_Handle leads|withdraw', 'W_Complete application|schedule')","('exit', ('W_Handle leads|withdraw', 'W_Complete application|schedule'))",73,194
1553,1553,exit,"('W_Complete application|schedule', 'A_Concept')","('exit', ('W_Complete application|schedule', 'A_Concept'))",76,194
1554,1554,exit,"('W_Call after offers|suspend', 'W_Call after offers|ate_abort')","('exit', ('W_Call after offers|suspend', 'W_Call after offers|ate_abort'))",151,194
1555,1555,exit,"('W_Call after offers|ate_abort', 'W_Validate application|schedule')","('exit', ('W_Call after offers|ate_abort', 'W_Validate application|schedule'))",162,194
1556,1556,exit,"('W_Validate application|schedule', 'W_Validate application|start')","('exit', ('W_Validate application|schedule', 'W_Validate application|start'))",253,194
1557,1557,exit,"('W_Validate application|start', 'A_Validating')","('exit', ('W_Validate application|start', 'A_Validating'))",252,194
1558,1558,exit,"('A_Validating', 'O_Returned')","('exit', ('A_Validating', 'O_Returned'))",162,194
1559,1559,exit,"('O_Returned', 'W_Validate application|suspend')","('exit', ('O_Returned', 'W_Validate application|suspend'))",161,194
1560,1560,exit,"('A_Incomplete', 'W_Call incomplete files|suspend')","('exit', ('A_Incomplete', 'W_Call incomplete files|suspend'))",121,194
1561,1561,exit,"('W_Call incomplete files|suspend', 'W_Call incomplete files|resume')","('exit', ('W_Call incomplete files|suspend', 'W_Call incomplete files|resume'))",212,194
1562,1562,exit,"('W_Call incomplete files|resume', 'W_Call incomplete files|suspend')","('exit', ('W_Call incomplete files|resume', 'W_Call incomplete files|suspend'))",198,194
1563,1563,exit,"('A_Validating', 'W_Validate application|suspend')","('exit', ('A_Validating', 'W_Validate application|suspend'))",80,194
1564,1564,exit,"('W_Complete application|suspend', 'W_Complete application|resume')","('exit', ('W_Complete application|suspend', 'W_Complete application|resume'))",113,194
1565,1565,exit,"('W_Validate application|suspend', 'W_Validate application|resume')","('exit', ('W_Validate application|suspend', 'W_Validate application|resume'))",350,194
1566,1566,exit,"('W_Validate application|resume', 'W_Validate application|suspend')","('exit', ('W_Validate application|resume', 'W_Validate application|suspend'))",262,194
1567,1567,exit,"('W_Complete application|resume', 'W_Complete application|suspend')","('exit', ('W_Complete application|resume', 'W_Complete application|suspend'))",78,194
1568,1568,exit,"('W_Validate application|complete', 'W_Call incomplete files|schedule')","('exit', ('W_Validate application|complete', 'W_Call incomplete files|schedule'))",72,194
1569,1569,workload,"('W_Call after offers|ate_abort', 'W_Validate application|schedule')","('workload', ('W_Call after offers|ate_abort', 'W_Validate application|schedule'))",20.25,194
1570,1570,workload,"('A_Validating', 'O_Returned')","('workload', ('A_Validating', 'O_Returned'))",20.25,194
1571,1571,workload,"('O_Returned', 'W_Validate application|suspend')","('workload', ('O_Returned', 'W_Validate application|suspend'))",20.0,194
1572,1572,workload,"('O_Sent (mail and online)', 'W_Complete application|complete')","('workload', ('O_Sent (mail and online)', 'W_Complete application|complete'))",4.722222222222222,194
1573,1573,workload,"('W_Validate application|resume', 'W_Validate application|suspend')","('workload', ('W_Validate application|resume', 'W_Validate application|suspend'))",16.3125,194
1574,1574,enter,"('W_Call incomplete files|schedule', 'W_Call incomplete files|start')","('enter', ('W_Call incomplete files|schedule', 'W_Call incomplete files|start'))",158,195
1575,1575,enter,"('W_Call incomplete files|start', 'A_Incomplete')","('enter', ('W_Call incomplete files|start', 'A_Incomplete'))",158,195
1576,1576,enter,"('A_Incomplete', 'W_Call incomplete files|suspend')","('enter', ('A_Incomplete', 'W_Call incomplete files|suspend'))",155,195
1577,1577,enter,"('W_Call incomplete files|suspend', 'W_Call incomplete files|resume')","('enter', ('W_Call incomplete files|suspend', 'W_Call incomplete files|resume'))",247,195
1578,1578,enter,"('W_Call incomplete files|resume', 'W_Call incomplete files|suspend')","('enter', ('W_Call incomplete files|resume', 'W_Call incomplete files|suspend'))",199,195
1579,1579,enter,"('W_Validate application|suspend', 'W_Validate application|resume')","('enter', ('W_Validate application|suspend', 'W_Validate application|resume'))",240,195
1580,1580,enter,"('W_Validate application|resume', 'W_Validate application|suspend')","('enter', ('W_Validate application|resume', 'W_Validate application|suspend'))",197,195
1581,1581,enter,"('W_Complete application|schedule', 'W_Complete application|start')","('enter', ('W_Complete application|schedule', 'W_Complete application|start'))",75,195
1582,1582,enter,"('W_Complete application|start', 'A_Concept')","('enter', ('W_Complete application|start', 'A_Concept'))",63,195
1583,1583,enter,"('W_Validate application|complete', 'W_Call incomplete files|schedule')","('enter', ('W_Validate application|complete', 'W_Call incomplete files|schedule'))",83,195
1584,1584,exit,"('W_Call incomplete files|schedule', 'W_Call incomplete files|start')","('exit', ('W_Call incomplete files|schedule', 'W_Call incomplete files|start'))",158,195
1585,1585,exit,"('W_Call incomplete files|start', 'A_Incomplete')","('exit', ('W_Call incomplete files|start', 'A_Incomplete'))",158,195
1586,1586,exit,"('A_Incomplete', 'W_Call incomplete files|suspend')","('exit', ('A_Incomplete', 'W_Call incomplete files|suspend'))",155,195
1587,1587,exit,"('W_Call incomplete files|suspend', 'W_Call incomplete files|resume')","('exit', ('W_Call incomplete files|suspend', 'W_Call incomplete files|resume'))",216,195
1588,1588,exit,"('W_Call incomplete files|resume', 'W_Call incomplete files|suspend')","('exit', ('W_Call incomplete files|resume', 'W_Call incomplete files|suspend'))",199,195
1589,1589,exit,"('W_Validate application|suspend', 'W_Validate application|resume')","('exit', ('W_Validate application|suspend', 'W_Validate application|resume'))",307,195
1590,1590,exit,"('W_Validate application|resume', 'W_Validate application|suspend')","('exit', ('W_Validate application|resume', 'W_Validate application|suspend'))",197,195
1591,1591,exit,"('W_Complete application|schedule', 'W_Complete application|start')","('exit', ('W_Complete application|schedule', 'W_Complete application|start'))",75,195
1592,1592,exit,"('W_Complete application|start', 'A_Concept')","('exit', ('W_Complete application|start', 'A_Concept'))",63,195
1593,1593,exit,"('W_Validate application|complete', 'W_Call incomplete files|schedule')","('exit', ('W_Validate application|complete', 'W_Call incomplete files|schedule'))",83,195
1594,1594,workload,"('W_Call incomplete files|schedule', 'W_Call incomplete files|start')","('workload', ('W_Call incomplete files|schedule', 'W_Call incomplete files|start'))",9.294117647058824,195
1595,1595,workload,"('W_Call incomplete files|start', 'A_Incomplete')","('workload', ('W_Call incomplete files|start', 'A_Incomplete'))",9.294117647058824,195
1596,1596,workload,"('A_Incomplete', 'W_Call incomplete files|suspend')","('workload', ('A_Incomplete', 'W_Call incomplete files|suspend'))",9.058823529411764,195
1597,1597,workload,"('W_Validate application|suspend', 'W_Validate application|resume')","('workload', ('W_Validate application|suspend', 'W_Validate application|resume'))",11.333333333333334,195
1598,1598,workload,"('W_Validate application|resume', 'W_Validate application|suspend')","('workload', ('W_Validate application|resume', 'W_Validate application|suspend'))",19.6,195
1599,1599,workload,"('W_Complete application|schedule', 'W_Complete application|start')","('workload', ('W_Complete application|schedule', 'W_Complete application|start'))",3.9473684210526314,195
1600,1600,workload,"('W_Complete application|start', 'A_Concept')","('workload', ('W_Complete application|start', 'A_Concept'))",3.3157894736842106,195
1601,1601,workload,"('W_Validate application|complete', 'W_Call incomplete files|schedule')","('workload', ('W_Validate application|complete', 'W_Call incomplete files|schedule'))",6.384615384615385,195
1602,1602,enter,"('W_Call after offers|ate_abort', 'W_Validate application|schedule')","('enter', ('W_Call after offers|ate_abort', 'W_Validate application|schedule'))",125,196
1603,1603,enter,"('W_Validate application|schedule', 'W_Validate application|start')","('enter', ('W_Validate application|schedule', 'W_Validate application|start'))",209,196
1604,1604,enter,"('W_Validate application|start', 'A_Validating')","('enter', ('W_Validate application|start', 'A_Validating'))",207,196
1605,1605,enter,"('A_Validating', 'O_Returned')","('enter', ('A_Validating', 'O_Returned'))",126,196
1606,1606,enter,"('O_Returned', 'W_Validate application|suspend')","('enter', ('O_Returned', 'W_Validate application|suspend'))",123,196
1607,1607,enter,"('W_Validate application|suspend', 'W_Validate application|ate_abort')","('enter', ('W_Validate application|suspend', 'W_Validate application|ate_abort'))",100,196
1608,1608,exit,"('W_Call after offers|ate_abort', 'W_Validate application|schedule')","('exit', ('W_Call after offers|ate_abort', 'W_Validate application|schedule'))",125,196
1609,1609,exit,"('W_Validate application|schedule', 'W_Validate application|start')","('exit', ('W_Validate application|schedule', 'W_Validate application|start'))",209,196
1610,1610,exit,"('W_Validate application|start', 'A_Validating')","('exit', ('W_Validate application|start', 'A_Validating'))",207,196
1611,1611,exit,"('A_Validating', 'O_Returned')","('exit', ('A_Validating', 'O_Returned'))",126,196
1612,1612,exit,"('O_Returned', 'W_Validate application|suspend')","('exit', ('O_Returned', 'W_Validate application|suspend'))",123,196
1613,1613,workload,"('O_Returned', 'W_Validate application|suspend')","('workload', ('O_Returned', 'W_Validate application|suspend'))",17.571428571428573,196
1614,1614,workload,"('O_Sent (mail and online)', 'W_Complete application|complete')","('workload', ('O_Sent (mail and online)', 'W_Complete application|complete'))",4.705882352941177,196
1615,1615,workload,"('W_Complete application|complete', 'W_Call after offers|schedule')","('workload', ('W_Complete application|complete', 'W_Call after offers|schedule'))",4.764705882352941,196
1616,1616,handover,"('W_Validate application|suspend', 'W_Validate application|ate_abort')","('handover', ('W_Validate application|suspend', 'W_Validate application|ate_abort'))",3.0,197
1617,1617,handover,"('W_Call incomplete files|suspend', 'W_Call incomplete files|ate_abort')","('handover', ('W_Call incomplete files|suspend', 'W_Call incomplete files|ate_abort'))",4.0,197
1618,1618,workload,"('A_Accepted', 'O_Create Offer')","('workload', ('A_Accepted', 'O_Create Offer'))",9.6,197
1619,1619,workload,"('O_Create Offer', 'O_Created')","('workload', ('O_Create Offer', 'O_Created'))",10.7,197
1620,1620,workload,"('O_Created', 'O_Sent (mail and online)')","('workload', ('O_Created', 'O_Sent (mail and online)'))",9.8,197
1621,1621,workload,"('O_Sent (mail and online)', 'W_Complete application|ate_abort')","('workload', ('O_Sent (mail and online)', 'W_Complete application|ate_abort'))",5.285714285714286,197
1622,1622,workload,"('W_Complete application|ate_abort', 'W_Call after offers|schedule')","('workload', ('W_Complete application|ate_abort', 'W_Call after offers|schedule'))",5.428571428571429,197
1623,1623,workload,"('W_Call after offers|schedule', 'W_Call after offers|start')","('workload', ('W_Call after offers|schedule', 'W_Call after offers|start'))",9.7,197
1624,1624,workload,"('W_Call after offers|start', 'A_Complete')","('workload', ('W_Call after offers|start', 'A_Complete'))",9.7,197
1625,1625,workload,"('A_Complete', 'W_Call after offers|suspend')","('workload', ('A_Complete', 'W_Call after offers|suspend'))",9.5,197
1626,1626,workload,"('W_Validate application|ate_abort', 'W_Call incomplete files|schedule')","('workload', ('W_Validate application|ate_abort', 'W_Call incomplete files|schedule'))",9.0,197
1627,1627,workload,"('W_Call incomplete files|schedule', 'W_Call incomplete files|start')","('workload', ('W_Call incomplete files|schedule', 'W_Call incomplete files|start'))",9.0,197
1628,1628,workload,"('W_Call incomplete files|start', 'A_Incomplete')","('workload', ('W_Call incomplete files|start', 'A_Incomplete'))",9.0,197
1629,1629,workload,"('A_Incomplete', 'W_Call incomplete files|suspend')","('workload', ('A_Incomplete', 'W_Call incomplete files|suspend'))",9.0,197
1630,1630,workload,"('W_Call incomplete files|ate_abort', 'W_Validate application|schedule')","('workload', ('W_Call incomplete files|ate_abort', 'W_Validate application|schedule'))",10.0,197
1631,1631,workload,"('A_Validating', 'W_Validate application|suspend')","('workload', ('A_Validating', 'W_Validate application|suspend'))",8.5,197
1632,1632,workload,"('O_Sent (mail and online)', 'W_Complete application|complete')","('workload', ('O_Sent (mail and online)', 'W_Complete application|complete'))",5.9,197
1633,1633,workload,"('W_Complete application|complete', 'W_Call after offers|schedule')","('workload', ('W_Complete application|complete', 'W_Call after offers|schedule'))",5.9,197
1634,1634,enter,"('A_Create Application', 'A_Submitted')","('enter', ('A_Create Application', 'A_Submitted'))",83,199
1635,1635,enter,"('A_Submitted', 'W_Handle leads|schedule')","('enter', ('A_Submitted', 'W_Handle leads|schedule'))",83,199
1636,1636,enter,"('A_Concept', 'W_Complete application|start')","('enter', ('A_Concept', 'W_Complete application|start'))",60,199
1637,1637,enter,"('A_Accepted', 'O_Create Offer')","('enter', ('A_Accepted', 'O_Create Offer'))",139,199
1638,1638,enter,"('W_Call after offers|schedule', 'W_Call after offers|start')","('enter', ('W_Call after offers|schedule', 'W_Call after offers|start'))",143,199
1639,1639,enter,"('W_Call after offers|start', 'A_Complete')","('enter', ('W_Call after offers|start', 'A_Complete'))",143,199
1640,1640,enter,"('A_Complete', 'W_Call after offers|suspend')","('enter', ('A_Complete', 'W_Call after offers|suspend'))",138,199
1641,1641,enter,"('W_Call after offers|resume', 'W_Call after offers|suspend')","('enter', ('W_Call after offers|resume', 'W_Call after offers|suspend'))",249,199
1642,1642,enter,"('W_Call after offers|suspend', 'W_Call after offers|ate_abort')","('enter', ('W_Call after offers|suspend', 'W_Call after offers|ate_abort'))",176,199
1643,1643,enter,"('O_Returned', 'W_Validate application|suspend')","('enter', ('O_Returned', 'W_Validate application|suspend'))",110,199
1644,1644,enter,"('W_Validate application|suspend', 'W_Validate application|ate_abort')","('enter', ('W_Validate application|suspend', 'W_Validate application|ate_abort'))",73,199
1645,1645,enter,"('W_Validate application|ate_abort', 'W_Call incomplete files|schedule')","('enter', ('W_Validate application|ate_abort', 'W_Call incomplete files|schedule'))",80,199
1646,1646,enter,"('W_Complete application|suspend', 'W_Complete application|resume')","('enter', ('W_Complete application|suspend', 'W_Complete application|resume'))",110,199
1647,1647,enter,"('O_Sent (mail and online)', 'W_Complete application|complete')","('enter', ('O_Sent (mail and online)', 'W_Complete application|complete'))",94,199
1648,1648,enter,"('W_Complete application|complete', 'W_Call after offers|schedule')","('enter', ('W_Complete application|complete', 'W_Call after offers|schedule'))",95,199
1649,1649,enter,"('W_Complete application|schedule', 'W_Complete application|start')","('enter', ('W_Complete application|schedule', 'W_Complete application|start'))",82,199
1650,1650,enter,"('W_Complete application|start', 'A_Concept')","('enter', ('W_Complete application|start', 'A_Concept'))",64,199
1651,1651,exit,"('A_Create Application', 'A_Submitted')","('exit', ('A_Create Application', 'A_Submitted'))",83,199
1652,1652,exit,"('A_Submitted', 'W_Handle leads|schedule')","('exit', ('A_Submitted', 'W_Handle leads|schedule'))",83,199
1653,1653,exit,"('A_Accepted', 'O_Create Offer')","('exit', ('A_Accepted', 'O_Create Offer'))",139,199
1654,1654,exit,"('W_Call after offers|schedule', 'W_Call after offers|start')","('exit', ('W_Call after offers|schedule', 'W_Call after offers|start'))",143,199
1655,1655,exit,"('W_Call after offers|start', 'A_Complete')","('exit', ('W_Call after offers|start', 'A_Complete'))",143,199
1656,1656,exit,"('A_Complete', 'W_Call after offers|suspend')","('exit', ('A_Complete', 'W_Call after offers|suspend'))",138,199
1657,1657,exit,"('W_Call after offers|suspend', 'W_Call after offers|resume')","('exit', ('W_Call after offers|suspend', 'W_Call after offers|resume'))",238,199
1658,1658,exit,"('W_Call after offers|resume', 'W_Call after offers|suspend')","('exit', ('W_Call after offers|resume', 'W_Call after offers|suspend'))",249,199
1659,1659,exit,"('O_Returned', 'W_Validate application|suspend')","('exit', ('O_Returned', 'W_Validate application|suspend'))",110,199
1660,1660,exit,"('W_Validate application|suspend', 'W_Validate application|ate_abort')","('exit', ('W_Validate application|suspend', 'W_Validate application|ate_abort'))",78,199
1661,1661,exit,"('W_Validate application|ate_abort', 'W_Call incomplete files|schedule')","('exit', ('W_Validate application|ate_abort', 'W_Call incomplete files|schedule'))",80,199
1662,1662,exit,"('O_Sent (mail and online)', 'W_Complete application|complete')","('exit', ('O_Sent (mail and online)', 'W_Complete application|complete'))",94,199
1663,1663,exit,"('W_Complete application|complete', 'W_Call after offers|schedule')","('exit', ('W_Complete application|complete', 'W_Call after offers|schedule'))",95,199
1664,1664,exit,"('W_Complete application|schedule', 'W_Complete application|start')","('exit', ('W_Complete application|schedule', 'W_Complete application|start'))",82,199
1665,1665,exit,"('W_Complete application|start', 'A_Concept')","('exit', ('W_Complete application|start', 'A_Concept'))",64,199
1666,1666,workload,"('A_Validating', 'O_Returned')","('workload', ('A_Validating', 'O_Returned'))",18.5,199
1667,1667,workload,"('O_Returned', 'W_Validate application|suspend')","('workload', ('O_Returned', 'W_Validate application|suspend'))",18.333333333333332,199
1668,1668,workload,"('W_Complete application|schedule', 'W_Complete application|start')","('workload', ('W_Complete application|schedule', 'W_Complete application|start'))",4.1,199
1669,1669,workload,"('W_Complete application|start', 'A_Concept')","('workload', ('W_Complete application|start', 'A_Concept'))",3.2,199
1670,1670,enter,"('W_Validate application|ate_abort', 'W_Call incomplete files|schedule')","('enter', ('W_Validate application|ate_abort', 'W_Call incomplete files|schedule'))",98,200
1671,1671,enter,"('W_Call incomplete files|schedule', 'W_Call incomplete files|start')","('enter', ('W_Call incomplete files|schedule', 'W_Call incomplete files|start'))",141,200
1672,1672,enter,"('W_Call incomplete files|start', 'A_Incomplete')","('enter', ('W_Call incomplete files|start', 'A_Incomplete'))",141,200
1673,1673,enter,"('A_Incomplete', 'W_Call incomplete files|suspend')","('enter', ('A_Incomplete', 'W_Call incomplete files|suspend'))",141,200
1674,1674,enter,"('W_Call incomplete files|suspend', 'W_Call incomplete files|resume')","('enter', ('W_Call incomplete files|suspend', 'W_Call incomplete files|resume'))",243,200
1675,1675,enter,"('W_Call incomplete files|resume', 'W_Call incomplete files|suspend')","('enter', ('W_Call incomplete files|resume', 'W_Call incomplete files|suspend'))",228,200
1676,1676,exit,"('W_Validate application|suspend', 'W_Validate application|ate_abort')","('exit', ('W_Validate application|suspend', 'W_Validate application|ate_abort'))",100,200
1677,1677,exit,"('W_Validate application|ate_abort', 'W_Call incomplete files|schedule')","('exit', ('W_Validate application|ate_abort', 'W_Call incomplete files|schedule'))",98,200
1678,1678,exit,"('W_Call incomplete files|schedule', 'W_Call incomplete files|start')","('exit', ('W_Call incomplete files|schedule', 'W_Call incomplete files|start'))",141,200
1679,1679,exit,"('W_Call incomplete files|start', 'A_Incomplete')","('exit', ('W_Call incomplete files|start', 'A_Incomplete'))",141,200
1680,1680,exit,"('A_Incomplete', 'W_Call incomplete files|suspend')","('exit', ('A_Incomplete', 'W_Call incomplete files|suspend'))",141,200
1681,1681,exit,"('W_Call incomplete files|suspend', 'W_Call incomplete files|resume')","('exit', ('W_Call incomplete files|suspend', 'W_Call incomplete files|resume'))",239,200
1682,1682,exit,"('W_Call incomplete files|resume', 'W_Call incomplete files|suspend')","('exit', ('W_Call incomplete files|resume', 'W_Call incomplete files|suspend'))",228,200
1683,1683,workload,"('W_Validate application|ate_abort', 'W_Call incomplete files|schedule')","('workload', ('W_Validate application|ate_abort', 'W_Call incomplete files|schedule'))",8.166666666666666,200
1684,1684,enter,"('O_Sent (mail and online)', 'W_Complete application|ate_abort')","('enter', ('O_Sent (mail and online)', 'W_Complete application|ate_abort'))",51,201
1685,1685,enter,"('W_Complete application|ate_abort', 'W_Call after offers|schedule')","('enter', ('W_Complete application|ate_abort', 'W_Call after offers|schedule'))",55,201
1686,1686,enter,"('W_Call after offers|ate_abort', 'W_Validate application|schedule')","('enter', ('W_Call after offers|ate_abort', 'W_Validate application|schedule'))",120,201
1687,1687,enter,"('W_Validate application|schedule', 'W_Validate application|start')","('enter', ('W_Validate application|schedule', 'W_Validate application|start'))",190,201
1688,1688,enter,"('W_Validate application|start', 'A_Validating')","('enter', ('W_Validate application|start', 'A_Validating'))",190,201
1689,1689,enter,"('A_Validating', 'O_Returned')","('enter', ('A_Validating', 'O_Returned'))",121,201
1690,1690,enter,"('O_Returned', 'W_Validate application|suspend')","('enter', ('O_Returned', 'W_Validate application|suspend'))",120,201
1691,1691,enter,"('W_Validate application|suspend', 'W_Validate application|ate_abort')","('enter', ('W_Validate application|suspend', 'W_Validate application|ate_abort'))",95,201
1692,1692,enter,"('W_Validate application|ate_abort', 'W_Call incomplete files|schedule')","('enter', ('W_Validate application|ate_abort', 'W_Call incomplete files|schedule'))",81,201
1693,1693,enter,"('W_Call incomplete files|resume', 'W_Call incomplete files|suspend')","('enter', ('W_Call incomplete files|resume', 'W_Call incomplete files|suspend'))",193,201
1694,1694,enter,"('W_Call incomplete files|suspend', 'W_Call incomplete files|ate_abort')","('enter', ('W_Call incomplete files|suspend', 'W_Call incomplete files|ate_abort'))",70,201
1695,1695,exit,"('O_Sent (mail and online)', 'W_Complete application|ate_abort')","('exit', ('O_Sent (mail and online)', 'W_Complete application|ate_abort'))",51,201
1696,1696,exit,"('W_Complete application|ate_abort', 'W_Call after offers|schedule')","('exit', ('W_Complete application|ate_abort', 'W_Call after offers|schedule'))",55,201
1697,1697,exit,"('W_Call after offers|ate_abort', 'W_Validate application|schedule')","('exit', ('W_Call after offers|ate_abort', 'W_Validate application|schedule'))",120,201
1698,1698,exit,"('W_Validate application|schedule', 'W_Validate application|start')","('exit', ('W_Validate application|schedule', 'W_Validate application|start'))",190,201
1699,1699,exit,"('W_Validate application|start', 'A_Validating')","('exit', ('W_Validate application|start', 'A_Validating'))",190,201
1700,1700,exit,"('A_Validating', 'O_Returned')","('exit', ('A_Validating', 'O_Returned'))",121,201
1701,1701,exit,"('O_Returned', 'W_Validate application|suspend')","('exit', ('O_Returned', 'W_Validate application|suspend'))",120,201
1702,1702,exit,"('W_Validate application|suspend', 'W_Validate application|ate_abort')","('exit', ('W_Validate application|suspend', 'W_Validate application|ate_abort'))",81,201
1703,1703,exit,"('W_Validate application|ate_abort', 'W_Call incomplete files|schedule')","('exit', ('W_Validate application|ate_abort', 'W_Call incomplete files|schedule'))",81,201
1704,1704,exit,"('W_Call incomplete files|resume', 'W_Call incomplete files|suspend')","('exit', ('W_Call incomplete files|resume', 'W_Call incomplete files|suspend'))",193,201
1705,1705,enter,"('W_Validate application|schedule', 'W_Validate application|start')","('enter', ('W_Validate application|schedule', 'W_Validate application|start'))",194,202
1706,1706,enter,"('W_Validate application|start', 'A_Validating')","('enter', ('W_Validate application|start', 'A_Validating'))",193,202
1707,1707,enter,"('W_Validate application|ate_abort', 'W_Call incomplete files|schedule')","('enter', ('W_Validate application|ate_abort', 'W_Call incomplete files|schedule'))",123,202
1708,1708,enter,"('W_Call incomplete files|schedule', 'W_Call incomplete files|start')","('enter', ('W_Call incomplete files|schedule', 'W_Call incomplete files|start'))",178,202
1709,1709,enter,"('W_Call incomplete files|start', 'A_Incomplete')","('enter', ('W_Call incomplete files|start', 'A_Incomplete'))",178,202
1710,1710,enter,"('A_Incomplete', 'W_Call incomplete files|suspend')","('enter', ('A_Incomplete', 'W_Call incomplete files|suspend'))",169,202
1711,1711,enter,"('W_Call incomplete files|suspend', 'W_Call incomplete files|resume')","('enter', ('W_Call incomplete files|suspend', 'W_Call incomplete files|resume'))",247,202
1712,1712,enter,"('W_Call incomplete files|resume', 'W_Call incomplete files|suspend')","('enter', ('W_Call incomplete files|resume', 'W_Call incomplete files|suspend'))",194,202
1713,1713,enter,"('W_Call incomplete files|suspend', 'W_Call incomplete files|ate_abort')","('enter', ('W_Call incomplete files|suspend', 'W_Call incomplete files|ate_abort'))",76,202
1714,1714,enter,"('W_Call incomplete files|ate_abort', 'W_Validate application|schedule')","('enter', ('W_Call incomplete files|ate_abort', 'W_Validate application|schedule'))",85,202
1715,1715,enter,"('A_Validating', 'W_Validate application|suspend')","('enter', ('A_Validating', 'W_Validate application|suspend'))",85,202
1716,1716,exit,"('W_Validate application|schedule', 'W_Validate application|start')","('exit', ('W_Validate application|schedule', 'W_Validate application|start'))",194,202
1717,1717,exit,"('W_Validate application|start', 'A_Validating')","('exit', ('W_Validate application|start', 'A_Validating'))",193,202
1718,1718,exit,"('W_Validate application|suspend', 'W_Validate application|ate_abort')","('exit', ('W_Validate application|suspend', 'W_Validate application|ate_abort'))",120,202
1719,1719,exit,"('W_Validate application|ate_abort', 'W_Call incomplete files|schedule')","('exit', ('W_Validate application|ate_abort', 'W_Call incomplete files|schedule'))",123,202
1720,1720,exit,"('W_Call incomplete files|schedule', 'W_Call incomplete files|start')","('exit', ('W_Call incomplete files|schedule', 'W_Call incomplete files|start'))",178,202
1721,1721,exit,"('W_Call incomplete files|start', 'A_Incomplete')","('exit', ('W_Call incomplete files|start', 'A_Incomplete'))",178,202
1722,1722,exit,"('A_Incomplete', 'W_Call incomplete files|suspend')","('exit', ('A_Incomplete', 'W_Call incomplete files|suspend'))",169,202
1723,1723,exit,"('W_Call incomplete files|resume', 'W_Call incomplete files|suspend')","('exit', ('W_Call incomplete files|resume', 'W_Call incomplete files|suspend'))",194,202
1724,1724,exit,"('W_Call incomplete files|suspend', 'W_Call incomplete files|ate_abort')","('exit', ('W_Call incomplete files|suspend', 'W_Call incomplete files|ate_abort'))",78,202
1725,1725,exit,"('W_Call incomplete files|ate_abort', 'W_Validate application|schedule')","('exit', ('W_Call incomplete files|ate_abort', 'W_Validate application|schedule'))",85,202
1726,1726,exit,"('A_Validating', 'W_Validate application|suspend')","('exit', ('A_Validating', 'W_Validate application|suspend'))",85,202
1727,1727,workload,"('W_Validate application|start', 'A_Validating')","('workload', ('W_Validate application|start', 'A_Validating'))",13.785714285714286,202
1728,1728,workload,"('W_Call incomplete files|schedule', 'W_Call incomplete files|start')","('workload', ('W_Call incomplete files|schedule', 'W_Call incomplete files|start'))",8.9,202
1729,1729,workload,"('W_Call incomplete files|start', 'A_Incomplete')","('workload', ('W_Call incomplete files|start', 'A_Incomplete'))",8.9,202
1730,1730,workload,"('A_Incomplete', 'W_Call incomplete files|suspend')","('workload', ('A_Incomplete', 'W_Call incomplete files|suspend'))",8.45,202
1731,1731,enter,"('W_Validate application|schedule', 'W_Validate application|start')","('enter', ('W_Validate application|schedule', 'W_Validate application|start'))",227,203
1732,1732,enter,"('W_Validate application|start', 'A_Validating')","('enter', ('W_Validate application|start', 'A_Validating'))",227,203
1733,1733,enter,"('W_Call incomplete files|resume', 'W_Call incomplete files|suspend')","('enter', ('W_Call incomplete files|resume', 'W_Call incomplete files|suspend'))",192,203
1734,1734,enter,"('W_Call incomplete files|suspend', 'W_Call incomplete files|ate_abort')","('enter', ('W_Call incomplete files|suspend', 'W_Call incomplete files|ate_abort'))",115,203
1735,1735,enter,"('W_Call incomplete files|ate_abort', 'W_Validate application|schedule')","('enter', ('W_Call incomplete files|ate_abort', 'W_Validate application|schedule'))",120,203
1736,1736,enter,"('O_Accepted', 'A_Pending')","('enter', ('O_Accepted', 'A_Pending'))",428,203
1737,1737,exit,"('W_Validate application|schedule', 'W_Validate application|start')","('exit', ('W_Validate application|schedule', 'W_Validate application|start'))",227,203
1738,1738,exit,"('W_Validate application|start', 'A_Validating')","('exit', ('W_Validate application|start', 'A_Validating'))",227,203
1739,1739,exit,"('W_Call incomplete files|suspend', 'W_Call incomplete files|resume')","('exit', ('W_Call incomplete files|suspend', 'W_Call incomplete files|resume'))",207,203
1740,1740,exit,"('W_Call incomplete files|resume', 'W_Call incomplete files|suspend')","('exit', ('W_Call incomplete files|resume', 'W_Call incomplete files|suspend'))",192,203
1741,1741,exit,"('W_Call incomplete files|suspend', 'W_Call incomplete files|ate_abort')","('exit', ('W_Call incomplete files|suspend', 'W_Call incomplete files|ate_abort'))",112,203
1742,1742,exit,"('W_Call incomplete files|ate_abort', 'W_Validate application|schedule')","('exit', ('W_Call incomplete files|ate_abort', 'W_Validate application|schedule'))",120,203
1743,1743,exit,"('O_Accepted', 'A_Pending')","('exit', ('O_Accepted', 'A_Pending'))",428,203
1744,1744,handover,"('W_Call after offers|suspend', 'W_Call after offers|ate_abort')","('handover', ('W_Call after offers|suspend', 'W_Call after offers|ate_abort'))",4.8,203
1745,1745,workload,"('W_Validate application|schedule', 'W_Validate application|start')","('workload', ('W_Validate application|schedule', 'W_Validate application|start'))",17.46153846153846,203
1746,1746,workload,"('W_Validate application|start', 'A_Validating')","('workload', ('W_Validate application|start', 'A_Validating'))",17.46153846153846,203
1747,1747,workload,"('W_Call incomplete files|ate_abort', 'W_Validate application|schedule')","('workload', ('W_Call incomplete files|ate_abort', 'W_Validate application|schedule'))",10.0,203
1748,1748,workload,"('O_Accepted', 'A_Pending')","('workload', ('O_Accepted', 'A_Pending'))",32.92307692307692,203
1749,1749,handover,"('W_Call after offers|suspend', 'W_Call after offers|resume')","('handover', ('W_Call after offers|suspend', 'W_Call after offers|resume'))",12.5,204
1750,1750,handover,"('W_Call incomplete files|suspend', 'W_Call incomplete files|resume')","('handover', ('W_Call incomplete files|suspend', 'W_Call incomplete files|resume'))",6.666666666666667,204
1751,1751,handover,"('W_Call incomplete files|suspend', 'W_Call incomplete files|ate_abort')","('handover', ('W_Call incomplete files|suspend', 'W_Call incomplete files|ate_abort'))",3.5,204
1752,1752,handover,"('W_Complete application|suspend', 'W_Complete application|resume')","('handover', ('W_Complete application|suspend', 'W_Complete application|resume'))",2.8,204
1753,1753,workload,"('W_Call incomplete files|ate_abort', 'W_Validate application|schedule')","('workload', ('W_Call incomplete files|ate_abort', 'W_Validate application|schedule'))",10.0,204
1754,1754,handover,"('W_Validate application|suspend', 'W_Validate application|resume')","('handover', ('W_Validate application|suspend', 'W_Validate application|resume'))",6.0,205
1755,1755,workload,"('W_Validate application|complete', 'W_Call incomplete files|schedule')","('workload', ('W_Validate application|complete', 'W_Call incomplete files|schedule'))",7.0,205
1756,1756,enter,"('A_Create Application', 'A_Submitted')","('enter', ('A_Create Application', 'A_Submitted'))",103,206
1757,1757,enter,"('A_Submitted', 'W_Handle leads|schedule')","('enter', ('A_Submitted', 'W_Handle leads|schedule'))",103,206
1758,1758,enter,"('W_Handle leads|schedule', 'W_Handle leads|withdraw')","('enter', ('W_Handle leads|schedule', 'W_Handle leads|withdraw'))",78,206
1759,1759,enter,"('W_Handle leads|withdraw', 'W_Complete application|schedule')","('enter', ('W_Handle leads|withdraw', 'W_Complete application|schedule'))",78,206
1760,1760,enter,"('W_Complete application|schedule', 'A_Concept')","('enter', ('W_Complete application|schedule', 'A_Concept'))",77,206
1761,1761,enter,"('A_Validating', 'W_Validate application|suspend')","('enter', ('A_Validating', 'W_Validate application|suspend'))",83,206
1762,1762,enter,"('O_Accepted', 'A_Pending')","('enter', ('O_Accepted', 'A_Pending'))",92,206
1763,1763,enter,"('W_Complete application|schedule', 'W_Complete application|start')","('enter', ('W_Complete application|schedule', 'W_Complete application|start'))",87,206
1764,1764,enter,"('W_Complete application|start', 'A_Concept')","('enter', ('W_Complete application|start', 'A_Concept'))",72,206
1765,1765,exit,"('A_Create Application', 'A_Submitted')","('exit', ('A_Create Application', 'A_Submitted'))",103,206
1766,1766,exit,"('A_Submitted', 'W_Handle leads|schedule')","('exit', ('A_Submitted', 'W_Handle leads|schedule'))",103,206
1767,1767,exit,"('W_Handle leads|schedule', 'W_Handle leads|withdraw')","('exit', ('W_Handle leads|schedule', 'W_Handle leads|withdraw'))",78,206
1768,1768,exit,"('W_Handle leads|withdraw', 'W_Complete application|schedule')","('exit', ('W_Handle leads|withdraw', 'W_Complete application|schedule'))",78,206
1769,1769,exit,"('W_Complete application|schedule', 'A_Concept')","('exit', ('W_Complete application|schedule', 'A_Concept'))",77,206
1770,1770,exit,"('W_Call incomplete files|suspend', 'W_Call incomplete files|ate_abort')","('exit', ('W_Call incomplete files|suspend', 'W_Call incomplete files|ate_abort'))",71,206
1771,1771,exit,"('A_Validating', 'W_Validate application|suspend')","('exit', ('A_Validating', 'W_Validate application|suspend'))",83,206
1772,1772,exit,"('O_Accepted', 'A_Pending')","('exit', ('O_Accepted', 'A_Pending'))",92,206
1773,1773,exit,"('W_Complete application|schedule', 'W_Complete application|start')","('exit', ('W_Complete application|schedule', 'W_Complete application|start'))",87,206
1774,1774,exit,"('W_Complete application|start', 'A_Concept')","('exit', ('W_Complete application|start', 'A_Concept'))",72,206
1775,1775,handover,"('W_Call after offers|suspend', 'W_Call after offers|resume')","('handover', ('W_Call after offers|suspend', 'W_Call after offers|resume'))",10.0,206
1776,1776,handover,"('W_Call incomplete files|suspend', 'W_Call incomplete files|resume')","('handover', ('W_Call incomplete files|suspend', 'W_Call incomplete files|resume'))",7.75,206
1777,1777,workload,"('W_Call after offers|resume', 'W_Call after offers|suspend')","('workload', ('W_Call after offers|resume', 'W_Call after offers|suspend'))",61.666666666666664,206
1778,1778,workload,"('W_Validate application|start', 'A_Validating')","('workload', ('W_Validate application|start', 'A_Validating'))",13.25,206
1779,1779,workload,"('W_Call incomplete files|suspend', 'W_Call incomplete files|resume')","('workload', ('W_Call incomplete files|suspend', 'W_Call incomplete files|resume'))",15.666666666666666,206
1780,1780,workload,"('W_Call incomplete files|resume', 'W_Call incomplete files|suspend')","('workload', ('W_Call incomplete files|resume', 'W_Call incomplete files|suspend'))",41.5,206
1781,1781,workload,"('W_Complete application|schedule', 'W_Complete application|start')","('workload', ('W_Complete application|schedule', 'W_Complete application|start'))",5.117647058823529,206
1782,1782,workload,"('W_Complete application|start', 'A_Concept')","('workload', ('W_Complete application|start', 'A_Concept'))",4.235294117647059,206
1783,1783,enter,"('O_Accepted', 'A_Pending')","('enter', ('O_Accepted', 'A_Pending'))",93,207
1784,1784,exit,"('O_Accepted', 'A_Pending')","('exit', ('O_Accepted', 'A_Pending'))",93,207
1785,1785,handover,"('W_Call after offers|suspend', 'W_Call after offers|ate_abort')","('handover', ('W_Call after offers|suspend', 'W_Call after offers|ate_abort'))",5.25,207
1786,1786,workload,"('W_Call incomplete files|ate_abort', 'W_Validate application|schedule')","('workload', ('W_Call incomplete files|ate_abort', 'W_Validate application|schedule'))",11.666666666666666,207
1787,1787,workload,"('A_Validating', 'W_Validate application|suspend')","('workload', ('A_Validating', 'W_Validate application|suspend'))",8.11111111111111,207
1788,1788,enter,"('A_Create Application', 'A_Submitted')","('enter', ('A_Create Application', 'A_Submitted'))",83,208
1789,1789,enter,"('A_Submitted', 'W_Handle leads|schedule')","('enter', ('A_Submitted', 'W_Handle leads|schedule'))",83,208
1790,1790,enter,"('W_Handle leads|schedule', 'W_Handle leads|withdraw')","('enter', ('W_Handle leads|schedule', 'W_Handle leads|withdraw'))",67,208
1791,1791,enter,"('W_Handle leads|withdraw', 'W_Complete application|schedule')","('enter', ('W_Handle leads|withdraw', 'W_Complete application|schedule'))",67,208
1792,1792,enter,"('W_Complete application|schedule', 'A_Concept')","('enter', ('W_Complete application|schedule', 'A_Concept'))",67,208
1793,1793,enter,"('A_Concept', 'W_Complete application|start')","('enter', ('A_Concept', 'W_Complete application|start'))",58,208
1794,1794,enter,"('W_Call after offers|ate_abort', 'W_Validate application|schedule')","('enter', ('W_Call after offers|ate_abort', 'W_Validate application|schedule'))",131,208
1795,1795,enter,"('W_Validate application|schedule', 'W_Validate application|start')","('enter', ('W_Validate application|schedule', 'W_Validate application|start'))",211,208
1796,1796,enter,"('W_Validate application|start', 'A_Validating')","('enter', ('W_Validate application|start', 'A_Validating'))",210,208
1797,1797,enter,"('A_Validating', 'O_Returned')","('enter', ('A_Validating', 'O_Returned'))",124,208
1798,1798,enter,"('A_Validating', 'W_Validate application|suspend')","('enter', ('A_Validating', 'W_Validate application|suspend'))",81,208
1799,1799,enter,"('O_Accepted', 'A_Pending')","('enter', ('O_Accepted', 'A_Pending'))",87,208
1800,1800,exit,"('A_Create Application', 'A_Submitted')","('exit', ('A_Create Application', 'A_Submitted'))",83,208
1801,1801,exit,"('A_Submitted', 'W_Handle leads|schedule')","('exit', ('A_Submitted', 'W_Handle leads|schedule'))",83,208
1802,1802,exit,"('W_Handle leads|schedule', 'W_Handle leads|withdraw')","('exit', ('W_Handle leads|schedule', 'W_Handle leads|withdraw'))",67,208
1803,1803,exit,"('W_Handle leads|withdraw', 'W_Complete application|schedule')","('exit', ('W_Handle leads|withdraw', 'W_Complete application|schedule'))",67,208
1804,1804,exit,"('W_Complete application|schedule', 'A_Concept')","('exit', ('W_Complete application|schedule', 'A_Concept'))",67,208
1805,1805,exit,"('W_Call after offers|suspend', 'W_Call after offers|ate_abort')","('exit', ('W_Call after offers|suspend', 'W_Call after offers|ate_abort'))",120,208
1806,1806,exit,"('W_Call after offers|ate_abort', 'W_Validate application|schedule')","('exit', ('W_Call after offers|ate_abort', 'W_Validate application|schedule'))",131,208
1807,1807,exit,"('W_Validate application|schedule', 'W_Validate application|start')","('exit', ('W_Validate application|schedule', 'W_Validate application|start'))",211,208
1808,1808,exit,"('W_Validate application|start', 'A_Validating')","('exit', ('W_Validate application|start', 'A_Validating'))",210,208
1809,1809,exit,"('A_Validating', 'O_Returned')","('exit', ('A_Validating', 'O_Returned'))",124,208
1810,1810,exit,"('A_Validating', 'W_Validate application|suspend')","('exit', ('A_Validating', 'W_Validate application|suspend'))",81,208
1811,1811,exit,"('O_Accepted', 'A_Pending')","('exit', ('O_Accepted', 'A_Pending'))",87,208
1812,1812,enter,"('O_Created', 'O_Sent (mail and online)')","('enter', ('O_Created', 'O_Sent (mail and online)'))",161,209
1813,1813,enter,"('W_Call after offers|schedule', 'W_Call after offers|start')","('enter', ('W_Call after offers|schedule', 'W_Call after offers|start'))",146,209
1814,1814,enter,"('W_Call after offers|start', 'A_Complete')","('enter', ('W_Call after offers|start', 'A_Complete'))",145,209
1815,1815,enter,"('O_Sent (mail and online)', 'W_Complete application|complete')","('enter', ('O_Sent (mail and online)', 'W_Complete application|complete'))",100,209
1816,1816,enter,"('W_Complete application|complete', 'W_Call after offers|schedule')","('enter', ('W_Complete application|complete', 'W_Call after offers|schedule'))",102,209
1817,1817,enter,"('W_Complete application|start', 'A_Concept')","('enter', ('W_Complete application|start', 'A_Concept'))",61,209
1818,1818,exit,"('A_Concept', 'W_Complete application|start')","('exit', ('A_Concept', 'W_Complete application|start'))",76,209
1819,1819,exit,"('W_Call after offers|schedule', 'W_Call after offers|start')","('exit', ('W_Call after offers|schedule', 'W_Call after offers|start'))",146,209
1820,1820,exit,"('W_Call after offers|start', 'A_Complete')","('exit', ('W_Call after offers|start', 'A_Complete'))",145,209
1821,1821,exit,"('O_Sent (mail and online)', 'W_Complete application|complete')","('exit', ('O_Sent (mail and online)', 'W_Complete application|complete'))",100,209
1822,1822,exit,"('W_Complete application|complete', 'W_Call after offers|schedule')","('exit', ('W_Complete application|complete', 'W_Call after offers|schedule'))",102,209
1823,1823,exit,"('W_Complete application|start', 'A_Concept')","('exit', ('W_Complete application|start', 'A_Concept'))",61,209
1824,1824,workload,"('O_Sent (mail and online)', 'W_Complete application|complete')","('workload', ('O_Sent (mail and online)', 'W_Complete application|complete'))",4.761904761904762,209
1825,1825,workload,"('W_Complete application|complete', 'W_Call after offers|schedule')","('workload', ('W_Complete application|complete', 'W_Call after offers|schedule'))",4.857142857142857,209
1826,1826,workload,"('W_Complete application|start', 'A_Concept')","('workload', ('W_Complete application|start', 'A_Concept'))",3.210526315789474,209
1827,1827,enter,"('W_Validate application|complete', 'W_Call incomplete files|schedule')","('enter', ('W_Validate application|complete', 'W_Call incomplete files|schedule'))",59,210
1828,1828,exit,"('W_Validate application|complete', 'W_Call incomplete files|schedule')","('exit', ('W_Validate application|complete', 'W_Call incomplete files|schedule'))",59,210
1829,1829,handover,"('W_Call incomplete files|suspend', 'W_Call incomplete files|resume')","('handover', ('W_Call incomplete files|suspend', 'W_Call incomplete files|resume'))",6.75,210
1830,1830,workload,"('W_Validate application|schedule', 'W_Validate application|start')","('workload', ('W_Validate application|schedule', 'W_Validate application|start'))",13.75,210
1831,1831,workload,"('W_Validate application|start', 'A_Validating')","('workload', ('W_Validate application|start', 'A_Validating'))",14.818181818181818,210
1832,1832,handover,"('W_Call after offers|suspend', 'W_Call after offers|ate_abort')","('handover', ('W_Call after offers|suspend', 'W_Call after offers|ate_abort'))",5.0,211
1833,1833,handover,"('W_Call incomplete files|suspend', 'W_Call incomplete files|resume')","('handover', ('W_Call incomplete files|suspend', 'W_Call incomplete files|resume'))",7.333333333333333,211
1834,1834,handover,"('W_Call incomplete files|suspend', 'W_Call incomplete files|ate_abort')","('handover', ('W_Call incomplete files|suspend', 'W_Call incomplete files|ate_abort'))",5.0,211
1835,1835,handover,"('W_Validate application|suspend', 'W_Validate application|resume')","('handover', ('W_Validate application|suspend', 'W_Validate application|resume'))",8.0,211
1836,1836,workload,"('A_Accepted', 'O_Create Offer')","('workload', ('A_Accepted', 'O_Create Offer'))",7.7,212
1837,1837,workload,"('O_Create Offer', 'O_Created')","('workload', ('O_Create Offer', 'O_Created'))",8.7,212
1838,1838,workload,"('O_Created', 'O_Sent (mail and online)')","('workload', ('O_Created', 'O_Sent (mail and online)'))",7.8,212
1839,1839,workload,"('O_Sent (mail and online)', 'W_Complete application|ate_abort')","('workload', ('O_Sent (mail and online)', 'W_Complete application|ate_abort'))",3.6666666666666665,212
1840,1840,workload,"('W_Complete application|ate_abort', 'W_Call after offers|schedule')","('workload', ('W_Complete application|ate_abort', 'W_Call after offers|schedule'))",3.6666666666666665,212
1841,1841,workload,"('W_Call after offers|schedule', 'W_Call after offers|start')","('workload', ('W_Call after offers|schedule', 'W_Call after offers|start'))",7.7,212
1842,1842,workload,"('W_Call after offers|start', 'A_Complete')","('workload', ('W_Call after offers|start', 'A_Complete'))",7.7,212
1843,1843,workload,"('A_Complete', 'W_Call after offers|suspend')","('workload', ('A_Complete', 'W_Call after offers|suspend'))",7.6,212
1844,1844,enter,"('A_Create Application', 'A_Submitted')","('enter', ('A_Create Application', 'A_Submitted'))",83,213
1845,1845,enter,"('A_Submitted', 'W_Handle leads|schedule')","('enter', ('A_Submitted', 'W_Handle leads|schedule'))",83,213
1846,1846,enter,"('W_Handle leads|schedule', 'W_Handle leads|withdraw')","('enter', ('W_Handle leads|schedule', 'W_Handle leads|withdraw'))",76,213
1847,1847,enter,"('W_Handle leads|withdraw', 'W_Complete application|schedule')","('enter', ('W_Handle leads|withdraw', 'W_Complete application|schedule'))",76,213
1848,1848,enter,"('W_Complete application|schedule', 'A_Concept')","('enter', ('W_Complete application|schedule', 'A_Concept'))",76,213
1849,1849,enter,"('A_Concept', 'W_Complete application|start')","('enter', ('A_Concept', 'W_Complete application|start'))",71,213
1850,1850,enter,"('A_Accepted', 'O_Create Offer')","('enter', ('A_Accepted', 'O_Create Offer'))",146,213
1851,1851,enter,"('O_Create Offer', 'O_Created')","('enter', ('O_Create Offer', 'O_Created'))",212,213
1852,1852,enter,"('O_Created', 'O_Sent (mail and online)')","('enter', ('O_Created', 'O_Sent (mail and online)'))",181,213
1853,1853,enter,"('W_Call after offers|schedule', 'W_Call after offers|start')","('enter', ('W_Call after offers|schedule', 'W_Call after offers|start'))",155,213
1854,1854,enter,"('W_Call after offers|start', 'A_Complete')","('enter', ('W_Call after offers|start', 'A_Complete'))",154,213
1855,1855,enter,"('A_Complete', 'W_Call after offers|suspend')","('enter', ('A_Complete', 'W_Call after offers|suspend'))",146,213
1856,1856,enter,"('W_Validate application|suspend', 'W_Validate application|ate_abort')","('enter', ('W_Validate application|suspend', 'W_Validate application|ate_abort'))",87,213
1857,1857,enter,"('W_Complete application|schedule', 'W_Complete application|start')","('enter', ('W_Complete application|schedule', 'W_Complete application|start'))",74,213
1858,1858,exit,"('A_Create Application', 'A_Submitted')","('exit', ('A_Create Application', 'A_Submitted'))",83,213
1859,1859,exit,"('A_Submitted', 'W_Handle leads|schedule')","('exit', ('A_Submitted', 'W_Handle leads|schedule'))",83,213
1860,1860,exit,"('W_Handle leads|schedule', 'W_Handle leads|withdraw')","('exit', ('W_Handle leads|schedule', 'W_Handle leads|withdraw'))",76,213
1861,1861,exit,"('W_Handle leads|withdraw', 'W_Complete application|schedule')","('exit', ('W_Handle leads|withdraw', 'W_Complete application|schedule'))",76,213
1862,1862,exit,"('W_Complete application|schedule', 'A_Concept')","('exit', ('W_Complete application|schedule', 'A_Concept'))",76,213
1863,1863,exit,"('A_Accepted', 'O_Create Offer')","('exit', ('A_Accepted', 'O_Create Offer'))",147,213
1864,1864,exit,"('O_Create Offer', 'O_Created')","('exit', ('O_Create Offer', 'O_Created'))",212,213
1865,1865,exit,"('O_Created', 'O_Sent (mail and online)')","('exit', ('O_Created', 'O_Sent (mail and online)'))",181,213
1866,1866,exit,"('W_Call after offers|schedule', 'W_Call after offers|start')","('exit', ('W_Call after offers|schedule', 'W_Call after offers|start'))",155,213
1867,1867,exit,"('W_Call after offers|start', 'A_Complete')","('exit', ('W_Call after offers|start', 'A_Complete'))",154,213
1868,1868,exit,"('A_Complete', 'W_Call after offers|suspend')","('exit', ('A_Complete', 'W_Call after offers|suspend'))",146,213
1869,1869,exit,"('W_Complete application|schedule', 'W_Complete application|start')","('exit', ('W_Complete application|schedule', 'W_Complete application|start'))",74,213
1870,1870,workload,"('A_Accepted', 'O_Create Offer')","('workload', ('A_Accepted', 'O_Create Offer'))",6.545454545454546,213
1871,1871,workload,"('O_Create Offer', 'O_Created')","('workload', ('O_Create Offer', 'O_Created'))",8.833333333333334,213
1872,1872,workload,"('O_Created', 'O_Sent (mail and online)')","('workload', ('O_Created', 'O_Sent (mail and online)'))",8.227272727272727,213
1873,1873,workload,"('W_Call after offers|start', 'A_Complete')","('workload', ('W_Call after offers|start', 'A_Complete'))",6.695652173913044,213
1874,1874,workload,"('A_Complete', 'W_Call after offers|suspend')","('workload', ('A_Complete', 'W_Call after offers|suspend'))",6.636363636363637,213
1875,1875,enter,"('W_Call after offers|suspend', 'W_Call after offers|resume')","('enter', ('W_Call after offers|suspend', 'W_Call after offers|resume'))",146,214
1876,1876,enter,"('W_Call after offers|resume', 'W_Call after offers|suspend')","('enter', ('W_Call after offers|resume', 'W_Call after offers|suspend'))",346,214
1877,1877,enter,"('W_Call after offers|suspend', 'W_Call after offers|ate_abort')","('enter', ('W_Call after offers|suspend', 'W_Call after offers|ate_abort'))",219,214
1878,1878,enter,"('W_Call incomplete files|suspend', 'W_Call incomplete files|resume')","('enter', ('W_Call incomplete files|suspend', 'W_Call incomplete files|resume'))",265,214
1879,1879,enter,"('W_Call incomplete files|resume', 'W_Call incomplete files|suspend')","('enter', ('W_Call incomplete files|resume', 'W_Call incomplete files|suspend'))",270,214
1880,1880,enter,"('W_Call incomplete files|suspend', 'W_Call incomplete files|ate_abort')","('enter', ('W_Call incomplete files|suspend', 'W_Call incomplete files|ate_abort'))",88,214
1881,1881,exit,"('W_Call after offers|suspend', 'W_Call after offers|resume')","('exit', ('W_Call after offers|suspend', 'W_Call after offers|resume'))",330,214
1882,1882,exit,"('W_Call after offers|resume', 'W_Call after offers|suspend')","('exit', ('W_Call after offers|resume', 'W_Call after offers|suspend'))",346,214
1883,1883,exit,"('W_Call incomplete files|suspend', 'W_Call incomplete files|resume')","('exit', ('W_Call incomplete files|suspend', 'W_Call incomplete files|resume'))",286,214
1884,1884,exit,"('W_Call incomplete files|resume', 'W_Call incomplete files|suspend')","('exit', ('W_Call incomplete files|resume', 'W_Call incomplete files|suspend'))",270,214
1885,1885,enter,"('A_Create Application', 'A_Submitted')","('enter', ('A_Create Application', 'A_Submitted'))",82,215
1886,1886,enter,"('A_Submitted', 'W_Handle leads|schedule')","('enter', ('A_Submitted', 'W_Handle leads|schedule'))",82,215
1887,1887,enter,"('W_Handle leads|schedule', 'W_Handle leads|withdraw')","('enter', ('W_Handle leads|schedule', 'W_Handle leads|withdraw'))",72,215
1888,1888,enter,"('W_Handle leads|withdraw', 'W_Complete application|schedule')","('enter', ('W_Handle leads|withdraw', 'W_Complete application|schedule'))",72,215
1889,1889,enter,"('W_Complete application|schedule', 'A_Concept')","('enter', ('W_Complete application|schedule', 'A_Concept'))",71,215
1890,1890,enter,"('A_Concept', 'W_Complete application|start')","('enter', ('A_Concept', 'W_Complete application|start'))",62,215
1891,1891,enter,"('W_Call after offers|ate_abort', 'W_Validate application|schedule')","('enter', ('W_Call after offers|ate_abort', 'W_Validate application|schedule'))",129,215
1892,1892,enter,"('W_Validate application|schedule', 'W_Validate application|start')","('enter', ('W_Validate application|schedule', 'W_Validate application|start'))",223,215
1893,1893,enter,"('W_Validate application|start', 'A_Validating')","('enter', ('W_Validate application|start', 'A_Validating'))",222,215
1894,1894,enter,"('A_Validating', 'O_Returned')","('enter', ('A_Validating', 'O_Returned'))",121,215
1895,1895,enter,"('W_Validate application|suspend', 'W_Validate application|ate_abort')","('enter', ('W_Validate application|suspend', 'W_Validate application|ate_abort'))",93,215
1896,1896,enter,"('W_Call incomplete files|suspend', 'W_Call incomplete files|ate_abort')","('enter', ('W_Call incomplete files|suspend', 'W_Call incomplete files|ate_abort'))",75,215
1897,1897,enter,"('W_Call incomplete files|ate_abort', 'W_Validate application|schedule')","('enter', ('W_Call incomplete files|ate_abort', 'W_Validate application|schedule'))",87,215
1898,1898,enter,"('A_Validating', 'W_Validate application|suspend')","('enter', ('A_Validating', 'W_Validate application|suspend'))",90,215
1899,1899,exit,"('A_Create Application', 'A_Submitted')","('exit', ('A_Create Application', 'A_Submitted'))",82,215
1900,1900,exit,"('A_Submitted', 'W_Handle leads|schedule')","('exit', ('A_Submitted', 'W_Handle leads|schedule'))",82,215
1901,1901,exit,"('W_Handle leads|schedule', 'W_Handle leads|withdraw')","('exit', ('W_Handle leads|schedule', 'W_Handle leads|withdraw'))",72,215
1902,1902,exit,"('W_Handle leads|withdraw', 'W_Complete application|schedule')","('exit', ('W_Handle leads|withdraw', 'W_Complete application|schedule'))",72,215
1903,1903,exit,"('W_Complete application|schedule', 'A_Concept')","('exit', ('W_Complete application|schedule', 'A_Concept'))",71,215
1904,1904,exit,"('W_Call after offers|suspend', 'W_Call after offers|ate_abort')","('exit', ('W_Call after offers|suspend', 'W_Call after offers|ate_abort'))",124,215
1905,1905,exit,"('W_Call after offers|ate_abort', 'W_Validate application|schedule')","('exit', ('W_Call after offers|ate_abort', 'W_Validate application|schedule'))",129,215
1906,1906,exit,"('W_Validate application|schedule', 'W_Validate application|start')","('exit', ('W_Validate application|schedule', 'W_Validate application|start'))",223,215
1907,1907,exit,"('W_Validate application|start', 'A_Validating')","('exit', ('W_Validate application|start', 'A_Validating'))",222,215
1908,1908,exit,"('A_Validating', 'O_Returned')","('exit', ('A_Validating', 'O_Returned'))",121,215
1909,1909,exit,"('W_Call incomplete files|suspend', 'W_Call incomplete files|ate_abort')","('exit', ('W_Call incomplete files|suspend', 'W_Call incomplete files|ate_abort'))",85,215
1910,1910,exit,"('W_Call incomplete files|ate_abort', 'W_Validate application|schedule')","('exit', ('W_Call incomplete files|ate_abort', 'W_Validate application|schedule'))",87,215
1911,1911,exit,"('A_Validating', 'W_Validate application|suspend')","('exit', ('A_Validating', 'W_Validate application|suspend'))",90,215
1912,1912,enter,"('W_Complete application|start', 'W_Complete application|suspend')","('enter', ('W_Complete application|start', 'W_Complete application|suspend'))",59,216
1913,1913,enter,"('A_Accepted', 'O_Create Offer')","('enter', ('A_Accepted', 'O_Create Offer'))",152,216
1914,1914,enter,"('O_Create Offer', 'O_Created')","('enter', ('O_Create Offer', 'O_Created'))",197,216
1915,1915,enter,"('O_Created', 'O_Sent (mail and online)')","('enter', ('O_Created', 'O_Sent (mail and online)'))",171,216
1916,1916,enter,"('W_Call after offers|schedule', 'W_Call after offers|start')","('enter', ('W_Call after offers|schedule', 'W_Call after offers|start'))",153,216
1917,1917,enter,"('W_Call after offers|start', 'A_Complete')","('enter', ('W_Call after offers|start', 'A_Complete'))",153,216
1918,1918,enter,"('A_Complete', 'W_Call after offers|suspend')","('enter', ('A_Complete', 'W_Call after offers|suspend'))",147,216
1919,1919,enter,"('W_Call after offers|suspend', 'W_Call after offers|resume')","('enter', ('W_Call after offers|suspend', 'W_Call after offers|resume'))",145,216
1920,1920,enter,"('W_Validate application|suspend', 'W_Validate application|ate_abort')","('enter', ('W_Validate application|suspend', 'W_Validate application|ate_abort'))",87,216
1921,1921,enter,"('W_Validate application|ate_abort', 'W_Call incomplete files|schedule')","('enter', ('W_Validate application|ate_abort', 'W_Call incomplete files|schedule'))",94,216
1922,1922,enter,"('W_Call incomplete files|schedule', 'W_Call incomplete files|start')","('enter', ('W_Call incomplete files|schedule', 'W_Call incomplete files|start'))",136,216
1923,1923,enter,"('W_Call incomplete files|start', 'A_Incomplete')","('enter', ('W_Call incomplete files|start', 'A_Incomplete'))",136,216
1924,1924,enter,"('A_Incomplete', 'W_Call incomplete files|suspend')","('enter', ('A_Incomplete', 'W_Call incomplete files|suspend'))",131,216
1925,1925,enter,"('A_Validating', 'W_Validate application|suspend')","('enter', ('A_Validating', 'W_Validate application|suspend'))",78,216
1926,1926,enter,"('O_Sent (mail and online)', 'W_Complete application|complete')","('enter', ('O_Sent (mail and online)', 'W_Complete application|complete'))",91,216
1927,1927,enter,"('W_Complete application|complete', 'W_Call after offers|schedule')","('enter', ('W_Complete application|complete', 'W_Call after offers|schedule'))",91,216
1928,1928,exit,"('A_Concept', 'W_Complete application|start')","('exit', ('A_Concept', 'W_Complete application|start'))",96,216
1929,1929,exit,"('W_Complete application|start', 'W_Complete application|suspend')","('exit', ('W_Complete application|start', 'W_Complete application|suspend'))",59,216
1930,1930,exit,"('A_Accepted', 'O_Create Offer')","('exit', ('A_Accepted', 'O_Create Offer'))",151,216
1931,1931,exit,"('O_Create Offer', 'O_Created')","('exit', ('O_Create Offer', 'O_Created'))",197,216
1932,1932,exit,"('O_Created', 'O_Sent (mail and online)')","('exit', ('O_Created', 'O_Sent (mail and online)'))",171,216
1933,1933,exit,"('W_Call after offers|schedule', 'W_Call after offers|start')","('exit', ('W_Call after offers|schedule', 'W_Call after offers|start'))",153,216
1934,1934,exit,"('W_Call after offers|start', 'A_Complete')","('exit', ('W_Call after offers|start', 'A_Complete'))",153,216
1935,1935,exit,"('A_Complete', 'W_Call after offers|suspend')","('exit', ('A_Complete', 'W_Call after offers|suspend'))",147,216
1936,1936,exit,"('W_Validate application|suspend', 'W_Validate application|ate_abort')","('exit', ('W_Validate application|suspend', 'W_Validate application|ate_abort'))",93,216
1937,1937,exit,"('W_Validate application|ate_abort', 'W_Call incomplete files|schedule')","('exit', ('W_Validate application|ate_abort', 'W_Call incomplete files|schedule'))",94,216
1938,1938,exit,"('W_Call incomplete files|schedule', 'W_Call incomplete files|start')","('exit', ('W_Call incomplete files|schedule', 'W_Call incomplete files|start'))",136,216
1939,1939,exit,"('W_Call incomplete files|start', 'A_Incomplete')","('exit', ('W_Call incomplete files|start', 'A_Incomplete'))",136,216
1940,1940,exit,"('A_Incomplete', 'W_Call incomplete files|suspend')","('exit', ('A_Incomplete', 'W_Call incomplete files|suspend'))",131,216
1941,1941,exit,"('A_Validating', 'W_Validate application|suspend')","('exit', ('A_Validating', 'W_Validate application|suspend'))",78,216
1942,1942,exit,"('O_Sent (mail and online)', 'W_Complete application|complete')","('exit', ('O_Sent (mail and online)', 'W_Complete application|complete'))",91,216
1943,1943,exit,"('W_Complete application|complete', 'W_Call after offers|schedule')","('exit', ('W_Complete application|complete', 'W_Call after offers|schedule'))",91,216
1944,1944,workload,"('A_Accepted', 'O_Create Offer')","('workload', ('A_Accepted', 'O_Create Offer'))",6.521739130434782,216
1945,1945,workload,"('O_Created', 'O_Sent (mail and online)')","('workload', ('O_Created', 'O_Sent (mail and online)'))",7.391304347826087,216
1946,1946,workload,"('W_Call after offers|suspend', 'W_Call after offers|resume')","('workload', ('W_Call after offers|suspend', 'W_Call after offers|resume'))",8.0,216
1947,1947,workload,"('W_Validate application|ate_abort', 'W_Call incomplete files|schedule')","('workload', ('W_Validate application|ate_abort', 'W_Call incomplete files|schedule'))",8.545454545454545,216
1948,1948,enter,"('W_Call after offers|ate_abort', 'W_Validate application|schedule')","('enter', ('W_Call after offers|ate_abort', 'W_Validate application|schedule'))",116,217
1949,1949,enter,"('W_Validate application|schedule', 'W_Validate application|start')","('enter', ('W_Validate application|schedule', 'W_Validate application|start'))",220,217
1950,1950,enter,"('W_Validate application|start', 'A_Validating')","('enter', ('W_Validate application|start', 'A_Validating'))",220,217
1951,1951,enter,"('A_Validating', 'O_Returned')","('enter', ('A_Validating', 'O_Returned'))",114,217
1952,1952,enter,"('W_Validate application|suspend', 'W_Validate application|ate_abort')","('enter', ('W_Validate application|suspend', 'W_Validate application|ate_abort'))",102,217
1953,1953,enter,"('W_Call incomplete files|suspend', 'W_Call incomplete files|resume')","('enter', ('W_Call incomplete files|suspend', 'W_Call incomplete files|resume'))",196,217
1954,1954,enter,"('W_Call incomplete files|suspend', 'W_Call incomplete files|ate_abort')","('enter', ('W_Call incomplete files|suspend', 'W_Call incomplete files|ate_abort'))",74,217
1955,1955,enter,"('W_Call incomplete files|ate_abort', 'W_Validate application|schedule')","('enter', ('W_Call incomplete files|ate_abort', 'W_Validate application|schedule'))",85,217
1956,1956,enter,"('A_Validating', 'W_Validate application|suspend')","('enter', ('A_Validating', 'W_Validate application|suspend'))",100,217
1957,1957,exit,"('W_Call after offers|ate_abort', 'W_Validate application|schedule')","('exit', ('W_Call after offers|ate_abort', 'W_Validate application|schedule'))",116,217
1958,1958,exit,"('W_Validate application|schedule', 'W_Validate application|start')","('exit', ('W_Validate application|schedule', 'W_Validate application|start'))",220,217
1959,1959,exit,"('W_Validate application|start', 'A_Validating')","('exit', ('W_Validate application|start', 'A_Validating'))",220,217
1960,1960,exit,"('A_Validating', 'O_Returned')","('exit', ('A_Validating', 'O_Returned'))",114,217
1961,1961,exit,"('W_Call incomplete files|suspend', 'W_Call incomplete files|resume')","('exit', ('W_Call incomplete files|suspend', 'W_Call incomplete files|resume'))",209,217
1962,1962,exit,"('W_Call incomplete files|suspend', 'W_Call incomplete files|ate_abort')","('exit', ('W_Call incomplete files|suspend', 'W_Call incomplete files|ate_abort'))",80,217
1963,1963,exit,"('W_Call incomplete files|ate_abort', 'W_Validate application|schedule')","('exit', ('W_Call incomplete files|ate_abort', 'W_Validate application|schedule'))",85,217
1964,1964,exit,"('A_Validating', 'W_Validate application|suspend')","('exit', ('A_Validating', 'W_Validate application|suspend'))",100,217
1965,1965,workload,"('W_Call after offers|ate_abort', 'W_Validate application|schedule')","('workload', ('W_Call after offers|ate_abort', 'W_Validate application|schedule'))",19.333333333333332,217
1966,1966,workload,"('A_Validating', 'O_Returned')","('workload', ('A_Validating', 'O_Returned'))",19.0,217
1967,1967,workload,"('W_Complete application|start', 'A_Concept')","('workload', ('W_Complete application|start', 'A_Concept'))",3.357142857142857,217
1968,1968,handover,"('W_Validate application|suspend', 'W_Validate application|ate_abort')","('handover', ('W_Validate application|suspend', 'W_Validate application|ate_abort'))",5.0,218
1969,1969,handover,"('W_Complete application|suspend', 'W_Complete application|resume')","('handover', ('W_Complete application|suspend', 'W_Complete application|resume'))",5.0,218
1970,1970,workload,"('O_Create Offer', 'O_Created')","('workload', ('O_Create Offer', 'O_Created'))",8.833333333333334,218
1971,1971,workload,"('W_Validate application|suspend', 'W_Validate application|ate_abort')","('workload', ('W_Validate application|suspend', 'W_Validate application|ate_abort'))",3.0,218
1972,1972,enter,"('W_Validate application|suspend', 'W_Validate application|ate_abort')","('enter', ('W_Validate application|suspend', 'W_Validate application|ate_abort'))",78,220
1973,1973,enter,"('W_Complete application|schedule', 'W_Complete application|start')","('enter', ('W_Complete application|schedule', 'W_Complete application|start'))",81,220
1974,1974,enter,"('W_Complete application|start', 'A_Concept')","('enter', ('W_Complete application|start', 'A_Concept'))",62,220
1975,1975,exit,"('W_Complete application|schedule', 'W_Complete application|start')","('exit', ('W_Complete application|schedule', 'W_Complete application|start'))",81,220
1976,1976,exit,"('W_Complete application|start', 'A_Concept')","('exit', ('W_Complete application|start', 'A_Concept'))",62,220
1977,1977,handover,"('W_Call after offers|suspend', 'W_Call after offers|ate_abort')","('handover', ('W_Call after offers|suspend', 'W_Call after offers|ate_abort'))",5.0,220
1978,1978,handover,"('W_Call incomplete files|suspend', 'W_Call incomplete files|resume')","('handover', ('W_Call incomplete files|suspend', 'W_Call incomplete files|resume'))",9.0,220
1979,1979,workload,"('A_Accepted', 'O_Create Offer')","('workload', ('A_Accepted', 'O_Create Offer'))",7.111111111111111,220
1980,1980,workload,"('O_Create Offer', 'O_Created')","('workload', ('O_Create Offer', 'O_Created'))",9.473684210526315,220
1981,1981,workload,"('O_Created', 'O_Sent (mail and online)')","('workload', ('O_Created', 'O_Sent (mail and online)'))",7.947368421052632,220
1982,1982,workload,"('W_Call after offers|schedule', 'W_Call after offers|start')","('workload', ('W_Call after offers|schedule', 'W_Call after offers|start'))",7.277777777777778,220
1983,1983,workload,"('W_Call after offers|start', 'A_Complete')","('workload', ('W_Call after offers|start', 'A_Complete'))",7.277777777777778,220
1984,1984,workload,"('A_Complete', 'W_Call after offers|suspend')","('workload', ('A_Complete', 'W_Call after offers|suspend'))",6.888888888888889,220
1985,1985,workload,"('W_Call after offers|ate_abort', 'W_Validate application|schedule')","('workload', ('W_Call after offers|ate_abort', 'W_Validate application|schedule'))",19.8,220
1986,1986,workload,"('W_Call incomplete files|suspend', 'W_Call incomplete files|resume')","('workload', ('W_Call incomplete files|suspend', 'W_Call incomplete files|resume'))",16.0,220
1987,1987,workload,"('W_Call incomplete files|resume', 'W_Call incomplete files|suspend')","('workload', ('W_Call incomplete files|resume', 'W_Call incomplete files|suspend'))",41.0,220
1988,1988,workload,"('W_Complete application|schedule', 'W_Complete application|start')","('workload', ('W_Complete application|schedule', 'W_Complete application|start'))",4.2631578947368425,220
1989,1989,workload,"('W_Complete application|start', 'A_Concept')","('workload', ('W_Complete application|start', 'A_Concept'))",3.263157894736842,220
1990,1990,enter,"('A_Accepted', 'O_Create Offer')","('enter', ('A_Accepted', 'O_Create Offer'))",161,221
1991,1991,enter,"('O_Create Offer', 'O_Created')","('enter', ('O_Create Offer', 'O_Created'))",225,221
1992,1992,enter,"('O_Created', 'O_Sent (mail and online)')","('enter', ('O_Created', 'O_Sent (mail and online)'))",181,221
1993,1993,enter,"('W_Call after offers|schedule', 'W_Call after offers|start')","('enter', ('W_Call after offers|schedule', 'W_Call after offers|start'))",169,221
1994,1994,enter,"('W_Call after offers|start', 'A_Complete')","('enter', ('W_Call after offers|start', 'A_Complete'))",169,221
1995,1995,enter,"('A_Complete', 'W_Call after offers|suspend')","('enter', ('A_Complete', 'W_Call after offers|suspend'))",161,221
1996,1996,enter,"('W_Call after offers|suspend', 'W_Call after offers|resume')","('enter', ('W_Call after offers|suspend', 'W_Call after offers|resume'))",196,221
1997,1997,enter,"('W_Call after offers|resume', 'W_Call after offers|suspend')","('enter', ('W_Call after offers|resume', 'W_Call after offers|suspend'))",313,221
1998,1998,enter,"('W_Call after offers|suspend', 'W_Call after offers|ate_abort')","('enter', ('W_Call after offers|suspend', 'W_Call after offers|ate_abort'))",187,221
1999,1999,enter,"('W_Call incomplete files|suspend', 'W_Call incomplete files|resume')","('enter', ('W_Call incomplete files|suspend', 'W_Call incomplete files|resume'))",197,221
2000,2000,enter,"('W_Call incomplete files|resume', 'W_Call incomplete files|suspend')","('enter', ('W_Call incomplete files|resume', 'W_Call incomplete files|suspend'))",222,221
2001,2001,enter,"('W_Call incomplete files|suspend', 'W_Call incomplete files|ate_abort')","('enter', ('W_Call incomplete files|suspend', 'W_Call incomplete files|ate_abort'))",85,221
2002,2002,enter,"('O_Sent (mail and online)', 'W_Complete application|complete')","('enter', ('O_Sent (mail and online)', 'W_Complete application|complete'))",109,221
2003,2003,enter,"('W_Complete application|complete', 'W_Call after offers|schedule')","('enter', ('W_Complete application|complete', 'W_Call after offers|schedule'))",109,221
2004,2004,exit,"('A_Concept', 'W_Complete application|start')","('exit', ('A_Concept', 'W_Complete application|start'))",79,221
2005,2005,exit,"('A_Accepted', 'O_Create Offer')","('exit', ('A_Accepted', 'O_Create Offer'))",161,221
2006,2006,exit,"('O_Create Offer', 'O_Created')","('exit', ('O_Create Offer', 'O_Created'))",225,221
2007,2007,exit,"('O_Created', 'O_Sent (mail and online)')","('exit', ('O_Created', 'O_Sent (mail and online)'))",182,221
2008,2008,exit,"('W_Call after offers|schedule', 'W_Call after offers|start')","('exit', ('W_Call after offers|schedule', 'W_Call after offers|start'))",169,221
2009,2009,exit,"('W_Call after offers|start', 'A_Complete')","('exit', ('W_Call after offers|start', 'A_Complete'))",169,221
2010,2010,exit,"('A_Complete', 'W_Call after offers|suspend')","('exit', ('A_Complete', 'W_Call after offers|suspend'))",161,221
2011,2011,exit,"('W_Call after offers|suspend', 'W_Call after offers|resume')","('exit', ('W_Call after offers|suspend', 'W_Call after offers|resume'))",294,221
2012,2012,exit,"('W_Call after offers|resume', 'W_Call after offers|suspend')","('exit', ('W_Call after offers|resume', 'W_Call after offers|suspend'))",313,221
2013,2013,exit,"('W_Call incomplete files|suspend', 'W_Call incomplete files|resume')","('exit', ('W_Call incomplete files|suspend', 'W_Call incomplete files|resume'))",230,221
2014,2014,exit,"('W_Call incomplete files|resume', 'W_Call incomplete files|suspend')","('exit', ('W_Call incomplete files|resume', 'W_Call incomplete files|suspend'))",222,221
2015,2015,exit,"('O_Sent (mail and online)', 'W_Complete application|complete')","('exit', ('O_Sent (mail and online)', 'W_Complete application|complete'))",109,221
2016,2016,exit,"('W_Complete application|complete', 'W_Call after offers|schedule')","('exit', ('W_Complete application|complete', 'W_Call after offers|schedule'))",109,221
2017,2017,handover,"('W_Call incomplete files|suspend', 'W_Call incomplete files|resume')","('handover', ('W_Call incomplete files|suspend', 'W_Call incomplete files|resume'))",8.0,221
2018,2018,workload,"('A_Accepted', 'O_Create Offer')","('workload', ('A_Accepted', 'O_Create Offer'))",6.708333333333333,221
2019,2019,workload,"('O_Create Offer', 'O_Created')","('workload', ('O_Create Offer', 'O_Created'))",9.375,221
2020,2020,workload,"('O_Created', 'O_Sent (mail and online)')","('workload', ('O_Created', 'O_Sent (mail and online)'))",7.541666666666667,221
2021,2021,workload,"('O_Sent (mail and online)', 'W_Complete application|ate_abort')","('workload', ('O_Sent (mail and online)', 'W_Complete application|ate_abort'))",3.066666666666667,221
2022,2022,workload,"('W_Complete application|ate_abort', 'W_Call after offers|schedule')","('workload', ('W_Complete application|ate_abort', 'W_Call after offers|schedule'))",3.066666666666667,221
2023,2023,workload,"('W_Call after offers|schedule', 'W_Call after offers|start')","('workload', ('W_Call after offers|schedule', 'W_Call after offers|start'))",7.041666666666667,221
2024,2024,workload,"('W_Call after offers|start', 'A_Complete')","('workload', ('W_Call after offers|start', 'A_Complete'))",7.041666666666667,221
2025,2025,workload,"('A_Complete', 'W_Call after offers|suspend')","('workload', ('A_Complete', 'W_Call after offers|suspend'))",6.913043478260869,221
2026,2026,workload,"('W_Validate application|ate_abort', 'W_Call incomplete files|schedule')","('workload', ('W_Validate application|ate_abort', 'W_Call incomplete files|schedule'))",8.222222222222221,221
2027,2027,workload,"('W_Call incomplete files|suspend', 'W_Call incomplete files|resume')","('workload', ('W_Call incomplete files|suspend', 'W_Call incomplete files|resume'))",15.333333333333334,221
2028,2028,workload,"('W_Call incomplete files|resume', 'W_Call incomplete files|suspend')","('workload', ('W_Call incomplete files|resume', 'W_Call incomplete files|suspend'))",55.5,221
2029,2029,workload,"('O_Sent (mail and online)', 'W_Complete application|complete')","('workload', ('O_Sent (mail and online)', 'W_Complete application|complete'))",4.954545454545454,221
2030,2030,workload,"('W_Complete application|complete', 'W_Call after offers|schedule')","('workload', ('W_Complete application|complete', 'W_Call after offers|schedule'))",4.954545454545454,221
2031,2031,enter,"('A_Accepted', 'O_Create Offer')","('enter', ('A_Accepted', 'O_Create Offer'))",144,222
2032,2032,enter,"('O_Created', 'O_Sent (mail and online)')","('enter', ('O_Created', 'O_Sent (mail and online)'))",161,222
2033,2033,enter,"('O_Sent (mail and online)', 'W_Complete application|ate_abort')","('enter', ('O_Sent (mail and online)', 'W_Complete application|ate_abort'))",55,222
2034,2034,enter,"('W_Complete application|ate_abort', 'W_Call after offers|schedule')","('enter', ('W_Complete application|ate_abort', 'W_Call after offers|schedule'))",55,222
2035,2035,enter,"('W_Call after offers|schedule', 'W_Call after offers|start')","('enter', ('W_Call after offers|schedule', 'W_Call after offers|start'))",152,222
2036,2036,enter,"('W_Call after offers|start', 'A_Complete')","('enter', ('W_Call after offers|start', 'A_Complete'))",152,222
2037,2037,enter,"('A_Complete', 'W_Call after offers|suspend')","('enter', ('A_Complete', 'W_Call after offers|suspend'))",151,222
2038,2038,enter,"('W_Call after offers|ate_abort', 'W_Validate application|schedule')","('enter', ('W_Call after offers|ate_abort', 'W_Validate application|schedule'))",134,222
2039,2039,enter,"('W_Validate application|schedule', 'W_Validate application|start')","('enter', ('W_Validate application|schedule', 'W_Validate application|start'))",218,222
2040,2040,enter,"('W_Validate application|start', 'A_Validating')","('enter', ('W_Validate application|start', 'A_Validating'))",218,222
2041,2041,enter,"('A_Validating', 'O_Returned')","('enter', ('A_Validating', 'O_Returned'))",131,222
2042,2042,enter,"('W_Validate application|suspend', 'W_Validate application|ate_abort')","('enter', ('W_Validate application|suspend', 'W_Validate application|ate_abort'))",108,222
2043,2043,enter,"('W_Validate application|ate_abort', 'W_Call incomplete files|schedule')","('enter', ('W_Validate application|ate_abort', 'W_Call incomplete files|schedule'))",87,222
2044,2044,enter,"('W_Call incomplete files|schedule', 'W_Call incomplete files|start')","('enter', ('W_Call incomplete files|schedule', 'W_Call incomplete files|start'))",130,222
2045,2045,enter,"('W_Call incomplete files|start', 'A_Incomplete')","('enter', ('W_Call incomplete files|start', 'A_Incomplete'))",130,222
2046,2046,enter,"('A_Incomplete', 'W_Call incomplete files|suspend')","('enter', ('A_Incomplete', 'W_Call incomplete files|suspend'))",128,222
2047,2047,enter,"('W_Call incomplete files|ate_abort', 'W_Validate application|schedule')","('enter', ('W_Call incomplete files|ate_abort', 'W_Validate application|schedule'))",78,222
2048,2048,enter,"('A_Validating', 'W_Validate application|suspend')","('enter', ('A_Validating', 'W_Validate application|suspend'))",80,222
2049,2049,exit,"('A_Accepted', 'O_Create Offer')","('exit', ('A_Accepted', 'O_Create Offer'))",144,222
2050,2050,exit,"('O_Created', 'O_Sent (mail and online)')","('exit', ('O_Created', 'O_Sent (mail and online)'))",161,222
2051,2051,exit,"('O_Sent (mail and online)', 'W_Complete application|ate_abort')","('exit', ('O_Sent (mail and online)', 'W_Complete application|ate_abort'))",55,222
2052,2052,exit,"('W_Complete application|ate_abort', 'W_Call after offers|schedule')","('exit', ('W_Complete application|ate_abort', 'W_Call after offers|schedule'))",55,222
2053,2053,exit,"('W_Call after offers|schedule', 'W_Call after offers|start')","('exit', ('W_Call after offers|schedule', 'W_Call after offers|start'))",152,222
2054,2054,exit,"('W_Call after offers|start', 'A_Complete')","('exit', ('W_Call after offers|start', 'A_Complete'))",152,222
2055,2055,exit,"('A_Complete', 'W_Call after offers|suspend')","('exit', ('A_Complete', 'W_Call after offers|suspend'))",149,222
2056,2056,exit,"('W_Call after offers|suspend', 'W_Call after offers|ate_abort')","('exit', ('W_Call after offers|suspend', 'W_Call after offers|ate_abort'))",125,222
2057,2057,exit,"('W_Call after offers|ate_abort', 'W_Validate application|schedule')","('exit', ('W_Call after offers|ate_abort', 'W_Validate application|schedule'))",134,222
2058,2058,exit,"('W_Validate application|schedule', 'W_Validate application|start')","('exit', ('W_Validate application|schedule', 'W_Validate application|start'))",218,222
2059,2059,exit,"('W_Validate application|start', 'A_Validating')","('exit', ('W_Validate application|start', 'A_Validating'))",218,222
2060,2060,exit,"('A_Validating', 'O_Returned')","('exit', ('A_Validating', 'O_Returned'))",131,222
2061,2061,exit,"('W_Validate application|suspend', 'W_Validate application|ate_abort')","('exit', ('W_Validate application|suspend', 'W_Validate application|ate_abort'))",85,222
2062,2062,exit,"('W_Validate application|ate_abort', 'W_Call incomplete files|schedule')","('exit', ('W_Validate application|ate_abort', 'W_Call incomplete files|schedule'))",87,222
2063,2063,exit,"('W_Call incomplete files|schedule', 'W_Call incomplete files|start')","('exit', ('W_Call incomplete files|schedule', 'W_Call incomplete files|start'))",130,222
2064,2064,exit,"('W_Call incomplete files|start', 'A_Incomplete')","('exit', ('W_Call incomplete files|start', 'A_Incomplete'))",130,222
2065,2065,exit,"('A_Incomplete', 'W_Call incomplete files|suspend')","('exit', ('A_Incomplete', 'W_Call incomplete files|suspend'))",128,222
2066,2066,exit,"('W_Call incomplete files|suspend', 'W_Call incomplete files|ate_abort')","('exit', ('W_Call incomplete files|suspend', 'W_Call incomplete files|ate_abort'))",76,222
2067,2067,exit,"('W_Call incomplete files|ate_abort', 'W_Validate application|schedule')","('exit', ('W_Call incomplete files|ate_abort', 'W_Validate application|schedule'))",78,222
2068,2068,exit,"('A_Validating', 'W_Validate application|suspend')","('exit', ('A_Validating', 'W_Validate application|suspend'))",80,222
2069,2069,workload,"('A_Complete', 'W_Call after offers|suspend')","('workload', ('A_Complete', 'W_Call after offers|suspend'))",6.478260869565218,222
2070,2070,workload,"('W_Call after offers|ate_abort', 'W_Validate application|schedule')","('workload', ('W_Call after offers|ate_abort', 'W_Validate application|schedule'))",22.333333333333332,222
2071,2071,workload,"('A_Validating', 'O_Returned')","('workload', ('A_Validating', 'O_Returned'))",21.833333333333332,222
2072,2072,workload,"('O_Returned', 'W_Validate application|suspend')","('workload', ('O_Returned', 'W_Validate application|suspend'))",16.833333333333332,222
2073,2073,workload,"('W_Call incomplete files|suspend', 'W_Call incomplete files|resume')","('workload', ('W_Call incomplete files|suspend', 'W_Call incomplete files|resume'))",11.666666666666666,222
2074,2074,workload,"('W_Call incomplete files|resume', 'W_Call incomplete files|suspend')","('workload', ('W_Call incomplete files|resume', 'W_Call incomplete files|suspend'))",29.8,222
2075,2075,workload,"('O_Accepted', 'A_Pending')","('workload', ('O_Accepted', 'A_Pending'))",9.571428571428571,222
2076,2076,enter,"('A_Create Application', 'A_Submitted')","('enter', ('A_Create Application', 'A_Submitted'))",88,223
2077,2077,enter,"('A_Submitted', 'W_Handle leads|schedule')","('enter', ('A_Submitted', 'W_Handle leads|schedule'))",88,223
2078,2078,enter,"('W_Handle leads|schedule', 'W_Handle leads|withdraw')","('enter', ('W_Handle leads|schedule', 'W_Handle leads|withdraw'))",71,223
2079,2079,enter,"('W_Handle leads|withdraw', 'W_Complete application|schedule')","('enter', ('W_Handle leads|withdraw', 'W_Complete application|schedule'))",71,223
2080,2080,enter,"('W_Complete application|schedule', 'A_Concept')","('enter', ('W_Complete application|schedule', 'A_Concept'))",72,223
2081,2081,enter,"('A_Concept', 'W_Complete application|start')","('enter', ('A_Concept', 'W_Complete application|start'))",67,223
2082,2082,enter,"('W_Complete application|start', 'W_Complete application|suspend')","('enter', ('W_Complete application|start', 'W_Complete application|suspend'))",68,223
2083,2083,enter,"('A_Accepted', 'O_Create Offer')","('enter', ('A_Accepted', 'O_Create Offer'))",147,223
2084,2084,enter,"('O_Create Offer', 'O_Created')","('enter', ('O_Create Offer', 'O_Created'))",197,223
2085,2085,enter,"('O_Created', 'O_Sent (mail and online)')","('enter', ('O_Created', 'O_Sent (mail and online)'))",167,223
2086,2086,enter,"('W_Call after offers|schedule', 'W_Call after offers|start')","('enter', ('W_Call after offers|schedule', 'W_Call after offers|start'))",155,223
2087,2087,enter,"('W_Call after offers|start', 'A_Complete')","('enter', ('W_Call after offers|start', 'A_Complete'))",155,223
2088,2088,enter,"('A_Complete', 'W_Call after offers|suspend')","('enter', ('A_Complete', 'W_Call after offers|suspend'))",149,223
2089,2089,enter,"('W_Call after offers|suspend', 'W_Call after offers|resume')","('enter', ('W_Call after offers|suspend', 'W_Call after offers|resume'))",147,223
2090,2090,enter,"('W_Call incomplete files|suspend', 'W_Call incomplete files|ate_abort')","('enter', ('W_Call incomplete files|suspend', 'W_Call incomplete files|ate_abort'))",80,223
2091,2091,enter,"('W_Complete application|suspend', 'W_Complete application|resume')","('enter', ('W_Complete application|suspend', 'W_Complete application|resume'))",131,223
2092,2092,enter,"('O_Sent (mail and online)', 'W_Complete application|complete')","('enter', ('O_Sent (mail and online)', 'W_Complete application|complete'))",100,223
2093,2093,enter,"('W_Complete application|complete', 'W_Call after offers|schedule')","('enter', ('W_Complete application|complete', 'W_Call after offers|schedule'))",101,223
2094,2094,enter,"('W_Complete application|resume', 'W_Complete application|suspend')","('enter', ('W_Complete application|resume', 'W_Complete application|suspend'))",97,223
2095,2095,exit,"('A_Create Application', 'A_Submitted')","('exit', ('A_Create Application', 'A_Submitted'))",88,223
2096,2096,exit,"('A_Submitted', 'W_Handle leads|schedule')","('exit', ('A_Submitted', 'W_Handle leads|schedule'))",88,223
2097,2097,exit,"('W_Handle leads|schedule', 'W_Handle leads|withdraw')","('exit', ('W_Handle leads|schedule', 'W_Handle leads|withdraw'))",71,223
2098,2098,exit,"('W_Handle leads|withdraw', 'W_Complete application|schedule')","('exit', ('W_Handle leads|withdraw', 'W_Complete application|schedule'))",71,223
2099,2099,exit,"('W_Complete application|schedule', 'A_Concept')","('exit', ('W_Complete application|schedule', 'A_Concept'))",72,223
2100,2100,exit,"('A_Concept', 'W_Complete application|start')","('exit', ('A_Concept', 'W_Complete application|start'))",87,223
2101,2101,exit,"('W_Complete application|start', 'W_Complete application|suspend')","('exit', ('W_Complete application|start', 'W_Complete application|suspend'))",68,223
2102,2102,exit,"('A_Accepted', 'O_Create Offer')","('exit', ('A_Accepted', 'O_Create Offer'))",147,223
2103,2103,exit,"('O_Create Offer', 'O_Created')","('exit', ('O_Create Offer', 'O_Created'))",197,223
2104,2104,exit,"('O_Created', 'O_Sent (mail and online)')","('exit', ('O_Created', 'O_Sent (mail and online)'))",167,223
2105,2105,exit,"('W_Call after offers|schedule', 'W_Call after offers|start')","('exit', ('W_Call after offers|schedule', 'W_Call after offers|start'))",155,223
2106,2106,exit,"('W_Call after offers|start', 'A_Complete')","('exit', ('W_Call after offers|start', 'A_Complete'))",155,223
2107,2107,exit,"('A_Complete', 'W_Call after offers|suspend')","('exit', ('A_Complete', 'W_Call after offers|suspend'))",151,223
2108,2108,exit,"('W_Call incomplete files|suspend', 'W_Call incomplete files|resume')","('exit', ('W_Call incomplete files|suspend', 'W_Call incomplete files|resume'))",214,223
2109,2109,exit,"('W_Complete application|suspend', 'W_Complete application|resume')","('exit', ('W_Complete application|suspend', 'W_Complete application|resume'))",140,223
2110,2110,exit,"('O_Sent (mail and online)', 'W_Complete application|complete')","('exit', ('O_Sent (mail and online)', 'W_Complete application|complete'))",100,223
2111,2111,exit,"('W_Complete application|complete', 'W_Call after offers|schedule')","('exit', ('W_Complete application|complete', 'W_Call after offers|schedule'))",101,223
2112,2112,exit,"('W_Complete application|resume', 'W_Complete application|suspend')","('exit', ('W_Complete application|resume', 'W_Complete application|suspend'))",97,223
2113,2113,workload,"('W_Validate application|ate_abort', 'W_Call incomplete files|schedule')","('workload', ('W_Validate application|ate_abort', 'W_Call incomplete files|schedule'))",8.75,223
2114,2114,workload,"('O_Accepted', 'A_Pending')","('workload', ('O_Accepted', 'A_Pending'))",9.857142857142858,223
2115,2115,workload,"('O_Sent (mail and online)', 'W_Complete application|complete')","('workload', ('O_Sent (mail and online)', 'W_Complete application|complete'))",5.2631578947368425,223
2116,2116,workload,"('W_Complete application|complete', 'W_Call after offers|schedule')","('workload', ('W_Complete application|complete', 'W_Call after offers|schedule'))",5.05,223
2117,2117,enter,"('W_Validate application|suspend', 'W_Validate application|ate_abort')","('enter', ('W_Validate application|suspend', 'W_Validate application|ate_abort'))",75,224
2118,2118,handover,"('W_Validate application|suspend', 'W_Validate application|ate_abort')","('handover', ('W_Validate application|suspend', 'W_Validate application|ate_abort'))",2.375,224
2119,2119,workload,"('W_Call incomplete files|resume', 'W_Call incomplete files|suspend')","('workload', ('W_Call incomplete files|resume', 'W_Call incomplete files|suspend'))",28.6,224
2120,2120,workload,"('O_Accepted', 'A_Pending')","('workload', ('O_Accepted', 'A_Pending'))",9.4,224
2121,2121,handover,"('W_Validate application|suspend', 'W_Validate application|ate_abort')","('handover', ('W_Validate application|suspend', 'W_Validate application|ate_abort'))",4.0,225
2122,2122,handover,"('W_Call incomplete files|suspend', 'W_Call incomplete files|resume')","('handover', ('W_Call incomplete files|suspend', 'W_Call incomplete files|resume'))",9.0,225
2123,2123,handover,"('W_Call incomplete files|suspend', 'W_Call incomplete files|ate_abort')","('handover', ('W_Call incomplete files|suspend', 'W_Call incomplete files|ate_abort'))",8.0,225
2124,2124,workload,"('W_Call after offers|resume', 'W_Call after offers|suspend')","('workload', ('W_Call after offers|resume', 'W_Call after offers|suspend'))",56.0,225
2125,2125,workload,"('W_Call incomplete files|ate_abort', 'W_Validate application|schedule')","('workload', ('W_Call incomplete files|ate_abort', 'W_Validate application|schedule'))",18.0,225
2126,2126,workload,"('A_Validating', 'W_Validate application|suspend')","('workload', ('A_Validating', 'W_Validate application|suspend'))",10.0,225
2127,2127,handover,"('W_Validate application|suspend', 'W_Validate application|ate_abort')","('handover', ('W_Validate application|suspend', 'W_Validate application|ate_abort'))",3.0,226
2128,2128,handover,"('W_Call incomplete files|suspend', 'W_Call incomplete files|resume')","('handover', ('W_Call incomplete files|suspend', 'W_Call incomplete files|resume'))",7.0,227
2129,2129,workload,"('W_Call incomplete files|resume', 'W_Call incomplete files|suspend')","('workload', ('W_Call incomplete files|resume', 'W_Call incomplete files|suspend'))",36.5,227
2130,2130,workload,"('W_Complete application|suspend', 'W_Complete application|resume')","('workload', ('W_Complete application|suspend', 'W_Complete application|resume'))",3.5,227
2131,2131,workload,"('W_Complete application|schedule', 'W_Complete application|start')","('workload', ('W_Complete application|schedule', 'W_Complete application|start'))",4.466666666666667,227
2132,2132,workload,"('W_Complete application|start', 'A_Concept')","('workload', ('W_Complete application|start', 'A_Concept'))",3.357142857142857,227
2133,2133,enter,"('W_Complete application|start', 'W_Complete application|suspend')","('enter', ('W_Complete application|start', 'W_Complete application|suspend'))",67,228
2134,2134,enter,"('W_Call after offers|suspend', 'W_Call after offers|resume')","('enter', ('W_Call after offers|suspend', 'W_Call after offers|resume'))",142,228
2135,2135,enter,"('W_Call after offers|resume', 'W_Call after offers|suspend')","('enter', ('W_Call after offers|resume', 'W_Call after offers|suspend'))",289,228
2136,2136,enter,"('W_Call after offers|suspend', 'W_Call after offers|ate_abort')","('enter', ('W_Call after offers|suspend', 'W_Call after offers|ate_abort'))",180,228
2137,2137,enter,"('W_Validate application|suspend', 'W_Validate application|ate_abort')","('enter', ('W_Validate application|suspend', 'W_Validate application|ate_abort'))",73,228
2138,2138,enter,"('W_Validate application|ate_abort', 'W_Call incomplete files|schedule')","('enter', ('W_Validate application|ate_abort', 'W_Call incomplete files|schedule'))",89,228
2139,2139,exit,"('A_Concept', 'W_Complete application|start')","('exit', ('A_Concept', 'W_Complete application|start'))",93,228
2140,2140,exit,"('W_Complete application|start', 'W_Complete application|suspend')","('exit', ('W_Complete application|start', 'W_Complete application|suspend'))",67,228
2141,2141,exit,"('W_Call after offers|suspend', 'W_Call after offers|resume')","('exit', ('W_Call after offers|suspend', 'W_Call after offers|resume'))",283,228
2142,2142,exit,"('W_Call after offers|resume', 'W_Call after offers|suspend')","('exit', ('W_Call after offers|resume', 'W_Call after offers|suspend'))",289,228
2143,2143,exit,"('W_Validate application|suspend', 'W_Validate application|ate_abort')","('exit', ('W_Validate application|suspend', 'W_Validate application|ate_abort'))",89,228
2144,2144,exit,"('W_Validate application|ate_abort', 'W_Call incomplete files|schedule')","('exit', ('W_Validate application|ate_abort', 'W_Call incomplete files|schedule'))",89,228
2145,2145,workload,"('W_Complete application|start', 'W_Complete application|suspend')","('workload', ('W_Complete application|start', 'W_Complete application|suspend'))",5.583333333333333,228
2146,2146,enter,"('A_Concept', 'W_Complete application|start')","('enter', ('A_Concept', 'W_Complete application|start'))",60,229
2147,2147,enter,"('W_Call after offers|ate_abort', 'W_Validate application|schedule')","('enter', ('W_Call after offers|ate_abort', 'W_Validate application|schedule'))",165,229
2148,2148,enter,"('W_Validate application|schedule', 'W_Validate application|start')","('enter', ('W_Validate application|schedule', 'W_Validate application|start'))",263,229
2149,2149,enter,"('W_Validate application|start', 'A_Validating')","('enter', ('W_Validate application|start', 'A_Validating'))",262,229
2150,2150,enter,"('A_Validating', 'O_Returned')","('enter', ('A_Validating', 'O_Returned'))",156,229
2151,2151,enter,"('O_Returned', 'W_Validate application|suspend')","('enter', ('O_Returned', 'W_Validate application|suspend'))",114,229
2152,2152,enter,"('W_Validate application|suspend', 'W_Validate application|ate_abort')","('enter', ('W_Validate application|suspend', 'W_Validate application|ate_abort'))",107,229
2153,2153,enter,"('W_Validate application|ate_abort', 'W_Call incomplete files|schedule')","('enter', ('W_Validate application|ate_abort', 'W_Call incomplete files|schedule'))",93,229
2154,2154,enter,"('W_Call incomplete files|schedule', 'W_Call incomplete files|start')","('enter', ('W_Call incomplete files|schedule', 'W_Call incomplete files|start'))",165,229
2155,2155,enter,"('W_Call incomplete files|start', 'A_Incomplete')","('enter', ('W_Call incomplete files|start', 'A_Incomplete'))",165,229
2156,2156,enter,"('A_Incomplete', 'W_Call incomplete files|suspend')","('enter', ('A_Incomplete', 'W_Call incomplete files|suspend'))",156,229
2157,2157,enter,"('W_Call incomplete files|suspend', 'W_Call incomplete files|resume')","('enter', ('W_Call incomplete files|suspend', 'W_Call incomplete files|resume'))",235,229
2158,2158,enter,"('W_Call incomplete files|resume', 'W_Call incomplete files|suspend')","('enter', ('W_Call incomplete files|resume', 'W_Call incomplete files|suspend'))",209,229
2159,2159,enter,"('W_Call incomplete files|suspend', 'W_Call incomplete files|ate_abort')","('enter', ('W_Call incomplete files|suspend', 'W_Call incomplete files|ate_abort'))",91,229
2160,2160,enter,"('W_Call incomplete files|ate_abort', 'W_Validate application|schedule')","('enter', ('W_Call incomplete files|ate_abort', 'W_Validate application|schedule'))",89,229
2161,2161,enter,"('A_Validating', 'W_Validate application|suspend')","('enter', ('A_Validating', 'W_Validate application|suspend'))",88,229
2162,2162,enter,"('W_Validate application|complete', 'W_Call incomplete files|schedule')","('enter', ('W_Validate application|complete', 'W_Call incomplete files|schedule'))",72,229
2163,2163,exit,"('W_Call after offers|suspend', 'W_Call after offers|ate_abort')","('exit', ('W_Call after offers|suspend', 'W_Call after offers|ate_abort'))",157,229
2164,2164,exit,"('W_Call after offers|ate_abort', 'W_Validate application|schedule')","('exit', ('W_Call after offers|ate_abort', 'W_Validate application|schedule'))",165,229
2165,2165,exit,"('W_Validate application|schedule', 'W_Validate application|start')","('exit', ('W_Validate application|schedule', 'W_Validate application|start'))",263,229
2166,2166,exit,"('W_Validate application|start', 'A_Validating')","('exit', ('W_Validate application|start', 'A_Validating'))",262,229
2167,2167,exit,"('A_Validating', 'O_Returned')","('exit', ('A_Validating', 'O_Returned'))",156,229
2168,2168,exit,"('O_Returned', 'W_Validate application|suspend')","('exit', ('O_Returned', 'W_Validate application|suspend'))",114,229
2169,2169,exit,"('W_Validate application|suspend', 'W_Validate application|ate_abort')","('exit', ('W_Validate application|suspend', 'W_Validate application|ate_abort'))",95,229
2170,2170,exit,"('W_Validate application|ate_abort', 'W_Call incomplete files|schedule')","('exit', ('W_Validate application|ate_abort', 'W_Call incomplete files|schedule'))",93,229
2171,2171,exit,"('W_Call incomplete files|schedule', 'W_Call incomplete files|start')","('exit', ('W_Call incomplete files|schedule', 'W_Call incomplete files|start'))",165,229
2172,2172,exit,"('W_Call incomplete files|start', 'A_Incomplete')","('exit', ('W_Call incomplete files|start', 'A_Incomplete'))",165,229
2173,2173,exit,"('A_Incomplete', 'W_Call incomplete files|suspend')","('exit', ('A_Incomplete', 'W_Call incomplete files|suspend'))",156,229
2174,2174,exit,"('W_Call incomplete files|suspend', 'W_Call incomplete files|resume')","('exit', ('W_Call incomplete files|suspend', 'W_Call incomplete files|resume'))",220,229
2175,2175,exit,"('W_Call incomplete files|resume', 'W_Call incomplete files|suspend')","('exit', ('W_Call incomplete files|resume', 'W_Call incomplete files|suspend'))",209,229
2176,2176,exit,"('W_Call incomplete files|suspend', 'W_Call incomplete files|ate_abort')","('exit', ('W_Call incomplete files|suspend', 'W_Call incomplete files|ate_abort'))",87,229
2177,2177,exit,"('W_Call incomplete files|ate_abort', 'W_Validate application|schedule')","('exit', ('W_Call incomplete files|ate_abort', 'W_Validate application|schedule'))",89,229
2178,2178,exit,"('A_Validating', 'W_Validate application|suspend')","('exit', ('A_Validating', 'W_Validate application|suspend'))",88,229
2179,2179,exit,"('W_Validate application|complete', 'W_Call incomplete files|schedule')","('exit', ('W_Validate application|complete', 'W_Call incomplete files|schedule'))",72,229
2180,2180,handover,"('W_Validate application|suspend', 'W_Validate application|resume')","('handover', ('W_Validate application|suspend', 'W_Validate application|resume'))",3.25,229
2181,2181,workload,"('W_Call after offers|ate_abort', 'W_Validate application|schedule')","('workload', ('W_Call after offers|ate_abort', 'W_Validate application|schedule'))",20.625,229
2182,2182,workload,"('A_Validating', 'O_Returned')","('workload', ('A_Validating', 'O_Returned'))",22.285714285714285,229
2183,2183,workload,"('W_Call incomplete files|schedule', 'W_Call incomplete files|start')","('workload', ('W_Call incomplete files|schedule', 'W_Call incomplete files|start'))",9.166666666666666,229
2184,2184,workload,"('W_Call incomplete files|start', 'A_Incomplete')","('workload', ('W_Call incomplete files|start', 'A_Incomplete'))",9.166666666666666,229
2185,2185,workload,"('A_Incomplete', 'W_Call incomplete files|suspend')","('workload', ('A_Incomplete', 'W_Call incomplete files|suspend'))",8.5,229
2186,2186,workload,"('O_Accepted', 'A_Pending')","('workload', ('O_Accepted', 'A_Pending'))",9.333333333333334,229
2187,2187,workload,"('W_Complete application|suspend', 'W_Complete application|resume')","('workload', ('W_Complete application|suspend', 'W_Complete application|resume'))",5.166666666666667,229
2188,2188,enter,"('W_Complete application|start', 'W_Complete application|suspend')","('enter', ('W_Complete application|start', 'W_Complete application|suspend'))",82,230
2189,2189,enter,"('A_Accepted', 'O_Create Offer')","('enter', ('A_Accepted', 'O_Create Offer'))",150,230
2190,2190,enter,"('O_Create Offer', 'O_Created')","('enter', ('O_Create Offer', 'O_Created'))",194,230
2191,2191,enter,"('O_Created', 'O_Sent (mail and online)')","('enter', ('O_Created', 'O_Sent (mail and online)'))",170,230
2192,2192,enter,"('O_Sent (mail and online)', 'W_Complete application|ate_abort')","('enter', ('O_Sent (mail and online)', 'W_Complete application|ate_abort'))",57,230
2193,2193,enter,"('W_Complete application|ate_abort', 'W_Call after offers|schedule')","('enter', ('W_Complete application|ate_abort', 'W_Call after offers|schedule'))",57,230
2194,2194,enter,"('W_Call after offers|schedule', 'W_Call after offers|start')","('enter', ('W_Call after offers|schedule', 'W_Call after offers|start'))",156,230
2195,2195,enter,"('W_Call after offers|start', 'A_Complete')","('enter', ('W_Call after offers|start', 'A_Complete'))",156,230
2196,2196,enter,"('A_Complete', 'W_Call after offers|suspend')","('enter', ('A_Complete', 'W_Call after offers|suspend'))",151,230
2197,2197,enter,"('W_Call after offers|suspend', 'W_Call after offers|resume')","('enter', ('W_Call after offers|suspend', 'W_Call after offers|resume'))",146,230
2198,2198,enter,"('W_Validate application|suspend', 'W_Validate application|ate_abort')","('enter', ('W_Validate application|suspend', 'W_Validate application|ate_abort'))",74,230
2199,2199,enter,"('W_Validate application|ate_abort', 'W_Call incomplete files|schedule')","('enter', ('W_Validate application|ate_abort', 'W_Call incomplete files|schedule'))",79,230
2200,2200,enter,"('W_Call incomplete files|ate_abort', 'W_Validate application|schedule')","('enter', ('W_Call incomplete files|ate_abort', 'W_Validate application|schedule'))",93,230
2201,2201,enter,"('A_Validating', 'W_Validate application|suspend')","('enter', ('A_Validating', 'W_Validate application|suspend'))",96,230
2202,2202,enter,"('O_Sent (mail and online)', 'W_Complete application|complete')","('enter', ('O_Sent (mail and online)', 'W_Complete application|complete'))",92,230
2203,2203,enter,"('W_Complete application|complete', 'W_Call after offers|schedule')","('enter', ('W_Complete application|complete', 'W_Call after offers|schedule'))",92,230
2204,2204,exit,"('A_Concept', 'W_Complete application|start')","('exit', ('A_Concept', 'W_Complete application|start'))",106,230
2205,2205,exit,"('W_Complete application|start', 'W_Complete application|suspend')","('exit', ('W_Complete application|start', 'W_Complete application|suspend'))",82,230
2206,2206,exit,"('A_Accepted', 'O_Create Offer')","('exit', ('A_Accepted', 'O_Create Offer'))",149,230
2207,2207,exit,"('O_Create Offer', 'O_Created')","('exit', ('O_Create Offer', 'O_Created'))",194,230
2208,2208,exit,"('O_Created', 'O_Sent (mail and online)')","('exit', ('O_Created', 'O_Sent (mail and online)'))",170,230
2209,2209,exit,"('O_Sent (mail and online)', 'W_Complete application|ate_abort')","('exit', ('O_Sent (mail and online)', 'W_Complete application|ate_abort'))",57,230
2210,2210,exit,"('W_Complete application|ate_abort', 'W_Call after offers|schedule')","('exit', ('W_Complete application|ate_abort', 'W_Call after offers|schedule'))",57,230
2211,2211,exit,"('W_Call after offers|schedule', 'W_Call after offers|start')","('exit', ('W_Call after offers|schedule', 'W_Call after offers|start'))",156,230
2212,2212,exit,"('W_Call after offers|start', 'A_Complete')","('exit', ('W_Call after offers|start', 'A_Complete'))",156,230
2213,2213,exit,"('A_Complete', 'W_Call after offers|suspend')","('exit', ('A_Complete', 'W_Call after offers|suspend'))",151,230
2214,2214,exit,"('W_Validate application|suspend', 'W_Validate application|ate_abort')","('exit', ('W_Validate application|suspend', 'W_Validate application|ate_abort'))",78,230
2215,2215,exit,"('W_Validate application|ate_abort', 'W_Call incomplete files|schedule')","('exit', ('W_Validate application|ate_abort', 'W_Call incomplete files|schedule'))",79,230
2216,2216,exit,"('W_Call incomplete files|suspend', 'W_Call incomplete files|ate_abort')","('exit', ('W_Call incomplete files|suspend', 'W_Call incomplete files|ate_abort'))",88,230
2217,2217,exit,"('W_Call incomplete files|ate_abort', 'W_Validate application|schedule')","('exit', ('W_Call incomplete files|ate_abort', 'W_Validate application|schedule'))",93,230
2218,2218,exit,"('A_Validating', 'W_Validate application|suspend')","('exit', ('A_Validating', 'W_Validate application|suspend'))",96,230
2219,2219,exit,"('W_Complete application|suspend', 'W_Complete application|resume')","('exit', ('W_Complete application|suspend', 'W_Complete application|resume'))",115,230
2220,2220,exit,"('O_Sent (mail and online)', 'W_Complete application|complete')","('exit', ('O_Sent (mail and online)', 'W_Complete application|complete'))",92,230
2221,2221,exit,"('W_Complete application|complete', 'W_Call after offers|schedule')","('exit', ('W_Complete application|complete', 'W_Call after offers|schedule'))",92,230
2222,2222,workload,"('W_Validate application|ate_abort', 'W_Call incomplete files|schedule')","('workload', ('W_Validate application|ate_abort', 'W_Call incomplete files|schedule'))",9.875,230
2223,2223,workload,"('W_Call incomplete files|schedule', 'W_Call incomplete files|start')","('workload', ('W_Call incomplete files|schedule', 'W_Call incomplete files|start'))",8.2,230
2224,2224,workload,"('W_Call incomplete files|start', 'A_Incomplete')","('workload', ('W_Call incomplete files|start', 'A_Incomplete'))",8.2,230
2225,2225,enter,"('W_Validate application|ate_abort', 'W_Call incomplete files|schedule')","('enter', ('W_Validate application|ate_abort', 'W_Call incomplete files|schedule'))",87,231
2226,2226,enter,"('W_Call incomplete files|suspend', 'W_Call incomplete files|resume')","('enter', ('W_Call incomplete files|suspend', 'W_Call incomplete files|resume'))",201,231
2227,2227,enter,"('W_Call incomplete files|resume', 'W_Call incomplete files|suspend')","('enter', ('W_Call incomplete files|resume', 'W_Call incomplete files|suspend'))",191,231
2228,2228,exit,"('W_Validate application|suspend', 'W_Validate application|ate_abort')","('exit', ('W_Validate application|suspend', 'W_Validate application|ate_abort'))",85,231
2229,2229,exit,"('W_Validate application|ate_abort', 'W_Call incomplete files|schedule')","('exit', ('W_Validate application|ate_abort', 'W_Call incomplete files|schedule'))",87,231
2230,2230,exit,"('W_Call incomplete files|resume', 'W_Call incomplete files|suspend')","('exit', ('W_Call incomplete files|resume', 'W_Call incomplete files|suspend'))",191,231
2231,2231,handover,"('W_Complete application|suspend', 'W_Complete application|resume')","('handover', ('W_Complete application|suspend', 'W_Complete application|resume'))",2.4,231
2232,2232,workload,"('O_Sent (mail and online)', 'W_Complete application|ate_abort')","('workload', ('O_Sent (mail and online)', 'W_Complete application|ate_abort'))",3.8,231
2233,2233,workload,"('W_Complete application|ate_abort', 'W_Call after offers|schedule')","('workload', ('W_Complete application|ate_abort', 'W_Call after offers|schedule'))",3.9,231
2234,2234,workload,"('W_Call after offers|resume', 'W_Call after offers|suspend')","('workload', ('W_Call after offers|resume', 'W_Call after offers|suspend'))",53.25,232
2235,2235,workload,"('A_Validating', 'W_Validate application|suspend')","('workload', ('A_Validating', 'W_Validate application|suspend'))",7.666666666666667,232
2236,2236,enter,"('O_Create Offer', 'O_Created')","('enter', ('O_Create Offer', 'O_Created'))",193,234
2237,2237,enter,"('O_Created', 'O_Sent (mail and online)')","('enter', ('O_Created', 'O_Sent (mail and online)'))",161,234
2238,2238,enter,"('W_Call after offers|schedule', 'W_Call after offers|start')","('enter', ('W_Call after offers|schedule', 'W_Call after offers|start'))",143,234
2239,2239,enter,"('A_Complete', 'W_Call after offers|suspend')","('enter', ('A_Complete', 'W_Call after offers|suspend'))",138,234
2240,2240,enter,"('W_Call after offers|resume', 'W_Call after offers|suspend')","('enter', ('W_Call after offers|resume', 'W_Call after offers|suspend'))",267,234
2241,2241,enter,"('W_Call after offers|suspend', 'W_Call after offers|ate_abort')","('enter', ('W_Call after offers|suspend', 'W_Call after offers|ate_abort'))",191,234
2242,2242,enter,"('W_Call incomplete files|suspend', 'W_Call incomplete files|ate_abort')","('enter', ('W_Call incomplete files|suspend', 'W_Call incomplete files|ate_abort'))",89,234
2243,2243,enter,"('O_Accepted', 'A_Pending')","('enter', ('O_Accepted', 'A_Pending'))",372,234
2244,2244,enter,"('W_Complete application|schedule', 'W_Complete application|start')","('enter', ('W_Complete application|schedule', 'W_Complete application|start'))",83,234
2245,2245,enter,"('W_Complete application|start', 'A_Concept')","('enter', ('W_Complete application|start', 'A_Concept'))",69,234
2246,2246,exit,"('O_Create Offer', 'O_Created')","('exit', ('O_Create Offer', 'O_Created'))",193,234
2247,2247,exit,"('O_Created', 'O_Sent (mail and online)')","('exit', ('O_Created', 'O_Sent (mail and online)'))",161,234
2248,2248,exit,"('W_Call after offers|schedule', 'W_Call after offers|start')","('exit', ('W_Call after offers|schedule', 'W_Call after offers|start'))",143,234
2249,2249,exit,"('A_Complete', 'W_Call after offers|suspend')","('exit', ('A_Complete', 'W_Call after offers|suspend'))",138,234
2250,2250,exit,"('W_Call after offers|suspend', 'W_Call after offers|resume')","('exit', ('W_Call after offers|suspend', 'W_Call after offers|resume'))",259,234
2251,2251,exit,"('W_Call after offers|resume', 'W_Call after offers|suspend')","('exit', ('W_Call after offers|resume', 'W_Call after offers|suspend'))",267,234
2252,2252,exit,"('O_Accepted', 'A_Pending')","('exit', ('O_Accepted', 'A_Pending'))",372,234
2253,2253,exit,"('W_Complete application|schedule', 'W_Complete application|start')","('exit', ('W_Complete application|schedule', 'W_Complete application|start'))",83,234
2254,2254,exit,"('W_Complete application|start', 'A_Concept')","('exit', ('W_Complete application|start', 'A_Concept'))",69,234
2255,2255,handover,"('W_Complete application|suspend', 'W_Complete application|resume')","('handover', ('W_Complete application|suspend', 'W_Complete application|resume'))",2.4,234
2256,2256,handover,"('W_Validate application|suspend', 'W_Validate application|resume')","('handover', ('W_Validate application|suspend', 'W_Validate application|resume'))",3.6,234
2257,2257,workload,"('W_Call incomplete files|resume', 'W_Call incomplete files|suspend')","('workload', ('W_Call incomplete files|resume', 'W_Call incomplete files|suspend'))",33.2,234
2258,2258,workload,"('O_Accepted', 'A_Pending')","('workload', ('O_Accepted', 'A_Pending'))",37.2,234
2259,2259,workload,"('W_Complete application|suspend', 'W_Complete application|resume')","('workload', ('W_Complete application|suspend', 'W_Complete application|resume'))",3.6,234
2260,2260,workload,"('W_Complete application|schedule', 'W_Complete application|start')","('workload', ('W_Complete application|schedule', 'W_Complete application|start'))",4.15,234
2261,2261,workload,"('W_Complete application|start', 'A_Concept')","('workload', ('W_Complete application|start', 'A_Concept'))",3.6315789473684212,234
2262,2262,workload,"('W_Complete application|resume', 'W_Complete application|suspend')","('workload', ('W_Complete application|resume', 'W_Complete application|suspend'))",7.333333333333333,234
2263,2263,enter,"('A_Accepted', 'O_Create Offer')","('enter', ('A_Accepted', 'O_Create Offer'))",147,235
2264,2264,enter,"('O_Create Offer', 'O_Created')","('enter', ('O_Create Offer', 'O_Created'))",198,235
2265,2265,enter,"('O_Created', 'O_Sent (mail and online)')","('enter', ('O_Created', 'O_Sent (mail and online)'))",168,235
2266,2266,enter,"('O_Sent (mail and online)', 'W_Complete application|ate_abort')","('enter', ('O_Sent (mail and online)', 'W_Complete application|ate_abort'))",57,235
2267,2267,enter,"('W_Complete application|ate_abort', 'W_Call after offers|schedule')","('enter', ('W_Complete application|ate_abort', 'W_Call after offers|schedule'))",57,235
2268,2268,enter,"('W_Call after offers|schedule', 'W_Call after offers|start')","('enter', ('W_Call after offers|schedule', 'W_Call after offers|start'))",155,235
2269,2269,enter,"('W_Call after offers|start', 'A_Complete')","('enter', ('W_Call after offers|start', 'A_Complete'))",155,235
2270,2270,enter,"('A_Complete', 'W_Call after offers|suspend')","('enter', ('A_Complete', 'W_Call after offers|suspend'))",148,235
2271,2271,enter,"('W_Call after offers|suspend', 'W_Call after offers|resume')","('enter', ('W_Call after offers|suspend', 'W_Call after offers|resume'))",145,235
2272,2272,enter,"('O_Accepted', 'A_Pending')","('enter', ('O_Accepted', 'A_Pending'))",80,235
2273,2273,exit,"('A_Concept', 'W_Complete application|start')","('exit', ('A_Concept', 'W_Complete application|start'))",77,235
2274,2274,exit,"('A_Accepted', 'O_Create Offer')","('exit', ('A_Accepted', 'O_Create Offer'))",147,235
2275,2275,exit,"('O_Create Offer', 'O_Created')","('exit', ('O_Create Offer', 'O_Created'))",198,235
2276,2276,exit,"('O_Created', 'O_Sent (mail and online)')","('exit', ('O_Created', 'O_Sent (mail and online)'))",166,235
2277,2277,exit,"('O_Sent (mail and online)', 'W_Complete application|ate_abort')","('exit', ('O_Sent (mail and online)', 'W_Complete application|ate_abort'))",57,235
2278,2278,exit,"('W_Complete application|ate_abort', 'W_Call after offers|schedule')","('exit', ('W_Complete application|ate_abort', 'W_Call after offers|schedule'))",57,235
2279,2279,exit,"('W_Call after offers|schedule', 'W_Call after offers|start')","('exit', ('W_Call after offers|schedule', 'W_Call after offers|start'))",155,235
2280,2280,exit,"('W_Call after offers|start', 'A_Complete')","('exit', ('W_Call after offers|start', 'A_Complete'))",155,235
2281,2281,exit,"('A_Complete', 'W_Call after offers|suspend')","('exit', ('A_Complete', 'W_Call after offers|suspend'))",148,235
2282,2282,exit,"('O_Accepted', 'A_Pending')","('exit', ('O_Accepted', 'A_Pending'))",80,235
2283,2283,workload,"('W_Complete application|start', 'W_Complete application|suspend')","('workload', ('W_Complete application|start', 'W_Complete application|suspend'))",6.222222222222222,235
2284,2284,workload,"('O_Sent (mail and online)', 'W_Complete application|ate_abort')","('workload', ('O_Sent (mail and online)', 'W_Complete application|ate_abort'))",3.1666666666666665,235
2285,2285,workload,"('W_Complete application|ate_abort', 'W_Call after offers|schedule')","('workload', ('W_Complete application|ate_abort', 'W_Call after offers|schedule'))",3.1666666666666665,235
2286,2286,workload,"('W_Validate application|suspend', 'W_Validate application|ate_abort')","('workload', ('W_Validate application|suspend', 'W_Validate application|ate_abort'))",4.0,235
2287,2287,workload,"('O_Accepted', 'A_Pending')","('workload', ('O_Accepted', 'A_Pending'))",11.428571428571429,235
2288,2288,workload,"('W_Complete application|suspend', 'W_Complete application|resume')","('workload', ('W_Complete application|suspend', 'W_Complete application|resume'))",3.6,235
2289,2289,enter,"('O_Sent (mail and online)', 'W_Complete application|ate_abort')","('enter', ('O_Sent (mail and online)', 'W_Complete application|ate_abort'))",53,236
2290,2290,enter,"('W_Complete application|ate_abort', 'W_Call after offers|schedule')","('enter', ('W_Complete application|ate_abort', 'W_Call after offers|schedule'))",53,236
2291,2291,enter,"('W_Validate application|schedule', 'W_Validate application|start')","('enter', ('W_Validate application|schedule', 'W_Validate application|start'))",190,236
2292,2292,enter,"('W_Validate application|start', 'A_Validating')","('enter', ('W_Validate application|start', 'A_Validating'))",190,236
2293,2293,exit,"('O_Sent (mail and online)', 'W_Complete application|ate_abort')","('exit', ('O_Sent (mail and online)', 'W_Complete application|ate_abort'))",53,236
2294,2294,exit,"('W_Complete application|ate_abort', 'W_Call after offers|schedule')","('exit', ('W_Complete application|ate_abort', 'W_Call after offers|schedule'))",53,236
2295,2295,exit,"('W_Validate application|schedule', 'W_Validate application|start')","('exit', ('W_Validate application|schedule', 'W_Validate application|start'))",190,236
2296,2296,exit,"('W_Validate application|start', 'A_Validating')","('exit', ('W_Validate application|start', 'A_Validating'))",190,236
2297,2297,handover,"('W_Validate application|suspend', 'W_Validate application|resume')","('handover', ('W_Validate application|suspend', 'W_Validate application|resume'))",3.75,236
2298,2298,workload,"('O_Sent (mail and online)', 'W_Complete application|ate_abort')","('workload', ('O_Sent (mail and online)', 'W_Complete application|ate_abort'))",3.3125,236
2299,2299,workload,"('W_Complete application|ate_abort', 'W_Call after offers|schedule')","('workload', ('W_Complete application|ate_abort', 'W_Call after offers|schedule'))",3.3125,236
2300,2300,workload,"('O_Accepted', 'A_Pending')","('workload', ('O_Accepted', 'A_Pending'))",9.625,236
2301,2301,enter,"('O_Accepted', 'A_Pending')","('enter', ('O_Accepted', 'A_Pending'))",82,237
2302,2302,exit,"('O_Accepted', 'A_Pending')","('exit', ('O_Accepted', 'A_Pending'))",82,237
2303,2303,handover,"('W_Call incomplete files|suspend', 'W_Call incomplete files|resume')","('handover', ('W_Call incomplete files|suspend', 'W_Call incomplete files|resume'))",7.333333333333333,237
2304,2304,handover,"('W_Complete application|suspend', 'W_Complete application|resume')","('handover', ('W_Complete application|suspend', 'W_Complete application|resume'))",2.4545454545454546,237
2305,2305,handover,"('W_Validate application|suspend', 'W_Validate application|resume')","('handover', ('W_Validate application|suspend', 'W_Validate application|resume'))",3.3333333333333335,237
2306,2306,workload,"('W_Validate application|schedule', 'W_Validate application|start')","('workload', ('W_Validate application|schedule', 'W_Validate application|start'))",13.0,237
2307,2307,workload,"('W_Call incomplete files|resume', 'W_Call incomplete files|suspend')","('workload', ('W_Call incomplete files|resume', 'W_Call incomplete files|suspend'))",29.0,237
2308,2308,workload,"('O_Accepted', 'A_Pending')","('workload', ('O_Accepted', 'A_Pending'))",13.666666666666666,237
2309,2309,handover,"('W_Call after offers|suspend', 'W_Call after offers|ate_abort')","('handover', ('W_Call after offers|suspend', 'W_Call after offers|ate_abort'))",5.2,238
2310,2310,handover,"('W_Call incomplete files|suspend', 'W_Call incomplete files|resume')","('handover', ('W_Call incomplete files|suspend', 'W_Call incomplete files|resume'))",9.0,238
2311,2311,workload,"('O_Accepted', 'A_Pending')","('workload', ('O_Accepted', 'A_Pending'))",11.0,238
2312,2312,workload,"('W_Complete application|suspend', 'W_Complete application|resume')","('workload', ('W_Complete application|suspend', 'W_Complete application|resume'))",7.5,238
2313,2313,workload,"('W_Complete application|resume', 'W_Complete application|suspend')","('workload', ('W_Complete application|resume', 'W_Complete application|suspend'))",9.25,238
2314,2314,handover,"('W_Call incomplete files|suspend', 'W_Call incomplete files|ate_abort')","('handover', ('W_Call incomplete files|suspend', 'W_Call incomplete files|ate_abort'))",5.0,239
2315,2315,handover,"('W_Complete application|suspend', 'W_Complete application|resume')","('handover', ('W_Complete application|suspend', 'W_Complete application|resume'))",2.75,239
2316,2316,workload,"('A_Accepted', 'O_Create Offer')","('workload', ('A_Accepted', 'O_Create Offer'))",6.75,239
2317,2317,workload,"('O_Create Offer', 'O_Created')","('workload', ('O_Create Offer', 'O_Created'))",9.25,239
2318,2318,workload,"('O_Created', 'O_Sent (mail and online)')","('workload', ('O_Created', 'O_Sent (mail and online)'))",7.75,239
2319,2319,workload,"('O_Sent (mail and online)', 'W_Complete application|ate_abort')","('workload', ('O_Sent (mail and online)', 'W_Complete application|ate_abort'))",3.8333333333333335,239
2320,2320,workload,"('W_Complete application|ate_abort', 'W_Call after offers|schedule')","('workload', ('W_Complete application|ate_abort', 'W_Call after offers|schedule'))",3.8333333333333335,239
2321,2321,workload,"('W_Call after offers|schedule', 'W_Call after offers|start')","('workload', ('W_Call after offers|schedule', 'W_Call after offers|start'))",6.875,239
2322,2322,workload,"('W_Call after offers|start', 'A_Complete')","('workload', ('W_Call after offers|start', 'A_Complete'))",6.875,239
2323,2323,workload,"('W_Call incomplete files|ate_abort', 'W_Validate application|schedule')","('workload', ('W_Call incomplete files|ate_abort', 'W_Validate application|schedule'))",10.5,239
2324,2324,workload,"('A_Validating', 'W_Validate application|suspend')","('workload', ('A_Validating', 'W_Validate application|suspend'))",8.5,239
2325,2325,workload,"('W_Complete application|suspend', 'W_Complete application|resume')","('workload', ('W_Complete application|suspend', 'W_Complete application|resume'))",5.5,239
2326,2326,workload,"('W_Complete application|resume', 'W_Complete application|suspend')","('workload', ('W_Complete application|resume', 'W_Complete application|suspend'))",8.0,239
2327,2327,handover,"('W_Validate application|suspend', 'W_Validate application|ate_abort')","('handover', ('W_Validate application|suspend', 'W_Validate application|ate_abort'))",3.0,240
2328,2328,enter,"('A_Create Application', 'A_Submitted')","('enter', ('A_Create Application', 'A_Submitted'))",84,241
2329,2329,enter,"('A_Submitted', 'W_Handle leads|schedule')","('enter', ('A_Submitted', 'W_Handle leads|schedule'))",84,241
2330,2330,enter,"('W_Handle leads|schedule', 'W_Handle leads|withdraw')","('enter', ('W_Handle leads|schedule', 'W_Handle leads|withdraw'))",67,241
2331,2331,enter,"('W_Handle leads|withdraw', 'W_Complete application|schedule')","('enter', ('W_Handle leads|withdraw', 'W_Complete application|schedule'))",67,241
2332,2332,enter,"('W_Complete application|schedule', 'A_Concept')","('enter', ('W_Complete application|schedule', 'A_Concept'))",68,241
2333,2333,enter,"('W_Complete application|start', 'W_Complete application|suspend')","('enter', ('W_Complete application|start', 'W_Complete application|suspend'))",60,241
2334,2334,enter,"('A_Accepted', 'O_Create Offer')","('enter', ('A_Accepted', 'O_Create Offer'))",140,241
2335,2335,enter,"('O_Create Offer', 'O_Created')","('enter', ('O_Create Offer', 'O_Created'))",204,241
2336,2336,enter,"('O_Created', 'O_Sent (mail and online)')","('enter', ('O_Created', 'O_Sent (mail and online)'))",169,241
2337,2337,enter,"('W_Call after offers|schedule', 'W_Call after offers|start')","('enter', ('W_Call after offers|schedule', 'W_Call after offers|start'))",144,241
2338,2338,enter,"('W_Call after offers|start', 'A_Complete')","('enter', ('W_Call after offers|start', 'A_Complete'))",144,241
2339,2339,enter,"('W_Call after offers|resume', 'W_Call after offers|suspend')","('enter', ('W_Call after offers|resume', 'W_Call after offers|suspend'))",337,241
2340,2340,enter,"('W_Call after offers|suspend', 'W_Call after offers|ate_abort')","('enter', ('W_Call after offers|suspend', 'W_Call after offers|ate_abort'))",234,241
2341,2341,enter,"('O_Accepted', 'A_Pending')","('enter', ('O_Accepted', 'A_Pending'))",84,241
2342,2342,enter,"('W_Complete application|suspend', 'W_Complete application|resume')","('enter', ('W_Complete application|suspend', 'W_Complete application|resume'))",118,241
2343,2343,enter,"('O_Sent (mail and online)', 'W_Complete application|complete')","('enter', ('O_Sent (mail and online)', 'W_Complete application|complete'))",88,241
2344,2344,enter,"('W_Complete application|complete', 'W_Call after offers|schedule')","('enter', ('W_Complete application|complete', 'W_Call after offers|schedule'))",90,241
2345,2345,enter,"('W_Complete application|schedule', 'W_Complete application|start')","('enter', ('W_Complete application|schedule', 'W_Complete application|start'))",105,241
2346,2346,enter,"('W_Complete application|start', 'A_Concept')","('enter', ('W_Complete application|start', 'A_Concept'))",80,241
2347,2347,exit,"('A_Create Application', 'A_Submitted')","('exit', ('A_Create Application', 'A_Submitted'))",84,241
2348,2348,exit,"('A_Submitted', 'W_Handle leads|schedule')","('exit', ('A_Submitted', 'W_Handle leads|schedule'))",84,241
2349,2349,exit,"('W_Handle leads|schedule', 'W_Handle leads|withdraw')","('exit', ('W_Handle leads|schedule', 'W_Handle leads|withdraw'))",67,241
2350,2350,exit,"('W_Handle leads|withdraw', 'W_Complete application|schedule')","('exit', ('W_Handle leads|withdraw', 'W_Complete application|schedule'))",67,241
2351,2351,exit,"('W_Complete application|schedule', 'A_Concept')","('exit', ('W_Complete application|schedule', 'A_Concept'))",68,241
2352,2352,exit,"('W_Complete application|start', 'W_Complete application|suspend')","('exit', ('W_Complete application|start', 'W_Complete application|suspend'))",60,241
2353,2353,exit,"('A_Accepted', 'O_Create Offer')","('exit', ('A_Accepted', 'O_Create Offer'))",141,241
2354,2354,exit,"('O_Create Offer', 'O_Created')","('exit', ('O_Create Offer', 'O_Created'))",204,241
2355,2355,exit,"('O_Created', 'O_Sent (mail and online)')","('exit', ('O_Created', 'O_Sent (mail and online)'))",169,241
2356,2356,exit,"('W_Call after offers|schedule', 'W_Call after offers|start')","('exit', ('W_Call after offers|schedule', 'W_Call after offers|start'))",144,241
2357,2357,exit,"('W_Call after offers|start', 'A_Complete')","('exit', ('W_Call after offers|start', 'A_Complete'))",144,241
2358,2358,exit,"('W_Call after offers|suspend', 'W_Call after offers|resume')","('exit', ('W_Call after offers|suspend', 'W_Call after offers|resume'))",319,241
2359,2359,exit,"('W_Call after offers|resume', 'W_Call after offers|suspend')","('exit', ('W_Call after offers|resume', 'W_Call after offers|suspend'))",337,241
2360,2360,exit,"('O_Accepted', 'A_Pending')","('exit', ('O_Accepted', 'A_Pending'))",84,241
2361,2361,exit,"('O_Sent (mail and online)', 'W_Complete application|complete')","('exit', ('O_Sent (mail and online)', 'W_Complete application|complete'))",88,241
2362,2362,exit,"('W_Complete application|complete', 'W_Call after offers|schedule')","('exit', ('W_Complete application|complete', 'W_Call after offers|schedule'))",90,241
2363,2363,exit,"('W_Complete application|schedule', 'W_Complete application|start')","('exit', ('W_Complete application|schedule', 'W_Complete application|start'))",105,241
2364,2364,exit,"('W_Complete application|start', 'A_Concept')","('exit', ('W_Complete application|start', 'A_Concept'))",80,241
2365,2365,workload,"('W_Complete application|start', 'W_Complete application|suspend')","('workload', ('W_Complete application|start', 'W_Complete application|suspend'))",6.666666666666667,241
2366,2366,workload,"('W_Call after offers|suspend', 'W_Call after offers|resume')","('workload', ('W_Call after offers|suspend', 'W_Call after offers|resume'))",9.5,241
2367,2367,workload,"('W_Call after offers|resume', 'W_Call after offers|suspend')","('workload', ('W_Call after offers|resume', 'W_Call after offers|suspend'))",84.0,241
2368,2368,workload,"('W_Complete application|suspend', 'W_Complete application|resume')","('workload', ('W_Complete application|suspend', 'W_Complete application|resume'))",4.0,241
2369,2369,workload,"('O_Sent (mail and online)', 'W_Complete application|complete')","('workload', ('O_Sent (mail and online)', 'W_Complete application|complete'))",4.631578947368421,241
2370,2370,workload,"('W_Complete application|schedule', 'W_Complete application|start')","('workload', ('W_Complete application|schedule', 'W_Complete application|start'))",4.565217391304348,241
2371,2371,workload,"('W_Complete application|start', 'A_Concept')","('workload', ('W_Complete application|start', 'A_Concept'))",4.0,241
2372,2372,workload,"('W_Complete application|resume', 'W_Complete application|suspend')","('workload', ('W_Complete application|resume', 'W_Complete application|suspend'))",6.888888888888889,241
2373,2373,enter,"('W_Call after offers|suspend', 'W_Call after offers|resume')","('enter', ('W_Call after offers|suspend', 'W_Call after offers|resume'))",150,242
2374,2374,enter,"('W_Call after offers|ate_abort', 'W_Validate application|schedule')","('enter', ('W_Call after offers|ate_abort', 'W_Validate application|schedule'))",125,242
2375,2375,enter,"('A_Validating', 'O_Returned')","('enter', ('A_Validating', 'O_Returned'))",119,242
2376,2376,enter,"('W_Call incomplete files|suspend', 'W_Call incomplete files|ate_abort')","('enter', ('W_Call incomplete files|suspend', 'W_Call incomplete files|ate_abort'))",88,242
2377,2377,enter,"('W_Complete application|resume', 'W_Complete application|suspend')","('enter', ('W_Complete application|resume', 'W_Complete application|suspend'))",88,242
2378,2378,exit,"('W_Call after offers|suspend', 'W_Call after offers|ate_abort')","('exit', ('W_Call after offers|suspend', 'W_Call after offers|ate_abort'))",118,242
2379,2379,exit,"('W_Call after offers|ate_abort', 'W_Validate application|schedule')","('exit', ('W_Call after offers|ate_abort', 'W_Validate application|schedule'))",125,242
2380,2380,exit,"('A_Validating', 'O_Returned')","('exit', ('A_Validating', 'O_Returned'))",119,242
2381,2381,exit,"('W_Complete application|suspend', 'W_Complete application|resume')","('exit', ('W_Complete application|suspend', 'W_Complete application|resume'))",115,242
2382,2382,exit,"('W_Complete application|resume', 'W_Complete application|suspend')","('exit', ('W_Complete application|resume', 'W_Complete application|suspend'))",88,242
2383,2383,workload,"('W_Call after offers|ate_abort', 'W_Validate application|schedule')","('workload', ('W_Call after offers|ate_abort', 'W_Validate application|schedule'))",25.0,242
2384,2384,workload,"('W_Validate application|schedule', 'W_Validate application|start')","('workload', ('W_Validate application|schedule', 'W_Validate application|start'))",16.454545454545453,242
2385,2385,workload,"('W_Validate application|start', 'A_Validating')","('workload', ('W_Validate application|start', 'A_Validating'))",17.8,242
2386,2386,workload,"('A_Validating', 'O_Returned')","('workload', ('A_Validating', 'O_Returned'))",23.8,242
2387,2387,workload,"('W_Validate application|suspend', 'W_Validate application|ate_abort')","('workload', ('W_Validate application|suspend', 'W_Validate application|ate_abort'))",2.6666666666666665,242
2388,2388,workload,"('W_Complete application|suspend', 'W_Complete application|resume')","('workload', ('W_Complete application|suspend', 'W_Complete application|resume'))",4.833333333333333,242
2389,2389,workload,"('W_Complete application|resume', 'W_Complete application|suspend')","('workload', ('W_Complete application|resume', 'W_Complete application|suspend'))",8.0,242
2390,2390,enter,"('A_Create Application', 'A_Submitted')","('enter', ('A_Create Application', 'A_Submitted'))",92,243
2391,2391,enter,"('A_Submitted', 'W_Handle leads|schedule')","('enter', ('A_Submitted', 'W_Handle leads|schedule'))",92,243
2392,2392,enter,"('W_Handle leads|schedule', 'W_Handle leads|withdraw')","('enter', ('W_Handle leads|schedule', 'W_Handle leads|withdraw'))",75,243
2393,2393,enter,"('W_Handle leads|withdraw', 'W_Complete application|schedule')","('enter', ('W_Handle leads|withdraw', 'W_Complete application|schedule'))",75,243
2394,2394,enter,"('W_Complete application|schedule', 'A_Concept')","('enter', ('W_Complete application|schedule', 'A_Concept'))",75,243
2395,2395,enter,"('O_Sent (mail and online)', 'W_Complete application|ate_abort')","('enter', ('O_Sent (mail and online)', 'W_Complete application|ate_abort'))",55,243
2396,2396,enter,"('W_Complete application|ate_abort', 'W_Call after offers|schedule')","('enter', ('W_Complete application|ate_abort', 'W_Call after offers|schedule'))",56,243
2397,2397,enter,"('W_Call incomplete files|ate_abort', 'W_Validate application|schedule')","('enter', ('W_Call incomplete files|ate_abort', 'W_Validate application|schedule'))",81,243
2398,2398,enter,"('O_Accepted', 'A_Pending')","('enter', ('O_Accepted', 'A_Pending'))",79,243
2399,2399,exit,"('A_Create Application', 'A_Submitted')","('exit', ('A_Create Application', 'A_Submitted'))",92,243
2400,2400,exit,"('A_Submitted', 'W_Handle leads|schedule')","('exit', ('A_Submitted', 'W_Handle leads|schedule'))",92,243
2401,2401,exit,"('W_Handle leads|schedule', 'W_Handle leads|withdraw')","('exit', ('W_Handle leads|schedule', 'W_Handle leads|withdraw'))",75,243
2402,2402,exit,"('W_Handle leads|withdraw', 'W_Complete application|schedule')","('exit', ('W_Handle leads|withdraw', 'W_Complete application|schedule'))",75,243
2403,2403,exit,"('W_Complete application|schedule', 'A_Concept')","('exit', ('W_Complete application|schedule', 'A_Concept'))",75,243
2404,2404,exit,"('O_Sent (mail and online)', 'W_Complete application|ate_abort')","('exit', ('O_Sent (mail and online)', 'W_Complete application|ate_abort'))",55,243
2405,2405,exit,"('W_Complete application|ate_abort', 'W_Call after offers|schedule')","('exit', ('W_Complete application|ate_abort', 'W_Call after offers|schedule'))",56,243
2406,2406,exit,"('W_Call incomplete files|suspend', 'W_Call incomplete files|ate_abort')","('exit', ('W_Call incomplete files|suspend', 'W_Call incomplete files|ate_abort'))",74,243
2407,2407,exit,"('W_Call incomplete files|ate_abort', 'W_Validate application|schedule')","('exit', ('W_Call incomplete files|ate_abort', 'W_Validate application|schedule'))",81,243
2408,2408,exit,"('O_Accepted', 'A_Pending')","('exit', ('O_Accepted', 'A_Pending'))",79,243
2409,2409,handover,"('W_Call incomplete files|suspend', 'W_Call incomplete files|resume')","('handover', ('W_Call incomplete files|suspend', 'W_Call incomplete files|resume'))",13.5,243
2410,2410,handover,"('W_Complete application|suspend', 'W_Complete application|resume')","('handover', ('W_Complete application|suspend', 'W_Complete application|resume'))",2.4285714285714284,243
2411,2411,workload,"('O_Sent (mail and online)', 'W_Complete application|ate_abort')","('workload', ('O_Sent (mail and online)', 'W_Complete application|ate_abort'))",3.0555555555555554,243
2412,2412,workload,"('W_Complete application|ate_abort', 'W_Call after offers|schedule')","('workload', ('W_Complete application|ate_abort', 'W_Call after offers|schedule'))",3.111111111111111,243
2413,2413,workload,"('W_Call after offers|ate_abort', 'W_Validate application|schedule')","('workload', ('W_Call after offers|ate_abort', 'W_Validate application|schedule'))",19.0,243
2414,2414,workload,"('W_Validate application|schedule', 'W_Validate application|start')","('workload', ('W_Validate application|schedule', 'W_Validate application|start'))",13.923076923076923,243
2415,2415,workload,"('W_Validate application|start', 'A_Validating')","('workload', ('W_Validate application|start', 'A_Validating'))",13.923076923076923,243
2416,2416,workload,"('W_Call incomplete files|suspend', 'W_Call incomplete files|resume')","('workload', ('W_Call incomplete files|suspend', 'W_Call incomplete files|resume'))",10.0,243
2417,2417,workload,"('W_Call incomplete files|resume', 'W_Call incomplete files|suspend')","('workload', ('W_Call incomplete files|resume', 'W_Call incomplete files|suspend'))",95.0,243
2418,2418,workload,"('O_Accepted', 'A_Pending')","('workload', ('O_Accepted', 'A_Pending'))",9.875,243
2419,2419,workload,"('W_Complete application|suspend', 'W_Complete application|resume')","('workload', ('W_Complete application|suspend', 'W_Complete application|resume'))",4.2,243
2420,2420,workload,"('W_Complete application|resume', 'W_Complete application|suspend')","('workload', ('W_Complete application|resume', 'W_Complete application|suspend'))",7.0,243
2421,2421,enter,"('W_Call after offers|ate_abort', 'W_Validate application|schedule')","('enter', ('W_Call after offers|ate_abort', 'W_Validate application|schedule'))",146,244
2422,2422,enter,"('W_Validate application|schedule', 'W_Validate application|start')","('enter', ('W_Validate application|schedule', 'W_Validate application|start'))",225,244
2423,2423,enter,"('W_Validate application|start', 'A_Validating')","('enter', ('W_Validate application|start', 'A_Validating'))",225,244
2424,2424,enter,"('A_Validating', 'O_Returned')","('enter', ('A_Validating', 'O_Returned'))",140,244
2425,2425,enter,"('O_Returned', 'W_Validate application|suspend')","('enter', ('O_Returned', 'W_Validate application|suspend'))",114,244
2426,2426,enter,"('W_Validate application|suspend', 'W_Validate application|ate_abort')","('enter', ('W_Validate application|suspend', 'W_Validate application|ate_abort'))",90,244
2427,2427,enter,"('W_Call incomplete files|schedule', 'W_Call incomplete files|start')","('enter', ('W_Call incomplete files|schedule', 'W_Call incomplete files|start'))",135,244
2428,2428,enter,"('W_Call incomplete files|start', 'A_Incomplete')","('enter', ('W_Call incomplete files|start', 'A_Incomplete'))",135,244
2429,2429,enter,"('A_Incomplete', 'W_Call incomplete files|suspend')","('enter', ('A_Incomplete', 'W_Call incomplete files|suspend'))",128,244
2430,2430,enter,"('W_Validate application|complete', 'W_Call incomplete files|schedule')","('enter', ('W_Validate application|complete', 'W_Call incomplete files|schedule'))",58,244
2431,2431,exit,"('W_Call after offers|suspend', 'W_Call after offers|ate_abort')","('exit', ('W_Call after offers|suspend', 'W_Call after offers|ate_abort'))",141,244
2432,2432,exit,"('W_Call after offers|ate_abort', 'W_Validate application|schedule')","('exit', ('W_Call after offers|ate_abort', 'W_Validate application|schedule'))",146,244
2433,2433,exit,"('W_Validate application|schedule', 'W_Validate application|start')","('exit', ('W_Validate application|schedule', 'W_Validate application|start'))",225,244
2434,2434,exit,"('W_Validate application|start', 'A_Validating')","('exit', ('W_Validate application|start', 'A_Validating'))",225,244
2435,2435,exit,"('A_Validating', 'O_Returned')","('exit', ('A_Validating', 'O_Returned'))",140,244
2436,2436,exit,"('O_Returned', 'W_Validate application|suspend')","('exit', ('O_Returned', 'W_Validate application|suspend'))",114,244
2437,2437,exit,"('W_Call incomplete files|schedule', 'W_Call incomplete files|start')","('exit', ('W_Call incomplete files|schedule', 'W_Call incomplete files|start'))",135,244
2438,2438,exit,"('W_Call incomplete files|start', 'A_Incomplete')","('exit', ('W_Call incomplete files|start', 'A_Incomplete'))",135,244
2439,2439,exit,"('A_Incomplete', 'W_Call incomplete files|suspend')","('exit', ('A_Incomplete', 'W_Call incomplete files|suspend'))",128,244
2440,2440,exit,"('W_Validate application|complete', 'W_Call incomplete files|schedule')","('exit', ('W_Validate application|complete', 'W_Call incomplete files|schedule'))",58,244
2441,2441,workload,"('W_Call after offers|ate_abort', 'W_Validate application|schedule')","('workload', ('W_Call after offers|ate_abort', 'W_Validate application|schedule'))",24.333333333333332,244
2442,2442,workload,"('W_Validate application|schedule', 'W_Validate application|start')","('workload', ('W_Validate application|schedule', 'W_Validate application|start'))",17.307692307692307,244
2443,2443,workload,"('W_Validate application|start', 'A_Validating')","('workload', ('W_Validate application|start', 'A_Validating'))",17.307692307692307,244
2444,2444,workload,"('A_Validating', 'O_Returned')","('workload', ('A_Validating', 'O_Returned'))",23.333333333333332,244
2445,2445,workload,"('O_Returned', 'W_Validate application|suspend')","('workload', ('O_Returned', 'W_Validate application|suspend'))",19.0,244
2446,2446,workload,"('W_Call incomplete files|schedule', 'W_Call incomplete files|start')","('workload', ('W_Call incomplete files|schedule', 'W_Call incomplete files|start'))",9.0,244
2447,2447,workload,"('W_Call incomplete files|start', 'A_Incomplete')","('workload', ('W_Call incomplete files|start', 'A_Incomplete'))",9.0,244
2448,2448,workload,"('A_Incomplete', 'W_Call incomplete files|suspend')","('workload', ('A_Incomplete', 'W_Call incomplete files|suspend'))",8.533333333333333,244
2449,2449,enter,"('W_Handle leads|schedule', 'W_Handle leads|withdraw')","('enter', ('W_Handle leads|schedule', 'W_Handle leads|withdraw'))",66,245
2450,2450,enter,"('W_Handle leads|withdraw', 'W_Complete application|schedule')","('enter', ('W_Handle leads|withdraw', 'W_Complete application|schedule'))",67,245
2451,2451,exit,"('W_Handle leads|schedule', 'W_Handle leads|withdraw')","('exit', ('W_Handle leads|schedule', 'W_Handle leads|withdraw'))",67,245
2452,2452,exit,"('W_Handle leads|withdraw', 'W_Complete application|schedule')","('exit', ('W_Handle leads|withdraw', 'W_Complete application|schedule'))",67,245
2453,2453,handover,"('W_Call after offers|suspend', 'W_Call after offers|resume')","('handover', ('W_Call after offers|suspend', 'W_Call after offers|resume'))",12.5,245
2454,2454,handover,"('W_Call after offers|suspend', 'W_Call after offers|ate_abort')","('handover', ('W_Call after offers|suspend', 'W_Call after offers|ate_abort'))",5.25,245
2455,2455,handover,"('W_Call incomplete files|suspend', 'W_Call incomplete files|resume')","('handover', ('W_Call incomplete files|suspend', 'W_Call incomplete files|resume'))",6.75,245
2456,2456,workload,"('W_Call after offers|ate_abort', 'W_Validate application|schedule')","('workload', ('W_Call after offers|ate_abort', 'W_Validate application|schedule'))",19.75,245
2457,2457,workload,"('W_Validate application|schedule', 'W_Validate application|start')","('workload', ('W_Validate application|schedule', 'W_Validate application|start'))",15.555555555555555,245
2458,2458,workload,"('W_Validate application|start', 'A_Validating')","('workload', ('W_Validate application|start', 'A_Validating'))",17.375,245
2459,2459,workload,"('W_Call incomplete files|schedule', 'W_Call incomplete files|start')","('workload', ('W_Call incomplete files|schedule', 'W_Call incomplete files|start'))",8.692307692307692,245
2460,2460,workload,"('W_Call incomplete files|start', 'A_Incomplete')","('workload', ('W_Call incomplete files|start', 'A_Incomplete'))",8.692307692307692,245
2461,2461,workload,"('A_Incomplete', 'W_Call incomplete files|suspend')","('workload', ('A_Incomplete', 'W_Call incomplete files|suspend'))",8.153846153846153,245
2462,2462,workload,"('W_Call incomplete files|resume', 'W_Call incomplete files|suspend')","('workload', ('W_Call incomplete files|resume', 'W_Call incomplete files|suspend'))",30.0,245
2463,2463,workload,"('A_Validating', 'W_Validate application|suspend')","('workload', ('A_Validating', 'W_Validate application|suspend'))",8.0,245
2464,2464,handover,"('W_Complete application|suspend', 'W_Complete application|resume')","('handover', ('W_Complete application|suspend', 'W_Complete application|resume'))",3.5,246
2465,2465,workload,"('A_Validating', 'W_Validate application|suspend')","('workload', ('A_Validating', 'W_Validate application|suspend'))",7.6,246
2466,2466,workload,"('O_Accepted', 'A_Pending')","('workload', ('O_Accepted', 'A_Pending'))",18.0,246
2467,2467,handover,"('W_Validate application|suspend', 'W_Validate application|ate_abort')","('handover', ('W_Validate application|suspend', 'W_Validate application|ate_abort'))",4.0,247
2468,2468,workload,"('W_Validate application|ate_abort', 'W_Call incomplete files|schedule')","('workload', ('W_Validate application|ate_abort', 'W_Call incomplete files|schedule'))",8.0,247
2469,2469,enter,"('A_Create Application', 'A_Submitted')","('enter', ('A_Create Application', 'A_Submitted'))",81,248
2470,2470,enter,"('A_Submitted', 'W_Handle leads|schedule')","('enter', ('A_Submitted', 'W_Handle leads|schedule'))",81,248
2471,2471,enter,"('W_Handle leads|schedule', 'W_Handle leads|withdraw')","('enter', ('W_Handle leads|schedule', 'W_Handle leads|withdraw'))",67,248
2472,2472,enter,"('W_Handle leads|withdraw', 'W_Complete application|schedule')","('enter', ('W_Handle leads|withdraw', 'W_Complete application|schedule'))",67,248
2473,2473,enter,"('W_Call after offers|resume', 'W_Call after offers|suspend')","('enter', ('W_Call after offers|resume', 'W_Call after offers|suspend'))",236,248
2474,2474,enter,"('W_Call after offers|suspend', 'W_Call after offers|ate_abort')","('enter', ('W_Call after offers|suspend', 'W_Call after offers|ate_abort'))",171,248
2475,2475,enter,"('A_Validating', 'W_Validate application|suspend')","('enter', ('A_Validating', 'W_Validate application|suspend'))",83,248
2476,2476,enter,"('W_Complete application|schedule', 'W_Complete application|start')","('enter', ('W_Complete application|schedule', 'W_Complete application|start'))",75,248
2477,2477,enter,"('W_Complete application|start', 'A_Concept')","('enter', ('W_Complete application|start', 'A_Concept'))",54,248
2478,2478,exit,"('A_Create Application', 'A_Submitted')","('exit', ('A_Create Application', 'A_Submitted'))",81,248
2479,2479,exit,"('A_Submitted', 'W_Handle leads|schedule')","('exit', ('A_Submitted', 'W_Handle leads|schedule'))",81,248
2480,2480,exit,"('W_Handle leads|schedule', 'W_Handle leads|withdraw')","('exit', ('W_Handle leads|schedule', 'W_Handle leads|withdraw'))",67,248
2481,2481,exit,"('W_Handle leads|withdraw', 'W_Complete application|schedule')","('exit', ('W_Handle leads|withdraw', 'W_Complete application|schedule'))",67,248
2482,2482,exit,"('W_Call after offers|suspend', 'W_Call after offers|resume')","('exit', ('W_Call after offers|suspend', 'W_Call after offers|resume'))",226,248
2483,2483,exit,"('W_Call after offers|resume', 'W_Call after offers|suspend')","('exit', ('W_Call after offers|resume', 'W_Call after offers|suspend'))",236,248
2484,2484,exit,"('A_Validating', 'W_Validate application|suspend')","('exit', ('A_Validating', 'W_Validate application|suspend'))",83,248
2485,2485,exit,"('W_Complete application|schedule', 'W_Complete application|start')","('exit', ('W_Complete application|schedule', 'W_Complete application|start'))",75,248
2486,2486,exit,"('W_Complete application|start', 'A_Concept')","('exit', ('W_Complete application|start', 'A_Concept'))",54,248
2487,2487,workload,"('W_Call after offers|resume', 'W_Call after offers|suspend')","('workload', ('W_Call after offers|resume', 'W_Call after offers|suspend'))",58.75,248
2488,2488,workload,"('A_Validating', 'O_Returned')","('workload', ('A_Validating', 'O_Returned'))",18.75,248
2489,2489,workload,"('W_Call incomplete files|suspend', 'W_Call incomplete files|ate_abort')","('workload', ('W_Call incomplete files|suspend', 'W_Call incomplete files|ate_abort'))",2.0,248
2490,2490,workload,"('W_Complete application|schedule', 'W_Complete application|start')","('workload', ('W_Complete application|schedule', 'W_Complete application|start'))",3.9473684210526314,248
2491,2491,workload,"('W_Complete application|start', 'A_Concept')","('workload', ('W_Complete application|start', 'A_Concept'))",3.375,248
2492,2492,enter,"('W_Validate application|suspend', 'W_Validate application|ate_abort')","('enter', ('W_Validate application|suspend', 'W_Validate application|ate_abort'))",88,249
2493,2493,enter,"('W_Validate application|ate_abort', 'W_Call incomplete files|schedule')","('enter', ('W_Validate application|ate_abort', 'W_Call incomplete files|schedule'))",85,249
2494,2494,enter,"('W_Call incomplete files|schedule', 'W_Call incomplete files|start')","('enter', ('W_Call incomplete files|schedule', 'W_Call incomplete files|start'))",134,249
2495,2495,enter,"('W_Call incomplete files|start', 'A_Incomplete')","('enter', ('W_Call incomplete files|start', 'A_Incomplete'))",134,249
2496,2496,enter,"('A_Incomplete', 'W_Call incomplete files|suspend')","('enter', ('A_Incomplete', 'W_Call incomplete files|suspend'))",124,249
2497,2497,enter,"('W_Call incomplete files|ate_abort', 'W_Validate application|schedule')","('enter', ('W_Call incomplete files|ate_abort', 'W_Validate application|schedule'))",82,249
2498,2498,enter,"('A_Validating', 'W_Validate application|suspend')","('enter', ('A_Validating', 'W_Validate application|suspend'))",83,249
2499,2499,exit,"('W_Validate application|suspend', 'W_Validate application|ate_abort')","('exit', ('W_Validate application|suspend', 'W_Validate application|ate_abort'))",86,249
2500,2500,exit,"('W_Validate application|ate_abort', 'W_Call incomplete files|schedule')","('exit', ('W_Validate application|ate_abort', 'W_Call incomplete files|schedule'))",85,249
2501,2501,exit,"('W_Call incomplete files|schedule', 'W_Call incomplete files|start')","('exit', ('W_Call incomplete files|schedule', 'W_Call incomplete files|start'))",134,249
2502,2502,exit,"('W_Call incomplete files|start', 'A_Incomplete')","('exit', ('W_Call incomplete files|start', 'A_Incomplete'))",134,249
2503,2503,exit,"('A_Incomplete', 'W_Call incomplete files|suspend')","('exit', ('A_Incomplete', 'W_Call incomplete files|suspend'))",124,249
2504,2504,exit,"('W_Call incomplete files|suspend', 'W_Call incomplete files|ate_abort')","('exit', ('W_Call incomplete files|suspend', 'W_Call incomplete files|ate_abort'))",77,249
2505,2505,exit,"('W_Call incomplete files|ate_abort', 'W_Validate application|schedule')","('exit', ('W_Call incomplete files|ate_abort', 'W_Validate application|schedule'))",82,249
2506,2506,exit,"('A_Validating', 'W_Validate application|suspend')","('exit', ('A_Validating', 'W_Validate application|suspend'))",83,249
2507,2507,workload,"('W_Call incomplete files|schedule', 'W_Call incomplete files|start')","('workload', ('W_Call incomplete files|schedule', 'W_Call incomplete files|start'))",8.933333333333334,249
2508,2508,workload,"('W_Call incomplete files|start', 'A_Incomplete')","('workload', ('W_Call incomplete files|start', 'A_Incomplete'))",8.933333333333334,249
2509,2509,workload,"('A_Incomplete', 'W_Call incomplete files|suspend')","('workload', ('A_Incomplete', 'W_Call incomplete files|suspend'))",8.266666666666667,249
2510,2510,workload,"('W_Validate application|complete', 'W_Call incomplete files|schedule')","('workload', ('W_Validate application|complete', 'W_Call incomplete files|schedule'))",6.125,249
2511,2511,enter,"('A_Accepted', 'O_Create Offer')","('enter', ('A_Accepted', 'O_Create Offer'))",147,250
2512,2512,enter,"('O_Create Offer', 'O_Created')","('enter', ('O_Create Offer', 'O_Created'))",200,250
2513,2513,enter,"('O_Created', 'O_Sent (mail and online)')","('enter', ('O_Created', 'O_Sent (mail and online)'))",172,250
2514,2514,enter,"('W_Call after offers|schedule', 'W_Call after offers|start')","('enter', ('W_Call after offers|schedule', 'W_Call after offers|start'))",158,250
2515,2515,enter,"('W_Call after offers|start', 'A_Complete')","('enter', ('W_Call after offers|start', 'A_Complete'))",158,250
2516,2516,enter,"('A_Complete', 'W_Call after offers|suspend')","('enter', ('A_Complete', 'W_Call after offers|suspend'))",153,250
2517,2517,enter,"('W_Call after offers|ate_abort', 'W_Validate application|schedule')","('enter', ('W_Call after offers|ate_abort', 'W_Validate application|schedule'))",142,250
2518,2518,enter,"('W_Validate application|schedule', 'W_Validate application|start')","('enter', ('W_Validate application|schedule', 'W_Validate application|start'))",219,250
2519,2519,enter,"('W_Validate application|start', 'A_Validating')","('enter', ('W_Validate application|start', 'A_Validating'))",219,250
2520,2520,enter,"('A_Validating', 'O_Returned')","('enter', ('A_Validating', 'O_Returned'))",127,250
2521,2521,enter,"('W_Validate application|suspend', 'W_Validate application|ate_abort')","('enter', ('W_Validate application|suspend', 'W_Validate application|ate_abort'))",84,250
2522,2522,enter,"('O_Sent (mail and online)', 'W_Complete application|complete')","('enter', ('O_Sent (mail and online)', 'W_Complete application|complete'))",95,250
2523,2523,enter,"('W_Complete application|complete', 'W_Call after offers|schedule')","('enter', ('W_Complete application|complete', 'W_Call after offers|schedule'))",97,250
2524,2524,exit,"('A_Concept', 'W_Complete application|start')","('exit', ('A_Concept', 'W_Complete application|start'))",88,250
2525,2525,exit,"('A_Accepted', 'O_Create Offer')","('exit', ('A_Accepted', 'O_Create Offer'))",147,250
2526,2526,exit,"('O_Create Offer', 'O_Created')","('exit', ('O_Create Offer', 'O_Created'))",200,250
2527,2527,exit,"('O_Created', 'O_Sent (mail and online)')","('exit', ('O_Created', 'O_Sent (mail and online)'))",172,250
2528,2528,exit,"('W_Call after offers|schedule', 'W_Call after offers|start')","('exit', ('W_Call after offers|schedule', 'W_Call after offers|start'))",158,250
2529,2529,exit,"('W_Call after offers|start', 'A_Complete')","('exit', ('W_Call after offers|start', 'A_Complete'))",158,250
2530,2530,exit,"('A_Complete', 'W_Call after offers|suspend')","('exit', ('A_Complete', 'W_Call after offers|suspend'))",153,250
2531,2531,exit,"('W_Call after offers|suspend', 'W_Call after offers|ate_abort')","('exit', ('W_Call after offers|suspend', 'W_Call after offers|ate_abort'))",135,250
2532,2532,exit,"('W_Call after offers|ate_abort', 'W_Validate application|schedule')","('exit', ('W_Call after offers|ate_abort', 'W_Validate application|schedule'))",142,250
2533,2533,exit,"('W_Validate application|schedule', 'W_Validate application|start')","('exit', ('W_Validate application|schedule', 'W_Validate application|start'))",219,250
2534,2534,exit,"('W_Validate application|start', 'A_Validating')","('exit', ('W_Validate application|start', 'A_Validating'))",219,250
2535,2535,exit,"('A_Validating', 'O_Returned')","('exit', ('A_Validating', 'O_Returned'))",127,250
2536,2536,exit,"('O_Sent (mail and online)', 'W_Complete application|complete')","('exit', ('O_Sent (mail and online)', 'W_Complete application|complete'))",95,250
2537,2537,exit,"('W_Complete application|complete', 'W_Call after offers|schedule')","('exit', ('W_Complete application|complete', 'W_Call after offers|schedule'))",97,250
2538,2538,workload,"('W_Call after offers|ate_abort', 'W_Validate application|schedule')","('workload', ('W_Call after offers|ate_abort', 'W_Validate application|schedule'))",20.285714285714285,250
2539,2539,enter,"('W_Complete application|start', 'W_Complete application|suspend')","('enter', ('W_Complete application|start', 'W_Complete application|suspend'))",83,251
2540,2540,enter,"('A_Accepted', 'O_Create Offer')","('enter', ('A_Accepted', 'O_Create Offer'))",157,251
2541,2541,enter,"('O_Create Offer', 'O_Created')","('enter', ('O_Create Offer', 'O_Created'))",204,251
2542,2542,enter,"('O_Created', 'O_Sent (mail and online)')","('enter', ('O_Created', 'O_Sent (mail and online)'))",182,251
2543,2543,enter,"('O_Sent (mail and online)', 'W_Complete application|ate_abort')","('enter', ('O_Sent (mail and online)', 'W_Complete application|ate_abort'))",56,251
2544,2544,enter,"('W_Complete application|ate_abort', 'W_Call after offers|schedule')","('enter', ('W_Complete application|ate_abort', 'W_Call after offers|schedule'))",56,251
2545,2545,enter,"('W_Call after offers|schedule', 'W_Call after offers|start')","('enter', ('W_Call after offers|schedule', 'W_Call after offers|start'))",163,251
2546,2546,enter,"('W_Call after offers|start', 'A_Complete')","('enter', ('W_Call after offers|start', 'A_Complete'))",163,251
2547,2547,enter,"('A_Complete', 'W_Call after offers|suspend')","('enter', ('A_Complete', 'W_Call after offers|suspend'))",156,251
2548,2548,enter,"('W_Call after offers|suspend', 'W_Call after offers|resume')","('enter', ('W_Call after offers|suspend', 'W_Call after offers|resume'))",156,251
2549,2549,enter,"('W_Call incomplete files|resume', 'W_Call incomplete files|suspend')","('enter', ('W_Call incomplete files|resume', 'W_Call incomplete files|suspend'))",207,251
2550,2550,enter,"('W_Call incomplete files|suspend', 'W_Call incomplete files|ate_abort')","('enter', ('W_Call incomplete files|suspend', 'W_Call incomplete files|ate_abort'))",92,251
2551,2551,enter,"('O_Sent (mail and online)', 'W_Complete application|complete')","('enter', ('O_Sent (mail and online)', 'W_Complete application|complete'))",96,251
2552,2552,enter,"('W_Complete application|complete', 'W_Call after offers|schedule')","('enter', ('W_Complete application|complete', 'W_Call after offers|schedule'))",96,251
2553,2553,exit,"('A_Concept', 'W_Complete application|start')","('exit', ('A_Concept', 'W_Complete application|start'))",117,251
2554,2554,exit,"('W_Complete application|start', 'W_Complete application|suspend')","('exit', ('W_Complete application|start', 'W_Complete application|suspend'))",83,251
2555,2555,exit,"('A_Accepted', 'O_Create Offer')","('exit', ('A_Accepted', 'O_Create Offer'))",157,251
2556,2556,exit,"('O_Create Offer', 'O_Created')","('exit', ('O_Create Offer', 'O_Created'))",204,251
2557,2557,exit,"('O_Created', 'O_Sent (mail and online)')","('exit', ('O_Created', 'O_Sent (mail and online)'))",183,251
2558,2558,exit,"('O_Sent (mail and online)', 'W_Complete application|ate_abort')","('exit', ('O_Sent (mail and online)', 'W_Complete application|ate_abort'))",56,251
2559,2559,exit,"('W_Complete application|ate_abort', 'W_Call after offers|schedule')","('exit', ('W_Complete application|ate_abort', 'W_Call after offers|schedule'))",56,251
2560,2560,exit,"('W_Call after offers|schedule', 'W_Call after offers|start')","('exit', ('W_Call after offers|schedule', 'W_Call after offers|start'))",163,251
2561,2561,exit,"('W_Call after offers|start', 'A_Complete')","('exit', ('W_Call after offers|start', 'A_Complete'))",163,251
2562,2562,exit,"('A_Complete', 'W_Call after offers|suspend')","('exit', ('A_Complete', 'W_Call after offers|suspend'))",156,251
2563,2563,exit,"('W_Call incomplete files|suspend', 'W_Call incomplete files|resume')","('exit', ('W_Call incomplete files|suspend', 'W_Call incomplete files|resume'))",214,251
2564,2564,exit,"('W_Call incomplete files|resume', 'W_Call incomplete files|suspend')","('exit', ('W_Call incomplete files|resume', 'W_Call incomplete files|suspend'))",207,251
2565,2565,exit,"('O_Sent (mail and online)', 'W_Complete application|complete')","('exit', ('O_Sent (mail and online)', 'W_Complete application|complete'))",96,251
2566,2566,exit,"('W_Complete application|complete', 'W_Call after offers|schedule')","('exit', ('W_Complete application|complete', 'W_Call after offers|schedule'))",96,251
2567,2567,handover,"('W_Validate application|suspend', 'W_Validate application|resume')","('handover', ('W_Validate application|suspend', 'W_Validate application|resume'))",3.6,251
2568,2568,handover,"('W_Call after offers|suspend', 'W_Call after offers|ate_abort')","('handover', ('W_Call after offers|suspend', 'W_Call after offers|ate_abort'))",5.6,252
2569,2569,handover,"('W_Call incomplete files|suspend', 'W_Call incomplete files|resume')","('handover', ('W_Call incomplete files|suspend', 'W_Call incomplete files|resume'))",8.666666666666666,252
2570,2570,workload,"('W_Call incomplete files|schedule', 'W_Call incomplete files|start')","('workload', ('W_Call incomplete files|schedule', 'W_Call incomplete files|start'))",8.846153846153847,252
2571,2571,workload,"('W_Call incomplete files|start', 'A_Incomplete')","('workload', ('W_Call incomplete files|start', 'A_Incomplete'))",8.846153846153847,252
2572,2572,workload,"('A_Incomplete', 'W_Call incomplete files|suspend')","('workload', ('A_Incomplete', 'W_Call incomplete files|suspend'))",8.615384615384615,252
2573,2573,workload,"('W_Call incomplete files|resume', 'W_Call incomplete files|suspend')","('workload', ('W_Call incomplete files|resume', 'W_Call incomplete files|suspend'))",28.25,252
2574,2574,handover,"('W_Call after offers|suspend', 'W_Call after offers|ate_abort')","('handover', ('W_Call after offers|suspend', 'W_Call after offers|ate_abort'))",5.0,253
2575,2575,workload,"('O_Sent (mail and online)', 'W_Complete application|ate_abort')","('workload', ('O_Sent (mail and online)', 'W_Complete application|ate_abort'))",4.555555555555555,253
2576,2576,workload,"('W_Complete application|ate_abort', 'W_Call after offers|schedule')","('workload', ('W_Complete application|ate_abort', 'W_Call after offers|schedule'))",4.555555555555555,253
2577,2577,workload,"('O_Accepted', 'A_Pending')","('workload', ('O_Accepted', 'A_Pending'))",9.0,253
2578,2578,enter,"('W_Validate application|ate_abort', 'W_Call incomplete files|schedule')","('enter', ('W_Validate application|ate_abort', 'W_Call incomplete files|schedule'))",79,255
2579,2579,enter,"('W_Call incomplete files|schedule', 'W_Call incomplete files|start')","('enter', ('W_Call incomplete files|schedule', 'W_Call incomplete files|start'))",147,255
2580,2580,enter,"('W_Call incomplete files|start', 'A_Incomplete')","('enter', ('W_Call incomplete files|start', 'A_Incomplete'))",147,255
2581,2581,enter,"('A_Incomplete', 'W_Call incomplete files|suspend')","('enter', ('A_Incomplete', 'W_Call incomplete files|suspend'))",128,255
2582,2582,enter,"('W_Call incomplete files|suspend', 'W_Call incomplete files|resume')","('enter', ('W_Call incomplete files|suspend', 'W_Call incomplete files|resume'))",231,255
2583,2583,enter,"('W_Call incomplete files|resume', 'W_Call incomplete files|suspend')","('enter', ('W_Call incomplete files|resume', 'W_Call incomplete files|suspend'))",227,255
2584,2584,enter,"('W_Call incomplete files|suspend', 'W_Call incomplete files|ate_abort')","('enter', ('W_Call incomplete files|suspend', 'W_Call incomplete files|ate_abort'))",92,255
2585,2585,enter,"('W_Call incomplete files|ate_abort', 'W_Validate application|schedule')","('enter', ('W_Call incomplete files|ate_abort', 'W_Validate application|schedule'))",83,255
2586,2586,enter,"('A_Validating', 'W_Validate application|suspend')","('enter', ('A_Validating', 'W_Validate application|suspend'))",84,255
2587,2587,enter,"('W_Complete application|schedule', 'W_Complete application|start')","('enter', ('W_Complete application|schedule', 'W_Complete application|start'))",85,255
2588,2588,enter,"('W_Complete application|start', 'A_Concept')","('enter', ('W_Complete application|start', 'A_Concept'))",57,255
2589,2589,enter,"('W_Validate application|complete', 'W_Call incomplete files|schedule')","('enter', ('W_Validate application|complete', 'W_Call incomplete files|schedule'))",68,255
2590,2590,exit,"('W_Validate application|suspend', 'W_Validate application|ate_abort')","('exit', ('W_Validate application|suspend', 'W_Validate application|ate_abort'))",79,255
2591,2591,exit,"('W_Validate application|ate_abort', 'W_Call incomplete files|schedule')","('exit', ('W_Validate application|ate_abort', 'W_Call incomplete files|schedule'))",79,255
2592,2592,exit,"('W_Call incomplete files|schedule', 'W_Call incomplete files|start')","('exit', ('W_Call incomplete files|schedule', 'W_Call incomplete files|start'))",147,255
2593,2593,exit,"('W_Call incomplete files|start', 'A_Incomplete')","('exit', ('W_Call incomplete files|start', 'A_Incomplete'))",147,255
2594,2594,exit,"('A_Incomplete', 'W_Call incomplete files|suspend')","('exit', ('A_Incomplete', 'W_Call incomplete files|suspend'))",128,255
2595,2595,exit,"('W_Call incomplete files|suspend', 'W_Call incomplete files|resume')","('exit', ('W_Call incomplete files|suspend', 'W_Call incomplete files|resume'))",240,255
2596,2596,exit,"('W_Call incomplete files|resume', 'W_Call incomplete files|suspend')","('exit', ('W_Call incomplete files|resume', 'W_Call incomplete files|suspend'))",227,255
2597,2597,exit,"('W_Call incomplete files|suspend', 'W_Call incomplete files|ate_abort')","('exit', ('W_Call incomplete files|suspend', 'W_Call incomplete files|ate_abort'))",79,255
2598,2598,exit,"('W_Call incomplete files|ate_abort', 'W_Validate application|schedule')","('exit', ('W_Call incomplete files|ate_abort', 'W_Validate application|schedule'))",83,255
2599,2599,exit,"('A_Validating', 'W_Validate application|suspend')","('exit', ('A_Validating', 'W_Validate application|suspend'))",84,255
2600,2600,exit,"('W_Complete application|schedule', 'W_Complete application|start')","('exit', ('W_Complete application|schedule', 'W_Complete application|start'))",85,255
2601,2601,exit,"('W_Complete application|start', 'A_Concept')","('exit', ('W_Complete application|start', 'A_Concept'))",57,255
2602,2602,exit,"('W_Validate application|complete', 'W_Call incomplete files|schedule')","('exit', ('W_Validate application|complete', 'W_Call incomplete files|schedule'))",68,255
2603,2603,handover,"('W_Call after offers|suspend', 'W_Call after offers|ate_abort')","('handover', ('W_Call after offers|suspend', 'W_Call after offers|ate_abort'))",5.8,255
2604,2604,workload,"('W_Call incomplete files|schedule', 'W_Call incomplete files|start')","('workload', ('W_Call incomplete files|schedule', 'W_Call incomplete files|start'))",9.8,255
2605,2605,workload,"('W_Call incomplete files|start', 'A_Incomplete')","('workload', ('W_Call incomplete files|start', 'A_Incomplete'))",9.8,255
2606,2606,workload,"('A_Incomplete', 'W_Call incomplete files|suspend')","('workload', ('A_Incomplete', 'W_Call incomplete files|suspend'))",9.071428571428571,255
2607,2607,workload,"('W_Complete application|schedule', 'W_Complete application|start')","('workload', ('W_Complete application|schedule', 'W_Complete application|start'))",4.0476190476190474,255
2608,2608,enter,"('A_Create Application', 'A_Submitted')","('enter', ('A_Create Application', 'A_Submitted'))",82,256
2609,2609,enter,"('A_Submitted', 'W_Handle leads|schedule')","('enter', ('A_Submitted', 'W_Handle leads|schedule'))",82,256
2610,2610,enter,"('W_Handle leads|schedule', 'W_Handle leads|withdraw')","('enter', ('W_Handle leads|schedule', 'W_Handle leads|withdraw'))",72,256
2611,2611,enter,"('W_Handle leads|withdraw', 'W_Complete application|schedule')","('enter', ('W_Handle leads|withdraw', 'W_Complete application|schedule'))",72,256
2612,2612,enter,"('W_Complete application|schedule', 'A_Concept')","('enter', ('W_Complete application|schedule', 'A_Concept'))",73,256
2613,2613,enter,"('A_Concept', 'W_Complete application|start')","('enter', ('A_Concept', 'W_Complete application|start'))",69,256
2614,2614,enter,"('W_Complete application|start', 'W_Complete application|suspend')","('enter', ('W_Complete application|start', 'W_Complete application|suspend'))",86,256
2615,2615,enter,"('A_Accepted', 'O_Create Offer')","('enter', ('A_Accepted', 'O_Create Offer'))",186,256
2616,2616,enter,"('O_Create Offer', 'O_Created')","('enter', ('O_Create Offer', 'O_Created'))",244,256
2617,2617,enter,"('O_Created', 'O_Sent (mail and online)')","('enter', ('O_Created', 'O_Sent (mail and online)'))",205,256
2618,2618,enter,"('O_Sent (mail and online)', 'W_Complete application|ate_abort')","('enter', ('O_Sent (mail and online)', 'W_Complete application|ate_abort'))",69,256
2619,2619,enter,"('W_Complete application|ate_abort', 'W_Call after offers|schedule')","('enter', ('W_Complete application|ate_abort', 'W_Call after offers|schedule'))",71,256
2620,2620,enter,"('W_Call after offers|schedule', 'W_Call after offers|start')","('enter', ('W_Call after offers|schedule', 'W_Call after offers|start'))",188,256
2621,2621,enter,"('W_Call after offers|start', 'A_Complete')","('enter', ('W_Call after offers|start', 'A_Complete'))",188,256
2622,2622,enter,"('A_Complete', 'W_Call after offers|suspend')","('enter', ('A_Complete', 'W_Call after offers|suspend'))",185,256
2623,2623,enter,"('W_Call after offers|suspend', 'W_Call after offers|resume')","('enter', ('W_Call after offers|suspend', 'W_Call after offers|resume'))",191,256
2624,2624,enter,"('W_Call after offers|resume', 'W_Call after offers|suspend')","('enter', ('W_Call after offers|resume', 'W_Call after offers|suspend'))",365,256
2625,2625,enter,"('W_Call after offers|suspend', 'W_Call after offers|ate_abort')","('enter', ('W_Call after offers|suspend', 'W_Call after offers|ate_abort'))",239,256
2626,2626,enter,"('W_Call incomplete files|suspend', 'W_Call incomplete files|ate_abort')","('enter', ('W_Call incomplete files|suspend', 'W_Call incomplete files|ate_abort'))",69,256
2627,2627,enter,"('W_Complete application|suspend', 'W_Complete application|resume')","('enter', ('W_Complete application|suspend', 'W_Complete application|resume'))",140,256
2628,2628,enter,"('O_Sent (mail and online)', 'W_Complete application|complete')","('enter', ('O_Sent (mail and online)', 'W_Complete application|complete'))",98,256
2629,2629,enter,"('W_Complete application|complete', 'W_Call after offers|schedule')","('enter', ('W_Complete application|complete', 'W_Call after offers|schedule'))",100,256
2630,2630,enter,"('W_Complete application|resume', 'W_Complete application|suspend')","('enter', ('W_Complete application|resume', 'W_Complete application|suspend'))",118,256
2631,2631,exit,"('A_Create Application', 'A_Submitted')","('exit', ('A_Create Application', 'A_Submitted'))",82,256
2632,2632,exit,"('A_Submitted', 'W_Handle leads|schedule')","('exit', ('A_Submitted', 'W_Handle leads|schedule'))",82,256
2633,2633,exit,"('W_Handle leads|schedule', 'W_Handle leads|withdraw')","('exit', ('W_Handle leads|schedule', 'W_Handle leads|withdraw'))",72,256
2634,2634,exit,"('W_Handle leads|withdraw', 'W_Complete application|schedule')","('exit', ('W_Handle leads|withdraw', 'W_Complete application|schedule'))",72,256
2635,2635,exit,"('W_Complete application|schedule', 'A_Concept')","('exit', ('W_Complete application|schedule', 'A_Concept'))",73,256
2636,2636,exit,"('A_Concept', 'W_Complete application|start')","('exit', ('A_Concept', 'W_Complete application|start'))",116,256
2637,2637,exit,"('W_Complete application|start', 'W_Complete application|suspend')","('exit', ('W_Complete application|start', 'W_Complete application|suspend'))",86,256
2638,2638,exit,"('A_Accepted', 'O_Create Offer')","('exit', ('A_Accepted', 'O_Create Offer'))",184,256
2639,2639,exit,"('O_Create Offer', 'O_Created')","('exit', ('O_Create Offer', 'O_Created'))",244,256
2640,2640,exit,"('O_Created', 'O_Sent (mail and online)')","('exit', ('O_Created', 'O_Sent (mail and online)'))",205,256
2641,2641,exit,"('O_Sent (mail and online)', 'W_Complete application|ate_abort')","('exit', ('O_Sent (mail and online)', 'W_Complete application|ate_abort'))",69,256
2642,2642,exit,"('W_Complete application|ate_abort', 'W_Call after offers|schedule')","('exit', ('W_Complete application|ate_abort', 'W_Call after offers|schedule'))",71,256
2643,2643,exit,"('W_Call after offers|schedule', 'W_Call after offers|start')","('exit', ('W_Call after offers|schedule', 'W_Call after offers|start'))",188,256
2644,2644,exit,"('W_Call after offers|start', 'A_Complete')","('exit', ('W_Call after offers|start', 'A_Complete'))",188,256
2645,2645,exit,"('A_Complete', 'W_Call after offers|suspend')","('exit', ('A_Complete', 'W_Call after offers|suspend'))",185,256
2646,2646,exit,"('W_Call after offers|suspend', 'W_Call after offers|resume')","('exit', ('W_Call after offers|suspend', 'W_Call after offers|resume'))",345,256
2647,2647,exit,"('W_Call after offers|resume', 'W_Call after offers|suspend')","('exit', ('W_Call after offers|resume', 'W_Call after offers|suspend'))",365,256
2648,2648,exit,"('W_Complete application|suspend', 'W_Complete application|resume')","('exit', ('W_Complete application|suspend', 'W_Complete application|resume'))",153,256
2649,2649,exit,"('O_Sent (mail and online)', 'W_Complete application|complete')","('exit', ('O_Sent (mail and online)', 'W_Complete application|complete'))",98,256
2650,2650,exit,"('W_Complete application|complete', 'W_Call after offers|schedule')","('exit', ('W_Complete application|complete', 'W_Call after offers|schedule'))",100,256
2651,2651,exit,"('W_Complete application|resume', 'W_Complete application|suspend')","('exit', ('W_Complete application|resume', 'W_Complete application|suspend'))",118,256
2652,2652,handover,"('W_Validate application|suspend', 'W_Validate application|resume')","('handover', ('W_Validate application|suspend', 'W_Validate application|resume'))",3.5,256
2653,2653,workload,"('W_Complete application|start', 'W_Complete application|suspend')","('workload', ('W_Complete application|start', 'W_Complete application|suspend'))",6.142857142857143,256
2654,2654,workload,"('A_Accepted', 'O_Create Offer')","('workload', ('A_Accepted', 'O_Create Offer'))",7.541666666666667,256
2655,2655,workload,"('O_Create Offer', 'O_Created')","('workload', ('O_Create Offer', 'O_Created'))",10.166666666666666,256
2656,2656,workload,"('O_Created', 'O_Sent (mail and online)')","('workload', ('O_Created', 'O_Sent (mail and online)'))",8.541666666666666,256
2657,2657,workload,"('O_Sent (mail and online)', 'W_Complete application|ate_abort')","('workload', ('O_Sent (mail and online)', 'W_Complete application|ate_abort'))",3.8333333333333335,256
2658,2658,workload,"('W_Complete application|ate_abort', 'W_Call after offers|schedule')","('workload', ('W_Complete application|ate_abort', 'W_Call after offers|schedule'))",3.736842105263158,256
2659,2659,workload,"('W_Call after offers|schedule', 'W_Call after offers|start')","('workload', ('W_Call after offers|schedule', 'W_Call after offers|start'))",7.833333333333333,256
2660,2660,workload,"('W_Call after offers|start', 'A_Complete')","('workload', ('W_Call after offers|start', 'A_Complete'))",7.833333333333333,256
2661,2661,workload,"('A_Complete', 'W_Call after offers|suspend')","('workload', ('A_Complete', 'W_Call after offers|suspend'))",7.625,256
2662,2662,workload,"('W_Call incomplete files|resume', 'W_Call incomplete files|suspend')","('workload', ('W_Call incomplete files|resume', 'W_Call incomplete files|suspend'))",35.0,256
2663,2663,workload,"('W_Complete application|suspend', 'W_Complete application|resume')","('workload', ('W_Complete application|suspend', 'W_Complete application|resume'))",3.5454545454545454,256
2664,2664,workload,"('W_Complete application|resume', 'W_Complete application|suspend')","('workload', ('W_Complete application|resume', 'W_Complete application|suspend'))",9.833333333333334,256
2665,2665,enter,"('A_Concept', 'W_Complete application|start')","('enter', ('A_Concept', 'W_Complete application|start'))",63,257
2666,2666,enter,"('O_Sent (mail and online)', 'W_Complete application|ate_abort')","('enter', ('O_Sent (mail and online)', 'W_Complete application|ate_abort'))",51,257
2667,2667,enter,"('W_Complete application|ate_abort', 'W_Call after offers|schedule')","('enter', ('W_Complete application|ate_abort', 'W_Call after offers|schedule'))",51,257
2668,2668,enter,"('W_Call after offers|ate_abort', 'W_Validate application|schedule')","('enter', ('W_Call after offers|ate_abort', 'W_Validate application|schedule'))",168,257
2669,2669,enter,"('W_Validate application|schedule', 'W_Validate application|start')","('enter', ('W_Validate application|schedule', 'W_Validate application|start'))",269,257
2670,2670,enter,"('W_Validate application|start', 'A_Validating')","('enter', ('W_Validate application|start', 'A_Validating'))",269,257
2671,2671,enter,"('A_Validating', 'O_Returned')","('enter', ('A_Validating', 'O_Returned'))",149,257
2672,2672,enter,"('O_Returned', 'W_Validate application|suspend')","('enter', ('O_Returned', 'W_Validate application|suspend'))",121,257
2673,2673,enter,"('W_Validate application|suspend', 'W_Validate application|ate_abort')","('enter', ('W_Validate application|suspend', 'W_Validate application|ate_abort'))",105,257
2674,2674,enter,"('W_Validate application|ate_abort', 'W_Call incomplete files|schedule')","('enter', ('W_Validate application|ate_abort', 'W_Call incomplete files|schedule'))",85,257
2675,2675,enter,"('W_Call incomplete files|schedule', 'W_Call incomplete files|start')","('enter', ('W_Call incomplete files|schedule', 'W_Call incomplete files|start'))",153,257
2676,2676,enter,"('W_Call incomplete files|start', 'A_Incomplete')","('enter', ('W_Call incomplete files|start', 'A_Incomplete'))",153,257
2677,2677,enter,"('A_Incomplete', 'W_Call incomplete files|suspend')","('enter', ('A_Incomplete', 'W_Call incomplete files|suspend'))",138,257
2678,2678,enter,"('W_Call incomplete files|suspend', 'W_Call incomplete files|resume')","('enter', ('W_Call incomplete files|suspend', 'W_Call incomplete files|resume'))",244,257
2679,2679,enter,"('W_Call incomplete files|resume', 'W_Call incomplete files|suspend')","('enter', ('W_Call incomplete files|resume', 'W_Call incomplete files|suspend'))",221,257
2680,2680,enter,"('W_Call incomplete files|suspend', 'W_Call incomplete files|ate_abort')","('enter', ('W_Call incomplete files|suspend', 'W_Call incomplete files|ate_abort'))",77,257
2681,2681,enter,"('W_Call incomplete files|ate_abort', 'W_Validate application|schedule')","('enter', ('W_Call incomplete files|ate_abort', 'W_Validate application|schedule'))",92,257
2682,2682,enter,"('A_Validating', 'W_Validate application|suspend')","('enter', ('A_Validating', 'W_Validate application|suspend'))",97,257
2683,2683,enter,"('W_Validate application|complete', 'W_Call incomplete files|schedule')","('enter', ('W_Validate application|complete', 'W_Call incomplete files|schedule'))",68,257
2684,2684,exit,"('O_Sent (mail and online)', 'W_Complete application|ate_abort')","('exit', ('O_Sent (mail and online)', 'W_Complete application|ate_abort'))",51,257
2685,2685,exit,"('W_Complete application|ate_abort', 'W_Call after offers|schedule')","('exit', ('W_Complete application|ate_abort', 'W_Call after offers|schedule'))",51,257
2686,2686,exit,"('W_Call after offers|suspend', 'W_Call after offers|ate_abort')","('exit', ('W_Call after offers|suspend', 'W_Call after offers|ate_abort'))",159,257
2687,2687,exit,"('W_Call after offers|ate_abort', 'W_Validate application|schedule')","('exit', ('W_Call after offers|ate_abort', 'W_Validate application|schedule'))",168,257
2688,2688,exit,"('W_Validate application|schedule', 'W_Validate application|start')","('exit', ('W_Validate application|schedule', 'W_Validate application|start'))",269,257
2689,2689,exit,"('W_Validate application|start', 'A_Validating')","('exit', ('W_Validate application|start', 'A_Validating'))",269,257
2690,2690,exit,"('A_Validating', 'O_Returned')","('exit', ('A_Validating', 'O_Returned'))",149,257
2691,2691,exit,"('O_Returned', 'W_Validate application|suspend')","('exit', ('O_Returned', 'W_Validate application|suspend'))",121,257
2692,2692,exit,"('W_Validate application|suspend', 'W_Validate application|ate_abort')","('exit', ('W_Validate application|suspend', 'W_Validate application|ate_abort'))",83,257
2693,2693,exit,"('W_Validate application|ate_abort', 'W_Call incomplete files|schedule')","('exit', ('W_Validate application|ate_abort', 'W_Call incomplete files|schedule'))",85,257
2694,2694,exit,"('W_Call incomplete files|schedule', 'W_Call incomplete files|start')","('exit', ('W_Call incomplete files|schedule', 'W_Call incomplete files|start'))",153,257
2695,2695,exit,"('W_Call incomplete files|start', 'A_Incomplete')","('exit', ('W_Call incomplete files|start', 'A_Incomplete'))",153,257
2696,2696,exit,"('A_Incomplete', 'W_Call incomplete files|suspend')","('exit', ('A_Incomplete', 'W_Call incomplete files|suspend'))",138,257
2697,2697,exit,"('W_Call incomplete files|suspend', 'W_Call incomplete files|resume')","('exit', ('W_Call incomplete files|suspend', 'W_Call incomplete files|resume'))",228,257
2698,2698,exit,"('W_Call incomplete files|resume', 'W_Call incomplete files|suspend')","('exit', ('W_Call incomplete files|resume', 'W_Call incomplete files|suspend'))",221,257
2699,2699,exit,"('W_Call incomplete files|suspend', 'W_Call incomplete files|ate_abort')","('exit', ('W_Call incomplete files|suspend', 'W_Call incomplete files|ate_abort'))",87,257
2700,2700,exit,"('W_Call incomplete files|ate_abort', 'W_Validate application|schedule')","('exit', ('W_Call incomplete files|ate_abort', 'W_Validate application|schedule'))",92,257
2701,2701,exit,"('A_Validating', 'W_Validate application|suspend')","('exit', ('A_Validating', 'W_Validate application|suspend'))",97,257
2702,2702,exit,"('W_Validate application|complete', 'W_Call incomplete files|schedule')","('exit', ('W_Validate application|complete', 'W_Call incomplete files|schedule'))",68,257
2703,2703,workload,"('A_Complete', 'W_Call after offers|suspend')","('workload', ('A_Complete', 'W_Call after offers|suspend'))",6.65,257
2704,2704,enter,"('A_Create Application', 'A_Submitted')","('enter', ('A_Create Application', 'A_Submitted'))",79,258
2705,2705,enter,"('A_Submitted', 'W_Handle leads|schedule')","('enter', ('A_Submitted', 'W_Handle leads|schedule'))",79,258
2706,2706,enter,"('W_Complete application|schedule', 'A_Concept')","('enter', ('W_Complete application|schedule', 'A_Concept'))",67,258
2707,2707,enter,"('A_Concept', 'W_Complete application|start')","('enter', ('A_Concept', 'W_Complete application|start'))",67,258
2708,2708,enter,"('W_Call incomplete files|ate_abort', 'W_Validate application|schedule')","('enter', ('W_Call incomplete files|ate_abort', 'W_Validate application|schedule'))",81,258
2709,2709,enter,"('A_Validating', 'W_Validate application|suspend')","('enter', ('A_Validating', 'W_Validate application|suspend'))",84,258
2710,2710,exit,"('A_Create Application', 'A_Submitted')","('exit', ('A_Create Application', 'A_Submitted'))",79,258
2711,2711,exit,"('A_Submitted', 'W_Handle leads|schedule')","('exit', ('A_Submitted', 'W_Handle leads|schedule'))",79,258
2712,2712,exit,"('W_Complete application|schedule', 'A_Concept')","('exit', ('W_Complete application|schedule', 'A_Concept'))",67,258
2713,2713,exit,"('W_Call incomplete files|suspend', 'W_Call incomplete files|ate_abort')","('exit', ('W_Call incomplete files|suspend', 'W_Call incomplete files|ate_abort'))",75,258
2714,2714,exit,"('W_Call incomplete files|ate_abort', 'W_Validate application|schedule')","('exit', ('W_Call incomplete files|ate_abort', 'W_Validate application|schedule'))",81,258
2715,2715,exit,"('A_Validating', 'W_Validate application|suspend')","('exit', ('A_Validating', 'W_Validate application|suspend'))",84,258
2716,2716,workload,"('W_Complete application|start', 'W_Complete application|suspend')","('workload', ('W_Complete application|start', 'W_Complete application|suspend'))",5.571428571428571,258
2717,2717,workload,"('O_Sent (mail and online)', 'W_Complete application|ate_abort')","('workload', ('O_Sent (mail and online)', 'W_Complete application|ate_abort'))",3.75,258
2718,2718,workload,"('W_Complete application|ate_abort', 'W_Call after offers|schedule')","('workload', ('W_Complete application|ate_abort', 'W_Call after offers|schedule'))",3.8333333333333335,258
2719,2719,workload,"('W_Call incomplete files|suspend', 'W_Call incomplete files|resume')","('workload', ('W_Call incomplete files|suspend', 'W_Call incomplete files|resume'))",12.0,258
2720,2720,handover,"('W_Call after offers|suspend', 'W_Call after offers|resume')","('handover', ('W_Call after offers|suspend', 'W_Call after offers|resume'))",12.0,259
2721,2721,workload,"('W_Complete application|start', 'W_Complete application|suspend')","('workload', ('W_Complete application|start', 'W_Complete application|suspend'))",6.375,259
2722,2722,workload,"('W_Call after offers|resume', 'W_Call after offers|suspend')","('workload', ('W_Call after offers|resume', 'W_Call after offers|suspend'))",50.0,259
2723,2723,workload,"('W_Validate application|schedule', 'W_Validate application|start')","('workload', ('W_Validate application|schedule', 'W_Validate application|start'))",13.538461538461538,259
2724,2724,workload,"('W_Validate application|start', 'A_Validating')","('workload', ('W_Validate application|start', 'A_Validating'))",13.538461538461538,259
2725,2725,workload,"('W_Validate application|suspend', 'W_Validate application|ate_abort')","('workload', ('W_Validate application|suspend', 'W_Validate application|ate_abort'))",2.6666666666666665,259
2726,2726,workload,"('O_Sent (mail and online)', 'W_Complete application|complete')","('workload', ('O_Sent (mail and online)', 'W_Complete application|complete'))",4.785714285714286,259
2727,2727,workload,"('W_Complete application|complete', 'W_Call after offers|schedule')","('workload', ('W_Complete application|complete', 'W_Call after offers|schedule'))",4.785714285714286,259
2728,2728,workload,"('W_Complete application|schedule', 'W_Complete application|start')","('workload', ('W_Complete application|schedule', 'W_Complete application|start'))",4.0,259
2729,2729,handover,"('W_Call after offers|suspend', 'W_Call after offers|resume')","('handover', ('W_Call after offers|suspend', 'W_Call after offers|resume'))",13.0,260
2730,2730,handover,"('W_Call incomplete files|suspend', 'W_Call incomplete files|ate_abort')","('handover', ('W_Call incomplete files|suspend', 'W_Call incomplete files|ate_abort'))",5.0,260
2731,2731,handover,"('W_Complete application|suspend', 'W_Complete application|resume')","('handover', ('W_Complete application|suspend', 'W_Complete application|resume'))",2.4,260
2732,2732,workload,"('W_Call after offers|schedule', 'W_Call after offers|start')","('workload', ('W_Call after offers|schedule', 'W_Call after offers|start'))",6.8,260
2733,2733,workload,"('W_Call after offers|start', 'A_Complete')","('workload', ('W_Call after offers|start', 'A_Complete'))",6.8,260
2734,2734,workload,"('A_Complete', 'W_Call after offers|suspend')","('workload', ('A_Complete', 'W_Call after offers|suspend'))",6.6,260
2735,2735,workload,"('W_Validate application|schedule', 'W_Validate application|start')","('workload', ('W_Validate application|schedule', 'W_Validate application|start'))",16.5,260
2736,2736,workload,"('W_Validate application|start', 'A_Validating')","('workload', ('W_Validate application|start', 'A_Validating'))",16.5,260
2737,2737,workload,"('W_Call incomplete files|ate_abort', 'W_Validate application|schedule')","('workload', ('W_Call incomplete files|ate_abort', 'W_Validate application|schedule'))",12.0,260
2738,2738,workload,"('A_Validating', 'W_Validate application|suspend')","('workload', ('A_Validating', 'W_Validate application|suspend'))",15.5,260
2739,2739,workload,"('O_Sent (mail and online)', 'W_Complete application|complete')","('workload', ('O_Sent (mail and online)', 'W_Complete application|complete'))",4.888888888888889,260
2740,2740,workload,"('W_Complete application|complete', 'W_Call after offers|schedule')","('workload', ('W_Complete application|complete', 'W_Call after offers|schedule'))",4.888888888888889,260
2741,2741,workload,"('W_Complete application|resume', 'W_Complete application|suspend')","('workload', ('W_Complete application|resume', 'W_Complete application|suspend'))",8.25,260
2742,2742,handover,"('W_Validate application|suspend', 'W_Validate application|ate_abort')","('handover', ('W_Validate application|suspend', 'W_Validate application|ate_abort'))",3.0,261
2743,2743,enter,"('W_Handle leads|schedule', 'W_Handle leads|withdraw')","('enter', ('W_Handle leads|schedule', 'W_Handle leads|withdraw'))",68,262
2744,2744,enter,"('W_Handle leads|withdraw', 'W_Complete application|schedule')","('enter', ('W_Handle leads|withdraw', 'W_Complete application|schedule'))",68,262
2745,2745,enter,"('W_Complete application|schedule', 'A_Concept')","('enter', ('W_Complete application|schedule', 'A_Concept'))",68,262
2746,2746,enter,"('A_Concept', 'W_Complete application|start')","('enter', ('A_Concept', 'W_Complete application|start'))",65,262
2747,2747,enter,"('A_Accepted', 'O_Create Offer')","('enter', ('A_Accepted', 'O_Create Offer'))",139,262
2748,2748,enter,"('O_Create Offer', 'O_Created')","('enter', ('O_Create Offer', 'O_Created'))",193,262
2749,2749,enter,"('W_Call after offers|suspend', 'W_Call after offers|resume')","('enter', ('W_Call after offers|suspend', 'W_Call after offers|resume'))",137,262
2750,2750,enter,"('W_Call after offers|resume', 'W_Call after offers|suspend')","('enter', ('W_Call after offers|resume', 'W_Call after offers|suspend'))",394,262
2751,2751,enter,"('W_Call after offers|suspend', 'W_Call after offers|ate_abort')","('enter', ('W_Call after offers|suspend', 'W_Call after offers|ate_abort'))",236,262
2752,2752,enter,"('W_Call incomplete files|suspend', 'W_Call incomplete files|resume')","('enter', ('W_Call incomplete files|suspend', 'W_Call incomplete files|resume'))",201,262
2753,2753,enter,"('W_Call incomplete files|resume', 'W_Call incomplete files|suspend')","('enter', ('W_Call incomplete files|resume', 'W_Call incomplete files|suspend'))",204,262
2754,2754,enter,"('O_Sent (mail and online)', 'W_Complete application|complete')","('enter', ('O_Sent (mail and online)', 'W_Complete application|complete'))",88,262
2755,2755,enter,"('W_Complete application|schedule', 'W_Complete application|start')","('enter', ('W_Complete application|schedule', 'W_Complete application|start'))",93,262
2756,2756,enter,"('W_Complete application|start', 'A_Concept')","('enter', ('W_Complete application|start', 'A_Concept'))",71,262
2757,2757,exit,"('W_Handle leads|schedule', 'W_Handle leads|withdraw')","('exit', ('W_Handle leads|schedule', 'W_Handle leads|withdraw'))",68,262
2758,2758,exit,"('W_Handle leads|withdraw', 'W_Complete application|schedule')","('exit', ('W_Handle leads|withdraw', 'W_Complete application|schedule'))",68,262
2759,2759,exit,"('W_Complete application|schedule', 'A_Concept')","('exit', ('W_Complete application|schedule', 'A_Concept'))",68,262
2760,2760,exit,"('A_Accepted', 'O_Create Offer')","('exit', ('A_Accepted', 'O_Create Offer'))",140,262
2761,2761,exit,"('O_Create Offer', 'O_Created')","('exit', ('O_Create Offer', 'O_Created'))",193,262
2762,2762,exit,"('W_Call after offers|suspend', 'W_Call after offers|resume')","('exit', ('W_Call after offers|suspend', 'W_Call after offers|resume'))",379,262
2763,2763,exit,"('W_Call after offers|resume', 'W_Call after offers|suspend')","('exit', ('W_Call after offers|resume', 'W_Call after offers|suspend'))",394,262
2764,2764,exit,"('W_Call incomplete files|suspend', 'W_Call incomplete files|resume')","('exit', ('W_Call incomplete files|suspend', 'W_Call incomplete files|resume'))",208,262
2765,2765,exit,"('W_Call incomplete files|resume', 'W_Call incomplete files|suspend')","('exit', ('W_Call incomplete files|resume', 'W_Call incomplete files|suspend'))",204,262
2766,2766,exit,"('O_Sent (mail and online)', 'W_Complete application|complete')","('exit', ('O_Sent (mail and online)', 'W_Complete application|complete'))",88,262
2767,2767,exit,"('W_Complete application|schedule', 'W_Complete application|start')","('exit', ('W_Complete application|schedule', 'W_Complete application|start'))",93,262
2768,2768,exit,"('W_Complete application|start', 'A_Concept')","('exit', ('W_Complete application|start', 'A_Concept'))",71,262
2769,2769,workload,"('W_Call after offers|suspend', 'W_Call after offers|resume')","('workload', ('W_Call after offers|suspend', 'W_Call after offers|resume'))",7.0,262
2770,2770,workload,"('W_Call after offers|resume', 'W_Call after offers|suspend')","('workload', ('W_Call after offers|resume', 'W_Call after offers|suspend'))",65.66666666666667,262
2771,2771,workload,"('W_Validate application|ate_abort', 'W_Call incomplete files|schedule')","('workload', ('W_Validate application|ate_abort', 'W_Call incomplete files|schedule'))",7.888888888888889,262
2772,2772,workload,"('W_Call incomplete files|schedule', 'W_Call incomplete files|start')","('workload', ('W_Call incomplete files|schedule', 'W_Call incomplete files|start'))",8.714285714285714,262
2773,2773,workload,"('W_Call incomplete files|start', 'A_Incomplete')","('workload', ('W_Call incomplete files|start', 'A_Incomplete'))",8.714285714285714,262
2774,2774,workload,"('W_Complete application|schedule', 'W_Complete application|start')","('workload', ('W_Complete application|schedule', 'W_Complete application|start'))",4.2272727272727275,262
2775,2775,workload,"('W_Complete application|start', 'A_Concept')","('workload', ('W_Complete application|start', 'A_Concept'))",3.380952380952381,262
2776,2776,enter,"('A_Create Application', 'A_Submitted')","('enter', ('A_Create Application', 'A_Submitted'))",85,263
2777,2777,enter,"('A_Submitted', 'W_Handle leads|schedule')","('enter', ('A_Submitted', 'W_Handle leads|schedule'))",85,263
2778,2778,enter,"('W_Handle leads|schedule', 'W_Handle leads|withdraw')","('enter', ('W_Handle leads|schedule', 'W_Handle leads|withdraw'))",67,263
2779,2779,enter,"('W_Handle leads|withdraw', 'W_Complete application|schedule')","('enter', ('W_Handle leads|withdraw', 'W_Complete application|schedule'))",67,263
2780,2780,enter,"('A_Concept', 'W_Complete application|start')","('enter', ('A_Concept', 'W_Complete application|start'))",63,263
2781,2781,enter,"('A_Accepted', 'O_Create Offer')","('enter', ('A_Accepted', 'O_Create Offer'))",159,263
2782,2782,enter,"('O_Create Offer', 'O_Created')","('enter', ('O_Create Offer', 'O_Created'))",215,263
2783,2783,enter,"('O_Created', 'O_Sent (mail and online)')","('enter', ('O_Created', 'O_Sent (mail and online)'))",179,263
2784,2784,enter,"('O_Sent (mail and online)', 'W_Complete application|ate_abort')","('enter', ('O_Sent (mail and online)', 'W_Complete application|ate_abort'))",59,263
2785,2785,enter,"('W_Complete application|ate_abort', 'W_Call after offers|schedule')","('enter', ('W_Complete application|ate_abort', 'W_Call after offers|schedule'))",60,263
2786,2786,enter,"('W_Call after offers|schedule', 'W_Call after offers|start')","('enter', ('W_Call after offers|schedule', 'W_Call after offers|start'))",160,263
2787,2787,enter,"('W_Call after offers|start', 'A_Complete')","('enter', ('W_Call after offers|start', 'A_Complete'))",160,263
2788,2788,enter,"('A_Complete', 'W_Call after offers|suspend')","('enter', ('A_Complete', 'W_Call after offers|suspend'))",153,263
2789,2789,enter,"('W_Call after offers|suspend', 'W_Call after offers|resume')","('enter', ('W_Call after offers|suspend', 'W_Call after offers|resume'))",145,263
2790,2790,enter,"('O_Sent (mail and online)', 'W_Complete application|complete')","('enter', ('O_Sent (mail and online)', 'W_Complete application|complete'))",96,263
2791,2791,enter,"('W_Complete application|complete', 'W_Call after offers|schedule')","('enter', ('W_Complete application|complete', 'W_Call after offers|schedule'))",99,263
2792,2792,enter,"('W_Complete application|start', 'A_Concept')","('enter', ('W_Complete application|start', 'A_Concept'))",59,263
2793,2793,exit,"('A_Create Application', 'A_Submitted')","('exit', ('A_Create Application', 'A_Submitted'))",85,263
2794,2794,exit,"('A_Submitted', 'W_Handle leads|schedule')","('exit', ('A_Submitted', 'W_Handle leads|schedule'))",85,263
2795,2795,exit,"('W_Handle leads|schedule', 'W_Handle leads|withdraw')","('exit', ('W_Handle leads|schedule', 'W_Handle leads|withdraw'))",67,263
2796,2796,exit,"('W_Handle leads|withdraw', 'W_Complete application|schedule')","('exit', ('W_Handle leads|withdraw', 'W_Complete application|schedule'))",67,263
2797,2797,exit,"('A_Concept', 'W_Complete application|start')","('exit', ('A_Concept', 'W_Complete application|start'))",80,263
2798,2798,exit,"('A_Accepted', 'O_Create Offer')","('exit', ('A_Accepted', 'O_Create Offer'))",159,263
2799,2799,exit,"('O_Create Offer', 'O_Created')","('exit', ('O_Create Offer', 'O_Created'))",215,263
2800,2800,exit,"('O_Created', 'O_Sent (mail and online)')","('exit', ('O_Created', 'O_Sent (mail and online)'))",179,263
2801,2801,exit,"('O_Sent (mail and online)', 'W_Complete application|ate_abort')","('exit', ('O_Sent (mail and online)', 'W_Complete application|ate_abort'))",59,263
2802,2802,exit,"('W_Complete application|ate_abort', 'W_Call after offers|schedule')","('exit', ('W_Complete application|ate_abort', 'W_Call after offers|schedule'))",60,263
2803,2803,exit,"('W_Call after offers|schedule', 'W_Call after offers|start')","('exit', ('W_Call after offers|schedule', 'W_Call after offers|start'))",160,263
2804,2804,exit,"('W_Call after offers|start', 'A_Complete')","('exit', ('W_Call after offers|start', 'A_Complete'))",160,263
2805,2805,exit,"('A_Complete', 'W_Call after offers|suspend')","('exit', ('A_Complete', 'W_Call after offers|suspend'))",153,263
2806,2806,exit,"('O_Sent (mail and online)', 'W_Complete application|complete')","('exit', ('O_Sent (mail and online)', 'W_Complete application|complete'))",96,263
2807,2807,exit,"('W_Complete application|complete', 'W_Call after offers|schedule')","('exit', ('W_Complete application|complete', 'W_Call after offers|schedule'))",99,263
2808,2808,exit,"('W_Complete application|start', 'A_Concept')","('exit', ('W_Complete application|start', 'A_Concept'))",59,263
2809,2809,workload,"('O_Sent (mail and online)', 'W_Complete application|ate_abort')","('workload', ('O_Sent (mail and online)', 'W_Complete application|ate_abort'))",3.1052631578947367,263
2810,2810,workload,"('W_Complete application|ate_abort', 'W_Call after offers|schedule')","('workload', ('W_Complete application|ate_abort', 'W_Call after offers|schedule'))",3.1578947368421053,263
2811,2811,enter,"('A_Create Application', 'A_Submitted')","('enter', ('A_Create Application', 'A_Submitted'))",91,264
2812,2812,enter,"('A_Submitted', 'W_Handle leads|schedule')","('enter', ('A_Submitted', 'W_Handle leads|schedule'))",91,264
2813,2813,enter,"('W_Handle leads|schedule', 'W_Handle leads|withdraw')","('enter', ('W_Handle leads|schedule', 'W_Handle leads|withdraw'))",71,264
2814,2814,enter,"('W_Handle leads|withdraw', 'W_Complete application|schedule')","('enter', ('W_Handle leads|withdraw', 'W_Complete application|schedule'))",71,264
2815,2815,enter,"('W_Complete application|schedule', 'A_Concept')","('enter', ('W_Complete application|schedule', 'A_Concept'))",72,264
2816,2816,enter,"('W_Call after offers|ate_abort', 'W_Validate application|schedule')","('enter', ('W_Call after offers|ate_abort', 'W_Validate application|schedule'))",149,264
2817,2817,enter,"('W_Validate application|schedule', 'W_Validate application|start')","('enter', ('W_Validate application|schedule', 'W_Validate application|start'))",219,264
2818,2818,enter,"('W_Validate application|start', 'A_Validating')","('enter', ('W_Validate application|start', 'A_Validating'))",219,264
2819,2819,enter,"('A_Validating', 'O_Returned')","('enter', ('A_Validating', 'O_Returned'))",141,264
2820,2820,enter,"('O_Returned', 'W_Validate application|suspend')","('enter', ('O_Returned', 'W_Validate application|suspend'))",113,264
2821,2821,enter,"('W_Call incomplete files|schedule', 'W_Call incomplete files|start')","('enter', ('W_Call incomplete files|schedule', 'W_Call incomplete files|start'))",131,264
2822,2822,enter,"('W_Call incomplete files|start', 'A_Incomplete')","('enter', ('W_Call incomplete files|start', 'A_Incomplete'))",131,264
2823,2823,enter,"('A_Incomplete', 'W_Call incomplete files|suspend')","('enter', ('A_Incomplete', 'W_Call incomplete files|suspend'))",123,264
2824,2824,enter,"('W_Call incomplete files|suspend', 'W_Call incomplete files|resume')","('enter', ('W_Call incomplete files|suspend', 'W_Call incomplete files|resume'))",198,264
2825,2825,enter,"('W_Call incomplete files|suspend', 'W_Call incomplete files|ate_abort')","('enter', ('W_Call incomplete files|suspend', 'W_Call incomplete files|ate_abort'))",69,264
2826,2826,exit,"('A_Create Application', 'A_Submitted')","('exit', ('A_Create Application', 'A_Submitted'))",91,264
2827,2827,exit,"('A_Submitted', 'W_Handle leads|schedule')","('exit', ('A_Submitted', 'W_Handle leads|schedule'))",91,264
2828,2828,exit,"('W_Handle leads|schedule', 'W_Handle leads|withdraw')","('exit', ('W_Handle leads|schedule', 'W_Handle leads|withdraw'))",71,264
2829,2829,exit,"('W_Handle leads|withdraw', 'W_Complete application|schedule')","('exit', ('W_Handle leads|withdraw', 'W_Complete application|schedule'))",71,264
2830,2830,exit,"('W_Complete application|schedule', 'A_Concept')","('exit', ('W_Complete application|schedule', 'A_Concept'))",72,264
2831,2831,exit,"('W_Call after offers|suspend', 'W_Call after offers|ate_abort')","('exit', ('W_Call after offers|suspend', 'W_Call after offers|ate_abort'))",138,264
2832,2832,exit,"('W_Call after offers|ate_abort', 'W_Validate application|schedule')","('exit', ('W_Call after offers|ate_abort', 'W_Validate application|schedule'))",149,264
2833,2833,exit,"('W_Validate application|schedule', 'W_Validate application|start')","('exit', ('W_Validate application|schedule', 'W_Validate application|start'))",219,264
2834,2834,exit,"('W_Validate application|start', 'A_Validating')","('exit', ('W_Validate application|start', 'A_Validating'))",219,264
2835,2835,exit,"('A_Validating', 'O_Returned')","('exit', ('A_Validating', 'O_Returned'))",141,264
2836,2836,exit,"('O_Returned', 'W_Validate application|suspend')","('exit', ('O_Returned', 'W_Validate application|suspend'))",113,264
2837,2837,exit,"('W_Call incomplete files|schedule', 'W_Call incomplete files|start')","('exit', ('W_Call incomplete files|schedule', 'W_Call incomplete files|start'))",131,264
2838,2838,exit,"('W_Call incomplete files|start', 'A_Incomplete')","('exit', ('W_Call incomplete files|start', 'A_Incomplete'))",131,264
2839,2839,exit,"('A_Incomplete', 'W_Call incomplete files|suspend')","('exit', ('A_Incomplete', 'W_Call incomplete files|suspend'))",123,264
2840,2840,workload,"('W_Validate application|schedule', 'W_Validate application|start')","('workload', ('W_Validate application|schedule', 'W_Validate application|start'))",14.6,264
2841,2841,workload,"('W_Validate application|start', 'A_Validating')","('workload', ('W_Validate application|start', 'A_Validating'))",14.6,264
2842,2842,workload,"('W_Validate application|ate_abort', 'W_Call incomplete files|schedule')","('workload', ('W_Validate application|ate_abort', 'W_Call incomplete files|schedule'))",8.555555555555555,264
2843,2843,enter,"('A_Accepted', 'O_Create Offer')","('enter', ('A_Accepted', 'O_Create Offer'))",140,265
2844,2844,enter,"('W_Call after offers|schedule', 'W_Call after offers|start')","('enter', ('W_Call after offers|schedule', 'W_Call after offers|start'))",144,265
2845,2845,enter,"('W_Call after offers|start', 'A_Complete')","('enter', ('W_Call after offers|start', 'A_Complete'))",144,265
2846,2846,enter,"('A_Complete', 'W_Call after offers|suspend')","('enter', ('A_Complete', 'W_Call after offers|suspend'))",139,265
2847,2847,enter,"('W_Call after offers|suspend', 'W_Call after offers|resume')","('enter', ('W_Call after offers|suspend', 'W_Call after offers|resume'))",146,265
2848,2848,enter,"('O_Accepted', 'A_Pending')","('enter', ('O_Accepted', 'A_Pending'))",370,265
2849,2849,exit,"('A_Accepted', 'O_Create Offer')","('exit', ('A_Accepted', 'O_Create Offer'))",140,265
2850,2850,exit,"('W_Call after offers|schedule', 'W_Call after offers|start')","('exit', ('W_Call after offers|schedule', 'W_Call after offers|start'))",144,265
2851,2851,exit,"('W_Call after offers|start', 'A_Complete')","('exit', ('W_Call after offers|start', 'A_Complete'))",144,265
2852,2852,exit,"('A_Complete', 'W_Call after offers|suspend')","('exit', ('A_Complete', 'W_Call after offers|suspend'))",139,265
2853,2853,exit,"('O_Accepted', 'A_Pending')","('exit', ('O_Accepted', 'A_Pending'))",370,265
2854,2854,handover,"('W_Validate application|suspend', 'W_Validate application|resume')","('handover', ('W_Validate application|suspend', 'W_Validate application|resume'))",3.5,265
2855,2855,workload,"('W_Validate application|schedule', 'W_Validate application|start')","('workload', ('W_Validate application|schedule', 'W_Validate application|start'))",13.0,265
2856,2856,workload,"('W_Validate application|suspend', 'W_Validate application|ate_abort')","('workload', ('W_Validate application|suspend', 'W_Validate application|ate_abort'))",2.5,265
2857,2857,workload,"('O_Accepted', 'A_Pending')","('workload', ('O_Accepted', 'A_Pending'))",26.428571428571427,265
2858,2858,enter,"('W_Validate application|schedule', 'W_Validate application|start')","('enter', ('W_Validate application|schedule', 'W_Validate application|start'))",189,266
2859,2859,enter,"('W_Validate application|start', 'A_Validating')","('enter', ('W_Validate application|start', 'A_Validating'))",189,266
2860,2860,enter,"('A_Validating', 'W_Validate application|suspend')","('enter', ('A_Validating', 'W_Validate application|suspend'))",83,266
2861,2861,exit,"('W_Validate application|schedule', 'W_Validate application|start')","('exit', ('W_Validate application|schedule', 'W_Validate application|start'))",189,266
2862,2862,exit,"('W_Validate application|start', 'A_Validating')","('exit', ('W_Validate application|start', 'A_Validating'))",189,266
2863,2863,exit,"('A_Validating', 'W_Validate application|suspend')","('exit', ('A_Validating', 'W_Validate application|suspend'))",83,266
2864,2864,handover,"('W_Call after offers|suspend', 'W_Call after offers|resume')","('handover', ('W_Call after offers|suspend', 'W_Call after offers|resume'))",25.0,266
2865,2865,workload,"('O_Sent (mail and online)', 'W_Complete application|ate_abort')","('workload', ('O_Sent (mail and online)', 'W_Complete application|ate_abort'))",3.0833333333333335,266
2866,2866,workload,"('W_Complete application|ate_abort', 'W_Call after offers|schedule')","('workload', ('W_Complete application|ate_abort', 'W_Call after offers|schedule'))",3.0833333333333335,266
2867,2867,workload,"('W_Call after offers|resume', 'W_Call after offers|suspend')","('workload', ('W_Call after offers|resume', 'W_Call after offers|suspend'))",66.0,266
2868,2868,workload,"('W_Validate application|schedule', 'W_Validate application|start')","('workload', ('W_Validate application|schedule', 'W_Validate application|start'))",13.5,266
2869,2869,workload,"('W_Validate application|start', 'A_Validating')","('workload', ('W_Validate application|start', 'A_Validating'))",13.5,266
2870,2870,workload,"('W_Complete application|schedule', 'W_Complete application|start')","('workload', ('W_Complete application|schedule', 'W_Complete application|start'))",4.3,266
2871,2871,workload,"('W_Complete application|start', 'A_Concept')","('workload', ('W_Complete application|start', 'A_Concept'))",3.6666666666666665,266
2872,2872,handover,"('W_Call incomplete files|suspend', 'W_Call incomplete files|resume')","('handover', ('W_Call incomplete files|suspend', 'W_Call incomplete files|resume'))",7.0,267
2873,2873,handover,"('W_Call incomplete files|suspend', 'W_Call incomplete files|ate_abort')","('handover', ('W_Call incomplete files|suspend', 'W_Call incomplete files|ate_abort'))",6.0,267
2874,2874,workload,"('A_Accepted', 'O_Create Offer')","('workload', ('A_Accepted', 'O_Create Offer'))",6.538461538461538,267
2875,2875,workload,"('W_Call incomplete files|resume', 'W_Call incomplete files|suspend')","('workload', ('W_Call incomplete files|resume', 'W_Call incomplete files|suspend'))",31.0,267
2876,2876,workload,"('W_Call incomplete files|ate_abort', 'W_Validate application|schedule')","('workload', ('W_Call incomplete files|ate_abort', 'W_Validate application|schedule'))",9.0,267
2877,2877,workload,"('A_Validating', 'W_Validate application|suspend')","('workload', ('A_Validating', 'W_Validate application|suspend'))",8.0,267
2878,2878,workload,"('O_Sent (mail and online)', 'W_Complete application|complete')","('workload', ('O_Sent (mail and online)', 'W_Complete application|complete'))",4.818181818181818,267
2879,2879,workload,"('W_Complete application|complete', 'W_Call after offers|schedule')","('workload', ('W_Complete application|complete', 'W_Call after offers|schedule'))",4.909090909090909,267
2880,2880,enter,"('W_Call after offers|resume', 'W_Call after offers|suspend')","('enter', ('W_Call after offers|resume', 'W_Call after offers|suspend'))",268,269
2881,2881,enter,"('W_Call after offers|suspend', 'W_Call after offers|ate_abort')","('enter', ('W_Call after offers|suspend', 'W_Call after offers|ate_abort'))",153,269
2882,2882,enter,"('W_Complete application|schedule', 'W_Complete application|start')","('enter', ('W_Complete application|schedule', 'W_Complete application|start'))",97,269
2883,2883,enter,"('W_Complete application|start', 'A_Concept')","('enter', ('W_Complete application|start', 'A_Concept'))",81,269
2884,2884,exit,"('W_Call after offers|suspend', 'W_Call after offers|resume')","('exit', ('W_Call after offers|suspend', 'W_Call after offers|resume'))",262,269
2885,2885,exit,"('W_Call after offers|resume', 'W_Call after offers|suspend')","('exit', ('W_Call after offers|resume', 'W_Call after offers|suspend'))",268,269
2886,2886,exit,"('W_Complete application|schedule', 'W_Complete application|start')","('exit', ('W_Complete application|schedule', 'W_Complete application|start'))",97,269
2887,2887,exit,"('W_Complete application|start', 'A_Concept')","('exit', ('W_Complete application|start', 'A_Concept'))",81,269
2888,2888,handover,"('W_Call after offers|suspend', 'W_Call after offers|resume')","('handover', ('W_Call after offers|suspend', 'W_Call after offers|resume'))",13.0,269
2889,2889,workload,"('W_Call after offers|suspend', 'W_Call after offers|resume')","('workload', ('W_Call after offers|suspend', 'W_Call after offers|resume'))",22.0,269
2890,2890,workload,"('W_Call after offers|resume', 'W_Call after offers|suspend')","('workload', ('W_Call after offers|resume', 'W_Call after offers|suspend'))",89.33333333333333,269
2891,2891,workload,"('W_Call after offers|ate_abort', 'W_Validate application|schedule')","('workload', ('W_Call after offers|ate_abort', 'W_Validate application|schedule'))",19.0,269
2892,2892,workload,"('O_Accepted', 'A_Pending')","('workload', ('O_Accepted', 'A_Pending'))",9.5,269
2893,2893,workload,"('W_Complete application|schedule', 'W_Complete application|start')","('workload', ('W_Complete application|schedule', 'W_Complete application|start'))",5.105263157894737,269
2894,2894,workload,"('W_Complete application|start', 'A_Concept')","('workload', ('W_Complete application|start', 'A_Concept'))",4.2631578947368425,269
2895,2895,enter,"('A_Create Application', 'A_Submitted')","('enter', ('A_Create Application', 'A_Submitted'))",84,270
2896,2896,enter,"('A_Submitted', 'W_Handle leads|schedule')","('enter', ('A_Submitted', 'W_Handle leads|schedule'))",84,270
2897,2897,enter,"('W_Handle leads|schedule', 'W_Handle leads|withdraw')","('enter', ('W_Handle leads|schedule', 'W_Handle leads|withdraw'))",70,270
2898,2898,enter,"('W_Handle leads|withdraw', 'W_Complete application|schedule')","('enter', ('W_Handle leads|withdraw', 'W_Complete application|schedule'))",70,270
2899,2899,enter,"('W_Complete application|schedule', 'A_Concept')","('enter', ('W_Complete application|schedule', 'A_Concept'))",71,270
2900,2900,enter,"('A_Concept', 'W_Complete application|start')","('enter', ('A_Concept', 'W_Complete application|start'))",69,270
2901,2901,enter,"('O_Accepted', 'A_Pending')","('enter', ('O_Accepted', 'A_Pending'))",100,270
2902,2902,exit,"('A_Create Application', 'A_Submitted')","('exit', ('A_Create Application', 'A_Submitted'))",84,270
2903,2903,exit,"('A_Submitted', 'W_Handle leads|schedule')","('exit', ('A_Submitted', 'W_Handle leads|schedule'))",84,270
2904,2904,exit,"('W_Handle leads|schedule', 'W_Handle leads|withdraw')","('exit', ('W_Handle leads|schedule', 'W_Handle leads|withdraw'))",70,270
2905,2905,exit,"('W_Handle leads|withdraw', 'W_Complete application|schedule')","('exit', ('W_Handle leads|withdraw', 'W_Complete application|schedule'))",70,270
2906,2906,exit,"('W_Complete application|schedule', 'A_Concept')","('exit', ('W_Complete application|schedule', 'A_Concept'))",71,270
2907,2907,exit,"('O_Accepted', 'A_Pending')","('exit', ('O_Accepted', 'A_Pending'))",100,270
2908,2908,exit,"('W_Complete application|suspend', 'W_Complete application|resume')","('exit', ('W_Complete application|suspend', 'W_Complete application|resume'))",108,270
2909,2909,workload,"('O_Accepted', 'A_Pending')","('workload', ('O_Accepted', 'A_Pending'))",11.11111111111111,270
2910,2910,enter,"('W_Call after offers|ate_abort', 'W_Validate application|schedule')","('enter', ('W_Call after offers|ate_abort', 'W_Validate application|schedule'))",153,271
2911,2911,enter,"('W_Validate application|schedule', 'W_Validate application|start')","('enter', ('W_Validate application|schedule', 'W_Validate application|start'))",239,271
2912,2912,enter,"('W_Validate application|start', 'A_Validating')","('enter', ('W_Validate application|start', 'A_Validating'))",239,271
2913,2913,enter,"('A_Validating', 'O_Returned')","('enter', ('A_Validating', 'O_Returned'))",144,271
2914,2914,enter,"('O_Returned', 'W_Validate application|suspend')","('enter', ('O_Returned', 'W_Validate application|suspend'))",119,271
2915,2915,enter,"('W_Call incomplete files|ate_abort', 'W_Validate application|schedule')","('enter', ('W_Call incomplete files|ate_abort', 'W_Validate application|schedule'))",83,271
2916,2916,enter,"('O_Accepted', 'A_Pending')","('enter', ('O_Accepted', 'A_Pending'))",80,271
2917,2917,enter,"('W_Complete application|suspend', 'W_Complete application|resume')","('enter', ('W_Complete application|suspend', 'W_Complete application|resume'))",114,271
2918,2918,enter,"('O_Sent (mail and online)', 'W_Complete application|complete')","('enter', ('O_Sent (mail and online)', 'W_Complete application|complete'))",88,271
2919,2919,enter,"('W_Complete application|complete', 'W_Call after offers|schedule')","('enter', ('W_Complete application|complete', 'W_Call after offers|schedule'))",91,271
2920,2920,exit,"('A_Concept', 'W_Complete application|start')","('exit', ('A_Concept', 'W_Complete application|start'))",86,271
2921,2921,exit,"('W_Call after offers|suspend', 'W_Call after offers|ate_abort')","('exit', ('W_Call after offers|suspend', 'W_Call after offers|ate_abort'))",147,271
2922,2922,exit,"('W_Call after offers|ate_abort', 'W_Validate application|schedule')","('exit', ('W_Call after offers|ate_abort', 'W_Validate application|schedule'))",153,271
2923,2923,exit,"('W_Validate application|schedule', 'W_Validate application|start')","('exit', ('W_Validate application|schedule', 'W_Validate application|start'))",239,271
2924,2924,exit,"('W_Validate application|start', 'A_Validating')","('exit', ('W_Validate application|start', 'A_Validating'))",239,271
2925,2925,exit,"('A_Validating', 'O_Returned')","('exit', ('A_Validating', 'O_Returned'))",144,271
2926,2926,exit,"('O_Returned', 'W_Validate application|suspend')","('exit', ('O_Returned', 'W_Validate application|suspend'))",119,271
2927,2927,exit,"('W_Call incomplete files|suspend', 'W_Call incomplete files|ate_abort')","('exit', ('W_Call incomplete files|suspend', 'W_Call incomplete files|ate_abort'))",75,271
2928,2928,exit,"('W_Call incomplete files|ate_abort', 'W_Validate application|schedule')","('exit', ('W_Call incomplete files|ate_abort', 'W_Validate application|schedule'))",83,271
2929,2929,exit,"('O_Accepted', 'A_Pending')","('exit', ('O_Accepted', 'A_Pending'))",80,271
2930,2930,exit,"('W_Complete application|suspend', 'W_Complete application|resume')","('exit', ('W_Complete application|suspend', 'W_Complete application|resume'))",108,271
2931,2931,exit,"('O_Sent (mail and online)', 'W_Complete application|complete')","('exit', ('O_Sent (mail and online)', 'W_Complete application|complete'))",88,271
2932,2932,exit,"('W_Complete application|complete', 'W_Call after offers|schedule')","('exit', ('W_Complete application|complete', 'W_Call after offers|schedule'))",91,271
2933,2933,workload,"('W_Call after offers|ate_abort', 'W_Validate application|schedule')","('workload', ('W_Call after offers|ate_abort', 'W_Validate application|schedule'))",19.125,271
2934,2934,workload,"('W_Validate application|schedule', 'W_Validate application|start')","('workload', ('W_Validate application|schedule', 'W_Validate application|start'))",17.071428571428573,271
2935,2935,workload,"('W_Validate application|start', 'A_Validating')","('workload', ('W_Validate application|start', 'A_Validating'))",17.071428571428573,271
2936,2936,enter,"('W_Call after offers|suspend', 'W_Call after offers|resume')","('enter', ('W_Call after offers|suspend', 'W_Call after offers|resume'))",138,272
2937,2937,enter,"('O_Sent (mail and online)', 'W_Complete application|complete')","('enter', ('O_Sent (mail and online)', 'W_Complete application|complete'))",92,272
2938,2938,enter,"('W_Complete application|complete', 'W_Call after offers|schedule')","('enter', ('W_Complete application|complete', 'W_Call after offers|schedule'))",92,272
2939,2939,enter,"('W_Complete application|resume', 'W_Complete application|suspend')","('enter', ('W_Complete application|resume', 'W_Complete application|suspend'))",89,272
2940,2940,exit,"('W_Complete application|suspend', 'W_Complete application|resume')","('exit', ('W_Complete application|suspend', 'W_Complete application|resume'))",132,272
2941,2941,exit,"('O_Sent (mail and online)', 'W_Complete application|complete')","('exit', ('O_Sent (mail and online)', 'W_Complete application|complete'))",92,272
2942,2942,exit,"('W_Complete application|complete', 'W_Call after offers|schedule')","('exit', ('W_Complete application|complete', 'W_Call after offers|schedule'))",92,272
2943,2943,exit,"('W_Complete application|resume', 'W_Complete application|suspend')","('exit', ('W_Complete application|resume', 'W_Complete application|suspend'))",89,272
2944,2944,handover,"('W_Validate application|suspend', 'W_Validate application|resume')","('handover', ('W_Validate application|suspend', 'W_Validate application|resume'))",3.4,272
2945,2945,workload,"('O_Accepted', 'A_Pending')","('workload', ('O_Accepted', 'A_Pending'))",12.333333333333334,272
2946,2946,enter,"('W_Call incomplete files|suspend', 'W_Call incomplete files|resume')","('enter', ('W_Call incomplete files|suspend', 'W_Call incomplete files|resume'))",198,273
2947,2947,enter,"('O_Accepted', 'A_Pending')","('enter', ('O_Accepted', 'A_Pending'))",120,273
2948,2948,exit,"('O_Accepted', 'A_Pending')","('exit', ('O_Accepted', 'A_Pending'))",120,273
2949,2949,handover,"('W_Validate application|suspend', 'W_Validate application|resume')","('handover', ('W_Validate application|suspend', 'W_Validate application|resume'))",3.6666666666666665,273
2950,2950,workload,"('W_Call after offers|ate_abort', 'W_Validate application|schedule')","('workload', ('W_Call after offers|ate_abort', 'W_Validate application|schedule'))",19.0,273
2951,2951,workload,"('W_Validate application|schedule', 'W_Validate application|start')","('workload', ('W_Validate application|schedule', 'W_Validate application|start'))",13.666666666666666,273
2952,2952,workload,"('W_Validate application|start', 'A_Validating')","('workload', ('W_Validate application|start', 'A_Validating'))",14.818181818181818,273
2953,2953,workload,"('A_Validating', 'O_Returned')","('workload', ('A_Validating', 'O_Returned'))",18.4,273
2954,2954,workload,"('O_Returned', 'W_Validate application|suspend')","('workload', ('O_Returned', 'W_Validate application|suspend'))",17.75,273
2955,2955,workload,"('W_Call incomplete files|suspend', 'W_Call incomplete files|resume')","('workload', ('W_Call incomplete files|suspend', 'W_Call incomplete files|resume'))",11.333333333333334,273
2956,2956,workload,"('O_Accepted', 'A_Pending')","('workload', ('O_Accepted', 'A_Pending'))",13.333333333333334,273
2957,2957,handover,"('W_Validate application|suspend', 'W_Validate application|ate_abort')","('handover', ('W_Validate application|suspend', 'W_Validate application|ate_abort'))",2.5,275
2958,2958,enter,"('A_Create Application', 'A_Submitted')","('enter', ('A_Create Application', 'A_Submitted'))",92,276
2959,2959,enter,"('A_Submitted', 'W_Handle leads|schedule')","('enter', ('A_Submitted', 'W_Handle leads|schedule'))",92,276
2960,2960,enter,"('W_Handle leads|schedule', 'W_Handle leads|withdraw')","('enter', ('W_Handle leads|schedule', 'W_Handle leads|withdraw'))",75,276
2961,2961,enter,"('W_Handle leads|withdraw', 'W_Complete application|schedule')","('enter', ('W_Handle leads|withdraw', 'W_Complete application|schedule'))",75,276
2962,2962,enter,"('W_Complete application|schedule', 'A_Concept')","('enter', ('W_Complete application|schedule', 'A_Concept'))",76,276
2963,2963,enter,"('A_Concept', 'W_Complete application|start')","('enter', ('A_Concept', 'W_Complete application|start'))",76,276
2964,2964,enter,"('W_Complete application|start', 'W_Complete application|suspend')","('enter', ('W_Complete application|start', 'W_Complete application|suspend'))",64,276
2965,2965,enter,"('A_Complete', 'W_Call after offers|suspend')","('enter', ('A_Complete', 'W_Call after offers|suspend'))",138,276
2966,2966,enter,"('W_Call after offers|resume', 'W_Call after offers|suspend')","('enter', ('W_Call after offers|resume', 'W_Call after offers|suspend'))",285,276
2967,2967,enter,"('W_Call after offers|suspend', 'W_Call after offers|ate_abort')","('enter', ('W_Call after offers|suspend', 'W_Call after offers|ate_abort'))",205,276
2968,2968,enter,"('W_Call incomplete files|suspend', 'W_Call incomplete files|resume')","('enter', ('W_Call incomplete files|suspend', 'W_Call incomplete files|resume'))",221,276
2969,2969,enter,"('W_Call incomplete files|resume', 'W_Call incomplete files|suspend')","('enter', ('W_Call incomplete files|resume', 'W_Call incomplete files|suspend'))",244,276
2970,2970,enter,"('W_Call incomplete files|suspend', 'W_Call incomplete files|ate_abort')","('enter', ('W_Call incomplete files|suspend', 'W_Call incomplete files|ate_abort'))",72,276
2971,2971,enter,"('W_Complete application|suspend', 'W_Complete application|resume')","('enter', ('W_Complete application|suspend', 'W_Complete application|resume'))",130,276
2972,2972,enter,"('O_Sent (mail and online)', 'W_Complete application|complete')","('enter', ('O_Sent (mail and online)', 'W_Complete application|complete'))",90,276
2973,2973,enter,"('W_Complete application|complete', 'W_Call after offers|schedule')","('enter', ('W_Complete application|complete', 'W_Call after offers|schedule'))",91,276
2974,2974,enter,"('W_Complete application|schedule', 'W_Complete application|start')","('enter', ('W_Complete application|schedule', 'W_Complete application|start'))",91,276
2975,2975,enter,"('W_Complete application|start', 'A_Concept')","('enter', ('W_Complete application|start', 'A_Concept'))",68,276
2976,2976,exit,"('A_Create Application', 'A_Submitted')","('exit', ('A_Create Application', 'A_Submitted'))",92,276
2977,2977,exit,"('A_Submitted', 'W_Handle leads|schedule')","('exit', ('A_Submitted', 'W_Handle leads|schedule'))",92,276
2978,2978,exit,"('W_Handle leads|schedule', 'W_Handle leads|withdraw')","('exit', ('W_Handle leads|schedule', 'W_Handle leads|withdraw'))",75,276
2979,2979,exit,"('W_Handle leads|withdraw', 'W_Complete application|schedule')","('exit', ('W_Handle leads|withdraw', 'W_Complete application|schedule'))",75,276
2980,2980,exit,"('W_Complete application|schedule', 'A_Concept')","('exit', ('W_Complete application|schedule', 'A_Concept'))",76,276
2981,2981,exit,"('W_Complete application|start', 'W_Complete application|suspend')","('exit', ('W_Complete application|start', 'W_Complete application|suspend'))",64,276
2982,2982,exit,"('A_Complete', 'W_Call after offers|suspend')","('exit', ('A_Complete', 'W_Call after offers|suspend'))",138,276
2983,2983,exit,"('W_Call after offers|suspend', 'W_Call after offers|resume')","('exit', ('W_Call after offers|suspend', 'W_Call after offers|resume'))",273,276
2984,2984,exit,"('W_Call after offers|resume', 'W_Call after offers|suspend')","('exit', ('W_Call after offers|resume', 'W_Call after offers|suspend'))",285,276
2985,2985,exit,"('W_Call incomplete files|suspend', 'W_Call incomplete files|resume')","('exit', ('W_Call incomplete files|suspend', 'W_Call incomplete files|resume'))",254,276
2986,2986,exit,"('W_Call incomplete files|resume', 'W_Call incomplete files|suspend')","('exit', ('W_Call incomplete files|resume', 'W_Call incomplete files|suspend'))",244,276
2987,2987,exit,"('O_Sent (mail and online)', 'W_Complete application|complete')","('exit', ('O_Sent (mail and online)', 'W_Complete application|complete'))",90,276
2988,2988,exit,"('W_Complete application|complete', 'W_Call after offers|schedule')","('exit', ('W_Complete application|complete', 'W_Call after offers|schedule'))",91,276
2989,2989,exit,"('W_Complete application|schedule', 'W_Complete application|start')","('exit', ('W_Complete application|schedule', 'W_Complete application|start'))",91,276
2990,2990,exit,"('W_Complete application|start', 'A_Concept')","('exit', ('W_Complete application|start', 'A_Concept'))",68,276
2991,2991,handover,"('W_Validate application|suspend', 'W_Validate application|resume')","('handover', ('W_Validate application|suspend', 'W_Validate application|resume'))",3.4285714285714284,276
2992,2992,workload,"('W_Complete application|start', 'W_Complete application|suspend')","('workload', ('W_Complete application|start', 'W_Complete application|suspend'))",6.4,276
2993,2993,workload,"('A_Validating', 'O_Returned')","('workload', ('A_Validating', 'O_Returned'))",19.0,276
2994,2994,workload,"('W_Complete application|schedule', 'W_Complete application|start')","('workload', ('W_Complete application|schedule', 'W_Complete application|start'))",4.136363636363637,276
2995,2995,enter,"('A_Create Application', 'A_Submitted')","('enter', ('A_Create Application', 'A_Submitted'))",82,277
2996,2996,enter,"('A_Submitted', 'W_Handle leads|schedule')","('enter', ('A_Submitted', 'W_Handle leads|schedule'))",82,277
2997,2997,enter,"('W_Handle leads|schedule', 'W_Handle leads|withdraw')","('enter', ('W_Handle leads|schedule', 'W_Handle leads|withdraw'))",74,277
2998,2998,enter,"('W_Handle leads|withdraw', 'W_Complete application|schedule')","('enter', ('W_Handle leads|withdraw', 'W_Complete application|schedule'))",74,277
2999,2999,enter,"('W_Complete application|schedule', 'A_Concept')","('enter', ('W_Complete application|schedule', 'A_Concept'))",74,277
3000,3000,enter,"('A_Concept', 'W_Complete application|start')","('enter', ('A_Concept', 'W_Complete application|start'))",71,277
3001,3001,enter,"('W_Complete application|start', 'W_Complete application|suspend')","('enter', ('W_Complete application|start', 'W_Complete application|suspend'))",62,277
3002,3002,enter,"('W_Complete application|ate_abort', 'W_Call after offers|schedule')","('enter', ('W_Complete application|ate_abort', 'W_Call after offers|schedule'))",51,277
3003,3003,enter,"('W_Call after offers|suspend', 'W_Call after offers|resume')","('enter', ('W_Call after offers|suspend', 'W_Call after offers|resume'))",142,277
3004,3004,enter,"('W_Call incomplete files|suspend', 'W_Call incomplete files|ate_abort')","('enter', ('W_Call incomplete files|suspend', 'W_Call incomplete files|ate_abort'))",72,277
3005,3005,exit,"('A_Create Application', 'A_Submitted')","('exit', ('A_Create Application', 'A_Submitted'))",82,277
3006,3006,exit,"('A_Submitted', 'W_Handle leads|schedule')","('exit', ('A_Submitted', 'W_Handle leads|schedule'))",82,277
3007,3007,exit,"('W_Handle leads|schedule', 'W_Handle leads|withdraw')","('exit', ('W_Handle leads|schedule', 'W_Handle leads|withdraw'))",74,277
3008,3008,exit,"('W_Handle leads|withdraw', 'W_Complete application|schedule')","('exit', ('W_Handle leads|withdraw', 'W_Complete application|schedule'))",74,277
3009,3009,exit,"('W_Complete application|schedule', 'A_Concept')","('exit', ('W_Complete application|schedule', 'A_Concept'))",74,277
3010,3010,exit,"('W_Complete application|start', 'W_Complete application|suspend')","('exit', ('W_Complete application|start', 'W_Complete application|suspend'))",62,277
3011,3011,exit,"('W_Complete application|ate_abort', 'W_Call after offers|schedule')","('exit', ('W_Complete application|ate_abort', 'W_Call after offers|schedule'))",51,277
3012,3012,handover,"('W_Validate application|suspend', 'W_Validate application|ate_abort')","('handover', ('W_Validate application|suspend', 'W_Validate application|ate_abort'))",2.2857142857142856,277
3013,3013,workload,"('W_Complete application|start', 'W_Complete application|suspend')","('workload', ('W_Complete application|start', 'W_Complete application|suspend'))",6.888888888888889,277
3014,3014,workload,"('W_Validate application|ate_abort', 'W_Call incomplete files|schedule')","('workload', ('W_Validate application|ate_abort', 'W_Call incomplete files|schedule'))",8.75,277
3015,3015,workload,"('O_Accepted', 'A_Pending')","('workload', ('O_Accepted', 'A_Pending'))",9.428571428571429,277
3016,3016,workload,"('W_Complete application|resume', 'W_Complete application|suspend')","('workload', ('W_Complete application|resume', 'W_Complete application|suspend'))",7.0,277
3017,3017,enter,"('A_Concept', 'W_Complete application|start')","('enter', ('A_Concept', 'W_Complete application|start'))",58,278
3018,3018,enter,"('W_Call after offers|ate_abort', 'W_Validate application|schedule')","('enter', ('W_Call after offers|ate_abort', 'W_Validate application|schedule'))",157,278
3019,3019,enter,"('W_Validate application|schedule', 'W_Validate application|start')","('enter', ('W_Validate application|schedule', 'W_Validate application|start'))",248,278
3020,3020,enter,"('W_Validate application|start', 'A_Validating')","('enter', ('W_Validate application|start', 'A_Validating'))",248,278
3021,3021,enter,"('A_Validating', 'O_Returned')","('enter', ('A_Validating', 'O_Returned'))",144,278
3022,3022,enter,"('O_Returned', 'W_Validate application|suspend')","('enter', ('O_Returned', 'W_Validate application|suspend'))",119,278
3023,3023,enter,"('W_Validate application|suspend', 'W_Validate application|ate_abort')","('enter', ('W_Validate application|suspend', 'W_Validate application|ate_abort'))",108,278
3024,3024,enter,"('W_Call incomplete files|schedule', 'W_Call incomplete files|start')","('enter', ('W_Call incomplete files|schedule', 'W_Call incomplete files|start'))",135,278
3025,3025,enter,"('W_Call incomplete files|start', 'A_Incomplete')","('enter', ('W_Call incomplete files|start', 'A_Incomplete'))",135,278
3026,3026,enter,"('A_Incomplete', 'W_Call incomplete files|suspend')","('enter', ('A_Incomplete', 'W_Call incomplete files|suspend'))",119,278
3027,3027,enter,"('W_Call incomplete files|suspend', 'W_Call incomplete files|resume')","('enter', ('W_Call incomplete files|suspend', 'W_Call incomplete files|resume'))",224,278
3028,3028,enter,"('W_Call incomplete files|ate_abort', 'W_Validate application|schedule')","('enter', ('W_Call incomplete files|ate_abort', 'W_Validate application|schedule'))",81,278
3029,3029,enter,"('A_Validating', 'W_Validate application|suspend')","('enter', ('A_Validating', 'W_Validate application|suspend'))",83,278
3030,3030,enter,"('W_Validate application|complete', 'W_Call incomplete files|schedule')","('enter', ('W_Validate application|complete', 'W_Call incomplete files|schedule'))",64,278
3031,3031,exit,"('W_Call after offers|suspend', 'W_Call after offers|ate_abort')","('exit', ('W_Call after offers|suspend', 'W_Call after offers|ate_abort'))",145,278
3032,3032,exit,"('W_Call after offers|ate_abort', 'W_Validate application|schedule')","('exit', ('W_Call after offers|ate_abort', 'W_Validate application|schedule'))",157,278
3033,3033,exit,"('W_Validate application|schedule', 'W_Validate application|start')","('exit', ('W_Validate application|schedule', 'W_Validate application|start'))",248,278
3034,3034,exit,"('W_Validate application|start', 'A_Validating')","('exit', ('W_Validate application|start', 'A_Validating'))",248,278
3035,3035,exit,"('A_Validating', 'O_Returned')","('exit', ('A_Validating', 'O_Returned'))",144,278
3036,3036,exit,"('O_Returned', 'W_Validate application|suspend')","('exit', ('O_Returned', 'W_Validate application|suspend'))",119,278
3037,3037,exit,"('W_Call incomplete files|schedule', 'W_Call incomplete files|start')","('exit', ('W_Call incomplete files|schedule', 'W_Call incomplete files|start'))",135,278
3038,3038,exit,"('W_Call incomplete files|start', 'A_Incomplete')","('exit', ('W_Call incomplete files|start', 'A_Incomplete'))",135,278
3039,3039,exit,"('A_Incomplete', 'W_Call incomplete files|suspend')","('exit', ('A_Incomplete', 'W_Call incomplete files|suspend'))",119,278
3040,3040,exit,"('W_Call incomplete files|suspend', 'W_Call incomplete files|resume')","('exit', ('W_Call incomplete files|suspend', 'W_Call incomplete files|resume'))",205,278
3041,3041,exit,"('W_Call incomplete files|suspend', 'W_Call incomplete files|ate_abort')","('exit', ('W_Call incomplete files|suspend', 'W_Call incomplete files|ate_abort'))",73,278
3042,3042,exit,"('W_Call incomplete files|ate_abort', 'W_Validate application|schedule')","('exit', ('W_Call incomplete files|ate_abort', 'W_Validate application|schedule'))",81,278
3043,3043,exit,"('A_Validating', 'W_Validate application|suspend')","('exit', ('A_Validating', 'W_Validate application|suspend'))",83,278
3044,3044,exit,"('W_Validate application|complete', 'W_Call incomplete files|schedule')","('exit', ('W_Validate application|complete', 'W_Call incomplete files|schedule'))",64,278
3045,3045,workload,"('W_Call after offers|ate_abort', 'W_Validate application|schedule')","('workload', ('W_Call after offers|ate_abort', 'W_Validate application|schedule'))",19.625,278
3046,3046,workload,"('W_Validate application|schedule', 'W_Validate application|start')","('workload', ('W_Validate application|schedule', 'W_Validate application|start'))",16.533333333333335,278
3047,3047,workload,"('W_Validate application|start', 'A_Validating')","('workload', ('W_Validate application|start', 'A_Validating'))",16.533333333333335,278
3048,3048,workload,"('A_Validating', 'O_Returned')","('workload', ('A_Validating', 'O_Returned'))",20.571428571428573,278
3049,3049,workload,"('O_Returned', 'W_Validate application|suspend')","('workload', ('O_Returned', 'W_Validate application|suspend'))",16.857142857142858,278
3050,3050,workload,"('W_Validate application|ate_abort', 'W_Call incomplete files|schedule')","('workload', ('W_Validate application|ate_abort', 'W_Call incomplete files|schedule'))",7.888888888888889,278
3051,3051,workload,"('W_Complete application|suspend', 'W_Complete application|resume')","('workload', ('W_Complete application|suspend', 'W_Complete application|resume'))",3.5,278
3052,3052,enter,"('A_Create Application', 'A_Submitted')","('enter', ('A_Create Application', 'A_Submitted'))",79,279
3053,3053,enter,"('A_Submitted', 'W_Handle leads|schedule')","('enter', ('A_Submitted', 'W_Handle leads|schedule'))",79,279
3054,3054,enter,"('A_Concept', 'W_Complete application|start')","('enter', ('A_Concept', 'W_Complete application|start'))",64,279
3055,3055,enter,"('W_Validate application|ate_abort', 'W_Call incomplete files|schedule')","('enter', ('W_Validate application|ate_abort', 'W_Call incomplete files|schedule'))",92,279
3056,3056,enter,"('W_Call incomplete files|schedule', 'W_Call incomplete files|start')","('enter', ('W_Call incomplete files|schedule', 'W_Call incomplete files|start'))",139,279
3057,3057,enter,"('W_Call incomplete files|start', 'A_Incomplete')","('enter', ('W_Call incomplete files|start', 'A_Incomplete'))",139,279
3058,3058,enter,"('A_Incomplete', 'W_Call incomplete files|suspend')","('enter', ('A_Incomplete', 'W_Call incomplete files|suspend'))",132,279
3059,3059,exit,"('A_Create Application', 'A_Submitted')","('exit', ('A_Create Application', 'A_Submitted'))",79,279
3060,3060,exit,"('A_Submitted', 'W_Handle leads|schedule')","('exit', ('A_Submitted', 'W_Handle leads|schedule'))",79,279
3061,3061,exit,"('W_Validate application|suspend', 'W_Validate application|ate_abort')","('exit', ('W_Validate application|suspend', 'W_Validate application|ate_abort'))",92,279
3062,3062,exit,"('W_Validate application|ate_abort', 'W_Call incomplete files|schedule')","('exit', ('W_Validate application|ate_abort', 'W_Call incomplete files|schedule'))",92,279
3063,3063,exit,"('W_Call incomplete files|schedule', 'W_Call incomplete files|start')","('exit', ('W_Call incomplete files|schedule', 'W_Call incomplete files|start'))",139,279
3064,3064,exit,"('W_Call incomplete files|start', 'A_Incomplete')","('exit', ('W_Call incomplete files|start', 'A_Incomplete'))",139,279
3065,3065,exit,"('A_Incomplete', 'W_Call incomplete files|suspend')","('exit', ('A_Incomplete', 'W_Call incomplete files|suspend'))",132,279
3066,3066,handover,"('W_Validate application|suspend', 'W_Validate application|resume')","('handover', ('W_Validate application|suspend', 'W_Validate application|resume'))",3.4,279
3067,3067,workload,"('W_Complete application|start', 'W_Complete application|suspend')","('workload', ('W_Complete application|start', 'W_Complete application|suspend'))",5.555555555555555,279
3068,3068,workload,"('W_Validate application|ate_abort', 'W_Call incomplete files|schedule')","('workload', ('W_Validate application|ate_abort', 'W_Call incomplete files|schedule'))",9.2,279
3069,3069,workload,"('W_Call incomplete files|schedule', 'W_Call incomplete files|start')","('workload', ('W_Call incomplete files|schedule', 'W_Call incomplete files|start'))",8.176470588235293,279
3070,3070,workload,"('W_Call incomplete files|start', 'A_Incomplete')","('workload', ('W_Call incomplete files|start', 'A_Incomplete'))",8.176470588235293,279
3071,3071,workload,"('A_Incomplete', 'W_Call incomplete files|suspend')","('workload', ('A_Incomplete', 'W_Call incomplete files|suspend'))",8.1875,279
3072,3072,enter,"('A_Concept', 'W_Complete application|start')","('enter', ('A_Concept', 'W_Complete application|start'))",59,280
3073,3073,enter,"('W_Validate application|ate_abort', 'W_Call incomplete files|schedule')","('enter', ('W_Validate application|ate_abort', 'W_Call incomplete files|schedule'))",92,280
3074,3074,enter,"('W_Call incomplete files|schedule', 'W_Call incomplete files|start')","('enter', ('W_Call incomplete files|schedule', 'W_Call incomplete files|start'))",148,280
3075,3075,enter,"('W_Call incomplete files|start', 'A_Incomplete')","('enter', ('W_Call incomplete files|start', 'A_Incomplete'))",148,280
3076,3076,enter,"('A_Incomplete', 'W_Call incomplete files|suspend')","('enter', ('A_Incomplete', 'W_Call incomplete files|suspend'))",139,280
3077,3077,enter,"('W_Call incomplete files|suspend', 'W_Call incomplete files|resume')","('enter', ('W_Call incomplete files|suspend', 'W_Call incomplete files|resume'))",268,280
3078,3078,enter,"('W_Call incomplete files|resume', 'W_Call incomplete files|suspend')","('enter', ('W_Call incomplete files|resume', 'W_Call incomplete files|suspend'))",268,280
3079,3079,enter,"('W_Call incomplete files|suspend', 'W_Call incomplete files|ate_abort')","('enter', ('W_Call incomplete files|suspend', 'W_Call incomplete files|ate_abort'))",91,280
3080,3080,exit,"('W_Validate application|suspend', 'W_Validate application|ate_abort')","('exit', ('W_Validate application|suspend', 'W_Validate application|ate_abort'))",90,280
3081,3081,exit,"('W_Validate application|ate_abort', 'W_Call incomplete files|schedule')","('exit', ('W_Validate application|ate_abort', 'W_Call incomplete files|schedule'))",92,280
3082,3082,exit,"('W_Call incomplete files|schedule', 'W_Call incomplete files|start')","('exit', ('W_Call incomplete files|schedule', 'W_Call incomplete files|start'))",148,280
3083,3083,exit,"('W_Call incomplete files|start', 'A_Incomplete')","('exit', ('W_Call incomplete files|start', 'A_Incomplete'))",148,280
3084,3084,exit,"('A_Incomplete', 'W_Call incomplete files|suspend')","('exit', ('A_Incomplete', 'W_Call incomplete files|suspend'))",139,280
3085,3085,exit,"('W_Call incomplete files|suspend', 'W_Call incomplete files|resume')","('exit', ('W_Call incomplete files|suspend', 'W_Call incomplete files|resume'))",284,280
3086,3086,exit,"('W_Call incomplete files|resume', 'W_Call incomplete files|suspend')","('exit', ('W_Call incomplete files|resume', 'W_Call incomplete files|suspend'))",268,280
3087,3087,handover,"('W_Validate application|suspend', 'W_Validate application|resume')","('handover', ('W_Validate application|suspend', 'W_Validate application|resume'))",4.0,280
3088,3088,workload,"('W_Complete application|start', 'W_Complete application|suspend')","('workload', ('W_Complete application|start', 'W_Complete application|suspend'))",7.857142857142857,280
3089,3089,workload,"('W_Validate application|ate_abort', 'W_Call incomplete files|schedule')","('workload', ('W_Validate application|ate_abort', 'W_Call incomplete files|schedule'))",8.363636363636363,280
3090,3090,workload,"('W_Complete application|suspend', 'W_Complete application|resume')","('workload', ('W_Complete application|suspend', 'W_Complete application|resume'))",3.75,280
3091,3091,enter,"('W_Call after offers|resume', 'W_Call after offers|suspend')","('enter', ('W_Call after offers|resume', 'W_Call after offers|suspend'))",247,281
3092,3092,enter,"('W_Call after offers|suspend', 'W_Call after offers|ate_abort')","('enter', ('W_Call after offers|suspend', 'W_Call after offers|ate_abort'))",151,281
3093,3093,exit,"('W_Call after offers|suspend', 'W_Call after offers|resume')","('exit', ('W_Call after offers|suspend', 'W_Call after offers|resume'))",237,281
3094,3094,exit,"('W_Call after offers|resume', 'W_Call after offers|suspend')","('exit', ('W_Call after offers|resume', 'W_Call after offers|suspend'))",247,281
3095,3095,handover,"('W_Validate application|suspend', 'W_Validate application|ate_abort')","('handover', ('W_Validate application|suspend', 'W_Validate application|ate_abort'))",3.5,281
3096,3096,workload,"('W_Validate application|suspend', 'W_Validate application|ate_abort')","('workload', ('W_Validate application|suspend', 'W_Validate application|ate_abort'))",6.0,281
3097,3097,workload,"('W_Validate application|ate_abort', 'W_Call incomplete files|schedule')","('workload', ('W_Validate application|ate_abort', 'W_Call incomplete files|schedule'))",9.666666666666666,281
3098,3098,workload,"('W_Call incomplete files|schedule', 'W_Call incomplete files|start')","('workload', ('W_Call incomplete files|schedule', 'W_Call incomplete files|start'))",9.75,281
3099,3099,workload,"('W_Call incomplete files|start', 'A_Incomplete')","('workload', ('W_Call incomplete files|start', 'A_Incomplete'))",9.75,281
3100,3100,workload,"('A_Incomplete', 'W_Call incomplete files|suspend')","('workload', ('A_Incomplete', 'W_Call incomplete files|suspend'))",9.75,281
3101,3101,workload,"('W_Complete application|suspend', 'W_Complete application|resume')","('workload', ('W_Complete application|suspend', 'W_Complete application|resume'))",5.0,281
3102,3102,workload,"('W_Complete application|start', 'A_Concept')","('workload', ('W_Complete application|start', 'A_Concept'))",3.3333333333333335,281
3103,3103,handover,"('W_Validate application|suspend', 'W_Validate application|ate_abort')","('handover', ('W_Validate application|suspend', 'W_Validate application|ate_abort'))",5.0,282
3104,3104,workload,"('W_Validate application|suspend', 'W_Validate application|ate_abort')","('workload', ('W_Validate application|suspend', 'W_Validate application|ate_abort'))",10.0,282
3105,3105,workload,"('W_Validate application|ate_abort', 'W_Call incomplete files|schedule')","('workload', ('W_Validate application|ate_abort', 'W_Call incomplete files|schedule'))",8.0,282
3106,3106,workload,"('W_Call incomplete files|schedule', 'W_Call incomplete files|start')","('workload', ('W_Call incomplete files|schedule', 'W_Call incomplete files|start'))",9.5,282
3107,3107,workload,"('W_Call incomplete files|start', 'A_Incomplete')","('workload', ('W_Call incomplete files|start', 'A_Incomplete'))",9.5,282
3108,3108,workload,"('A_Incomplete', 'W_Call incomplete files|suspend')","('workload', ('A_Incomplete', 'W_Call incomplete files|suspend'))",9.5,282
3109,3109,enter,"('A_Create Application', 'A_Submitted')","('enter', ('A_Create Application', 'A_Submitted'))",84,283
3110,3110,enter,"('A_Submitted', 'W_Handle leads|schedule')","('enter', ('A_Submitted', 'W_Handle leads|schedule'))",84,283
3111,3111,enter,"('W_Handle leads|schedule', 'W_Handle leads|withdraw')","('enter', ('W_Handle leads|schedule', 'W_Handle leads|withdraw'))",66,283
3112,3112,enter,"('W_Handle leads|withdraw', 'W_Complete application|schedule')","('enter', ('W_Handle leads|withdraw', 'W_Complete application|schedule'))",66,283
3113,3113,enter,"('W_Complete application|schedule', 'A_Concept')","('enter', ('W_Complete application|schedule', 'A_Concept'))",67,283
3114,3114,enter,"('A_Concept', 'W_Complete application|start')","('enter', ('A_Concept', 'W_Complete application|start'))",62,283
3115,3115,enter,"('W_Call incomplete files|ate_abort', 'W_Validate application|schedule')","('enter', ('W_Call incomplete files|ate_abort', 'W_Validate application|schedule'))",85,283
3116,3116,enter,"('A_Validating', 'W_Validate application|suspend')","('enter', ('A_Validating', 'W_Validate application|suspend'))",91,283
3117,3117,exit,"('A_Create Application', 'A_Submitted')","('exit', ('A_Create Application', 'A_Submitted'))",84,283
3118,3118,exit,"('A_Submitted', 'W_Handle leads|schedule')","('exit', ('A_Submitted', 'W_Handle leads|schedule'))",84,283
3119,3119,exit,"('W_Handle leads|schedule', 'W_Handle leads|withdraw')","('exit', ('W_Handle leads|schedule', 'W_Handle leads|withdraw'))",66,283
3120,3120,exit,"('W_Handle leads|withdraw', 'W_Complete application|schedule')","('exit', ('W_Handle leads|withdraw', 'W_Complete application|schedule'))",66,283
3121,3121,exit,"('W_Complete application|schedule', 'A_Concept')","('exit', ('W_Complete application|schedule', 'A_Concept'))",67,283
3122,3122,exit,"('W_Call incomplete files|suspend', 'W_Call incomplete files|ate_abort')","('exit', ('W_Call incomplete files|suspend', 'W_Call incomplete files|ate_abort'))",77,283
3123,3123,exit,"('W_Call incomplete files|ate_abort', 'W_Validate application|schedule')","('exit', ('W_Call incomplete files|ate_abort', 'W_Validate application|schedule'))",85,283
3124,3124,exit,"('A_Validating', 'W_Validate application|suspend')","('exit', ('A_Validating', 'W_Validate application|suspend'))",91,283
3125,3125,workload,"('A_Validating', 'W_Validate application|suspend')","('workload', ('A_Validating', 'W_Validate application|suspend'))",7.583333333333333,283
3126,3126,workload,"('W_Complete application|suspend', 'W_Complete application|resume')","('workload', ('W_Complete application|suspend', 'W_Complete application|resume'))",3.8333333333333335,283
3127,3127,workload,"('W_Complete application|schedule', 'W_Complete application|start')","('workload', ('W_Complete application|schedule', 'W_Complete application|start'))",4.375,283
3128,3128,workload,"('W_Complete application|start', 'A_Concept')","('workload', ('W_Complete application|start', 'A_Concept'))",3.25,283
3129,3129,enter,"('W_Validate application|schedule', 'W_Validate application|start')","('enter', ('W_Validate application|schedule', 'W_Validate application|start'))",200,284
3130,3130,enter,"('W_Validate application|start', 'A_Validating')","('enter', ('W_Validate application|start', 'A_Validating'))",200,284
3131,3131,enter,"('W_Validate application|suspend', 'W_Validate application|ate_abort')","('enter', ('W_Validate application|suspend', 'W_Validate application|ate_abort'))",84,284
3132,3132,enter,"('W_Call incomplete files|ate_abort', 'W_Validate application|schedule')","('enter', ('W_Call incomplete files|ate_abort', 'W_Validate application|schedule'))",92,284
3133,3133,enter,"('A_Validating', 'W_Validate application|suspend')","('enter', ('A_Validating', 'W_Validate application|suspend'))",94,284
3134,3134,exit,"('W_Validate application|schedule', 'W_Validate application|start')","('exit', ('W_Validate application|schedule', 'W_Validate application|start'))",200,284
3135,3135,exit,"('W_Validate application|start', 'A_Validating')","('exit', ('W_Validate application|start', 'A_Validating'))",200,284
3136,3136,exit,"('W_Call incomplete files|suspend', 'W_Call incomplete files|ate_abort')","('exit', ('W_Call incomplete files|suspend', 'W_Call incomplete files|ate_abort'))",84,284
3137,3137,exit,"('W_Call incomplete files|ate_abort', 'W_Validate application|schedule')","('exit', ('W_Call incomplete files|ate_abort', 'W_Validate application|schedule'))",92,284
3138,3138,exit,"('A_Validating', 'W_Validate application|suspend')","('exit', ('A_Validating', 'W_Validate application|suspend'))",94,284
3139,3139,handover,"('W_Call incomplete files|suspend', 'W_Call incomplete files|resume')","('handover', ('W_Call incomplete files|suspend', 'W_Call incomplete files|resume'))",8.666666666666666,284
3140,3140,workload,"('W_Validate application|schedule', 'W_Validate application|start')","('workload', ('W_Validate application|schedule', 'W_Validate application|start'))",15.384615384615385,284
3141,3141,workload,"('W_Validate application|start', 'A_Validating')","('workload', ('W_Validate application|start', 'A_Validating'))",15.384615384615385,284
3142,3142,workload,"('W_Validate application|ate_abort', 'W_Call incomplete files|schedule')","('workload', ('W_Validate application|ate_abort', 'W_Call incomplete files|schedule'))",8.0,284
3143,3143,workload,"('W_Call incomplete files|suspend', 'W_Call incomplete files|resume')","('workload', ('W_Call incomplete files|suspend', 'W_Call incomplete files|resume'))",26.0,284
3144,3144,workload,"('W_Call incomplete files|resume', 'W_Call incomplete files|suspend')","('workload', ('W_Call incomplete files|resume', 'W_Call incomplete files|suspend'))",46.0,284
3145,3145,workload,"('W_Call incomplete files|ate_abort', 'W_Validate application|schedule')","('workload', ('W_Call incomplete files|ate_abort', 'W_Validate application|schedule'))",10.222222222222221,284
3146,3146,workload,"('A_Validating', 'W_Validate application|suspend')","('workload', ('A_Validating', 'W_Validate application|suspend'))",8.545454545454545,284
3147,3147,enter,"('W_Handle leads|schedule', 'W_Handle leads|withdraw')","('enter', ('W_Handle leads|schedule', 'W_Handle leads|withdraw'))",67,285
3148,3148,enter,"('W_Handle leads|withdraw', 'W_Complete application|schedule')","('enter', ('W_Handle leads|withdraw', 'W_Complete application|schedule'))",67,285
3149,3149,enter,"('W_Complete application|schedule', 'A_Concept')","('enter', ('W_Complete application|schedule', 'A_Concept'))",67,285
3150,3150,enter,"('A_Concept', 'W_Complete application|start')","('enter', ('A_Concept', 'W_Complete application|start'))",58,285
3151,3151,enter,"('W_Call after offers|ate_abort', 'W_Validate application|schedule')","('enter', ('W_Call after offers|ate_abort', 'W_Validate application|schedule'))",164,285
3152,3152,enter,"('W_Validate application|schedule', 'W_Validate application|start')","('enter', ('W_Validate application|schedule', 'W_Validate application|start'))",220,285
3153,3153,enter,"('W_Validate application|start', 'A_Validating')","('enter', ('W_Validate application|start', 'A_Validating'))",220,285
3154,3154,enter,"('A_Validating', 'O_Returned')","('enter', ('A_Validating', 'O_Returned'))",151,285
3155,3155,enter,"('O_Returned', 'W_Validate application|suspend')","('enter', ('O_Returned', 'W_Validate application|suspend'))",123,285
3156,3156,enter,"('W_Validate application|suspend', 'W_Validate application|ate_abort')","('enter', ('W_Validate application|suspend', 'W_Validate application|ate_abort'))",83,285
3157,3157,enter,"('W_Call incomplete files|schedule', 'W_Call incomplete files|start')","('enter', ('W_Call incomplete files|schedule', 'W_Call incomplete files|start'))",141,285
3158,3158,enter,"('W_Call incomplete files|start', 'A_Incomplete')","('enter', ('W_Call incomplete files|start', 'A_Incomplete'))",141,285
3159,3159,enter,"('A_Incomplete', 'W_Call incomplete files|suspend')","('enter', ('A_Incomplete', 'W_Call incomplete files|suspend'))",129,285
3160,3160,enter,"('W_Call incomplete files|suspend', 'W_Call incomplete files|resume')","('enter', ('W_Call incomplete files|suspend', 'W_Call incomplete files|resume'))",208,285
3161,3161,enter,"('W_Validate application|complete', 'W_Call incomplete files|schedule')","('enter', ('W_Validate application|complete', 'W_Call incomplete files|schedule'))",64,285
3162,3162,exit,"('W_Handle leads|schedule', 'W_Handle leads|withdraw')","('exit', ('W_Handle leads|schedule', 'W_Handle leads|withdraw'))",67,285
3163,3163,exit,"('W_Handle leads|withdraw', 'W_Complete application|schedule')","('exit', ('W_Handle leads|withdraw', 'W_Complete application|schedule'))",67,285
3164,3164,exit,"('W_Complete application|schedule', 'A_Concept')","('exit', ('W_Complete application|schedule', 'A_Concept'))",67,285
3165,3165,exit,"('W_Call after offers|suspend', 'W_Call after offers|ate_abort')","('exit', ('W_Call after offers|suspend', 'W_Call after offers|ate_abort'))",156,285
3166,3166,exit,"('W_Call after offers|ate_abort', 'W_Validate application|schedule')","('exit', ('W_Call after offers|ate_abort', 'W_Validate application|schedule'))",164,285
3167,3167,exit,"('W_Validate application|schedule', 'W_Validate application|start')","('exit', ('W_Validate application|schedule', 'W_Validate application|start'))",220,285
3168,3168,exit,"('W_Validate application|start', 'A_Validating')","('exit', ('W_Validate application|start', 'A_Validating'))",220,285
3169,3169,exit,"('A_Validating', 'O_Returned')","('exit', ('A_Validating', 'O_Returned'))",151,285
3170,3170,exit,"('O_Returned', 'W_Validate application|suspend')","('exit', ('O_Returned', 'W_Validate application|suspend'))",123,285
3171,3171,exit,"('W_Call incomplete files|schedule', 'W_Call incomplete files|start')","('exit', ('W_Call incomplete files|schedule', 'W_Call incomplete files|start'))",141,285
3172,3172,exit,"('W_Call incomplete files|start', 'A_Incomplete')","('exit', ('W_Call incomplete files|start', 'A_Incomplete'))",141,285
3173,3173,exit,"('A_Incomplete', 'W_Call incomplete files|suspend')","('exit', ('A_Incomplete', 'W_Call incomplete files|suspend'))",129,285
3174,3174,exit,"('W_Validate application|complete', 'W_Call incomplete files|schedule')","('exit', ('W_Validate application|complete', 'W_Call incomplete files|schedule'))",64,285
3175,3175,handover,"('W_Call after offers|suspend', 'W_Call after offers|resume')","('handover', ('W_Call after offers|suspend', 'W_Call after offers|resume'))",10.0,285
3176,3176,workload,"('W_Call after offers|ate_abort', 'W_Validate application|schedule')","('workload', ('W_Call after offers|ate_abort', 'W_Validate application|schedule'))",23.428571428571427,285
3177,3177,workload,"('W_Validate application|schedule', 'W_Validate application|start')","('workload', ('W_Validate application|schedule', 'W_Validate application|start'))",15.714285714285714,285
3178,3178,workload,"('W_Validate application|start', 'A_Validating')","('workload', ('W_Validate application|start', 'A_Validating'))",15.714285714285714,285
3179,3179,workload,"('A_Validating', 'O_Returned')","('workload', ('A_Validating', 'O_Returned'))",18.875,285
3180,3180,workload,"('W_Call incomplete files|schedule', 'W_Call incomplete files|start')","('workload', ('W_Call incomplete files|schedule', 'W_Call incomplete files|start'))",8.294117647058824,285
3181,3181,workload,"('W_Call incomplete files|start', 'A_Incomplete')","('workload', ('W_Call incomplete files|start', 'A_Incomplete'))",8.294117647058824,285
3182,3182,workload,"('W_Call incomplete files|suspend', 'W_Call incomplete files|resume')","('workload', ('W_Call incomplete files|suspend', 'W_Call incomplete files|resume'))",12.666666666666666,285
3183,3183,workload,"('W_Call incomplete files|resume', 'W_Call incomplete files|suspend')","('workload', ('W_Call incomplete files|resume', 'W_Call incomplete files|suspend'))",37.0,285
3184,3184,workload,"('W_Validate application|complete', 'W_Call incomplete files|schedule')","('workload', ('W_Validate application|complete', 'W_Call incomplete files|schedule'))",5.818181818181818,285
3185,3185,enter,"('W_Complete application|start', 'W_Complete application|suspend')","('enter', ('W_Complete application|start', 'W_Complete application|suspend'))",58,286
3186,3186,enter,"('A_Complete', 'W_Call after offers|suspend')","('enter', ('A_Complete', 'W_Call after offers|suspend'))",138,286
3187,3187,enter,"('W_Validate application|suspend', 'W_Validate application|ate_abort')","('enter', ('W_Validate application|suspend', 'W_Validate application|ate_abort'))",93,286
3188,3188,enter,"('W_Validate application|ate_abort', 'W_Call incomplete files|schedule')","('enter', ('W_Validate application|ate_abort', 'W_Call incomplete files|schedule'))",82,286
3189,3189,enter,"('O_Sent (mail and online)', 'W_Complete application|complete')","('enter', ('O_Sent (mail and online)', 'W_Complete application|complete'))",95,286
3190,3190,enter,"('W_Complete application|complete', 'W_Call after offers|schedule')","('enter', ('W_Complete application|complete', 'W_Call after offers|schedule'))",95,286
3191,3191,exit,"('A_Concept', 'W_Complete application|start')","('exit', ('A_Concept', 'W_Complete application|start'))",82,286
3192,3192,exit,"('W_Complete application|start', 'W_Complete application|suspend')","('exit', ('W_Complete application|start', 'W_Complete application|suspend'))",58,286
3193,3193,exit,"('A_Complete', 'W_Call after offers|suspend')","('exit', ('A_Complete', 'W_Call after offers|suspend'))",138,286
3194,3194,exit,"('W_Validate application|suspend', 'W_Validate application|ate_abort')","('exit', ('W_Validate application|suspend', 'W_Validate application|ate_abort'))",81,286
3195,3195,exit,"('W_Validate application|ate_abort', 'W_Call incomplete files|schedule')","('exit', ('W_Validate application|ate_abort', 'W_Call incomplete files|schedule'))",82,286
3196,3196,exit,"('W_Complete application|suspend', 'W_Complete application|resume')","('exit', ('W_Complete application|suspend', 'W_Complete application|resume'))",110,286
3197,3197,exit,"('O_Sent (mail and online)', 'W_Complete application|complete')","('exit', ('O_Sent (mail and online)', 'W_Complete application|complete'))",95,286
3198,3198,exit,"('W_Complete application|complete', 'W_Call after offers|schedule')","('exit', ('W_Complete application|complete', 'W_Call after offers|schedule'))",95,286
3199,3199,workload,"('W_Complete application|start', 'W_Complete application|suspend')","('workload', ('W_Complete application|start', 'W_Complete application|suspend'))",6.444444444444445,286
3200,3200,workload,"('W_Validate application|ate_abort', 'W_Call incomplete files|schedule')","('workload', ('W_Validate application|ate_abort', 'W_Call incomplete files|schedule'))",8.2,286
3201,3201,enter,"('W_Validate application|ate_abort', 'W_Call incomplete files|schedule')","('enter', ('W_Validate application|ate_abort', 'W_Call incomplete files|schedule'))",106,287
3202,3202,enter,"('W_Call incomplete files|schedule', 'W_Call incomplete files|start')","('enter', ('W_Call incomplete files|schedule', 'W_Call incomplete files|start'))",150,287
3203,3203,enter,"('W_Call incomplete files|start', 'A_Incomplete')","('enter', ('W_Call incomplete files|start', 'A_Incomplete'))",150,287
3204,3204,enter,"('A_Incomplete', 'W_Call incomplete files|suspend')","('enter', ('A_Incomplete', 'W_Call incomplete files|suspend'))",146,287
3205,3205,enter,"('W_Call incomplete files|suspend', 'W_Call incomplete files|resume')","('enter', ('W_Call incomplete files|suspend', 'W_Call incomplete files|resume'))",213,287
3206,3206,exit,"('W_Validate application|suspend', 'W_Validate application|ate_abort')","('exit', ('W_Validate application|suspend', 'W_Validate application|ate_abort'))",107,287
3207,3207,exit,"('W_Validate application|ate_abort', 'W_Call incomplete files|schedule')","('exit', ('W_Validate application|ate_abort', 'W_Call incomplete files|schedule'))",106,287
3208,3208,exit,"('W_Call incomplete files|schedule', 'W_Call incomplete files|start')","('exit', ('W_Call incomplete files|schedule', 'W_Call incomplete files|start'))",150,287
3209,3209,exit,"('W_Call incomplete files|start', 'A_Incomplete')","('exit', ('W_Call incomplete files|start', 'A_Incomplete'))",150,287
3210,3210,exit,"('A_Incomplete', 'W_Call incomplete files|suspend')","('exit', ('A_Incomplete', 'W_Call incomplete files|suspend'))",146,287
3211,3211,handover,"('W_Call after offers|suspend', 'W_Call after offers|ate_abort')","('handover', ('W_Call after offers|suspend', 'W_Call after offers|ate_abort'))",7.0,287
3212,3212,workload,"('W_Call after offers|ate_abort', 'W_Validate application|schedule')","('workload', ('W_Call after offers|ate_abort', 'W_Validate application|schedule'))",21.0,287
3213,3213,workload,"('A_Validating', 'O_Returned')","('workload', ('A_Validating', 'O_Returned'))",20.0,287
3214,3214,workload,"('W_Validate application|suspend', 'W_Validate application|ate_abort')","('workload', ('W_Validate application|suspend', 'W_Validate application|ate_abort'))",4.666666666666667,287
3215,3215,workload,"('W_Validate application|ate_abort', 'W_Call incomplete files|schedule')","('workload', ('W_Validate application|ate_abort', 'W_Call incomplete files|schedule'))",8.833333333333334,287
3216,3216,workload,"('W_Call incomplete files|schedule', 'W_Call incomplete files|start')","('workload', ('W_Call incomplete files|schedule', 'W_Call incomplete files|start'))",9.375,287
3217,3217,workload,"('W_Call incomplete files|start', 'A_Incomplete')","('workload', ('W_Call incomplete files|start', 'A_Incomplete'))",9.375,287
3218,3218,workload,"('A_Incomplete', 'W_Call incomplete files|suspend')","('workload', ('A_Incomplete', 'W_Call incomplete files|suspend'))",9.733333333333333,287
3219,3219,handover,"('W_Call after offers|suspend', 'W_Call after offers|ate_abort')","('handover', ('W_Call after offers|suspend', 'W_Call after offers|ate_abort'))",6.0,288
3220,3220,handover,"('W_Call incomplete files|suspend', 'W_Call incomplete files|resume')","('handover', ('W_Call incomplete files|suspend', 'W_Call incomplete files|resume'))",10.0,288
3221,3221,handover,"('W_Call incomplete files|suspend', 'W_Call incomplete files|ate_abort')","('handover', ('W_Call incomplete files|suspend', 'W_Call incomplete files|ate_abort'))",7.0,288
3222,3222,handover,"('W_Complete application|suspend', 'W_Complete application|resume')","('handover', ('W_Complete application|suspend', 'W_Complete application|resume'))",3.0,288
3223,3223,workload,"('W_Complete application|start', 'W_Complete application|suspend')","('workload', ('W_Complete application|start', 'W_Complete application|suspend'))",6.0,288
3224,3224,workload,"('W_Validate application|schedule', 'W_Validate application|start')","('workload', ('W_Validate application|schedule', 'W_Validate application|start'))",23.0,288
3225,3225,workload,"('W_Validate application|start', 'A_Validating')","('workload', ('W_Validate application|start', 'A_Validating'))",23.0,288
3226,3226,workload,"('W_Call incomplete files|resume', 'W_Call incomplete files|suspend')","('workload', ('W_Call incomplete files|resume', 'W_Call incomplete files|suspend'))",37.5,288
3227,3227,workload,"('W_Call incomplete files|ate_abort', 'W_Validate application|schedule')","('workload', ('W_Call incomplete files|ate_abort', 'W_Validate application|schedule'))",17.0,288
3228,3228,workload,"('A_Validating', 'W_Validate application|suspend')","('workload', ('A_Validating', 'W_Validate application|suspend'))",13.0,288
3229,3229,workload,"('W_Complete application|suspend', 'W_Complete application|resume')","('workload', ('W_Complete application|suspend', 'W_Complete application|resume'))",4.666666666666667,288
3230,3230,workload,"('W_Complete application|resume', 'W_Complete application|suspend')","('workload', ('W_Complete application|resume', 'W_Complete application|suspend'))",8.333333333333334,288
3231,3231,workload,"('W_Validate application|complete', 'W_Call incomplete files|schedule')","('workload', ('W_Validate application|complete', 'W_Call incomplete files|schedule'))",6.0,288
3232,3232,handover,"('W_Validate application|suspend', 'W_Validate application|ate_abort')","('handover', ('W_Validate application|suspend', 'W_Validate application|ate_abort'))",4.0,289
3233,3233,enter,"('W_Call after offers|resume', 'W_Call after offers|suspend')","('enter', ('W_Call after offers|resume', 'W_Call after offers|suspend'))",228,290
3234,3234,enter,"('A_Incomplete', 'W_Call incomplete files|suspend')","('enter', ('A_Incomplete', 'W_Call incomplete files|suspend'))",118,290
3235,3235,enter,"('W_Call incomplete files|suspend', 'W_Call incomplete files|resume')","('enter', ('W_Call incomplete files|suspend', 'W_Call incomplete files|resume'))",207,290
3236,3236,enter,"('W_Call incomplete files|resume', 'W_Call incomplete files|suspend')","('enter', ('W_Call incomplete files|resume', 'W_Call incomplete files|suspend'))",229,290
3237,3237,enter,"('W_Call incomplete files|suspend', 'W_Call incomplete files|ate_abort')","('enter', ('W_Call incomplete files|suspend', 'W_Call incomplete files|ate_abort'))",77,290
3238,3238,enter,"('W_Complete application|schedule', 'W_Complete application|start')","('enter', ('W_Complete application|schedule', 'W_Complete application|start'))",94,290
3239,3239,enter,"('W_Complete application|start', 'A_Concept')","('enter', ('W_Complete application|start', 'A_Concept'))",69,290
3240,3240,exit,"('W_Call after offers|suspend', 'W_Call after offers|resume')","('exit', ('W_Call after offers|suspend', 'W_Call after offers|resume'))",220,290
3241,3241,exit,"('W_Call after offers|resume', 'W_Call after offers|suspend')","('exit', ('W_Call after offers|resume', 'W_Call after offers|suspend'))",228,290
3242,3242,exit,"('A_Incomplete', 'W_Call incomplete files|suspend')","('exit', ('A_Incomplete', 'W_Call incomplete files|suspend'))",118,290
3243,3243,exit,"('W_Call incomplete files|suspend', 'W_Call incomplete files|resume')","('exit', ('W_Call incomplete files|suspend', 'W_Call incomplete files|resume'))",240,290
3244,3244,exit,"('W_Call incomplete files|resume', 'W_Call incomplete files|suspend')","('exit', ('W_Call incomplete files|resume', 'W_Call incomplete files|suspend'))",229,290
3245,3245,exit,"('W_Complete application|schedule', 'W_Complete application|start')","('exit', ('W_Complete application|schedule', 'W_Complete application|start'))",94,290
3246,3246,exit,"('W_Complete application|start', 'A_Concept')","('exit', ('W_Complete application|start', 'A_Concept'))",69,290
3247,3247,handover,"('W_Call after offers|suspend', 'W_Call after offers|ate_abort')","('handover', ('W_Call after offers|suspend', 'W_Call after offers|ate_abort'))",5.0,290
3248,3248,workload,"('W_Call incomplete files|resume', 'W_Call incomplete files|suspend')","('workload', ('W_Call incomplete files|resume', 'W_Call incomplete files|suspend'))",28.625,290
3249,3249,workload,"('W_Complete application|suspend', 'W_Complete application|resume')","('workload', ('W_Complete application|suspend', 'W_Complete application|resume'))",4.6,290
3250,3250,workload,"('W_Complete application|schedule', 'W_Complete application|start')","('workload', ('W_Complete application|schedule', 'W_Complete application|start'))",4.2727272727272725,290
3251,3251,workload,"('W_Complete application|start', 'A_Concept')","('workload', ('W_Complete application|start', 'A_Concept'))",3.2857142857142856,290
3252,3252,enter,"('A_Create Application', 'A_Submitted')","('enter', ('A_Create Application', 'A_Submitted'))",80,291
3253,3253,enter,"('A_Submitted', 'W_Handle leads|schedule')","('enter', ('A_Submitted', 'W_Handle leads|schedule'))",80,291
3254,3254,enter,"('W_Handle leads|schedule', 'W_Handle leads|withdraw')","('enter', ('W_Handle leads|schedule', 'W_Handle leads|withdraw'))",69,291
3255,3255,enter,"('W_Handle leads|withdraw', 'W_Complete application|schedule')","('enter', ('W_Handle leads|withdraw', 'W_Complete application|schedule'))",69,291
3256,3256,enter,"('W_Complete application|schedule', 'A_Concept')","('enter', ('W_Complete application|schedule', 'A_Concept'))",68,291
3257,3257,enter,"('O_Sent (mail and online)', 'W_Complete application|ate_abort')","('enter', ('O_Sent (mail and online)', 'W_Complete application|ate_abort'))",52,291
3258,3258,enter,"('W_Complete application|ate_abort', 'W_Call after offers|schedule')","('enter', ('W_Complete application|ate_abort', 'W_Call after offers|schedule'))",52,291
3259,3259,enter,"('W_Call after offers|resume', 'W_Call after offers|suspend')","('enter', ('W_Call after offers|resume', 'W_Call after offers|suspend'))",238,291
3260,3260,enter,"('W_Call after offers|suspend', 'W_Call after offers|ate_abort')","('enter', ('W_Call after offers|suspend', 'W_Call after offers|ate_abort'))",149,291
3261,3261,exit,"('A_Create Application', 'A_Submitted')","('exit', ('A_Create Application', 'A_Submitted'))",80,291
3262,3262,exit,"('A_Submitted', 'W_Handle leads|schedule')","('exit', ('A_Submitted', 'W_Handle leads|schedule'))",80,291
3263,3263,exit,"('W_Handle leads|schedule', 'W_Handle leads|withdraw')","('exit', ('W_Handle leads|schedule', 'W_Handle leads|withdraw'))",69,291
3264,3264,exit,"('W_Handle leads|withdraw', 'W_Complete application|schedule')","('exit', ('W_Handle leads|withdraw', 'W_Complete application|schedule'))",69,291
3265,3265,exit,"('W_Complete application|schedule', 'A_Concept')","('exit', ('W_Complete application|schedule', 'A_Concept'))",68,291
3266,3266,exit,"('O_Sent (mail and online)', 'W_Complete application|ate_abort')","('exit', ('O_Sent (mail and online)', 'W_Complete application|ate_abort'))",52,291
3267,3267,exit,"('W_Complete application|ate_abort', 'W_Call after offers|schedule')","('exit', ('W_Complete application|ate_abort', 'W_Call after offers|schedule'))",52,291
3268,3268,exit,"('W_Call after offers|suspend', 'W_Call after offers|resume')","('exit', ('W_Call after offers|suspend', 'W_Call after offers|resume'))",231,291
3269,3269,exit,"('W_Call after offers|resume', 'W_Call after offers|suspend')","('exit', ('W_Call after offers|resume', 'W_Call after offers|suspend'))",238,291
3270,3270,handover,"('A_Accepted', 'O_Create Offer')","('handover', ('A_Accepted', 'O_Create Offer'))",2.0,291
3271,3271,workload,"('W_Complete application|start', 'W_Complete application|suspend')","('workload', ('W_Complete application|start', 'W_Complete application|suspend'))",6.571428571428571,291
3272,3272,workload,"('W_Complete application|suspend', 'W_Complete application|resume')","('workload', ('W_Complete application|suspend', 'W_Complete application|resume'))",3.6666666666666665,291
3273,3273,enter,"('A_Accepted', 'O_Create Offer')","('enter', ('A_Accepted', 'O_Create Offer'))",146,292
3274,3274,enter,"('O_Create Offer', 'O_Created')","('enter', ('O_Create Offer', 'O_Created'))",205,292
3275,3275,enter,"('O_Created', 'O_Sent (mail and online)')","('enter', ('O_Created', 'O_Sent (mail and online)'))",165,292
3276,3276,enter,"('W_Call after offers|schedule', 'W_Call after offers|start')","('enter', ('W_Call after offers|schedule', 'W_Call after offers|start'))",152,292
3277,3277,enter,"('W_Call after offers|start', 'A_Complete')","('enter', ('W_Call after offers|start', 'A_Complete'))",152,292
3278,3278,enter,"('A_Complete', 'W_Call after offers|suspend')","('enter', ('A_Complete', 'W_Call after offers|suspend'))",145,292
3279,3279,enter,"('W_Call after offers|ate_abort', 'W_Validate application|schedule')","('enter', ('W_Call after offers|ate_abort', 'W_Validate application|schedule'))",129,292
3280,3280,enter,"('A_Validating', 'O_Returned')","('enter', ('A_Validating', 'O_Returned'))",114,292
3281,3281,enter,"('W_Validate application|suspend', 'W_Validate application|ate_abort')","('enter', ('W_Validate application|suspend', 'W_Validate application|ate_abort'))",88,292
3282,3282,enter,"('W_Validate application|ate_abort', 'W_Call incomplete files|schedule')","('enter', ('W_Validate application|ate_abort', 'W_Call incomplete files|schedule'))",83,292
3283,3283,enter,"('W_Call incomplete files|schedule', 'W_Call incomplete files|start')","('enter', ('W_Call incomplete files|schedule', 'W_Call incomplete files|start'))",139,292
3284,3284,enter,"('W_Call incomplete files|start', 'A_Incomplete')","('enter', ('W_Call incomplete files|start', 'A_Incomplete'))",139,292
3285,3285,enter,"('A_Incomplete', 'W_Call incomplete files|suspend')","('enter', ('A_Incomplete', 'W_Call incomplete files|suspend'))",128,292
3286,3286,enter,"('W_Call incomplete files|suspend', 'W_Call incomplete files|resume')","('enter', ('W_Call incomplete files|suspend', 'W_Call incomplete files|resume'))",216,292
3287,3287,enter,"('W_Call incomplete files|resume', 'W_Call incomplete files|suspend')","('enter', ('W_Call incomplete files|resume', 'W_Call incomplete files|suspend'))",196,292
3288,3288,exit,"('A_Accepted', 'O_Create Offer')","('exit', ('A_Accepted', 'O_Create Offer'))",146,292
3289,3289,exit,"('O_Create Offer', 'O_Created')","('exit', ('O_Create Offer', 'O_Created'))",205,292
3290,3290,exit,"('O_Created', 'O_Sent (mail and online)')","('exit', ('O_Created', 'O_Sent (mail and online)'))",165,292
3291,3291,exit,"('W_Call after offers|schedule', 'W_Call after offers|start')","('exit', ('W_Call after offers|schedule', 'W_Call after offers|start'))",152,292
3292,3292,exit,"('W_Call after offers|start', 'A_Complete')","('exit', ('W_Call after offers|start', 'A_Complete'))",152,292
3293,3293,exit,"('A_Complete', 'W_Call after offers|suspend')","('exit', ('A_Complete', 'W_Call after offers|suspend'))",145,292
3294,3294,exit,"('W_Call after offers|suspend', 'W_Call after offers|ate_abort')","('exit', ('W_Call after offers|suspend', 'W_Call after offers|ate_abort'))",121,292
3295,3295,exit,"('W_Call after offers|ate_abort', 'W_Validate application|schedule')","('exit', ('W_Call after offers|ate_abort', 'W_Validate application|schedule'))",129,292
3296,3296,exit,"('A_Validating', 'O_Returned')","('exit', ('A_Validating', 'O_Returned'))",114,292
3297,3297,exit,"('W_Validate application|suspend', 'W_Validate application|ate_abort')","('exit', ('W_Validate application|suspend', 'W_Validate application|ate_abort'))",86,292
3298,3298,exit,"('W_Validate application|ate_abort', 'W_Call incomplete files|schedule')","('exit', ('W_Validate application|ate_abort', 'W_Call incomplete files|schedule'))",83,292
3299,3299,exit,"('W_Call incomplete files|schedule', 'W_Call incomplete files|start')","('exit', ('W_Call incomplete files|schedule', 'W_Call incomplete files|start'))",139,292
3300,3300,exit,"('W_Call incomplete files|start', 'A_Incomplete')","('exit', ('W_Call incomplete files|start', 'A_Incomplete'))",139,292
3301,3301,exit,"('A_Incomplete', 'W_Call incomplete files|suspend')","('exit', ('A_Incomplete', 'W_Call incomplete files|suspend'))",128,292
3302,3302,exit,"('W_Call incomplete files|suspend', 'W_Call incomplete files|resume')","('exit', ('W_Call incomplete files|suspend', 'W_Call incomplete files|resume'))",210,292
3303,3303,exit,"('W_Call incomplete files|resume', 'W_Call incomplete files|suspend')","('exit', ('W_Call incomplete files|resume', 'W_Call incomplete files|suspend'))",196,292
3304,3304,workload,"('W_Validate application|schedule', 'W_Validate application|start')","('workload', ('W_Validate application|schedule', 'W_Validate application|start'))",13.76923076923077,292
3305,3305,workload,"('W_Validate application|start', 'A_Validating')","('workload', ('W_Validate application|start', 'A_Validating'))",13.76923076923077,292
3306,3306,workload,"('A_Validating', 'O_Returned')","('workload', ('A_Validating', 'O_Returned'))",19.0,292
3307,3307,enter,"('W_Call incomplete files|ate_abort', 'W_Validate application|schedule')","('enter', ('W_Call incomplete files|ate_abort', 'W_Validate application|schedule'))",87,294
3308,3308,enter,"('A_Validating', 'W_Validate application|suspend')","('enter', ('A_Validating', 'W_Validate application|suspend'))",90,294
3309,3309,exit,"('W_Call incomplete files|suspend', 'W_Call incomplete files|ate_abort')","('exit', ('W_Call incomplete files|suspend', 'W_Call incomplete files|ate_abort'))",84,294
3310,3310,exit,"('W_Call incomplete files|ate_abort', 'W_Validate application|schedule')","('exit', ('W_Call incomplete files|ate_abort', 'W_Validate application|schedule'))",87,294
3311,3311,exit,"('A_Validating', 'W_Validate application|suspend')","('exit', ('A_Validating', 'W_Validate application|suspend'))",90,294
3312,3312,workload,"('W_Validate application|schedule', 'W_Validate application|start')","('workload', ('W_Validate application|schedule', 'W_Validate application|start'))",16.90909090909091,294
3313,3313,workload,"('W_Validate application|start', 'A_Validating')","('workload', ('W_Validate application|start', 'A_Validating'))",16.90909090909091,294
3314,3314,workload,"('W_Call incomplete files|ate_abort', 'W_Validate application|schedule')","('workload', ('W_Call incomplete files|ate_abort', 'W_Validate application|schedule'))",10.875,294
3315,3315,workload,"('A_Validating', 'W_Validate application|suspend')","('workload', ('A_Validating', 'W_Validate application|suspend'))",9.0,294
3316,3316,workload,"('W_Complete application|suspend', 'W_Complete application|resume')","('workload', ('W_Complete application|suspend', 'W_Complete application|resume'))",4.0,294
3317,3317,handover,"('W_Validate application|suspend', 'W_Validate application|ate_abort')","('handover', ('W_Validate application|suspend', 'W_Validate application|ate_abort'))",3.0,295
3318,3318,handover,"('W_Complete application|suspend', 'W_Complete application|resume')","('handover', ('W_Complete application|suspend', 'W_Complete application|resume'))",3.3333333333333335,295
3319,3319,handover,"('W_Validate application|suspend', 'W_Validate application|ate_abort')","('handover', ('W_Validate application|suspend', 'W_Validate application|ate_abort'))",3.0,296
3320,3320,enter,"('A_Create Application', 'A_Submitted')","('enter', ('A_Create Application', 'A_Submitted'))",87,297
3321,3321,enter,"('A_Submitted', 'W_Handle leads|schedule')","('enter', ('A_Submitted', 'W_Handle leads|schedule'))",87,297
3322,3322,enter,"('W_Handle leads|schedule', 'W_Handle leads|withdraw')","('enter', ('W_Handle leads|schedule', 'W_Handle leads|withdraw'))",72,297
3323,3323,enter,"('W_Handle leads|withdraw', 'W_Complete application|schedule')","('enter', ('W_Handle leads|withdraw', 'W_Complete application|schedule'))",71,297
3324,3324,enter,"('W_Complete application|schedule', 'A_Concept')","('enter', ('W_Complete application|schedule', 'A_Concept'))",74,297
3325,3325,enter,"('W_Call after offers|resume', 'W_Call after offers|suspend')","('enter', ('W_Call after offers|resume', 'W_Call after offers|suspend'))",263,297
3326,3326,enter,"('W_Call after offers|suspend', 'W_Call after offers|ate_abort')","('enter', ('W_Call after offers|suspend', 'W_Call after offers|ate_abort'))",171,297
3327,3327,enter,"('W_Call incomplete files|ate_abort', 'W_Validate application|schedule')","('enter', ('W_Call incomplete files|ate_abort', 'W_Validate application|schedule'))",78,297
3328,3328,enter,"('A_Validating', 'W_Validate application|suspend')","('enter', ('A_Validating', 'W_Validate application|suspend'))",81,297
3329,3329,enter,"('O_Accepted', 'A_Pending')","('enter', ('O_Accepted', 'A_Pending'))",472,297
3330,3330,enter,"('W_Complete application|schedule', 'W_Complete application|start')","('enter', ('W_Complete application|schedule', 'W_Complete application|start'))",82,297
3331,3331,enter,"('W_Complete application|start', 'A_Concept')","('enter', ('W_Complete application|start', 'A_Concept'))",63,297
3332,3332,exit,"('A_Create Application', 'A_Submitted')","('exit', ('A_Create Application', 'A_Submitted'))",87,297
3333,3333,exit,"('A_Submitted', 'W_Handle leads|schedule')","('exit', ('A_Submitted', 'W_Handle leads|schedule'))",87,297
3334,3334,exit,"('W_Handle leads|schedule', 'W_Handle leads|withdraw')","('exit', ('W_Handle leads|schedule', 'W_Handle leads|withdraw'))",72,297
3335,3335,exit,"('W_Handle leads|withdraw', 'W_Complete application|schedule')","('exit', ('W_Handle leads|withdraw', 'W_Complete application|schedule'))",71,297
3336,3336,exit,"('W_Complete application|schedule', 'A_Concept')","('exit', ('W_Complete application|schedule', 'A_Concept'))",74,297
3337,3337,exit,"('W_Call after offers|suspend', 'W_Call after offers|resume')","('exit', ('W_Call after offers|suspend', 'W_Call after offers|resume'))",250,297
3338,3338,exit,"('W_Call after offers|resume', 'W_Call after offers|suspend')","('exit', ('W_Call after offers|resume', 'W_Call after offers|suspend'))",263,297
3339,3339,exit,"('W_Call incomplete files|ate_abort', 'W_Validate application|schedule')","('exit', ('W_Call incomplete files|ate_abort', 'W_Validate application|schedule'))",78,297
3340,3340,exit,"('A_Validating', 'W_Validate application|suspend')","('exit', ('A_Validating', 'W_Validate application|suspend'))",81,297
3341,3341,exit,"('O_Accepted', 'A_Pending')","('exit', ('O_Accepted', 'A_Pending'))",472,297
3342,3342,exit,"('W_Complete application|schedule', 'W_Complete application|start')","('exit', ('W_Complete application|schedule', 'W_Complete application|start'))",82,297
3343,3343,exit,"('W_Complete application|start', 'A_Concept')","('exit', ('W_Complete application|start', 'A_Concept'))",63,297
3344,3344,handover,"('W_Validate application|suspend', 'W_Validate application|ate_abort')","('handover', ('W_Validate application|suspend', 'W_Validate application|ate_abort'))",2.4,297
3345,3345,workload,"('W_Call after offers|suspend', 'W_Call after offers|resume')","('workload', ('W_Call after offers|suspend', 'W_Call after offers|resume'))",7.0,297
3346,3346,workload,"('W_Validate application|start', 'A_Validating')","('workload', ('W_Validate application|start', 'A_Validating'))",13.416666666666666,297
3347,3347,workload,"('O_Accepted', 'A_Pending')","('workload', ('O_Accepted', 'A_Pending'))",33.714285714285715,297
3348,3348,workload,"('W_Complete application|suspend', 'W_Complete application|resume')","('workload', ('W_Complete application|suspend', 'W_Complete application|resume'))",5.25,297
3349,3349,workload,"('W_Complete application|schedule', 'W_Complete application|start')","('workload', ('W_Complete application|schedule', 'W_Complete application|start'))",4.315789473684211,297
3350,3350,workload,"('W_Complete application|start', 'A_Concept')","('workload', ('W_Complete application|start', 'A_Concept'))",3.5,297
3351,3351,enter,"('A_Create Application', 'A_Submitted')","('enter', ('A_Create Application', 'A_Submitted'))",83,298
3352,3352,enter,"('A_Submitted', 'W_Handle leads|schedule')","('enter', ('A_Submitted', 'W_Handle leads|schedule'))",83,298
3353,3353,enter,"('W_Handle leads|schedule', 'W_Handle leads|withdraw')","('enter', ('W_Handle leads|schedule', 'W_Handle leads|withdraw'))",72,298
3354,3354,enter,"('W_Handle leads|withdraw', 'W_Complete application|schedule')","('enter', ('W_Handle leads|withdraw', 'W_Complete application|schedule'))",72,298
3355,3355,enter,"('W_Complete application|schedule', 'A_Concept')","('enter', ('W_Complete application|schedule', 'A_Concept'))",71,298
3356,3356,enter,"('A_Accepted', 'O_Create Offer')","('enter', ('A_Accepted', 'O_Create Offer'))",186,298
3357,3357,enter,"('O_Create Offer', 'O_Created')","('enter', ('O_Create Offer', 'O_Created'))",257,298
3358,3358,enter,"('O_Created', 'O_Sent (mail and online)')","('enter', ('O_Created', 'O_Sent (mail and online)'))",214,298
3359,3359,enter,"('W_Call after offers|schedule', 'W_Call after offers|start')","('enter', ('W_Call after offers|schedule', 'W_Call after offers|start'))",195,298
3360,3360,enter,"('W_Call after offers|start', 'A_Complete')","('enter', ('W_Call after offers|start', 'A_Complete'))",195,298
3361,3361,enter,"('A_Complete', 'W_Call after offers|suspend')","('enter', ('A_Complete', 'W_Call after offers|suspend'))",186,298
3362,3362,enter,"('W_Call after offers|suspend', 'W_Call after offers|resume')","('enter', ('W_Call after offers|suspend', 'W_Call after offers|resume'))",182,298
3363,3363,exit,"('A_Create Application', 'A_Submitted')","('exit', ('A_Create Application', 'A_Submitted'))",83,298
3364,3364,exit,"('A_Submitted', 'W_Handle leads|schedule')","('exit', ('A_Submitted', 'W_Handle leads|schedule'))",83,298
3365,3365,exit,"('W_Handle leads|schedule', 'W_Handle leads|withdraw')","('exit', ('W_Handle leads|schedule', 'W_Handle leads|withdraw'))",72,298
3366,3366,exit,"('W_Handle leads|withdraw', 'W_Complete application|schedule')","('exit', ('W_Handle leads|withdraw', 'W_Complete application|schedule'))",72,298
3367,3367,exit,"('W_Complete application|schedule', 'A_Concept')","('exit', ('W_Complete application|schedule', 'A_Concept'))",71,298
3368,3368,exit,"('A_Accepted', 'O_Create Offer')","('exit', ('A_Accepted', 'O_Create Offer'))",184,298
3369,3369,exit,"('O_Create Offer', 'O_Created')","('exit', ('O_Create Offer', 'O_Created'))",257,298
3370,3370,exit,"('O_Created', 'O_Sent (mail and online)')","('exit', ('O_Created', 'O_Sent (mail and online)'))",214,298
3371,3371,exit,"('W_Call after offers|schedule', 'W_Call after offers|start')","('exit', ('W_Call after offers|schedule', 'W_Call after offers|start'))",195,298
3372,3372,exit,"('W_Call after offers|start', 'A_Complete')","('exit', ('W_Call after offers|start', 'A_Complete'))",195,298
3373,3373,exit,"('A_Complete', 'W_Call after offers|suspend')","('exit', ('A_Complete', 'W_Call after offers|suspend'))",186,298
3374,3374,workload,"('A_Accepted', 'O_Create Offer')","('workload', ('A_Accepted', 'O_Create Offer'))",7.076923076923077,298
3375,3375,workload,"('O_Create Offer', 'O_Created')","('workload', ('O_Create Offer', 'O_Created'))",9.518518518518519,298
3376,3376,workload,"('O_Created', 'O_Sent (mail and online)')","('workload', ('O_Created', 'O_Sent (mail and online)'))",7.925925925925926,298
3377,3377,workload,"('W_Call after offers|schedule', 'W_Call after offers|start')","('workload', ('W_Call after offers|schedule', 'W_Call after offers|start'))",7.5,298
3378,3378,workload,"('W_Call after offers|start', 'A_Complete')","('workload', ('W_Call after offers|start', 'A_Complete'))",7.5,298
3379,3379,workload,"('A_Complete', 'W_Call after offers|suspend')","('workload', ('A_Complete', 'W_Call after offers|suspend'))",7.24,298
3380,3380,workload,"('W_Validate application|schedule', 'W_Validate application|start')","('workload', ('W_Validate application|schedule', 'W_Validate application|start'))",16.88888888888889,298
3381,3381,workload,"('W_Validate application|start', 'A_Validating')","('workload', ('W_Validate application|start', 'A_Validating'))",16.88888888888889,298
3382,3382,workload,"('W_Call incomplete files|suspend', 'W_Call incomplete files|resume')","('workload', ('W_Call incomplete files|suspend', 'W_Call incomplete files|resume'))",15.0,298
3383,3383,workload,"('W_Call incomplete files|resume', 'W_Call incomplete files|suspend')","('workload', ('W_Call incomplete files|resume', 'W_Call incomplete files|suspend'))",32.333333333333336,298
3384,3384,workload,"('W_Call incomplete files|ate_abort', 'W_Validate application|schedule')","('workload', ('W_Call incomplete files|ate_abort', 'W_Validate application|schedule'))",10.5,298
3385,3385,workload,"('W_Validate application|suspend', 'W_Validate application|resume')","('workload', ('W_Validate application|suspend', 'W_Validate application|resume'))",9.666666666666666,298
3386,3386,enter,"('W_Call after offers|ate_abort', 'W_Validate application|schedule')","('enter', ('W_Call after offers|ate_abort', 'W_Validate application|schedule'))",142,299
3387,3387,enter,"('A_Validating', 'O_Returned')","('enter', ('A_Validating', 'O_Returned'))",132,299
3388,3388,enter,"('O_Returned', 'W_Validate application|suspend')","('enter', ('O_Returned', 'W_Validate application|suspend'))",113,299
3389,3389,exit,"('W_Call after offers|suspend', 'W_Call after offers|ate_abort')","('exit', ('W_Call after offers|suspend', 'W_Call after offers|ate_abort'))",134,299
3390,3390,exit,"('W_Call after offers|ate_abort', 'W_Validate application|schedule')","('exit', ('W_Call after offers|ate_abort', 'W_Validate application|schedule'))",142,299
3391,3391,exit,"('A_Validating', 'O_Returned')","('exit', ('A_Validating', 'O_Returned'))",132,299
3392,3392,exit,"('O_Returned', 'W_Validate application|suspend')","('exit', ('O_Returned', 'W_Validate application|suspend'))",113,299
3393,3393,handover,"('W_Call after offers|suspend', 'W_Call after offers|resume')","('handover', ('W_Call after offers|suspend', 'W_Call after offers|resume'))",12.0,299
3394,3394,workload,"('W_Call after offers|resume', 'W_Call after offers|suspend')","('workload', ('W_Call after offers|resume', 'W_Call after offers|suspend'))",65.0,299
3395,3395,workload,"('W_Call after offers|ate_abort', 'W_Validate application|schedule')","('workload', ('W_Call after offers|ate_abort', 'W_Validate application|schedule'))",23.666666666666668,299
3396,3396,workload,"('W_Validate application|schedule', 'W_Validate application|start')","('workload', ('W_Validate application|schedule', 'W_Validate application|start'))",13.416666666666666,299
3397,3397,workload,"('W_Validate application|start', 'A_Validating')","('workload', ('W_Validate application|start', 'A_Validating'))",13.416666666666666,299
3398,3398,workload,"('A_Validating', 'O_Returned')","('workload', ('A_Validating', 'O_Returned'))",22.0,299
3399,3399,workload,"('O_Returned', 'W_Validate application|suspend')","('workload', ('O_Returned', 'W_Validate application|suspend'))",18.666666666666668,299
3400,3400,workload,"('O_Accepted', 'A_Pending')","('workload', ('O_Accepted', 'A_Pending'))",10.0,299
3401,3401,enter,"('W_Call incomplete files|ate_abort', 'W_Validate application|schedule')","('enter', ('W_Call incomplete files|ate_abort', 'W_Validate application|schedule'))",96,300
3402,3402,enter,"('A_Validating', 'W_Validate application|suspend')","('enter', ('A_Validating', 'W_Validate application|suspend'))",86,300
3403,3403,exit,"('W_Call incomplete files|suspend', 'W_Call incomplete files|ate_abort')","('exit', ('W_Call incomplete files|suspend', 'W_Call incomplete files|ate_abort'))",82,300
3404,3404,exit,"('W_Call incomplete files|ate_abort', 'W_Validate application|schedule')","('exit', ('W_Call incomplete files|ate_abort', 'W_Validate application|schedule'))",96,300
3405,3405,exit,"('A_Validating', 'W_Validate application|suspend')","('exit', ('A_Validating', 'W_Validate application|suspend'))",86,300
3406,3406,workload,"('A_Validating', 'W_Validate application|suspend')","('workload', ('A_Validating', 'W_Validate application|suspend'))",8.5,300
3407,3407,workload,"('O_Accepted', 'A_Pending')","('workload', ('O_Accepted', 'A_Pending'))",9.428571428571429,300
3408,3408,enter,"('W_Call incomplete files|suspend', 'W_Call incomplete files|ate_abort')","('enter', ('W_Call incomplete files|suspend', 'W_Call incomplete files|ate_abort'))",83,301
3409,3409,handover,"('W_Call after offers|suspend', 'W_Call after offers|ate_abort')","('handover', ('W_Call after offers|suspend', 'W_Call after offers|ate_abort'))",4.833333333333333,301
3410,3410,handover,"('W_Call incomplete files|suspend', 'W_Call incomplete files|ate_abort')","('handover', ('W_Call incomplete files|suspend', 'W_Call incomplete files|ate_abort'))",6.0,302
3411,3411,workload,"('A_Accepted', 'O_Create Offer')","('workload', ('A_Accepted', 'O_Create Offer'))",6.785714285714286,302
3412,3412,workload,"('O_Create Offer', 'O_Created')","('workload', ('O_Create Offer', 'O_Created'))",8.714285714285714,302
3413,3413,workload,"('W_Call after offers|schedule', 'W_Call after offers|start')","('workload', ('W_Call after offers|schedule', 'W_Call after offers|start'))",6.714285714285714,302
3414,3414,workload,"('W_Call after offers|start', 'A_Complete')","('workload', ('W_Call after offers|start', 'A_Complete'))",6.714285714285714,302
3415,3415,workload,"('W_Validate application|schedule', 'W_Validate application|start')","('workload', ('W_Validate application|schedule', 'W_Validate application|start'))",13.0,302
3416,3416,workload,"('W_Call incomplete files|ate_abort', 'W_Validate application|schedule')","('workload', ('W_Call incomplete files|ate_abort', 'W_Validate application|schedule'))",13.0,302
3417,3417,workload,"('A_Validating', 'W_Validate application|suspend')","('workload', ('A_Validating', 'W_Validate application|suspend'))",13.0,302
3418,3418,enter,"('A_Create Application', 'A_Submitted')","('enter', ('A_Create Application', 'A_Submitted'))",85,304
3419,3419,enter,"('A_Submitted', 'W_Handle leads|schedule')","('enter', ('A_Submitted', 'W_Handle leads|schedule'))",85,304
3420,3420,enter,"('W_Handle leads|schedule', 'W_Handle leads|withdraw')","('enter', ('W_Handle leads|schedule', 'W_Handle leads|withdraw'))",70,304
3421,3421,enter,"('W_Handle leads|withdraw', 'W_Complete application|schedule')","('enter', ('W_Handle leads|withdraw', 'W_Complete application|schedule'))",70,304
3422,3422,enter,"('W_Complete application|schedule', 'A_Concept')","('enter', ('W_Complete application|schedule', 'A_Concept'))",69,304
3423,3423,enter,"('A_Concept', 'W_Complete application|start')","('enter', ('A_Concept', 'W_Complete application|start'))",68,304
3424,3424,enter,"('W_Complete application|start', 'W_Complete application|suspend')","('enter', ('W_Complete application|start', 'W_Complete application|suspend'))",88,304
3425,3425,enter,"('A_Accepted', 'O_Create Offer')","('enter', ('A_Accepted', 'O_Create Offer'))",166,304
3426,3426,enter,"('O_Create Offer', 'O_Created')","('enter', ('O_Create Offer', 'O_Created'))",232,304
3427,3427,enter,"('O_Created', 'O_Sent (mail and online)')","('enter', ('O_Created', 'O_Sent (mail and online)'))",196,304
3428,3428,enter,"('O_Sent (mail and online)', 'W_Complete application|ate_abort')","('enter', ('O_Sent (mail and online)', 'W_Complete application|ate_abort'))",57,304
3429,3429,enter,"('W_Complete application|ate_abort', 'W_Call after offers|schedule')","('enter', ('W_Complete application|ate_abort', 'W_Call after offers|schedule'))",57,304
3430,3430,enter,"('W_Call after offers|schedule', 'W_Call after offers|start')","('enter', ('W_Call after offers|schedule', 'W_Call after offers|start'))",177,304
3431,3431,enter,"('W_Call after offers|start', 'A_Complete')","('enter', ('W_Call after offers|start', 'A_Complete'))",177,304
3432,3432,enter,"('A_Complete', 'W_Call after offers|suspend')","('enter', ('A_Complete', 'W_Call after offers|suspend'))",174,304
3433,3433,enter,"('W_Call after offers|suspend', 'W_Call after offers|resume')","('enter', ('W_Call after offers|suspend', 'W_Call after offers|resume'))",158,304
3434,3434,enter,"('W_Call after offers|resume', 'W_Call after offers|suspend')","('enter', ('W_Call after offers|resume', 'W_Call after offers|suspend'))",228,304
3435,3435,enter,"('W_Call after offers|suspend', 'W_Call after offers|ate_abort')","('enter', ('W_Call after offers|suspend', 'W_Call after offers|ate_abort'))",170,304
3436,3436,enter,"('W_Complete application|suspend', 'W_Complete application|resume')","('enter', ('W_Complete application|suspend', 'W_Complete application|resume'))",139,304
3437,3437,enter,"('O_Sent (mail and online)', 'W_Complete application|complete')","('enter', ('O_Sent (mail and online)', 'W_Complete application|complete'))",114,304
3438,3438,enter,"('W_Complete application|complete', 'W_Call after offers|schedule')","('enter', ('W_Complete application|complete', 'W_Call after offers|schedule'))",114,304
3439,3439,enter,"('W_Complete application|schedule', 'W_Complete application|start')","('enter', ('W_Complete application|schedule', 'W_Complete application|start'))",94,304
3440,3440,enter,"('W_Complete application|start', 'A_Concept')","('enter', ('W_Complete application|start', 'A_Concept'))",74,304
3441,3441,enter,"('W_Complete application|resume', 'W_Complete application|suspend')","('enter', ('W_Complete application|resume', 'W_Complete application|suspend'))",85,304
3442,3442,exit,"('A_Create Application', 'A_Submitted')","('exit', ('A_Create Application', 'A_Submitted'))",85,304
3443,3443,exit,"('A_Submitted', 'W_Handle leads|schedule')","('exit', ('A_Submitted', 'W_Handle leads|schedule'))",85,304
3444,3444,exit,"('W_Handle leads|schedule', 'W_Handle leads|withdraw')","('exit', ('W_Handle leads|schedule', 'W_Handle leads|withdraw'))",70,304
3445,3445,exit,"('W_Handle leads|withdraw', 'W_Complete application|schedule')","('exit', ('W_Handle leads|withdraw', 'W_Complete application|schedule'))",70,304
3446,3446,exit,"('W_Complete application|schedule', 'A_Concept')","('exit', ('W_Complete application|schedule', 'A_Concept'))",69,304
3447,3447,exit,"('A_Concept', 'W_Complete application|start')","('exit', ('A_Concept', 'W_Complete application|start'))",105,304
3448,3448,exit,"('W_Complete application|start', 'W_Complete application|suspend')","('exit', ('W_Complete application|start', 'W_Complete application|suspend'))",88,304
3449,3449,exit,"('A_Accepted', 'O_Create Offer')","('exit', ('A_Accepted', 'O_Create Offer'))",166,304
3450,3450,exit,"('O_Create Offer', 'O_Created')","('exit', ('O_Create Offer', 'O_Created'))",232,304
3451,3451,exit,"('O_Created', 'O_Sent (mail and online)')","('exit', ('O_Created', 'O_Sent (mail and online)'))",194,304
3452,3452,exit,"('O_Sent (mail and online)', 'W_Complete application|ate_abort')","('exit', ('O_Sent (mail and online)', 'W_Complete application|ate_abort'))",57,304
3453,3453,exit,"('W_Complete application|ate_abort', 'W_Call after offers|schedule')","('exit', ('W_Complete application|ate_abort', 'W_Call after offers|schedule'))",57,304
3454,3454,exit,"('W_Call after offers|schedule', 'W_Call after offers|start')","('exit', ('W_Call after offers|schedule', 'W_Call after offers|start'))",177,304
3455,3455,exit,"('W_Call after offers|start', 'A_Complete')","('exit', ('W_Call after offers|start', 'A_Complete'))",177,304
3456,3456,exit,"('A_Complete', 'W_Call after offers|suspend')","('exit', ('A_Complete', 'W_Call after offers|suspend'))",174,304
3457,3457,exit,"('W_Call after offers|suspend', 'W_Call after offers|resume')","('exit', ('W_Call after offers|suspend', 'W_Call after offers|resume'))",218,304
3458,3458,exit,"('W_Call after offers|resume', 'W_Call after offers|suspend')","('exit', ('W_Call after offers|resume', 'W_Call after offers|suspend'))",228,304
3459,3459,exit,"('W_Complete application|suspend', 'W_Complete application|resume')","('exit', ('W_Complete application|suspend', 'W_Complete application|resume'))",127,304
3460,3460,exit,"('O_Sent (mail and online)', 'W_Complete application|complete')","('exit', ('O_Sent (mail and online)', 'W_Complete application|complete'))",114,304
3461,3461,exit,"('W_Complete application|complete', 'W_Call after offers|schedule')","('exit', ('W_Complete application|complete', 'W_Call after offers|schedule'))",114,304
3462,3462,exit,"('W_Complete application|schedule', 'W_Complete application|start')","('exit', ('W_Complete application|schedule', 'W_Complete application|start'))",94,304
3463,3463,exit,"('W_Complete application|start', 'A_Concept')","('exit', ('W_Complete application|start', 'A_Concept'))",74,304
3464,3464,exit,"('W_Complete application|resume', 'W_Complete application|suspend')","('exit', ('W_Complete application|resume', 'W_Complete application|suspend'))",85,304
3465,3465,enter,"('A_Create Application', 'A_Submitted')","('enter', ('A_Create Application', 'A_Submitted'))",86,305
3466,3466,enter,"('A_Submitted', 'W_Handle leads|schedule')","('enter', ('A_Submitted', 'W_Handle leads|schedule'))",86,305
3467,3467,enter,"('W_Handle leads|schedule', 'W_Handle leads|withdraw')","('enter', ('W_Handle leads|schedule', 'W_Handle leads|withdraw'))",70,305
3468,3468,enter,"('W_Handle leads|withdraw', 'W_Complete application|schedule')","('enter', ('W_Handle leads|withdraw', 'W_Complete application|schedule'))",70,305
3469,3469,enter,"('W_Complete application|schedule', 'A_Concept')","('enter', ('W_Complete application|schedule', 'A_Concept'))",72,305
3470,3470,enter,"('A_Concept', 'W_Complete application|start')","('enter', ('A_Concept', 'W_Complete application|start'))",68,305
3471,3471,enter,"('O_Sent (mail and online)', 'W_Complete application|ate_abort')","('enter', ('O_Sent (mail and online)', 'W_Complete application|ate_abort'))",61,305
3472,3472,enter,"('W_Complete application|ate_abort', 'W_Call after offers|schedule')","('enter', ('W_Complete application|ate_abort', 'W_Call after offers|schedule'))",62,305
3473,3473,enter,"('W_Validate application|suspend', 'W_Validate application|ate_abort')","('enter', ('W_Validate application|suspend', 'W_Validate application|ate_abort'))",73,305
3474,3474,exit,"('A_Create Application', 'A_Submitted')","('exit', ('A_Create Application', 'A_Submitted'))",86,305
3475,3475,exit,"('A_Submitted', 'W_Handle leads|schedule')","('exit', ('A_Submitted', 'W_Handle leads|schedule'))",86,305
3476,3476,exit,"('W_Handle leads|schedule', 'W_Handle leads|withdraw')","('exit', ('W_Handle leads|schedule', 'W_Handle leads|withdraw'))",70,305
3477,3477,exit,"('W_Handle leads|withdraw', 'W_Complete application|schedule')","('exit', ('W_Handle leads|withdraw', 'W_Complete application|schedule'))",70,305
3478,3478,exit,"('W_Complete application|schedule', 'A_Concept')","('exit', ('W_Complete application|schedule', 'A_Concept'))",72,305
3479,3479,exit,"('O_Sent (mail and online)', 'W_Complete application|ate_abort')","('exit', ('O_Sent (mail and online)', 'W_Complete application|ate_abort'))",61,305
3480,3480,exit,"('W_Complete application|ate_abort', 'W_Call after offers|schedule')","('exit', ('W_Complete application|ate_abort', 'W_Call after offers|schedule'))",62,305
3481,3481,enter,"('W_Call after offers|ate_abort', 'W_Validate application|schedule')","('enter', ('W_Call after offers|ate_abort', 'W_Validate application|schedule'))",138,306
3482,3482,enter,"('W_Validate application|schedule', 'W_Validate application|start')","('enter', ('W_Validate application|schedule', 'W_Validate application|start'))",199,306
3483,3483,enter,"('W_Validate application|start', 'A_Validating')","('enter', ('W_Validate application|start', 'A_Validating'))",198,306
3484,3484,enter,"('A_Validating', 'O_Returned')","('enter', ('A_Validating', 'O_Returned'))",124,306
3485,3485,enter,"('O_Returned', 'W_Validate application|suspend')","('enter', ('O_Returned', 'W_Validate application|suspend'))",107,306
3486,3486,enter,"('W_Validate application|suspend', 'W_Validate application|ate_abort')","('enter', ('W_Validate application|suspend', 'W_Validate application|ate_abort'))",76,306
3487,3487,enter,"('W_Validate application|ate_abort', 'W_Call incomplete files|schedule')","('enter', ('W_Validate application|ate_abort', 'W_Call incomplete files|schedule'))",80,306
3488,3488,enter,"('W_Call incomplete files|schedule', 'W_Call incomplete files|start')","('enter', ('W_Call incomplete files|schedule', 'W_Call incomplete files|start'))",128,306
3489,3489,enter,"('W_Call incomplete files|start', 'A_Incomplete')","('enter', ('W_Call incomplete files|start', 'A_Incomplete'))",128,306
3490,3490,exit,"('W_Call after offers|suspend', 'W_Call after offers|ate_abort')","('exit', ('W_Call after offers|suspend', 'W_Call after offers|ate_abort'))",130,306
3491,3491,exit,"('W_Call after offers|ate_abort', 'W_Validate application|schedule')","('exit', ('W_Call after offers|ate_abort', 'W_Validate application|schedule'))",138,306
3492,3492,exit,"('W_Validate application|schedule', 'W_Validate application|start')","('exit', ('W_Validate application|schedule', 'W_Validate application|start'))",199,306
3493,3493,exit,"('W_Validate application|start', 'A_Validating')","('exit', ('W_Validate application|start', 'A_Validating'))",198,306
3494,3494,exit,"('A_Validating', 'O_Returned')","('exit', ('A_Validating', 'O_Returned'))",124,306
3495,3495,exit,"('O_Returned', 'W_Validate application|suspend')","('exit', ('O_Returned', 'W_Validate application|suspend'))",107,306
3496,3496,exit,"('W_Validate application|ate_abort', 'W_Call incomplete files|schedule')","('exit', ('W_Validate application|ate_abort', 'W_Call incomplete files|schedule'))",80,306
3497,3497,exit,"('W_Call incomplete files|schedule', 'W_Call incomplete files|start')","('exit', ('W_Call incomplete files|schedule', 'W_Call incomplete files|start'))",128,306
3498,3498,exit,"('W_Call incomplete files|start', 'A_Incomplete')","('exit', ('W_Call incomplete files|start', 'A_Incomplete'))",128,306
3499,3499,enter,"('W_Validate application|ate_abort', 'W_Call incomplete files|schedule')","('enter', ('W_Validate application|ate_abort', 'W_Call incomplete files|schedule'))",85,307
3500,3500,enter,"('W_Call incomplete files|ate_abort', 'W_Validate application|schedule')","('enter', ('W_Call incomplete files|ate_abort', 'W_Validate application|schedule'))",81,307
3501,3501,enter,"('O_Accepted', 'A_Pending')","('enter', ('O_Accepted', 'A_Pending'))",83,307
3502,3502,exit,"('W_Validate application|suspend', 'W_Validate application|ate_abort')","('exit', ('W_Validate application|suspend', 'W_Validate application|ate_abort'))",84,307
3503,3503,exit,"('W_Validate application|ate_abort', 'W_Call incomplete files|schedule')","('exit', ('W_Validate application|ate_abort', 'W_Call incomplete files|schedule'))",85,307
3504,3504,exit,"('W_Call incomplete files|suspend', 'W_Call incomplete files|ate_abort')","('exit', ('W_Call incomplete files|suspend', 'W_Call incomplete files|ate_abort'))",76,307
3505,3505,exit,"('W_Call incomplete files|ate_abort', 'W_Validate application|schedule')","('exit', ('W_Call incomplete files|ate_abort', 'W_Validate application|schedule'))",81,307
3506,3506,exit,"('O_Accepted', 'A_Pending')","('exit', ('O_Accepted', 'A_Pending'))",83,307
3507,3507,workload,"('W_Validate application|ate_abort', 'W_Call incomplete files|schedule')","('workload', ('W_Validate application|ate_abort', 'W_Call incomplete files|schedule'))",7.7272727272727275,307
3508,3508,workload,"('A_Incomplete', 'W_Call incomplete files|suspend')","('workload', ('A_Incomplete', 'W_Call incomplete files|suspend'))",8.285714285714286,307
3509,3509,handover,"('W_Call incomplete files|suspend', 'W_Call incomplete files|resume')","('handover', ('W_Call incomplete files|suspend', 'W_Call incomplete files|resume'))",7.25,308
3510,3510,handover,"('W_Complete application|suspend', 'W_Complete application|resume')","('handover', ('W_Complete application|suspend', 'W_Complete application|resume'))",2.6666666666666665,308
3511,3511,handover,"('W_Validate application|suspend', 'W_Validate application|resume')","('handover', ('W_Validate application|suspend', 'W_Validate application|resume'))",3.5,308
3512,3512,workload,"('W_Call incomplete files|resume', 'W_Call incomplete files|suspend')","('workload', ('W_Call incomplete files|resume', 'W_Call incomplete files|suspend'))",26.75,308
3513,3513,handover,"('W_Call after offers|suspend', 'W_Call after offers|ate_abort')","('handover', ('W_Call after offers|suspend', 'W_Call after offers|ate_abort'))",5.0,309
3514,3514,handover,"('W_Call incomplete files|suspend', 'W_Call incomplete files|ate_abort')","('handover', ('W_Call incomplete files|suspend', 'W_Call incomplete files|ate_abort'))",6.5,309
3515,3515,workload,"('A_Accepted', 'O_Create Offer')","('workload', ('A_Accepted', 'O_Create Offer'))",7.9,309
3516,3516,workload,"('O_Create Offer', 'O_Created')","('workload', ('O_Create Offer', 'O_Created'))",9.6,309
3517,3517,workload,"('O_Created', 'O_Sent (mail and online)')","('workload', ('O_Created', 'O_Sent (mail and online)'))",8.4,309
3518,3518,workload,"('W_Call after offers|schedule', 'W_Call after offers|start')","('workload', ('W_Call after offers|schedule', 'W_Call after offers|start'))",8.1,309
3519,3519,workload,"('W_Call after offers|start', 'A_Complete')","('workload', ('W_Call after offers|start', 'A_Complete'))",8.1,309
3520,3520,workload,"('A_Complete', 'W_Call after offers|suspend')","('workload', ('A_Complete', 'W_Call after offers|suspend'))",7.3,309
3521,3521,workload,"('W_Validate application|schedule', 'W_Validate application|start')","('workload', ('W_Validate application|schedule', 'W_Validate application|start'))",18.666666666666668,309
3522,3522,workload,"('W_Validate application|start', 'A_Validating')","('workload', ('W_Validate application|start', 'A_Validating'))",18.666666666666668,309
3523,3523,workload,"('W_Call incomplete files|ate_abort', 'W_Validate application|schedule')","('workload', ('W_Call incomplete files|ate_abort', 'W_Validate application|schedule'))",19.0,309
3524,3524,workload,"('A_Validating', 'W_Validate application|suspend')","('workload', ('A_Validating', 'W_Validate application|suspend'))",19.0,309
3525,3525,workload,"('O_Sent (mail and online)', 'W_Complete application|complete')","('workload', ('O_Sent (mail and online)', 'W_Complete application|complete'))",5.7,309
3526,3526,workload,"('W_Complete application|complete', 'W_Call after offers|schedule')","('workload', ('W_Complete application|complete', 'W_Call after offers|schedule'))",5.7,309
3527,3527,enter,"('W_Complete application|suspend', 'W_Complete application|resume')","('enter', ('W_Complete application|suspend', 'W_Complete application|resume'))",109,311
3528,3528,enter,"('W_Complete application|schedule', 'W_Complete application|start')","('enter', ('W_Complete application|schedule', 'W_Complete application|start'))",76,311
3529,3529,enter,"('W_Complete application|start', 'A_Concept')","('enter', ('W_Complete application|start', 'A_Concept'))",55,311
3530,3530,exit,"('W_Complete application|schedule', 'W_Complete application|start')","('exit', ('W_Complete application|schedule', 'W_Complete application|start'))",76,311
3531,3531,exit,"('W_Complete application|start', 'A_Concept')","('exit', ('W_Complete application|start', 'A_Concept'))",55,311
3532,3532,workload,"('W_Call after offers|suspend', 'W_Call after offers|resume')","('workload', ('W_Call after offers|suspend', 'W_Call after offers|resume'))",6.666666666666667,311
3533,3533,enter,"('W_Validate application|ate_abort', 'W_Call incomplete files|schedule')","('enter', ('W_Validate application|ate_abort', 'W_Call incomplete files|schedule'))",79,312
3534,3534,enter,"('W_Call incomplete files|schedule', 'W_Call incomplete files|start')","('enter', ('W_Call incomplete files|schedule', 'W_Call incomplete files|start'))",128,312
3535,3535,enter,"('W_Call incomplete files|start', 'A_Incomplete')","('enter', ('W_Call incomplete files|start', 'A_Incomplete'))",128,312
3536,3536,enter,"('A_Incomplete', 'W_Call incomplete files|suspend')","('enter', ('A_Incomplete', 'W_Call incomplete files|suspend'))",121,312
3537,3537,enter,"('W_Call incomplete files|suspend', 'W_Call incomplete files|resume')","('enter', ('W_Call incomplete files|suspend', 'W_Call incomplete files|resume'))",222,312
3538,3538,enter,"('W_Call incomplete files|resume', 'W_Call incomplete files|suspend')","('enter', ('W_Call incomplete files|resume', 'W_Call incomplete files|suspend'))",211,312
3539,3539,exit,"('W_Validate application|suspend', 'W_Validate application|ate_abort')","('exit', ('W_Validate application|suspend', 'W_Validate application|ate_abort'))",78,312
3540,3540,exit,"('W_Validate application|ate_abort', 'W_Call incomplete files|schedule')","('exit', ('W_Validate application|ate_abort', 'W_Call incomplete files|schedule'))",79,312
3541,3541,exit,"('W_Call incomplete files|schedule', 'W_Call incomplete files|start')","('exit', ('W_Call incomplete files|schedule', 'W_Call incomplete files|start'))",128,312
3542,3542,exit,"('W_Call incomplete files|start', 'A_Incomplete')","('exit', ('W_Call incomplete files|start', 'A_Incomplete'))",128,312
3543,3543,exit,"('A_Incomplete', 'W_Call incomplete files|suspend')","('exit', ('A_Incomplete', 'W_Call incomplete files|suspend'))",121,312
3544,3544,exit,"('W_Call incomplete files|suspend', 'W_Call incomplete files|resume')","('exit', ('W_Call incomplete files|suspend', 'W_Call incomplete files|resume'))",222,312
3545,3545,exit,"('W_Call incomplete files|resume', 'W_Call incomplete files|suspend')","('exit', ('W_Call incomplete files|resume', 'W_Call incomplete files|suspend'))",211,312
3546,3546,workload,"('W_Call incomplete files|suspend', 'W_Call incomplete files|resume')","('workload', ('W_Call incomplete files|suspend', 'W_Call incomplete files|resume'))",12.0,312
3547,3547,enter,"('O_Sent (mail and online)', 'W_Complete application|ate_abort')","('enter', ('O_Sent (mail and online)', 'W_Complete application|ate_abort'))",52,313
3548,3548,enter,"('W_Complete application|ate_abort', 'W_Call after offers|schedule')","('enter', ('W_Complete application|ate_abort', 'W_Call after offers|schedule'))",52,313
3549,3549,enter,"('W_Validate application|suspend', 'W_Validate application|ate_abort')","('enter', ('W_Validate application|suspend', 'W_Validate application|ate_abort'))",74,313
3550,3550,enter,"('W_Validate application|ate_abort', 'W_Call incomplete files|schedule')","('enter', ('W_Validate application|ate_abort', 'W_Call incomplete files|schedule'))",85,313
3551,3551,enter,"('W_Call incomplete files|schedule', 'W_Call incomplete files|start')","('enter', ('W_Call incomplete files|schedule', 'W_Call incomplete files|start'))",127,313
3552,3552,enter,"('W_Call incomplete files|start', 'A_Incomplete')","('enter', ('W_Call incomplete files|start', 'A_Incomplete'))",127,313
3553,3553,enter,"('A_Incomplete', 'W_Call incomplete files|suspend')","('enter', ('A_Incomplete', 'W_Call incomplete files|suspend'))",119,313
3554,3554,exit,"('O_Sent (mail and online)', 'W_Complete application|ate_abort')","('exit', ('O_Sent (mail and online)', 'W_Complete application|ate_abort'))",52,313
3555,3555,exit,"('W_Complete application|ate_abort', 'W_Call after offers|schedule')","('exit', ('W_Complete application|ate_abort', 'W_Call after offers|schedule'))",52,313
3556,3556,exit,"('W_Validate application|suspend', 'W_Validate application|ate_abort')","('exit', ('W_Validate application|suspend', 'W_Validate application|ate_abort'))",85,313
3557,3557,exit,"('W_Validate application|ate_abort', 'W_Call incomplete files|schedule')","('exit', ('W_Validate application|ate_abort', 'W_Call incomplete files|schedule'))",85,313
3558,3558,exit,"('W_Call incomplete files|schedule', 'W_Call incomplete files|start')","('exit', ('W_Call incomplete files|schedule', 'W_Call incomplete files|start'))",127,313
3559,3559,exit,"('W_Call incomplete files|start', 'A_Incomplete')","('exit', ('W_Call incomplete files|start', 'A_Incomplete'))",127,313
3560,3560,exit,"('A_Incomplete', 'W_Call incomplete files|suspend')","('exit', ('A_Incomplete', 'W_Call incomplete files|suspend'))",119,313
3561,3561,handover,"('W_Validate application|suspend', 'W_Validate application|resume')","('handover', ('W_Validate application|suspend', 'W_Validate application|resume'))",3.4285714285714284,313
3562,3562,enter,"('A_Validating', 'W_Validate application|suspend')","('enter', ('A_Validating', 'W_Validate application|suspend'))",79,314
3563,3563,enter,"('W_Complete application|resume', 'W_Complete application|suspend')","('enter', ('W_Complete application|resume', 'W_Complete application|suspend'))",80,314
3564,3564,exit,"('W_Call incomplete files|suspend', 'W_Call incomplete files|ate_abort')","('exit', ('W_Call incomplete files|suspend', 'W_Call incomplete files|ate_abort'))",73,314
3565,3565,exit,"('A_Validating', 'W_Validate application|suspend')","('exit', ('A_Validating', 'W_Validate application|suspend'))",79,314
3566,3566,exit,"('W_Complete application|resume', 'W_Complete application|suspend')","('exit', ('W_Complete application|resume', 'W_Complete application|suspend'))",80,314
3567,3567,handover,"('W_Call after offers|suspend', 'W_Call after offers|resume')","('handover', ('W_Call after offers|suspend', 'W_Call after offers|resume'))",13.0,315
3568,3568,handover,"('W_Call after offers|suspend', 'W_Call after offers|ate_abort')","('handover', ('W_Call after offers|suspend', 'W_Call after offers|ate_abort'))",6.0,315
3569,3569,workload,"('W_Call after offers|suspend', 'W_Call after offers|resume')","('workload', ('W_Call after offers|suspend', 'W_Call after offers|resume'))",11.0,315
3570,3570,workload,"('W_Call after offers|resume', 'W_Call after offers|suspend')","('workload', ('W_Call after offers|resume', 'W_Call after offers|suspend'))",62.0,315
3571,3571,workload,"('W_Call after offers|ate_abort', 'W_Validate application|schedule')","('workload', ('W_Call after offers|ate_abort', 'W_Validate application|schedule'))",21.25,315
3572,3572,workload,"('A_Validating', 'O_Returned')","('workload', ('A_Validating', 'O_Returned'))",21.0,315
3573,3573,handover,"('W_Call incomplete files|suspend', 'W_Call incomplete files|resume')","('handover', ('W_Call incomplete files|suspend', 'W_Call incomplete files|resume'))",6.333333333333333,316
3574,3574,handover,"('W_Call incomplete files|suspend', 'W_Call incomplete files|ate_abort')","('handover', ('W_Call incomplete files|suspend', 'W_Call incomplete files|ate_abort'))",4.5,316
3575,3575,workload,"('W_Call after offers|suspend', 'W_Call after offers|resume')","('workload', ('W_Call after offers|suspend', 'W_Call after offers|resume'))",10.0,316
3576,3576,handover,"('W_Validate application|suspend', 'W_Validate application|ate_abort')","('handover', ('W_Validate application|suspend', 'W_Validate application|ate_abort'))",3.0,317
3577,3577,handover,"('W_Validate application|suspend', 'W_Validate application|resume')","('handover', ('W_Validate application|suspend', 'W_Validate application|resume'))",4.0,317
3578,3578,enter,"('W_Call after offers|resume', 'W_Call after offers|suspend')","('enter', ('W_Call after offers|resume', 'W_Call after offers|suspend'))",225,318
3579,3579,enter,"('W_Call after offers|suspend', 'W_Call after offers|ate_abort')","('enter', ('W_Call after offers|suspend', 'W_Call after offers|ate_abort'))",155,318
3580,3580,enter,"('W_Validate application|suspend', 'W_Validate application|ate_abort')","('enter', ('W_Validate application|suspend', 'W_Validate application|ate_abort'))",76,318
3581,3581,enter,"('W_Call incomplete files|schedule', 'W_Call incomplete files|start')","('enter', ('W_Call incomplete files|schedule', 'W_Call incomplete files|start'))",137,318
3582,3582,enter,"('W_Call incomplete files|start', 'A_Incomplete')","('enter', ('W_Call incomplete files|start', 'A_Incomplete'))",137,318
3583,3583,enter,"('A_Incomplete', 'W_Call incomplete files|suspend')","('enter', ('A_Incomplete', 'W_Call incomplete files|suspend'))",132,318
3584,3584,enter,"('W_Call incomplete files|resume', 'W_Call incomplete files|suspend')","('enter', ('W_Call incomplete files|resume', 'W_Call incomplete files|suspend'))",193,318
3585,3585,enter,"('W_Call incomplete files|suspend', 'W_Call incomplete files|ate_abort')","('enter', ('W_Call incomplete files|suspend', 'W_Call incomplete files|ate_abort'))",81,318
3586,3586,enter,"('W_Complete application|schedule', 'W_Complete application|start')","('enter', ('W_Complete application|schedule', 'W_Complete application|start'))",82,318
3587,3587,enter,"('W_Complete application|start', 'A_Concept')","('enter', ('W_Complete application|start', 'A_Concept'))",66,318
3588,3588,enter,"('W_Validate application|complete', 'W_Call incomplete files|schedule')","('enter', ('W_Validate application|complete', 'W_Call incomplete files|schedule'))",60,318
3589,3589,exit,"('W_Call after offers|resume', 'W_Call after offers|suspend')","('exit', ('W_Call after offers|resume', 'W_Call after offers|suspend'))",225,318
3590,3590,exit,"('W_Call incomplete files|schedule', 'W_Call incomplete files|start')","('exit', ('W_Call incomplete files|schedule', 'W_Call incomplete files|start'))",137,318
3591,3591,exit,"('W_Call incomplete files|start', 'A_Incomplete')","('exit', ('W_Call incomplete files|start', 'A_Incomplete'))",137,318
3592,3592,exit,"('A_Incomplete', 'W_Call incomplete files|suspend')","('exit', ('A_Incomplete', 'W_Call incomplete files|suspend'))",132,318
3593,3593,exit,"('W_Call incomplete files|suspend', 'W_Call incomplete files|resume')","('exit', ('W_Call incomplete files|suspend', 'W_Call incomplete files|resume'))",209,318
3594,3594,exit,"('W_Call incomplete files|resume', 'W_Call incomplete files|suspend')","('exit', ('W_Call incomplete files|resume', 'W_Call incomplete files|suspend'))",193,318
3595,3595,exit,"('W_Complete application|schedule', 'W_Complete application|start')","('exit', ('W_Complete application|schedule', 'W_Complete application|start'))",82,318
3596,3596,exit,"('W_Complete application|start', 'A_Concept')","('exit', ('W_Complete application|start', 'A_Concept'))",66,318
3597,3597,exit,"('W_Validate application|complete', 'W_Call incomplete files|schedule')","('exit', ('W_Validate application|complete', 'W_Call incomplete files|schedule'))",60,318
3598,3598,handover,"('W_Call after offers|suspend', 'W_Call after offers|ate_abort')","('handover', ('W_Call after offers|suspend', 'W_Call after offers|ate_abort'))",5.0,318
3599,3599,workload,"('W_Call after offers|ate_abort', 'W_Validate application|schedule')","('workload', ('W_Call after offers|ate_abort', 'W_Validate application|schedule'))",19.2,318
3600,3600,enter,"('W_Validate application|ate_abort', 'W_Call incomplete files|schedule')","('enter', ('W_Validate application|ate_abort', 'W_Call incomplete files|schedule'))",79,319
3601,3601,enter,"('W_Call incomplete files|schedule', 'W_Call incomplete files|start')","('enter', ('W_Call incomplete files|schedule', 'W_Call incomplete files|start'))",138,319
3602,3602,enter,"('W_Call incomplete files|start', 'A_Incomplete')","('enter', ('W_Call incomplete files|start', 'A_Incomplete'))",138,319
3603,3603,enter,"('A_Incomplete', 'W_Call incomplete files|suspend')","('enter', ('A_Incomplete', 'W_Call incomplete files|suspend'))",134,319
3604,3604,enter,"('W_Call incomplete files|suspend', 'W_Call incomplete files|resume')","('enter', ('W_Call incomplete files|suspend', 'W_Call incomplete files|resume'))",196,319
3605,3605,enter,"('W_Validate application|complete', 'W_Call incomplete files|schedule')","('enter', ('W_Validate application|complete', 'W_Call incomplete files|schedule'))",59,319
3606,3606,exit,"('W_Validate application|suspend', 'W_Validate application|ate_abort')","('exit', ('W_Validate application|suspend', 'W_Validate application|ate_abort'))",80,319
3607,3607,exit,"('W_Validate application|ate_abort', 'W_Call incomplete files|schedule')","('exit', ('W_Validate application|ate_abort', 'W_Call incomplete files|schedule'))",79,319
3608,3608,exit,"('W_Call incomplete files|schedule', 'W_Call incomplete files|start')","('exit', ('W_Call incomplete files|schedule', 'W_Call incomplete files|start'))",138,319
3609,3609,exit,"('W_Call incomplete files|start', 'A_Incomplete')","('exit', ('W_Call incomplete files|start', 'A_Incomplete'))",138,319
3610,3610,exit,"('A_Incomplete', 'W_Call incomplete files|suspend')","('exit', ('A_Incomplete', 'W_Call incomplete files|suspend'))",134,319
3611,3611,exit,"('W_Call incomplete files|suspend', 'W_Call incomplete files|ate_abort')","('exit', ('W_Call incomplete files|suspend', 'W_Call incomplete files|ate_abort'))",73,319
3612,3612,exit,"('W_Validate application|complete', 'W_Call incomplete files|schedule')","('exit', ('W_Validate application|complete', 'W_Call incomplete files|schedule'))",59,319
3613,3613,workload,"('W_Complete application|complete', 'W_Call after offers|schedule')","('workload', ('W_Complete application|complete', 'W_Call after offers|schedule'))",4.733333333333333,319
3614,3614,enter,"('W_Validate application|schedule', 'W_Validate application|start')","('enter', ('W_Validate application|schedule', 'W_Validate application|start'))",216,320
3615,3615,enter,"('W_Validate application|start', 'A_Validating')","('enter', ('W_Validate application|start', 'A_Validating'))",215,320
3616,3616,enter,"('W_Validate application|suspend', 'W_Validate application|ate_abort')","('enter', ('W_Validate application|suspend', 'W_Validate application|ate_abort'))",88,320
3617,3617,enter,"('W_Call incomplete files|suspend', 'W_Call incomplete files|resume')","('enter', ('W_Call incomplete files|suspend', 'W_Call incomplete files|resume'))",215,320
3618,3618,enter,"('W_Call incomplete files|resume', 'W_Call incomplete files|suspend')","('enter', ('W_Call incomplete files|resume', 'W_Call incomplete files|suspend'))",230,320
3619,3619,enter,"('W_Call incomplete files|suspend', 'W_Call incomplete files|ate_abort')","('enter', ('W_Call incomplete files|suspend', 'W_Call incomplete files|ate_abort'))",76,320
3620,3620,enter,"('W_Call incomplete files|ate_abort', 'W_Validate application|schedule')","('enter', ('W_Call incomplete files|ate_abort', 'W_Validate application|schedule'))",90,320
3621,3621,enter,"('A_Validating', 'W_Validate application|suspend')","('enter', ('A_Validating', 'W_Validate application|suspend'))",89,320
3622,3622,exit,"('W_Validate application|schedule', 'W_Validate application|start')","('exit', ('W_Validate application|schedule', 'W_Validate application|start'))",216,320
3623,3623,exit,"('W_Validate application|start', 'A_Validating')","('exit', ('W_Validate application|start', 'A_Validating'))",215,320
3624,3624,exit,"('W_Call incomplete files|suspend', 'W_Call incomplete files|resume')","('exit', ('W_Call incomplete files|suspend', 'W_Call incomplete files|resume'))",246,320
3625,3625,exit,"('W_Call incomplete files|resume', 'W_Call incomplete files|suspend')","('exit', ('W_Call incomplete files|resume', 'W_Call incomplete files|suspend'))",230,320
3626,3626,exit,"('W_Call incomplete files|suspend', 'W_Call incomplete files|ate_abort')","('exit', ('W_Call incomplete files|suspend', 'W_Call incomplete files|ate_abort'))",76,320
3627,3627,exit,"('W_Call incomplete files|ate_abort', 'W_Validate application|schedule')","('exit', ('W_Call incomplete files|ate_abort', 'W_Validate application|schedule'))",90,320
3628,3628,exit,"('A_Validating', 'W_Validate application|suspend')","('exit', ('A_Validating', 'W_Validate application|suspend'))",89,320
3629,3629,workload,"('W_Validate application|start', 'A_Validating')","('workload', ('W_Validate application|start', 'A_Validating'))",13.4375,320
3630,3630,workload,"('W_Validate application|suspend', 'W_Validate application|ate_abort')","('workload', ('W_Validate application|suspend', 'W_Validate application|ate_abort'))",2.2,320
3631,3631,enter,"('A_Validating', 'W_Validate application|suspend')","('enter', ('A_Validating', 'W_Validate application|suspend'))",78,321
3632,3632,exit,"('W_Call incomplete files|suspend', 'W_Call incomplete files|ate_abort')","('exit', ('W_Call incomplete files|suspend', 'W_Call incomplete files|ate_abort'))",72,321
3633,3633,exit,"('A_Validating', 'W_Validate application|suspend')","('exit', ('A_Validating', 'W_Validate application|suspend'))",78,321
3634,3634,workload,"('A_Incomplete', 'W_Call incomplete files|suspend')","('workload', ('A_Incomplete', 'W_Call incomplete files|suspend'))",8.307692307692308,321
3635,3635,handover,"('W_Validate application|suspend', 'W_Validate application|resume')","('handover', ('W_Validate application|suspend', 'W_Validate application|resume'))",3.6666666666666665,322
3636,3636,handover,"('W_Call after offers|suspend', 'W_Call after offers|resume')","('handover', ('W_Call after offers|suspend', 'W_Call after offers|resume'))",10.5,323
3637,3637,handover,"('W_Validate application|suspend', 'W_Validate application|ate_abort')","('handover', ('W_Validate application|suspend', 'W_Validate application|ate_abort'))",5.0,323
3638,3638,handover,"('W_Call incomplete files|suspend', 'W_Call incomplete files|ate_abort')","('handover', ('W_Call incomplete files|suspend', 'W_Call incomplete files|ate_abort'))",7.0,323
3639,3639,workload,"('W_Call after offers|suspend', 'W_Call after offers|resume')","('workload', ('W_Call after offers|suspend', 'W_Call after offers|resume'))",8.0,323
3640,3640,workload,"('W_Call after offers|resume', 'W_Call after offers|suspend')","('workload', ('W_Call after offers|resume', 'W_Call after offers|suspend'))",59.0,323
3641,3641,workload,"('W_Validate application|schedule', 'W_Validate application|start')","('workload', ('W_Validate application|schedule', 'W_Validate application|start'))",23.0,323
3642,3642,workload,"('W_Validate application|start', 'A_Validating')","('workload', ('W_Validate application|start', 'A_Validating'))",23.0,323
3643,3643,workload,"('W_Call incomplete files|ate_abort', 'W_Validate application|schedule')","('workload', ('W_Call incomplete files|ate_abort', 'W_Validate application|schedule'))",19.0,323
3644,3644,workload,"('A_Validating', 'W_Validate application|suspend')","('workload', ('A_Validating', 'W_Validate application|suspend'))",16.0,323
3645,3645,enter,"('W_Complete application|start', 'W_Complete application|suspend')","('enter', ('W_Complete application|start', 'W_Complete application|suspend'))",67,325
3646,3646,enter,"('A_Accepted', 'O_Create Offer')","('enter', ('A_Accepted', 'O_Create Offer'))",139,325
3647,3647,enter,"('O_Create Offer', 'O_Created')","('enter', ('O_Create Offer', 'O_Created'))",201,325
3648,3648,enter,"('O_Sent (mail and online)', 'W_Complete application|ate_abort')","('enter', ('O_Sent (mail and online)', 'W_Complete application|ate_abort'))",53,325
3649,3649,enter,"('W_Complete application|ate_abort', 'W_Call after offers|schedule')","('enter', ('W_Complete application|ate_abort', 'W_Call after offers|schedule'))",54,325
3650,3650,enter,"('W_Call after offers|schedule', 'W_Call after offers|start')","('enter', ('W_Call after offers|schedule', 'W_Call after offers|start'))",149,325
3651,3651,enter,"('W_Call after offers|start', 'A_Complete')","('enter', ('W_Call after offers|start', 'A_Complete'))",149,325
3652,3652,enter,"('A_Complete', 'W_Call after offers|suspend')","('enter', ('A_Complete', 'W_Call after offers|suspend'))",143,325
3653,3653,enter,"('W_Call after offers|suspend', 'W_Call after offers|ate_abort')","('enter', ('W_Call after offers|suspend', 'W_Call after offers|ate_abort'))",244,325
3654,3654,exit,"('A_Concept', 'W_Complete application|start')","('exit', ('A_Concept', 'W_Complete application|start'))",75,325
3655,3655,exit,"('W_Complete application|start', 'W_Complete application|suspend')","('exit', ('W_Complete application|start', 'W_Complete application|suspend'))",67,325
3656,3656,exit,"('A_Accepted', 'O_Create Offer')","('exit', ('A_Accepted', 'O_Create Offer'))",139,325
3657,3657,exit,"('O_Create Offer', 'O_Created')","('exit', ('O_Create Offer', 'O_Created'))",201,325
3658,3658,exit,"('O_Sent (mail and online)', 'W_Complete application|ate_abort')","('exit', ('O_Sent (mail and online)', 'W_Complete application|ate_abort'))",53,325
3659,3659,exit,"('W_Complete application|ate_abort', 'W_Call after offers|schedule')","('exit', ('W_Complete application|ate_abort', 'W_Call after offers|schedule'))",54,325
3660,3660,exit,"('W_Call after offers|schedule', 'W_Call after offers|start')","('exit', ('W_Call after offers|schedule', 'W_Call after offers|start'))",149,325
3661,3661,exit,"('W_Call after offers|start', 'A_Complete')","('exit', ('W_Call after offers|start', 'A_Complete'))",149,325
3662,3662,exit,"('A_Complete', 'W_Call after offers|suspend')","('exit', ('A_Complete', 'W_Call after offers|suspend'))",143,325
3663,3663,handover,"('O_Returned', 'W_Validate application|suspend')","('handover', ('O_Returned', 'W_Validate application|suspend'))",1.5,325
3664,3664,workload,"('W_Call incomplete files|suspend', 'W_Call incomplete files|resume')","('workload', ('W_Call incomplete files|suspend', 'W_Call incomplete files|resume'))",11.25,325
3665,3665,workload,"('W_Call incomplete files|resume', 'W_Call incomplete files|suspend')","('workload', ('W_Call incomplete files|resume', 'W_Call incomplete files|suspend'))",34.8,325
3666,3666,workload,"('W_Call incomplete files|suspend', 'W_Call incomplete files|ate_abort')","('workload', ('W_Call incomplete files|suspend', 'W_Call incomplete files|ate_abort'))",1.5,325
3667,3667,enter,"('O_Create Offer', 'O_Created')","('enter', ('O_Create Offer', 'O_Created'))",200,326
3668,3668,enter,"('O_Created', 'O_Sent (mail and online)')","('enter', ('O_Created', 'O_Sent (mail and online)'))",163,326
3669,3669,enter,"('W_Call after offers|suspend', 'W_Call after offers|ate_abort')","('enter', ('W_Call after offers|suspend', 'W_Call after offers|ate_abort'))",153,326
3670,3670,enter,"('O_Accepted', 'A_Pending')","('enter', ('O_Accepted', 'A_Pending'))",389,326
3671,3671,exit,"('O_Create Offer', 'O_Created')","('exit', ('O_Create Offer', 'O_Created'))",200,326
3672,3672,exit,"('O_Created', 'O_Sent (mail and online)')","('exit', ('O_Created', 'O_Sent (mail and online)'))",163,326
3673,3673,exit,"('O_Accepted', 'A_Pending')","('exit', ('O_Accepted', 'A_Pending'))",389,326
3674,3674,workload,"('O_Accepted', 'A_Pending')","('workload', ('O_Accepted', 'A_Pending'))",27.785714285714285,326
3675,3675,enter,"('W_Call after offers|ate_abort', 'W_Validate application|schedule')","('enter', ('W_Call after offers|ate_abort', 'W_Validate application|schedule'))",124,327
3676,3676,enter,"('A_Validating', 'O_Returned')","('enter', ('A_Validating', 'O_Returned'))",115,327
3677,3677,enter,"('O_Accepted', 'A_Pending')","('enter', ('O_Accepted', 'A_Pending'))",81,327
3678,3678,exit,"('W_Call after offers|ate_abort', 'W_Validate application|schedule')","('exit', ('W_Call after offers|ate_abort', 'W_Validate application|schedule'))",124,327
3679,3679,exit,"('A_Validating', 'O_Returned')","('exit', ('A_Validating', 'O_Returned'))",115,327
3680,3680,exit,"('O_Accepted', 'A_Pending')","('exit', ('O_Accepted', 'A_Pending'))",81,327
3681,3681,workload,"('W_Call after offers|ate_abort', 'W_Validate application|schedule')","('workload', ('W_Call after offers|ate_abort', 'W_Validate application|schedule'))",20.666666666666668,327
3682,3682,enter,"('A_Concept', 'W_Complete application|start')","('enter', ('A_Concept', 'W_Complete application|start'))",59,328
3683,3683,handover,"('W_Validate application|suspend', 'W_Validate application|resume')","('handover', ('W_Validate application|suspend', 'W_Validate application|resume'))",3.25,328
3684,3684,enter,"('W_Validate application|schedule', 'W_Validate application|start')","('enter', ('W_Validate application|schedule', 'W_Validate application|start'))",193,329
3685,3685,enter,"('W_Validate application|start', 'A_Validating')","('enter', ('W_Validate application|start', 'A_Validating'))",193,329
3686,3686,enter,"('W_Call incomplete files|ate_abort', 'W_Validate application|schedule')","('enter', ('W_Call incomplete files|ate_abort', 'W_Validate application|schedule'))",95,329
3687,3687,enter,"('A_Validating', 'W_Validate application|suspend')","('enter', ('A_Validating', 'W_Validate application|suspend'))",96,329
3688,3688,enter,"('O_Accepted', 'A_Pending')","('enter', ('O_Accepted', 'A_Pending'))",78,329
3689,3689,exit,"('W_Call after offers|suspend', 'W_Call after offers|ate_abort')","('exit', ('W_Call after offers|suspend', 'W_Call after offers|ate_abort'))",193,329
3690,3690,exit,"('W_Validate application|schedule', 'W_Validate application|start')","('exit', ('W_Validate application|schedule', 'W_Validate application|start'))",193,329
3691,3691,exit,"('W_Validate application|start', 'A_Validating')","('exit', ('W_Validate application|start', 'A_Validating'))",193,329
3692,3692,exit,"('W_Call incomplete files|suspend', 'W_Call incomplete files|ate_abort')","('exit', ('W_Call incomplete files|suspend', 'W_Call incomplete files|ate_abort'))",85,329
3693,3693,exit,"('W_Call incomplete files|ate_abort', 'W_Validate application|schedule')","('exit', ('W_Call incomplete files|ate_abort', 'W_Validate application|schedule'))",95,329
3694,3694,exit,"('A_Validating', 'W_Validate application|suspend')","('exit', ('A_Validating', 'W_Validate application|suspend'))",96,329
3695,3695,exit,"('O_Accepted', 'A_Pending')","('exit', ('O_Accepted', 'A_Pending'))",78,329
3696,3696,workload,"('W_Call incomplete files|ate_abort', 'W_Validate application|schedule')","('workload', ('W_Call incomplete files|ate_abort', 'W_Validate application|schedule'))",10.555555555555555,329
3697,3697,workload,"('A_Validating', 'W_Validate application|suspend')","('workload', ('A_Validating', 'W_Validate application|suspend'))",8.0,329
3698,3698,handover,"('W_Validate application|suspend', 'W_Validate application|ate_abort')","('handover', ('W_Validate application|suspend', 'W_Validate application|ate_abort'))",4.0,330
3699,3699,handover,"('W_Call incomplete files|suspend', 'W_Call incomplete files|ate_abort')","('handover', ('W_Call incomplete files|suspend', 'W_Call incomplete files|ate_abort'))",6.0,330
3700,3700,handover,"('W_Complete application|suspend', 'W_Complete application|resume')","('handover', ('W_Complete application|suspend', 'W_Complete application|resume'))",2.5555555555555554,330
3701,3701,workload,"('W_Complete application|start', 'W_Complete application|suspend')","('workload', ('W_Complete application|start', 'W_Complete application|suspend'))",5.571428571428571,330
3702,3702,workload,"('O_Sent (mail and online)', 'W_Complete application|ate_abort')","('workload', ('O_Sent (mail and online)', 'W_Complete application|ate_abort'))",3.625,330
3703,3703,workload,"('W_Complete application|ate_abort', 'W_Call after offers|schedule')","('workload', ('W_Complete application|ate_abort', 'W_Call after offers|schedule'))",3.625,330
3704,3704,workload,"('W_Call after offers|schedule', 'W_Call after offers|start')","('workload', ('W_Call after offers|schedule', 'W_Call after offers|start'))",6.909090909090909,330
3705,3705,workload,"('W_Call after offers|start', 'A_Complete')","('workload', ('W_Call after offers|start', 'A_Complete'))",6.909090909090909,330
3706,3706,workload,"('A_Complete', 'W_Call after offers|suspend')","('workload', ('A_Complete', 'W_Call after offers|suspend'))",6.545454545454546,330
3707,3707,workload,"('W_Validate application|schedule', 'W_Validate application|start')","('workload', ('W_Validate application|schedule', 'W_Validate application|start'))",13.0,330
3708,3708,workload,"('W_Call incomplete files|ate_abort', 'W_Validate application|schedule')","('workload', ('W_Call incomplete files|ate_abort', 'W_Validate application|schedule'))",11.0,330
3709,3709,workload,"('A_Validating', 'W_Validate application|suspend')","('workload', ('A_Validating', 'W_Validate application|suspend'))",9.0,330
3710,3710,workload,"('O_Sent (mail and online)', 'W_Complete application|complete')","('workload', ('O_Sent (mail and online)', 'W_Complete application|complete'))",5.222222222222222,330
3711,3711,workload,"('W_Complete application|complete', 'W_Call after offers|schedule')","('workload', ('W_Complete application|complete', 'W_Call after offers|schedule'))",5.222222222222222,330
3712,3712,enter,"('W_Handle leads|schedule', 'W_Handle leads|withdraw')","('enter', ('W_Handle leads|schedule', 'W_Handle leads|withdraw'))",68,332
3713,3713,enter,"('W_Handle leads|withdraw', 'W_Complete application|schedule')","('enter', ('W_Handle leads|withdraw', 'W_Complete application|schedule'))",68,332
3714,3714,enter,"('W_Complete application|schedule', 'A_Concept')","('enter', ('W_Complete application|schedule', 'A_Concept'))",68,332
3715,3715,enter,"('A_Concept', 'W_Complete application|start')","('enter', ('A_Concept', 'W_Complete application|start'))",66,332
3716,3716,enter,"('W_Complete application|start', 'W_Complete application|suspend')","('enter', ('W_Complete application|start', 'W_Complete application|suspend'))",69,332
3717,3717,enter,"('A_Accepted', 'O_Create Offer')","('enter', ('A_Accepted', 'O_Create Offer'))",145,332
3718,3718,enter,"('O_Create Offer', 'O_Created')","('enter', ('O_Create Offer', 'O_Created'))",197,332
3719,3719,enter,"('O_Created', 'O_Sent (mail and online)')","('enter', ('O_Created', 'O_Sent (mail and online)'))",162,332
3720,3720,enter,"('O_Sent (mail and online)', 'W_Complete application|ate_abort')","('enter', ('O_Sent (mail and online)', 'W_Complete application|ate_abort'))",55,332
3721,3721,enter,"('W_Complete application|ate_abort', 'W_Call after offers|schedule')","('enter', ('W_Complete application|ate_abort', 'W_Call after offers|schedule'))",57,332
3722,3722,enter,"('W_Call after offers|schedule', 'W_Call after offers|start')","('enter', ('W_Call after offers|schedule', 'W_Call after offers|start'))",150,332
3723,3723,enter,"('W_Call after offers|start', 'A_Complete')","('enter', ('W_Call after offers|start', 'A_Complete'))",149,332
3724,3724,enter,"('A_Complete', 'W_Call after offers|suspend')","('enter', ('A_Complete', 'W_Call after offers|suspend'))",146,332
3725,3725,enter,"('W_Complete application|suspend', 'W_Complete application|resume')","('enter', ('W_Complete application|suspend', 'W_Complete application|resume'))",119,332
3726,3726,enter,"('W_Complete application|complete', 'W_Call after offers|schedule')","('enter', ('W_Complete application|complete', 'W_Call after offers|schedule'))",90,332
3727,3727,enter,"('W_Complete application|resume', 'W_Complete application|suspend')","('enter', ('W_Complete application|resume', 'W_Complete application|suspend'))",78,332
3728,3728,exit,"('W_Handle leads|schedule', 'W_Handle leads|withdraw')","('exit', ('W_Handle leads|schedule', 'W_Handle leads|withdraw'))",68,332
3729,3729,exit,"('W_Handle leads|withdraw', 'W_Complete application|schedule')","('exit', ('W_Handle leads|withdraw', 'W_Complete application|schedule'))",68,332
3730,3730,exit,"('W_Complete application|schedule', 'A_Concept')","('exit', ('W_Complete application|schedule', 'A_Concept'))",68,332
3731,3731,exit,"('A_Concept', 'W_Complete application|start')","('exit', ('A_Concept', 'W_Complete application|start'))",87,332
3732,3732,exit,"('W_Complete application|start', 'W_Complete application|suspend')","('exit', ('W_Complete application|start', 'W_Complete application|suspend'))",69,332
3733,3733,exit,"('A_Accepted', 'O_Create Offer')","('exit', ('A_Accepted', 'O_Create Offer'))",145,332
3734,3734,exit,"('O_Create Offer', 'O_Created')","('exit', ('O_Create Offer', 'O_Created'))",197,332
3735,3735,exit,"('O_Created', 'O_Sent (mail and online)')","('exit', ('O_Created', 'O_Sent (mail and online)'))",163,332
3736,3736,exit,"('O_Sent (mail and online)', 'W_Complete application|ate_abort')","('exit', ('O_Sent (mail and online)', 'W_Complete application|ate_abort'))",55,332
3737,3737,exit,"('W_Complete application|ate_abort', 'W_Call after offers|schedule')","('exit', ('W_Complete application|ate_abort', 'W_Call after offers|schedule'))",57,332
3738,3738,exit,"('W_Call after offers|schedule', 'W_Call after offers|start')","('exit', ('W_Call after offers|schedule', 'W_Call after offers|start'))",149,332
3739,3739,exit,"('W_Call after offers|start', 'A_Complete')","('exit', ('W_Call after offers|start', 'A_Complete'))",149,332
3740,3740,exit,"('A_Complete', 'W_Call after offers|suspend')","('exit', ('A_Complete', 'W_Call after offers|suspend'))",146,332
3741,3741,exit,"('W_Call after offers|suspend', 'W_Call after offers|ate_abort')","('exit', ('W_Call after offers|suspend', 'W_Call after offers|ate_abort'))",124,332
3742,3742,exit,"('W_Complete application|suspend', 'W_Complete application|resume')","('exit', ('W_Complete application|suspend', 'W_Complete application|resume'))",109,332
3743,3743,exit,"('W_Complete application|complete', 'W_Call after offers|schedule')","('exit', ('W_Complete application|complete', 'W_Call after offers|schedule'))",90,332
3744,3744,exit,"('W_Complete application|resume', 'W_Complete application|suspend')","('exit', ('W_Complete application|resume', 'W_Complete application|suspend'))",78,332
3745,3745,workload,"('W_Validate application|resume', 'W_Validate application|suspend')","('workload', ('W_Validate application|resume', 'W_Validate application|suspend'))",21.8,332
3746,3746,workload,"('W_Validate application|suspend', 'W_Validate application|ate_abort')","('workload', ('W_Validate application|suspend', 'W_Validate application|ate_abort'))",3.0,333
3747,3747,workload,"('W_Validate application|ate_abort', 'W_Call incomplete files|schedule')","('workload', ('W_Validate application|ate_abort', 'W_Call incomplete files|schedule'))",8.0,333
3748,3748,enter,"('W_Validate application|schedule', 'W_Validate application|start')","('enter', ('W_Validate application|schedule', 'W_Validate application|start'))",196,334
3749,3749,enter,"('W_Validate application|start', 'A_Validating')","('enter', ('W_Validate application|start', 'A_Validating'))",196,334
3750,3750,enter,"('W_Call incomplete files|suspend', 'W_Call incomplete files|ate_abort')","('enter', ('W_Call incomplete files|suspend', 'W_Call incomplete files|ate_abort'))",69,334
3751,3751,enter,"('O_Accepted', 'A_Pending')","('enter', ('O_Accepted', 'A_Pending'))",89,334
3752,3752,exit,"('W_Validate application|schedule', 'W_Validate application|start')","('exit', ('W_Validate application|schedule', 'W_Validate application|start'))",196,334
3753,3753,exit,"('W_Validate application|start', 'A_Validating')","('exit', ('W_Validate application|start', 'A_Validating'))",196,334
3754,3754,exit,"('O_Accepted', 'A_Pending')","('exit', ('O_Accepted', 'A_Pending'))",89,334
3755,3755,handover,"('W_Complete application|suspend', 'W_Complete application|resume')","('handover', ('W_Complete application|suspend', 'W_Complete application|resume'))",2.375,334
3756,3756,workload,"('W_Validate application|suspend', 'W_Validate application|ate_abort')","('workload', ('W_Validate application|suspend', 'W_Validate application|ate_abort'))",2.5,334
3757,3757,handover,"('W_Complete application|suspend', 'W_Complete application|resume')","('handover', ('W_Complete application|suspend', 'W_Complete application|resume'))",2.3333333333333335,335
3758,3758,workload,"('A_Validating', 'O_Returned')","('workload', ('A_Validating', 'O_Returned'))",18.25,335
3759,3759,workload,"('W_Complete application|start', 'A_Concept')","('workload', ('W_Complete application|start', 'A_Concept'))",3.2,335
3760,3760,enter,"('W_Validate application|schedule', 'W_Validate application|start')","('enter', ('W_Validate application|schedule', 'W_Validate application|start'))",203,336
3761,3761,enter,"('W_Validate application|start', 'A_Validating')","('enter', ('W_Validate application|start', 'A_Validating'))",202,336
3762,3762,enter,"('W_Validate application|ate_abort', 'W_Call incomplete files|schedule')","('enter', ('W_Validate application|ate_abort', 'W_Call incomplete files|schedule'))",87,336
3763,3763,enter,"('W_Call incomplete files|schedule', 'W_Call incomplete files|start')","('enter', ('W_Call incomplete files|schedule', 'W_Call incomplete files|start'))",147,336
3764,3764,enter,"('W_Call incomplete files|start', 'A_Incomplete')","('enter', ('W_Call incomplete files|start', 'A_Incomplete'))",147,336
3765,3765,enter,"('A_Incomplete', 'W_Call incomplete files|suspend')","('enter', ('A_Incomplete', 'W_Call incomplete files|suspend'))",131,336
3766,3766,enter,"('W_Call incomplete files|suspend', 'W_Call incomplete files|ate_abort')","('enter', ('W_Call incomplete files|suspend', 'W_Call incomplete files|ate_abort'))",70,336
3767,3767,enter,"('W_Call incomplete files|ate_abort', 'W_Validate application|schedule')","('enter', ('W_Call incomplete files|ate_abort', 'W_Validate application|schedule'))",101,336
3768,3768,enter,"('A_Validating', 'W_Validate application|suspend')","('enter', ('A_Validating', 'W_Validate application|suspend'))",101,336
3769,3769,enter,"('W_Validate application|complete', 'W_Call incomplete files|schedule')","('enter', ('W_Validate application|complete', 'W_Call incomplete files|schedule'))",60,336
3770,3770,exit,"('W_Call after offers|suspend', 'W_Call after offers|ate_abort')","('exit', ('W_Call after offers|suspend', 'W_Call after offers|ate_abort'))",146,336
3771,3771,exit,"('W_Validate application|schedule', 'W_Validate application|start')","('exit', ('W_Validate application|schedule', 'W_Validate application|start'))",203,336
3772,3772,exit,"('W_Validate application|start', 'A_Validating')","('exit', ('W_Validate application|start', 'A_Validating'))",202,336
3773,3773,exit,"('W_Validate application|suspend', 'W_Validate application|ate_abort')","('exit', ('W_Validate application|suspend', 'W_Validate application|ate_abort'))",88,336
3774,3774,exit,"('W_Validate application|ate_abort', 'W_Call incomplete files|schedule')","('exit', ('W_Validate application|ate_abort', 'W_Call incomplete files|schedule'))",87,336
3775,3775,exit,"('W_Call incomplete files|schedule', 'W_Call incomplete files|start')","('exit', ('W_Call incomplete files|schedule', 'W_Call incomplete files|start'))",147,336
3776,3776,exit,"('W_Call incomplete files|start', 'A_Incomplete')","('exit', ('W_Call incomplete files|start', 'A_Incomplete'))",147,336
3777,3777,exit,"('A_Incomplete', 'W_Call incomplete files|suspend')","('exit', ('A_Incomplete', 'W_Call incomplete files|suspend'))",131,336
3778,3778,exit,"('W_Call incomplete files|suspend', 'W_Call incomplete files|ate_abort')","('exit', ('W_Call incomplete files|suspend', 'W_Call incomplete files|ate_abort'))",93,336
3779,3779,exit,"('W_Call incomplete files|ate_abort', 'W_Validate application|schedule')","('exit', ('W_Call incomplete files|ate_abort', 'W_Validate application|schedule'))",101,336
3780,3780,exit,"('A_Validating', 'W_Validate application|suspend')","('exit', ('A_Validating', 'W_Validate application|suspend'))",101,336
3781,3781,exit,"('W_Validate application|complete', 'W_Call incomplete files|schedule')","('exit', ('W_Validate application|complete', 'W_Call incomplete files|schedule'))",60,336
3782,3782,workload,"('W_Validate application|ate_abort', 'W_Call incomplete files|schedule')","('workload', ('W_Validate application|ate_abort', 'W_Call incomplete files|schedule'))",7.909090909090909,336
3783,3783,workload,"('W_Call incomplete files|schedule', 'W_Call incomplete files|start')","('workload', ('W_Call incomplete files|schedule', 'W_Call incomplete files|start'))",8.647058823529411,336
3784,3784,workload,"('W_Call incomplete files|start', 'A_Incomplete')","('workload', ('W_Call incomplete files|start', 'A_Incomplete'))",8.647058823529411,336
3785,3785,workload,"('W_Call incomplete files|suspend', 'W_Call incomplete files|resume')","('workload', ('W_Call incomplete files|suspend', 'W_Call incomplete files|resume'))",15.0,337
3786,3786,workload,"('W_Complete application|suspend', 'W_Complete application|resume')","('workload', ('W_Complete application|suspend', 'W_Complete application|resume'))",5.5,337
3787,3787,enter,"('A_Create Application', 'A_Submitted')","('enter', ('A_Create Application', 'A_Submitted'))",81,339
3788,3788,enter,"('A_Submitted', 'W_Handle leads|schedule')","('enter', ('A_Submitted', 'W_Handle leads|schedule'))",81,339
3789,3789,enter,"('W_Handle leads|schedule', 'W_Handle leads|withdraw')","('enter', ('W_Handle leads|schedule', 'W_Handle leads|withdraw'))",75,339
3790,3790,enter,"('W_Handle leads|withdraw', 'W_Complete application|schedule')","('enter', ('W_Handle leads|withdraw', 'W_Complete application|schedule'))",75,339
3791,3791,enter,"('W_Complete application|schedule', 'A_Concept')","('enter', ('W_Complete application|schedule', 'A_Concept'))",75,339
3792,3792,enter,"('A_Concept', 'W_Complete application|start')","('enter', ('A_Concept', 'W_Complete application|start'))",71,339
3793,3793,enter,"('W_Complete application|start', 'W_Complete application|suspend')","('enter', ('W_Complete application|start', 'W_Complete application|suspend'))",74,339
3794,3794,enter,"('A_Accepted', 'O_Create Offer')","('enter', ('A_Accepted', 'O_Create Offer'))",150,339
3795,3795,enter,"('O_Create Offer', 'O_Created')","('enter', ('O_Create Offer', 'O_Created'))",230,339
3796,3796,enter,"('O_Created', 'O_Sent (mail and online)')","('enter', ('O_Created', 'O_Sent (mail and online)'))",195,339
3797,3797,enter,"('O_Sent (mail and online)', 'W_Complete application|ate_abort')","('enter', ('O_Sent (mail and online)', 'W_Complete application|ate_abort'))",53,339
3798,3798,enter,"('W_Complete application|ate_abort', 'W_Call after offers|schedule')","('enter', ('W_Complete application|ate_abort', 'W_Call after offers|schedule'))",53,339
3799,3799,enter,"('W_Call after offers|schedule', 'W_Call after offers|start')","('enter', ('W_Call after offers|schedule', 'W_Call after offers|start'))",155,339
3800,3800,enter,"('W_Call after offers|start', 'A_Complete')","('enter', ('W_Call after offers|start', 'A_Complete'))",155,339
3801,3801,enter,"('A_Complete', 'W_Call after offers|suspend')","('enter', ('A_Complete', 'W_Call after offers|suspend'))",152,339
3802,3802,enter,"('W_Validate application|suspend', 'W_Validate application|ate_abort')","('enter', ('W_Validate application|suspend', 'W_Validate application|ate_abort'))",88,339
3803,3803,enter,"('O_Sent (mail and online)', 'W_Complete application|complete')","('enter', ('O_Sent (mail and online)', 'W_Complete application|complete'))",97,339
3804,3804,enter,"('W_Complete application|complete', 'W_Call after offers|schedule')","('enter', ('W_Complete application|complete', 'W_Call after offers|schedule'))",98,339
3805,3805,exit,"('A_Create Application', 'A_Submitted')","('exit', ('A_Create Application', 'A_Submitted'))",81,339
3806,3806,exit,"('A_Submitted', 'W_Handle leads|schedule')","('exit', ('A_Submitted', 'W_Handle leads|schedule'))",81,339
3807,3807,exit,"('W_Handle leads|schedule', 'W_Handle leads|withdraw')","('exit', ('W_Handle leads|schedule', 'W_Handle leads|withdraw'))",75,339
3808,3808,exit,"('W_Handle leads|withdraw', 'W_Complete application|schedule')","('exit', ('W_Handle leads|withdraw', 'W_Complete application|schedule'))",75,339
3809,3809,exit,"('W_Complete application|schedule', 'A_Concept')","('exit', ('W_Complete application|schedule', 'A_Concept'))",75,339
3810,3810,exit,"('A_Concept', 'W_Complete application|start')","('exit', ('A_Concept', 'W_Complete application|start'))",91,339
3811,3811,exit,"('W_Complete application|start', 'W_Complete application|suspend')","('exit', ('W_Complete application|start', 'W_Complete application|suspend'))",74,339
3812,3812,exit,"('A_Accepted', 'O_Create Offer')","('exit', ('A_Accepted', 'O_Create Offer'))",149,339
3813,3813,exit,"('O_Create Offer', 'O_Created')","('exit', ('O_Create Offer', 'O_Created'))",230,339
3814,3814,exit,"('O_Created', 'O_Sent (mail and online)')","('exit', ('O_Created', 'O_Sent (mail and online)'))",195,339
3815,3815,exit,"('O_Sent (mail and online)', 'W_Complete application|ate_abort')","('exit', ('O_Sent (mail and online)', 'W_Complete application|ate_abort'))",53,339
3816,3816,exit,"('W_Complete application|ate_abort', 'W_Call after offers|schedule')","('exit', ('W_Complete application|ate_abort', 'W_Call after offers|schedule'))",53,339
3817,3817,exit,"('W_Call after offers|schedule', 'W_Call after offers|start')","('exit', ('W_Call after offers|schedule', 'W_Call after offers|start'))",155,339
3818,3818,exit,"('W_Call after offers|start', 'A_Complete')","('exit', ('W_Call after offers|start', 'A_Complete'))",155,339
3819,3819,exit,"('A_Complete', 'W_Call after offers|suspend')","('exit', ('A_Complete', 'W_Call after offers|suspend'))",152,339
3820,3820,exit,"('O_Sent (mail and online)', 'W_Complete application|complete')","('exit', ('O_Sent (mail and online)', 'W_Complete application|complete'))",97,339
3821,3821,exit,"('W_Complete application|complete', 'W_Call after offers|schedule')","('exit', ('W_Complete application|complete', 'W_Call after offers|schedule'))",98,339
3822,3822,handover,"('W_Validate application|suspend', 'W_Validate application|resume')","('handover', ('W_Validate application|suspend', 'W_Validate application|resume'))",3.625,339
3823,3823,workload,"('W_Complete application|start', 'W_Complete application|suspend')","('workload', ('W_Complete application|start', 'W_Complete application|suspend'))",5.6923076923076925,339
3824,3824,workload,"('A_Accepted', 'O_Create Offer')","('workload', ('A_Accepted', 'O_Create Offer'))",6.478260869565218,339
3825,3825,workload,"('O_Create Offer', 'O_Created')","('workload', ('O_Create Offer', 'O_Created'))",8.846153846153847,339
3826,3826,workload,"('O_Created', 'O_Sent (mail and online)')","('workload', ('O_Created', 'O_Sent (mail and online)'))",8.125,339
3827,3827,workload,"('W_Call after offers|schedule', 'W_Call after offers|start')","('workload', ('W_Call after offers|schedule', 'W_Call after offers|start'))",7.045454545454546,339
3828,3828,workload,"('W_Call after offers|start', 'A_Complete')","('workload', ('W_Call after offers|start', 'A_Complete'))",7.045454545454546,339
3829,3829,workload,"('A_Complete', 'W_Call after offers|suspend')","('workload', ('A_Complete', 'W_Call after offers|suspend'))",6.863636363636363,339
3830,3830,workload,"('O_Sent (mail and online)', 'W_Complete application|complete')","('workload', ('O_Sent (mail and online)', 'W_Complete application|complete'))",5.105263157894737,339
3831,3831,workload,"('W_Complete application|complete', 'W_Call after offers|schedule')","('workload', ('W_Complete application|complete', 'W_Call after offers|schedule'))",5.157894736842105,339
3832,3832,workload,"('W_Complete application|start', 'W_Complete application|suspend')","('workload', ('W_Complete application|start', 'W_Complete application|suspend'))",5.777777777777778,340
3833,3833,workload,"('W_Call incomplete files|ate_abort', 'W_Validate application|schedule')","('workload', ('W_Call incomplete files|ate_abort', 'W_Validate application|schedule'))",8.875,340
3834,3834,enter,"('W_Call incomplete files|schedule', 'W_Call incomplete files|start')","('enter', ('W_Call incomplete files|schedule', 'W_Call incomplete files|start'))",125,341
3835,3835,enter,"('W_Call incomplete files|start', 'A_Incomplete')","('enter', ('W_Call incomplete files|start', 'A_Incomplete'))",125,341
3836,3836,enter,"('W_Call incomplete files|suspend', 'W_Call incomplete files|resume')","('enter', ('W_Call incomplete files|suspend', 'W_Call incomplete files|resume'))",228,341
3837,3837,enter,"('W_Call incomplete files|resume', 'W_Call incomplete files|suspend')","('enter', ('W_Call incomplete files|resume', 'W_Call incomplete files|suspend'))",194,341
3838,3838,exit,"('W_Call incomplete files|schedule', 'W_Call incomplete files|start')","('exit', ('W_Call incomplete files|schedule', 'W_Call incomplete files|start'))",125,341
3839,3839,exit,"('W_Call incomplete files|start', 'A_Incomplete')","('exit', ('W_Call incomplete files|start', 'A_Incomplete'))",125,341
3840,3840,exit,"('W_Call incomplete files|suspend', 'W_Call incomplete files|resume')","('exit', ('W_Call incomplete files|suspend', 'W_Call incomplete files|resume'))",206,341
3841,3841,exit,"('W_Call incomplete files|resume', 'W_Call incomplete files|suspend')","('exit', ('W_Call incomplete files|resume', 'W_Call incomplete files|suspend'))",194,341
3842,3842,enter,"('W_Validate application|ate_abort', 'W_Call incomplete files|schedule')","('enter', ('W_Validate application|ate_abort', 'W_Call incomplete files|schedule'))",80,342
3843,3843,enter,"('W_Call incomplete files|schedule', 'W_Call incomplete files|start')","('enter', ('W_Call incomplete files|schedule', 'W_Call incomplete files|start'))",130,342
3844,3844,enter,"('W_Call incomplete files|start', 'A_Incomplete')","('enter', ('W_Call incomplete files|start', 'A_Incomplete'))",130,342
3845,3845,enter,"('A_Incomplete', 'W_Call incomplete files|suspend')","('enter', ('A_Incomplete', 'W_Call incomplete files|suspend'))",119,342
3846,3846,exit,"('W_Validate application|suspend', 'W_Validate application|ate_abort')","('exit', ('W_Validate application|suspend', 'W_Validate application|ate_abort'))",78,342
3847,3847,exit,"('W_Validate application|ate_abort', 'W_Call incomplete files|schedule')","('exit', ('W_Validate application|ate_abort', 'W_Call incomplete files|schedule'))",80,342
3848,3848,exit,"('W_Call incomplete files|schedule', 'W_Call incomplete files|start')","('exit', ('W_Call incomplete files|schedule', 'W_Call incomplete files|start'))",130,342
3849,3849,exit,"('W_Call incomplete files|start', 'A_Incomplete')","('exit', ('W_Call incomplete files|start', 'A_Incomplete'))",130,342
3850,3850,exit,"('A_Incomplete', 'W_Call incomplete files|suspend')","('exit', ('A_Incomplete', 'W_Call incomplete files|suspend'))",119,342
3851,3851,workload,"('W_Complete application|suspend', 'W_Complete application|resume')","('workload', ('W_Complete application|suspend', 'W_Complete application|resume'))",3.6666666666666665,342
3852,3852,enter,"('W_Call incomplete files|schedule', 'W_Call incomplete files|start')","('enter', ('W_Call incomplete files|schedule', 'W_Call incomplete files|start'))",131,343
3853,3853,enter,"('W_Call incomplete files|start', 'A_Incomplete')","('enter', ('W_Call incomplete files|start', 'A_Incomplete'))",131,343
3854,3854,enter,"('A_Incomplete', 'W_Call incomplete files|suspend')","('enter', ('A_Incomplete', 'W_Call incomplete files|suspend'))",125,343
3855,3855,enter,"('W_Call incomplete files|suspend', 'W_Call incomplete files|resume')","('enter', ('W_Call incomplete files|suspend', 'W_Call incomplete files|resume'))",226,343
3856,3856,enter,"('W_Call incomplete files|resume', 'W_Call incomplete files|suspend')","('enter', ('W_Call incomplete files|resume', 'W_Call incomplete files|suspend'))",200,343
3857,3857,enter,"('W_Call incomplete files|ate_abort', 'W_Validate application|schedule')","('enter', ('W_Call incomplete files|ate_abort', 'W_Validate application|schedule'))",83,343
3858,3858,enter,"('A_Validating', 'W_Validate application|suspend')","('enter', ('A_Validating', 'W_Validate application|suspend'))",90,343
3859,3859,enter,"('W_Validate application|complete', 'W_Call incomplete files|schedule')","('enter', ('W_Validate application|complete', 'W_Call incomplete files|schedule'))",60,343
3860,3860,exit,"('W_Call after offers|suspend', 'W_Call after offers|ate_abort')","('exit', ('W_Call after offers|suspend', 'W_Call after offers|ate_abort'))",135,343
3861,3861,exit,"('W_Call incomplete files|schedule', 'W_Call incomplete files|start')","('exit', ('W_Call incomplete files|schedule', 'W_Call incomplete files|start'))",131,343
3862,3862,exit,"('W_Call incomplete files|start', 'A_Incomplete')","('exit', ('W_Call incomplete files|start', 'A_Incomplete'))",131,343
3863,3863,exit,"('A_Incomplete', 'W_Call incomplete files|suspend')","('exit', ('A_Incomplete', 'W_Call incomplete files|suspend'))",125,343
3864,3864,exit,"('W_Call incomplete files|suspend', 'W_Call incomplete files|resume')","('exit', ('W_Call incomplete files|suspend', 'W_Call incomplete files|resume'))",219,343
3865,3865,exit,"('W_Call incomplete files|resume', 'W_Call incomplete files|suspend')","('exit', ('W_Call incomplete files|resume', 'W_Call incomplete files|suspend'))",200,343
3866,3866,exit,"('W_Call incomplete files|suspend', 'W_Call incomplete files|ate_abort')","('exit', ('W_Call incomplete files|suspend', 'W_Call incomplete files|ate_abort'))",77,343
3867,3867,exit,"('W_Call incomplete files|ate_abort', 'W_Validate application|schedule')","('exit', ('W_Call incomplete files|ate_abort', 'W_Validate application|schedule'))",83,343
3868,3868,exit,"('A_Validating', 'W_Validate application|suspend')","('exit', ('A_Validating', 'W_Validate application|suspend'))",90,343
3869,3869,exit,"('W_Validate application|complete', 'W_Call incomplete files|schedule')","('exit', ('W_Validate application|complete', 'W_Call incomplete files|schedule'))",60,343
3870,3870,workload,"('W_Validate application|suspend', 'W_Validate application|ate_abort')","('workload', ('W_Validate application|suspend', 'W_Validate application|ate_abort'))",2.2,343
3871,3871,workload,"('W_Complete application|suspend', 'W_Complete application|resume')","('workload', ('W_Complete application|suspend', 'W_Complete application|resume'))",3.75,343
3872,3872,exit,"('A_Concept', 'W_Complete application|start')","('exit', ('A_Concept', 'W_Complete application|start'))",75,344
3873,3873,handover,"('W_Call incomplete files|suspend', 'W_Call incomplete files|resume')","('handover', ('W_Call incomplete files|suspend', 'W_Call incomplete files|resume'))",11.5,344
3874,3874,handover,"('W_Complete application|suspend', 'W_Complete application|resume')","('handover', ('W_Complete application|suspend', 'W_Complete application|resume'))",3.4285714285714284,344
3875,3875,workload,"('W_Complete application|start', 'W_Complete application|suspend')","('workload', ('W_Complete application|start', 'W_Complete application|suspend'))",7.571428571428571,344
3876,3876,workload,"('A_Accepted', 'O_Create Offer')","('workload', ('A_Accepted', 'O_Create Offer'))",8.3,344
3877,3877,workload,"('O_Create Offer', 'O_Created')","('workload', ('O_Create Offer', 'O_Created'))",10.727272727272727,344
3878,3878,workload,"('O_Created', 'O_Sent (mail and online)')","('workload', ('O_Created', 'O_Sent (mail and online)'))",9.4,344
3879,3879,workload,"('W_Call after offers|schedule', 'W_Call after offers|start')","('workload', ('W_Call after offers|schedule', 'W_Call after offers|start'))",8.7,344
3880,3880,workload,"('W_Call after offers|start', 'A_Complete')","('workload', ('W_Call after offers|start', 'A_Complete'))",8.7,344
3881,3881,workload,"('A_Complete', 'W_Call after offers|suspend')","('workload', ('A_Complete', 'W_Call after offers|suspend'))",8.3,344
3882,3882,workload,"('W_Call incomplete files|resume', 'W_Call incomplete files|suspend')","('workload', ('W_Call incomplete files|resume', 'W_Call incomplete files|suspend'))",33.0,344
3883,3883,workload,"('W_Call incomplete files|ate_abort', 'W_Validate application|schedule')","('workload', ('W_Call incomplete files|ate_abort', 'W_Validate application|schedule'))",8.75,344
3884,3884,workload,"('A_Validating', 'W_Validate application|suspend')","('workload', ('A_Validating', 'W_Validate application|suspend'))",8.0,344
3885,3885,workload,"('O_Sent (mail and online)', 'W_Complete application|complete')","('workload', ('O_Sent (mail and online)', 'W_Complete application|complete'))",6.444444444444445,344
3886,3886,workload,"('W_Complete application|complete', 'W_Call after offers|schedule')","('workload', ('W_Complete application|complete', 'W_Call after offers|schedule'))",6.555555555555555,344
3887,3887,workload,"('W_Complete application|resume', 'W_Complete application|suspend')","('workload', ('W_Complete application|resume', 'W_Complete application|suspend'))",9.285714285714286,344
3888,3888,enter,"('A_Concept', 'W_Complete application|start')","('enter', ('A_Concept', 'W_Complete application|start'))",61,346
3889,3889,enter,"('W_Complete application|start', 'W_Complete application|suspend')","('enter', ('W_Complete application|start', 'W_Complete application|suspend'))",73,346
3890,3890,enter,"('A_Accepted', 'O_Create Offer')","('enter', ('A_Accepted', 'O_Create Offer'))",160,346
3891,3891,enter,"('O_Create Offer', 'O_Created')","('enter', ('O_Create Offer', 'O_Created'))",211,346
3892,3892,enter,"('O_Created', 'O_Sent (mail and online)')","('enter', ('O_Created', 'O_Sent (mail and online)'))",183,346
3893,3893,enter,"('O_Sent (mail and online)', 'W_Complete application|ate_abort')","('enter', ('O_Sent (mail and online)', 'W_Complete application|ate_abort'))",65,346
3894,3894,enter,"('W_Complete application|ate_abort', 'W_Call after offers|schedule')","('enter', ('W_Complete application|ate_abort', 'W_Call after offers|schedule'))",65,346
3895,3895,enter,"('W_Call after offers|schedule', 'W_Call after offers|start')","('enter', ('W_Call after offers|schedule', 'W_Call after offers|start'))",166,346
3896,3896,enter,"('W_Call after offers|start', 'A_Complete')","('enter', ('W_Call after offers|start', 'A_Complete'))",165,346
3897,3897,enter,"('A_Complete', 'W_Call after offers|suspend')","('enter', ('A_Complete', 'W_Call after offers|suspend'))",160,346
3898,3898,enter,"('W_Call after offers|suspend', 'W_Call after offers|ate_abort')","('enter', ('W_Call after offers|suspend', 'W_Call after offers|ate_abort'))",152,346
3899,3899,enter,"('W_Validate application|ate_abort', 'W_Call incomplete files|schedule')","('enter', ('W_Validate application|ate_abort', 'W_Call incomplete files|schedule'))",78,346
3900,3900,enter,"('W_Call incomplete files|suspend', 'W_Call incomplete files|resume')","('enter', ('W_Call incomplete files|suspend', 'W_Call incomplete files|resume'))",246,346
3901,3901,enter,"('W_Call incomplete files|resume', 'W_Call incomplete files|suspend')","('enter', ('W_Call incomplete files|resume', 'W_Call incomplete files|suspend'))",238,346
3902,3902,enter,"('W_Complete application|suspend', 'W_Complete application|resume')","('enter', ('W_Complete application|suspend', 'W_Complete application|resume'))",130,346
3903,3903,enter,"('O_Sent (mail and online)', 'W_Complete application|complete')","('enter', ('O_Sent (mail and online)', 'W_Complete application|complete'))",96,346
3904,3904,enter,"('W_Complete application|complete', 'W_Call after offers|schedule')","('enter', ('W_Complete application|complete', 'W_Call after offers|schedule'))",99,346
3905,3905,enter,"('W_Complete application|resume', 'W_Complete application|suspend')","('enter', ('W_Complete application|resume', 'W_Complete application|suspend'))",88,346
3906,3906,exit,"('A_Concept', 'W_Complete application|start')","('exit', ('A_Concept', 'W_Complete application|start'))",91,346
3907,3907,exit,"('W_Complete application|start', 'W_Complete application|suspend')","('exit', ('W_Complete application|start', 'W_Complete application|suspend'))",73,346
3908,3908,exit,"('A_Accepted', 'O_Create Offer')","('exit', ('A_Accepted', 'O_Create Offer'))",160,346
3909,3909,exit,"('O_Create Offer', 'O_Created')","('exit', ('O_Create Offer', 'O_Created'))",211,346
3910,3910,exit,"('O_Created', 'O_Sent (mail and online)')","('exit', ('O_Created', 'O_Sent (mail and online)'))",183,346
3911,3911,exit,"('O_Sent (mail and online)', 'W_Complete application|ate_abort')","('exit', ('O_Sent (mail and online)', 'W_Complete application|ate_abort'))",65,346
3912,3912,exit,"('W_Complete application|ate_abort', 'W_Call after offers|schedule')","('exit', ('W_Complete application|ate_abort', 'W_Call after offers|schedule'))",65,346
3913,3913,exit,"('W_Call after offers|schedule', 'W_Call after offers|start')","('exit', ('W_Call after offers|schedule', 'W_Call after offers|start'))",167,346
3914,3914,exit,"('W_Call after offers|start', 'A_Complete')","('exit', ('W_Call after offers|start', 'A_Complete'))",165,346
3915,3915,exit,"('A_Complete', 'W_Call after offers|suspend')","('exit', ('A_Complete', 'W_Call after offers|suspend'))",160,346
3916,3916,exit,"('W_Validate application|suspend', 'W_Validate application|ate_abort')","('exit', ('W_Validate application|suspend', 'W_Validate application|ate_abort'))",78,346
3917,3917,exit,"('W_Validate application|ate_abort', 'W_Call incomplete files|schedule')","('exit', ('W_Validate application|ate_abort', 'W_Call incomplete files|schedule'))",78,346
3918,3918,exit,"('W_Call incomplete files|suspend', 'W_Call incomplete files|resume')","('exit', ('W_Call incomplete files|suspend', 'W_Call incomplete files|resume'))",248,346
3919,3919,exit,"('W_Call incomplete files|resume', 'W_Call incomplete files|suspend')","('exit', ('W_Call incomplete files|resume', 'W_Call incomplete files|suspend'))",238,346
3920,3920,exit,"('W_Complete application|suspend', 'W_Complete application|resume')","('exit', ('W_Complete application|suspend', 'W_Complete application|resume'))",127,346
3921,3921,exit,"('O_Sent (mail and online)', 'W_Complete application|complete')","('exit', ('O_Sent (mail and online)', 'W_Complete application|complete'))",96,346
3922,3922,exit,"('W_Complete application|complete', 'W_Call after offers|schedule')","('exit', ('W_Complete application|complete', 'W_Call after offers|schedule'))",99,346
3923,3923,exit,"('W_Complete application|resume', 'W_Complete application|suspend')","('exit', ('W_Complete application|resume', 'W_Complete application|suspend'))",88,346
3924,3924,workload,"('O_Sent (mail and online)', 'W_Complete application|ate_abort')","('workload', ('O_Sent (mail and online)', 'W_Complete application|ate_abort'))",3.25,346
3925,3925,workload,"('W_Complete application|ate_abort', 'W_Call after offers|schedule')","('workload', ('W_Complete application|ate_abort', 'W_Call after offers|schedule'))",3.25,346
3926,3926,workload,"('W_Validate application|suspend', 'W_Validate application|ate_abort')","('workload', ('W_Validate application|suspend', 'W_Validate application|ate_abort'))",3.0,346
3927,3927,workload,"('W_Validate application|ate_abort', 'W_Call incomplete files|schedule')","('workload', ('W_Validate application|ate_abort', 'W_Call incomplete files|schedule'))",7.8,346
3928,3928,workload,"('W_Complete application|resume', 'W_Complete application|suspend')","('workload', ('W_Complete application|resume', 'W_Complete application|suspend'))",6.769230769230769,346
3929,3929,enter,"('W_Complete application|resume', 'W_Complete application|suspend')","('enter', ('W_Complete application|resume', 'W_Complete application|suspend'))",82,347
3930,3930,exit,"('W_Complete application|suspend', 'W_Complete application|resume')","('exit', ('W_Complete application|suspend', 'W_Complete application|resume'))",115,347
3931,3931,exit,"('W_Complete application|resume', 'W_Complete application|suspend')","('exit', ('W_Complete application|resume', 'W_Complete application|suspend'))",82,347
3932,3932,workload,"('W_Validate application|ate_abort', 'W_Call incomplete files|schedule')","('workload', ('W_Validate application|ate_abort', 'W_Call incomplete files|schedule'))",8.714285714285714,347
3933,3933,workload,"('W_Complete application|resume', 'W_Complete application|suspend')","('workload', ('W_Complete application|resume', 'W_Complete application|suspend'))",7.363636363636363,347
3934,3934,enter,"('W_Call incomplete files|suspend', 'W_Call incomplete files|resume')","('enter', ('W_Call incomplete files|suspend', 'W_Call incomplete files|resume'))",228,348
3935,3935,enter,"('W_Call incomplete files|resume', 'W_Call incomplete files|suspend')","('enter', ('W_Call incomplete files|resume', 'W_Call incomplete files|suspend'))",227,348
3936,3936,exit,"('W_Call incomplete files|suspend', 'W_Call incomplete files|resume')","('exit', ('W_Call incomplete files|suspend', 'W_Call incomplete files|resume'))",232,348
3937,3937,exit,"('W_Call incomplete files|resume', 'W_Call incomplete files|suspend')","('exit', ('W_Call incomplete files|resume', 'W_Call incomplete files|suspend'))",227,348
3938,3938,enter,"('W_Complete application|resume', 'W_Complete application|suspend')","('enter', ('W_Complete application|resume', 'W_Complete application|suspend'))",80,349
3939,3939,exit,"('W_Complete application|resume', 'W_Complete application|suspend')","('exit', ('W_Complete application|resume', 'W_Complete application|suspend'))",80,349
3940,3940,handover,"('W_Validate application|suspend', 'W_Validate application|ate_abort')","('handover', ('W_Validate application|suspend', 'W_Validate application|ate_abort'))",2.375,349
3941,3941,exit,"('W_Call after offers|suspend', 'W_Call after offers|ate_abort')","('exit', ('W_Call after offers|suspend', 'W_Call after offers|ate_abort'))",159,350
3942,3942,handover,"('W_Call incomplete files|suspend', 'W_Call incomplete files|resume')","('handover', ('W_Call incomplete files|suspend', 'W_Call incomplete files|resume'))",7.0,351
3943,3943,enter,"('W_Validate application|suspend', 'W_Validate application|ate_abort')","('enter', ('W_Validate application|suspend', 'W_Validate application|ate_abort'))",90,353
3944,3944,enter,"('W_Validate application|ate_abort', 'W_Call incomplete files|schedule')","('enter', ('W_Validate application|ate_abort', 'W_Call incomplete files|schedule'))",85,353
3945,3945,enter,"('W_Call incomplete files|schedule', 'W_Call incomplete files|start')","('enter', ('W_Call incomplete files|schedule', 'W_Call incomplete files|start'))",139,353
3946,3946,enter,"('W_Call incomplete files|start', 'A_Incomplete')","('enter', ('W_Call incomplete files|start', 'A_Incomplete'))",139,353
3947,3947,enter,"('A_Incomplete', 'W_Call incomplete files|suspend')","('enter', ('A_Incomplete', 'W_Call incomplete files|suspend'))",136,353
3948,3948,enter,"('W_Call incomplete files|suspend', 'W_Call incomplete files|resume')","('enter', ('W_Call incomplete files|suspend', 'W_Call incomplete files|resume'))",244,353
3949,3949,enter,"('W_Call incomplete files|resume', 'W_Call incomplete files|suspend')","('enter', ('W_Call incomplete files|resume', 'W_Call incomplete files|suspend'))",238,353
3950,3950,enter,"('W_Call incomplete files|suspend', 'W_Call incomplete files|ate_abort')","('enter', ('W_Call incomplete files|suspend', 'W_Call incomplete files|ate_abort'))",72,353
3951,3951,exit,"('A_Concept', 'W_Complete application|start')","('exit', ('A_Concept', 'W_Complete application|start'))",77,353
3952,3952,exit,"('W_Validate application|suspend', 'W_Validate application|ate_abort')","('exit', ('W_Validate application|suspend', 'W_Validate application|ate_abort'))",85,353
3953,3953,exit,"('W_Validate application|ate_abort', 'W_Call incomplete files|schedule')","('exit', ('W_Validate application|ate_abort', 'W_Call incomplete files|schedule'))",85,353
3954,3954,exit,"('W_Call incomplete files|schedule', 'W_Call incomplete files|start')","('exit', ('W_Call incomplete files|schedule', 'W_Call incomplete files|start'))",139,353
3955,3955,exit,"('W_Call incomplete files|start', 'A_Incomplete')","('exit', ('W_Call incomplete files|start', 'A_Incomplete'))",139,353
3956,3956,exit,"('A_Incomplete', 'W_Call incomplete files|suspend')","('exit', ('A_Incomplete', 'W_Call incomplete files|suspend'))",136,353
3957,3957,exit,"('W_Call incomplete files|suspend', 'W_Call incomplete files|resume')","('exit', ('W_Call incomplete files|suspend', 'W_Call incomplete files|resume'))",248,353
3958,3958,exit,"('W_Call incomplete files|resume', 'W_Call incomplete files|suspend')","('exit', ('W_Call incomplete files|resume', 'W_Call incomplete files|suspend'))",238,353
3959,3959,workload,"('W_Validate application|ate_abort', 'W_Call incomplete files|schedule')","('workload', ('W_Validate application|ate_abort', 'W_Call incomplete files|schedule'))",9.444444444444445,353
3960,3960,enter,"('W_Validate application|suspend', 'W_Validate application|ate_abort')","('enter', ('W_Validate application|suspend', 'W_Validate application|ate_abort'))",85,354
3961,3961,enter,"('W_Validate application|ate_abort', 'W_Call incomplete files|schedule')","('enter', ('W_Validate application|ate_abort', 'W_Call incomplete files|schedule'))",96,354
3962,3962,enter,"('W_Call incomplete files|schedule', 'W_Call incomplete files|start')","('enter', ('W_Call incomplete files|schedule', 'W_Call incomplete files|start'))",138,354
3963,3963,enter,"('W_Call incomplete files|start', 'A_Incomplete')","('enter', ('W_Call incomplete files|start', 'A_Incomplete'))",138,354
3964,3964,enter,"('A_Incomplete', 'W_Call incomplete files|suspend')","('enter', ('A_Incomplete', 'W_Call incomplete files|suspend'))",127,354
3965,3965,enter,"('W_Call incomplete files|suspend', 'W_Call incomplete files|resume')","('enter', ('W_Call incomplete files|suspend', 'W_Call incomplete files|resume'))",231,354
3966,3966,enter,"('W_Call incomplete files|resume', 'W_Call incomplete files|suspend')","('enter', ('W_Call incomplete files|resume', 'W_Call incomplete files|suspend'))",217,354
3967,3967,exit,"('W_Validate application|suspend', 'W_Validate application|ate_abort')","('exit', ('W_Validate application|suspend', 'W_Validate application|ate_abort'))",95,354
3968,3968,exit,"('W_Validate application|ate_abort', 'W_Call incomplete files|schedule')","('exit', ('W_Validate application|ate_abort', 'W_Call incomplete files|schedule'))",96,354
3969,3969,exit,"('W_Call incomplete files|schedule', 'W_Call incomplete files|start')","('exit', ('W_Call incomplete files|schedule', 'W_Call incomplete files|start'))",138,354
3970,3970,exit,"('W_Call incomplete files|start', 'A_Incomplete')","('exit', ('W_Call incomplete files|start', 'A_Incomplete'))",138,354
3971,3971,exit,"('A_Incomplete', 'W_Call incomplete files|suspend')","('exit', ('A_Incomplete', 'W_Call incomplete files|suspend'))",127,354
3972,3972,exit,"('W_Call incomplete files|suspend', 'W_Call incomplete files|resume')","('exit', ('W_Call incomplete files|suspend', 'W_Call incomplete files|resume'))",228,354
3973,3973,exit,"('W_Call incomplete files|resume', 'W_Call incomplete files|suspend')","('exit', ('W_Call incomplete files|resume', 'W_Call incomplete files|suspend'))",217,354
3974,3974,workload,"('W_Validate application|ate_abort', 'W_Call incomplete files|schedule')","('workload', ('W_Validate application|ate_abort', 'W_Call incomplete files|schedule'))",9.6,354
3975,3975,workload,"('W_Call incomplete files|schedule', 'W_Call incomplete files|start')","('workload', ('W_Call incomplete files|schedule', 'W_Call incomplete files|start'))",8.117647058823529,354
3976,3976,workload,"('W_Call incomplete files|start', 'A_Incomplete')","('workload', ('W_Call incomplete files|start', 'A_Incomplete'))",8.117647058823529,354
3977,3977,workload,"('A_Incomplete', 'W_Call incomplete files|suspend')","('workload', ('A_Incomplete', 'W_Call incomplete files|suspend'))",8.466666666666667,354
3978,3978,enter,"('W_Validate application|schedule', 'W_Validate application|start')","('enter', ('W_Validate application|schedule', 'W_Validate application|start'))",189,355
3979,3979,enter,"('W_Validate application|start', 'A_Validating')","('enter', ('W_Validate application|start', 'A_Validating'))",188,355
3980,3980,enter,"('W_Validate application|suspend', 'W_Validate application|ate_abort')","('enter', ('W_Validate application|suspend', 'W_Validate application|ate_abort'))",80,355
3981,3981,enter,"('W_Validate application|ate_abort', 'W_Call incomplete files|schedule')","('enter', ('W_Validate application|ate_abort', 'W_Call incomplete files|schedule'))",91,355
3982,3982,enter,"('W_Call incomplete files|schedule', 'W_Call incomplete files|start')","('enter', ('W_Call incomplete files|schedule', 'W_Call incomplete files|start'))",148,355
3983,3983,enter,"('W_Call incomplete files|start', 'A_Incomplete')","('enter', ('W_Call incomplete files|start', 'A_Incomplete'))",148,355
3984,3984,enter,"('A_Incomplete', 'W_Call incomplete files|suspend')","('enter', ('A_Incomplete', 'W_Call incomplete files|suspend'))",139,355
3985,3985,enter,"('W_Call incomplete files|suspend', 'W_Call incomplete files|resume')","('enter', ('W_Call incomplete files|suspend', 'W_Call incomplete files|resume'))",214,355
3986,3986,enter,"('W_Call incomplete files|resume', 'W_Call incomplete files|suspend')","('enter', ('W_Call incomplete files|resume', 'W_Call incomplete files|suspend'))",197,355
3987,3987,enter,"('W_Call incomplete files|ate_abort', 'W_Validate application|schedule')","('enter', ('W_Call incomplete files|ate_abort', 'W_Validate application|schedule'))",78,355
3988,3988,enter,"('A_Validating', 'W_Validate application|suspend')","('enter', ('A_Validating', 'W_Validate application|suspend'))",79,355
3989,3989,enter,"('W_Validate application|complete', 'W_Call incomplete files|schedule')","('enter', ('W_Validate application|complete', 'W_Call incomplete files|schedule'))",57,355
3990,3990,exit,"('W_Validate application|schedule', 'W_Validate application|start')","('exit', ('W_Validate application|schedule', 'W_Validate application|start'))",189,355
3991,3991,exit,"('W_Validate application|start', 'A_Validating')","('exit', ('W_Validate application|start', 'A_Validating'))",188,355
3992,3992,exit,"('W_Validate application|suspend', 'W_Validate application|ate_abort')","('exit', ('W_Validate application|suspend', 'W_Validate application|ate_abort'))",93,355
3993,3993,exit,"('W_Validate application|ate_abort', 'W_Call incomplete files|schedule')","('exit', ('W_Validate application|ate_abort', 'W_Call incomplete files|schedule'))",91,355
3994,3994,exit,"('W_Call incomplete files|schedule', 'W_Call incomplete files|start')","('exit', ('W_Call incomplete files|schedule', 'W_Call incomplete files|start'))",148,355
3995,3995,exit,"('W_Call incomplete files|start', 'A_Incomplete')","('exit', ('W_Call incomplete files|start', 'A_Incomplete'))",148,355
3996,3996,exit,"('A_Incomplete', 'W_Call incomplete files|suspend')","('exit', ('A_Incomplete', 'W_Call incomplete files|suspend'))",139,355
3997,3997,exit,"('W_Call incomplete files|suspend', 'W_Call incomplete files|resume')","('exit', ('W_Call incomplete files|suspend', 'W_Call incomplete files|resume'))",210,355
3998,3998,exit,"('W_Call incomplete files|resume', 'W_Call incomplete files|suspend')","('exit', ('W_Call incomplete files|resume', 'W_Call incomplete files|suspend'))",197,355
3999,3999,exit,"('W_Call incomplete files|ate_abort', 'W_Validate application|schedule')","('exit', ('W_Call incomplete files|ate_abort', 'W_Validate application|schedule'))",78,355
4000,4000,exit,"('A_Validating', 'W_Validate application|suspend')","('exit', ('A_Validating', 'W_Validate application|suspend'))",79,355
4001,4001,exit,"('W_Validate application|complete', 'W_Call incomplete files|schedule')","('exit', ('W_Validate application|complete', 'W_Call incomplete files|schedule'))",57,355
4002,4002,enter,"('O_Accepted', 'A_Pending')","('enter', ('O_Accepted', 'A_Pending'))",363,356
4003,4003,exit,"('O_Accepted', 'A_Pending')","('exit', ('O_Accepted', 'A_Pending'))",363,356
4004,4004,handover,"('O_Returned', 'W_Validate application|suspend')","('handover', ('O_Returned', 'W_Validate application|suspend'))",3.0,356
4005,4005,handover,"('W_Validate application|suspend', 'W_Validate application|resume')","('handover', ('W_Validate application|suspend', 'W_Validate application|resume'))",3.3333333333333335,356
4006,4006,workload,"('O_Accepted', 'A_Pending')","('workload', ('O_Accepted', 'A_Pending'))",27.923076923076923,356
4007,4007,enter,"('W_Call incomplete files|ate_abort', 'W_Validate application|schedule')","('enter', ('W_Call incomplete files|ate_abort', 'W_Validate application|schedule'))",81,357
4008,4008,exit,"('W_Call after offers|suspend', 'W_Call after offers|ate_abort')","('exit', ('W_Call after offers|suspend', 'W_Call after offers|ate_abort'))",116,357
4009,4009,exit,"('W_Call incomplete files|suspend', 'W_Call incomplete files|ate_abort')","('exit', ('W_Call incomplete files|suspend', 'W_Call incomplete files|ate_abort'))",76,357
4010,4010,exit,"('W_Call incomplete files|ate_abort', 'W_Validate application|schedule')","('exit', ('W_Call incomplete files|ate_abort', 'W_Validate application|schedule'))",81,357
4011,4011,handover,"('W_Call incomplete files|suspend', 'W_Call incomplete files|resume')","('handover', ('W_Call incomplete files|suspend', 'W_Call incomplete files|resume'))",10.0,358
4012,4012,handover,"('W_Complete application|suspend', 'W_Complete application|resume')","('handover', ('W_Complete application|suspend', 'W_Complete application|resume'))",2.6666666666666665,358
4013,4013,workload,"('W_Complete application|suspend', 'W_Complete application|resume')","('workload', ('W_Complete application|suspend', 'W_Complete application|resume'))",3.5,358
4014,4014,workload,"('W_Complete application|schedule', 'W_Complete application|start')","('workload', ('W_Complete application|schedule', 'W_Complete application|start'))",4.0,360
4015,4015,workload,"('W_Complete application|start', 'A_Concept')","('workload', ('W_Complete application|start', 'A_Concept'))",4.333333333333333,360
4016,4016,enter,"('W_Handle leads|schedule', 'W_Handle leads|withdraw')","('enter', ('W_Handle leads|schedule', 'W_Handle leads|withdraw'))",70,361
4017,4017,enter,"('W_Handle leads|withdraw', 'W_Complete application|schedule')","('enter', ('W_Handle leads|withdraw', 'W_Complete application|schedule'))",69,361
4018,4018,enter,"('W_Complete application|schedule', 'A_Concept')","('enter', ('W_Complete application|schedule', 'A_Concept'))",70,361
4019,4019,enter,"('A_Concept', 'W_Complete application|start')","('enter', ('A_Concept', 'W_Complete application|start'))",67,361
4020,4020,enter,"('W_Validate application|schedule', 'W_Validate application|start')","('enter', ('W_Validate application|schedule', 'W_Validate application|start'))",208,361
4021,4021,enter,"('W_Validate application|start', 'A_Validating')","('enter', ('W_Validate application|start', 'A_Validating'))",207,361
4022,4022,enter,"('A_Validating', 'O_Returned')","('enter', ('A_Validating', 'O_Returned'))",139,361
4023,4023,enter,"('O_Returned', 'W_Validate application|suspend')","('enter', ('O_Returned', 'W_Validate application|suspend'))",118,361
4024,4024,enter,"('O_Accepted', 'A_Pending')","('enter', ('O_Accepted', 'A_Pending'))",80,361
4025,4025,exit,"('W_Handle leads|schedule', 'W_Handle leads|withdraw')","('exit', ('W_Handle leads|schedule', 'W_Handle leads|withdraw'))",70,361
4026,4026,exit,"('W_Handle leads|withdraw', 'W_Complete application|schedule')","('exit', ('W_Handle leads|withdraw', 'W_Complete application|schedule'))",69,361
4027,4027,exit,"('W_Complete application|schedule', 'A_Concept')","('exit', ('W_Complete application|schedule', 'A_Concept'))",70,361
4028,4028,exit,"('W_Validate application|schedule', 'W_Validate application|start')","('exit', ('W_Validate application|schedule', 'W_Validate application|start'))",208,361
4029,4029,exit,"('W_Validate application|start', 'A_Validating')","('exit', ('W_Validate application|start', 'A_Validating'))",207,361
4030,4030,exit,"('A_Validating', 'O_Returned')","('exit', ('A_Validating', 'O_Returned'))",139,361
4031,4031,exit,"('O_Returned', 'W_Validate application|suspend')","('exit', ('O_Returned', 'W_Validate application|suspend'))",118,361
4032,4032,exit,"('O_Accepted', 'A_Pending')","('exit', ('O_Accepted', 'A_Pending'))",80,361
4033,4033,workload,"('W_Validate application|schedule', 'W_Validate application|start')","('workload', ('W_Validate application|schedule', 'W_Validate application|start'))",14.857142857142858,361
4034,4034,workload,"('W_Validate application|start', 'A_Validating')","('workload', ('W_Validate application|start', 'A_Validating'))",15.923076923076923,361
4035,4035,workload,"('A_Validating', 'O_Returned')","('workload', ('A_Validating', 'O_Returned'))",19.857142857142858,361
4036,4036,workload,"('O_Returned', 'W_Validate application|suspend')","('workload', ('O_Returned', 'W_Validate application|suspend'))",16.857142857142858,361
4037,4037,workload,"('W_Call incomplete files|suspend', 'W_Call incomplete files|resume')","('workload', ('W_Call incomplete files|suspend', 'W_Call incomplete files|resume'))",19.0,361
4038,4038,workload,"('O_Sent (mail and online)', 'W_Complete application|complete')","('workload', ('O_Sent (mail and online)', 'W_Complete application|complete'))",4.8125,361
4039,4039,workload,"('W_Complete application|complete', 'W_Call after offers|schedule')","('workload', ('W_Complete application|complete', 'W_Call after offers|schedule'))",4.9375,361
4040,4040,enter,"('O_Accepted', 'A_Pending')","('enter', ('O_Accepted', 'A_Pending'))",86,362
4041,4041,exit,"('O_Accepted', 'A_Pending')","('exit', ('O_Accepted', 'A_Pending'))",86,362
4042,4042,enter,"('W_Call incomplete files|ate_abort', 'W_Validate application|schedule')","('enter', ('W_Call incomplete files|ate_abort', 'W_Validate application|schedule'))",80,363
4043,4043,enter,"('A_Validating', 'W_Validate application|suspend')","('enter', ('A_Validating', 'W_Validate application|suspend'))",86,363
4044,4044,exit,"('W_Call incomplete files|suspend', 'W_Call incomplete files|ate_abort')","('exit', ('W_Call incomplete files|suspend', 'W_Call incomplete files|ate_abort'))",73,363
4045,4045,exit,"('W_Call incomplete files|ate_abort', 'W_Validate application|schedule')","('exit', ('W_Call incomplete files|ate_abort', 'W_Validate application|schedule'))",80,363
4046,4046,exit,"('A_Validating', 'W_Validate application|suspend')","('exit', ('A_Validating', 'W_Validate application|suspend'))",86,363
4047,4047,workload,"('W_Validate application|schedule', 'W_Validate application|start')","('workload', ('W_Validate application|schedule', 'W_Validate application|start'))",14.153846153846153,363
4048,4048,workload,"('W_Validate application|start', 'A_Validating')","('workload', ('W_Validate application|start', 'A_Validating'))",14.153846153846153,363
4049,4049,workload,"('A_Validating', 'O_Returned')","('workload', ('A_Validating', 'O_Returned'))",20.5,363
4050,4050,workload,"('O_Returned', 'W_Validate application|suspend')","('workload', ('O_Returned', 'W_Validate application|suspend'))",17.25,363
4051,4051,workload,"('W_Call incomplete files|ate_abort', 'W_Validate application|schedule')","('workload', ('W_Call incomplete files|ate_abort', 'W_Validate application|schedule'))",8.88888888888889,363
4052,4052,handover,"('W_Call incomplete files|suspend', 'W_Call incomplete files|resume')","('handover', ('W_Call incomplete files|suspend', 'W_Call incomplete files|resume'))",9.666666666666666,364
4053,4053,handover,"('W_Validate application|suspend', 'W_Validate application|resume')","('handover', ('W_Validate application|suspend', 'W_Validate application|resume'))",5.333333333333333,364
4054,4054,workload,"('W_Call incomplete files|suspend', 'W_Call incomplete files|resume')","('workload', ('W_Call incomplete files|suspend', 'W_Call incomplete files|resume'))",12.5,364
4055,4055,workload,"('W_Call incomplete files|resume', 'W_Call incomplete files|suspend')","('workload', ('W_Call incomplete files|resume', 'W_Call incomplete files|suspend'))",33.0,364
4056,4056,workload,"('O_Accepted', 'A_Pending')","('workload', ('O_Accepted', 'A_Pending'))",9.0,364
4057,4057,enter,"('W_Validate application|ate_abort', 'W_Call incomplete files|schedule')","('enter', ('W_Validate application|ate_abort', 'W_Call incomplete files|schedule'))",90,367
4058,4058,enter,"('W_Call incomplete files|schedule', 'W_Call incomplete files|start')","('enter', ('W_Call incomplete files|schedule', 'W_Call incomplete files|start'))",128,367
4059,4059,enter,"('W_Call incomplete files|start', 'A_Incomplete')","('enter', ('W_Call incomplete files|start', 'A_Incomplete'))",128,367
4060,4060,enter,"('A_Incomplete', 'W_Call incomplete files|suspend')","('enter', ('A_Incomplete', 'W_Call incomplete files|suspend'))",125,367
4061,4061,exit,"('W_Validate application|suspend', 'W_Validate application|ate_abort')","('exit', ('W_Validate application|suspend', 'W_Validate application|ate_abort'))",89,367
4062,4062,exit,"('W_Validate application|ate_abort', 'W_Call incomplete files|schedule')","('exit', ('W_Validate application|ate_abort', 'W_Call incomplete files|schedule'))",90,367
4063,4063,exit,"('W_Call incomplete files|schedule', 'W_Call incomplete files|start')","('exit', ('W_Call incomplete files|schedule', 'W_Call incomplete files|start'))",128,367
4064,4064,exit,"('W_Call incomplete files|start', 'A_Incomplete')","('exit', ('W_Call incomplete files|start', 'A_Incomplete'))",128,367
4065,4065,exit,"('A_Incomplete', 'W_Call incomplete files|suspend')","('exit', ('A_Incomplete', 'W_Call incomplete files|suspend'))",125,367
4066,4066,workload,"('W_Validate application|ate_abort', 'W_Call incomplete files|schedule')","('workload', ('W_Validate application|ate_abort', 'W_Call incomplete files|schedule'))",10.0,367
4067,4067,workload,"('W_Call incomplete files|schedule', 'W_Call incomplete files|start')","('workload', ('W_Call incomplete files|schedule', 'W_Call incomplete files|start'))",9.142857142857142,367
4068,4068,workload,"('W_Call incomplete files|start', 'A_Incomplete')","('workload', ('W_Call incomplete files|start', 'A_Incomplete'))",9.142857142857142,367
4069,4069,workload,"('A_Incomplete', 'W_Call incomplete files|suspend')","('workload', ('A_Incomplete', 'W_Call incomplete files|suspend'))",8.928571428571429,367
4070,4070,enter,"('W_Call incomplete files|resume', 'W_Call incomplete files|suspend')","('enter', ('W_Call incomplete files|resume', 'W_Call incomplete files|suspend'))",200,369
4071,4071,enter,"('W_Call incomplete files|suspend', 'W_Call incomplete files|ate_abort')","('enter', ('W_Call incomplete files|suspend', 'W_Call incomplete files|ate_abort'))",71,369
4072,4072,exit,"('W_Call incomplete files|suspend', 'W_Call incomplete files|resume')","('exit', ('W_Call incomplete files|suspend', 'W_Call incomplete files|resume'))",214,369
4073,4073,exit,"('W_Call incomplete files|resume', 'W_Call incomplete files|suspend')","('exit', ('W_Call incomplete files|resume', 'W_Call incomplete files|suspend'))",200,369
4074,4074,workload,"('A_Validating', 'O_Returned')","('workload', ('A_Validating', 'O_Returned'))",18.25,370
4075,4075,workload,"('W_Validate application|suspend', 'W_Validate application|ate_abort')","('workload', ('W_Validate application|suspend', 'W_Validate application|ate_abort'))",2.25,370
4076,4076,handover,"('W_Call incomplete files|suspend', 'W_Call incomplete files|ate_abort')","('handover', ('W_Call incomplete files|suspend', 'W_Call incomplete files|ate_abort'))",4.5,372
4077,4077,workload,"('W_Call incomplete files|ate_abort', 'W_Validate application|schedule')","('workload', ('W_Call incomplete files|ate_abort', 'W_Validate application|schedule'))",9.0,372
4078,4078,workload,"('A_Validating', 'W_Validate application|suspend')","('workload', ('A_Validating', 'W_Validate application|suspend'))",8.5,372
4079,4079,handover,"('W_Validate application|suspend', 'W_Validate application|ate_abort')","('handover', ('W_Validate application|suspend', 'W_Validate application|ate_abort'))",2.5,375
4080,4080,handover,"('W_Call incomplete files|suspend', 'W_Call incomplete files|resume')","('handover', ('W_Call incomplete files|suspend', 'W_Call incomplete files|resume'))",6.333333333333333,375
4081,4081,handover,"('W_Validate application|suspend', 'W_Validate application|resume')","('handover', ('W_Validate application|suspend', 'W_Validate application|resume'))",3.6666666666666665,377
4082,4082,handover,"('W_Call incomplete files|suspend', 'W_Call incomplete files|ate_abort')","('handover', ('W_Call incomplete files|suspend', 'W_Call incomplete files|ate_abort'))",4.5,379
4083,4083,handover,"('W_Call incomplete files|suspend', 'W_Call incomplete files|resume')","('handover', ('W_Call incomplete files|suspend', 'W_Call incomplete files|resume'))",6.5,385
4084,4084,enter,"('O_Accepted', 'A_Pending')","('enter', ('O_Accepted', 'A_Pending'))",160,388
4085,4085,exit,"('O_Accepted', 'A_Pending')","('exit', ('O_Accepted', 'A_Pending'))",160,388
4086,4086,workload,"('O_Accepted', 'A_Pending')","('workload', ('O_Accepted', 'A_Pending'))",12.307692307692308,388
4087,4087,handover,"('W_Call incomplete files|suspend', 'W_Call incomplete files|resume')","('handover', ('W_Call incomplete files|suspend', 'W_Call incomplete files|resume'))",7.0,393
4088,4088,batch,"('A_Concept', 'W_Complete application|start')","('batch', ('A_Concept', 'W_Complete application|start'))",42,"(3, 4)"
4089,4089,batch,"('W_Complete application|suspend', 'W_Complete application|resume')","('batch', ('W_Complete application|suspend', 'W_Complete application|resume'))",29,"(3, 4)"
4090,4090,batch,"('A_Concept', 'W_Complete application|start')","('batch', ('A_Concept', 'W_Complete application|start'))",45,"(4, 5)"
4091,4091,batch,"('W_Complete application|suspend', 'W_Complete application|resume')","('batch', ('W_Complete application|suspend', 'W_Complete application|resume'))",23,"(5, 6)"
4092,4092,batch,"('W_Complete application|suspend', 'W_Complete application|resume')","('batch', ('W_Complete application|suspend', 'W_Complete application|resume'))",35,"(7, 8)"
4093,4093,batch,"('W_Call after offers|suspend', 'W_Call after offers|ate_abort')","('batch', ('W_Call after offers|suspend', 'W_Call after offers|ate_abort'))",27,"(7, 12)"
4094,4094,batch,"('W_Complete application|suspend', 'W_Complete application|resume')","('batch', ('W_Complete application|suspend', 'W_Complete application|resume'))",44,"(10, 11)"
4095,4095,batch,"('W_Call after offers|suspend', 'W_Call after offers|ate_abort')","('batch', ('W_Call after offers|suspend', 'W_Call after offers|ate_abort'))",53,"(10, 12)"
4096,4096,batch,"('W_Call after offers|suspend', 'W_Call after offers|ate_abort')","('batch', ('W_Call after offers|suspend', 'W_Call after offers|ate_abort'))",28,"(10, 13)"
4097,4097,batch,"('W_Call after offers|suspend', 'W_Call after offers|ate_abort')","('batch', ('W_Call after offers|suspend', 'W_Call after offers|ate_abort'))",22,"(10, 14)"
4098,4098,batch,"('W_Call after offers|suspend', 'W_Call after offers|ate_abort')","('batch', ('W_Call after offers|suspend', 'W_Call after offers|ate_abort'))",17,"(11, 14)"
4099,4099,batch,"('W_Call after offers|suspend', 'W_Call after offers|resume')","('batch', ('W_Call after offers|suspend', 'W_Call after offers|resume'))",99,"(11, 15)"
4100,4100,batch,"('W_Call incomplete files|suspend', 'W_Call incomplete files|resume')","('batch', ('W_Call incomplete files|suspend', 'W_Call incomplete files|resume'))",13,"(12, 13)"
4101,4101,batch,"('W_Complete application|suspend', 'W_Complete application|resume')","('batch', ('W_Complete application|suspend', 'W_Complete application|resume'))",23,"(12, 13)"
4102,4102,batch,"('W_Validate application|suspend', 'W_Validate application|resume')","('batch', ('W_Validate application|suspend', 'W_Validate application|resume'))",41,"(14, 17)"
4103,4103,batch,"('W_Call after offers|suspend', 'W_Call after offers|ate_abort')","('batch', ('W_Call after offers|suspend', 'W_Call after offers|ate_abort'))",20,"(15, 19)"
4104,4104,batch,"('W_Complete application|suspend', 'W_Complete application|resume')","('batch', ('W_Complete application|suspend', 'W_Complete application|resume'))",43,"(17, 18)"
4105,4105,batch,"('W_Validate application|suspend', 'W_Validate application|resume')","('batch', ('W_Validate application|suspend', 'W_Validate application|resume'))",39,"(17, 18)"
4106,4106,batch,"('W_Call after offers|suspend', 'W_Call after offers|ate_abort')","('batch', ('W_Call after offers|suspend', 'W_Call after offers|ate_abort'))",28,"(17, 19)"
4107,4107,batch,"('W_Call after offers|suspend', 'W_Call after offers|ate_abort')","('batch', ('W_Call after offers|suspend', 'W_Call after offers|ate_abort'))",18,"(17, 21)"
4108,4108,batch,"('A_Concept', 'W_Complete application|start')","('batch', ('A_Concept', 'W_Complete application|start'))",40,"(18, 20)"
4109,4109,batch,"('W_Call incomplete files|suspend', 'W_Call incomplete files|resume')","('batch', ('W_Call incomplete files|suspend', 'W_Call incomplete files|resume'))",11,"(19, 20)"
4110,4110,batch,"('W_Validate application|suspend', 'W_Validate application|resume')","('batch', ('W_Validate application|suspend', 'W_Validate application|resume'))",52,"(19, 20)"
4111,4111,batch,"('W_Call incomplete files|suspend', 'W_Call incomplete files|ate_abort')","('batch', ('W_Call incomplete files|suspend', 'W_Call incomplete files|ate_abort'))",20,"(20, 21)"
4112,4112,batch,"('W_Complete application|suspend', 'W_Complete application|resume')","('batch', ('W_Complete application|suspend', 'W_Complete application|resume'))",24,"(21, 22)"
4113,4113,batch,"('W_Complete application|suspend', 'W_Complete application|resume')","('batch', ('W_Complete application|suspend', 'W_Complete application|resume'))",28,"(22, 24)"
4114,4114,batch,"('W_Call after offers|suspend', 'W_Call after offers|ate_abort')","('batch', ('W_Call after offers|suspend', 'W_Call after offers|ate_abort'))",17,"(24, 25)"
4115,4115,batch,"('W_Complete application|suspend', 'W_Complete application|resume')","('batch', ('W_Complete application|suspend', 'W_Complete application|resume'))",25,"(24, 25)"
4116,4116,batch,"('W_Validate application|suspend', 'W_Validate application|resume')","('batch', ('W_Validate application|suspend', 'W_Validate application|resume'))",41,"(24, 25)"
4117,4117,batch,"('W_Call after offers|suspend', 'W_Call after offers|ate_abort')","('batch', ('W_Call after offers|suspend', 'W_Call after offers|ate_abort'))",30,"(24, 26)"
4118,4118,batch,"('W_Call after offers|suspend', 'W_Call after offers|ate_abort')","('batch', ('W_Call after offers|suspend', 'W_Call after offers|ate_abort'))",24,"(24, 28)"
4119,4119,batch,"('W_Call after offers|suspend', 'W_Call after offers|ate_abort')","('batch', ('W_Call after offers|suspend', 'W_Call after offers|ate_abort'))",17,"(25, 26)"
4120,4120,batch,"('W_Validate application|suspend', 'W_Validate application|resume')","('batch', ('W_Validate application|suspend', 'W_Validate application|resume'))",44,"(26, 27)"
4121,4121,delay,"('A_Concept', 'W_Complete application|start')","('delay', ('A_Concept', 'W_Complete application|start'))","(3, 18)","(28, 31)"
4122,4122,batch,"('A_Concept', 'W_Complete application|start')","('batch', ('A_Concept', 'W_Complete application|start'))",39,"(30, 31)"
4123,4123,batch,"('W_Complete application|suspend', 'W_Complete application|resume')","('batch', ('W_Complete application|suspend', 'W_Complete application|resume'))",41,"(31, 32)"
4124,4124,batch,"('W_Call after offers|suspend', 'W_Call after offers|ate_abort')","('batch', ('W_Call after offers|suspend', 'W_Call after offers|ate_abort'))",39,"(31, 33)"
4125,4125,batch,"('W_Call after offers|suspend', 'W_Call after offers|resume')","('batch', ('W_Call after offers|suspend', 'W_Call after offers|resume'))",131,"(31, 35)"
4126,4126,batch,"('W_Call after offers|suspend', 'W_Call after offers|ate_abort')","('batch', ('W_Call after offers|suspend', 'W_Call after offers|ate_abort'))",23,"(31, 35)"
4127,4127,batch,"('W_Call incomplete files|suspend', 'W_Call incomplete files|resume')","('batch', ('W_Call incomplete files|suspend', 'W_Call incomplete files|resume'))",20,"(32, 33)"
4128,4128,delay,"('A_Concept', 'W_Complete application|start')","('delay', ('A_Concept', 'W_Complete application|start'))","(3, 12)","(32, 35)"
4129,4129,batch,"('W_Call incomplete files|suspend', 'W_Call incomplete files|resume')","('batch', ('W_Call incomplete files|suspend', 'W_Call incomplete files|resume'))",10,"(33, 34)"
4130,4130,batch,"('W_Call incomplete files|suspend', 'W_Call incomplete files|ate_abort')","('batch', ('W_Call incomplete files|suspend', 'W_Call incomplete files|ate_abort'))",25,"(33, 34)"
4131,4131,batch,"('W_Validate application|suspend', 'W_Validate application|resume')","('batch', ('W_Validate application|suspend', 'W_Validate application|resume'))",40,"(33, 34)"
4132,4132,batch,"('W_Validate application|suspend', 'W_Validate application|resume')","('batch', ('W_Validate application|suspend', 'W_Validate application|resume'))",38,"(33, 35)"
4133,4133,batch,"('W_Call incomplete files|suspend', 'W_Call incomplete files|resume')","('batch', ('W_Call incomplete files|suspend', 'W_Call incomplete files|resume'))",33,"(34, 35)"
4134,4134,delay,"('W_Validate application|suspend', 'W_Validate application|resume')","('delay', ('W_Validate application|suspend', 'W_Validate application|resume'))","(5, 26)","(34, 39)"
4135,4135,batch,"('W_Call incomplete files|suspend', 'W_Call incomplete files|resume')","('batch', ('W_Call incomplete files|suspend', 'W_Call incomplete files|resume'))",16,"(35, 36)"
4136,4136,batch,"('W_Call after offers|suspend', 'W_Call after offers|ate_abort')","('batch', ('W_Call after offers|suspend', 'W_Call after offers|ate_abort'))",22,"(35, 38)"
4137,4137,batch,"('W_Call after offers|suspend', 'W_Call after offers|resume')","('batch', ('W_Call after offers|suspend', 'W_Call after offers|resume'))",97,"(35, 39)"
4138,4138,batch,"('W_Call after offers|suspend', 'W_Call after offers|ate_abort')","('batch', ('W_Call after offers|suspend', 'W_Call after offers|ate_abort'))",17,"(35, 39)"
4139,4139,delay,"('W_Validate application|suspend', 'W_Validate application|resume')","('delay', ('W_Validate application|suspend', 'W_Validate application|resume'))","(5, 18)","(35, 40)"
4140,4140,delay,"('A_Concept', 'W_Complete application|start')","('delay', ('A_Concept', 'W_Complete application|start'))","(3, 20)","(36, 39)"
4141,4141,batch,"('A_Concept', 'W_Complete application|start')","('batch', ('A_Concept', 'W_Complete application|start'))",43,"(37, 39)"
4142,4142,batch,"('W_Call incomplete files|suspend', 'W_Call incomplete files|resume')","('batch', ('W_Call incomplete files|suspend', 'W_Call incomplete files|resume'))",14,"(38, 39)"
4143,4143,batch,"('W_Call after offers|suspend', 'W_Call after offers|ate_abort')","('batch', ('W_Call after offers|suspend', 'W_Call after offers|ate_abort'))",65,"(39, 40)"
4144,4144,batch,"('W_Call incomplete files|suspend', 'W_Call incomplete files|ate_abort')","('batch', ('W_Call incomplete files|suspend', 'W_Call incomplete files|ate_abort'))",19,"(39, 40)"
4145,4145,batch,"('W_Validate application|suspend', 'W_Validate application|resume')","('batch', ('W_Validate application|suspend', 'W_Validate application|resume'))",37,"(39, 40)"
4146,4146,batch,"('W_Call after offers|suspend', 'W_Call after offers|ate_abort')","('batch', ('W_Call after offers|suspend', 'W_Call after offers|ate_abort'))",26,"(39, 41)"
4147,4147,batch,"('W_Call after offers|suspend', 'W_Call after offers|ate_abort')","('batch', ('W_Call after offers|suspend', 'W_Call after offers|ate_abort'))",31,"(39, 42)"
4148,4148,batch,"('W_Validate application|suspend', 'W_Validate application|resume')","('batch', ('W_Validate application|suspend', 'W_Validate application|resume'))",38,"(39, 42)"
4149,4149,batch,"('W_Call after offers|suspend', 'W_Call after offers|ate_abort')","('batch', ('W_Call after offers|suspend', 'W_Call after offers|ate_abort'))",17,"(39, 45)"
4150,4150,delay,"('W_Validate application|suspend', 'W_Validate application|resume')","('delay', ('W_Validate application|suspend', 'W_Validate application|resume'))","(5, 21)","(40, 45)"
4151,4151,delay,"('W_Validate application|suspend', 'W_Validate application|resume')","('delay', ('W_Validate application|suspend', 'W_Validate application|resume'))","(6, 31)","(40, 46)"
4152,4152,batch,"('W_Call incomplete files|suspend', 'W_Call incomplete files|resume')","('batch', ('W_Call incomplete files|suspend', 'W_Call incomplete files|resume'))",18,"(41, 42)"
4153,4153,delay,"('W_Validate application|suspend', 'W_Validate application|resume')","('delay', ('W_Validate application|suspend', 'W_Validate application|resume'))","(5, 28)","(41, 46)"
4154,4154,delay,"('A_Concept', 'W_Complete application|start')","('delay', ('A_Concept', 'W_Complete application|start'))","(3, 19)","(42, 45)"
4155,4155,batch,"('W_Validate application|suspend', 'W_Validate application|resume')","('batch', ('W_Validate application|suspend', 'W_Validate application|resume'))",45,"(42, 46)"
4156,4156,batch,"('W_Complete application|suspend', 'W_Complete application|resume')","('batch', ('W_Complete application|suspend', 'W_Complete application|resume'))",24,"(43, 45)"
4157,4157,batch,"('W_Call after offers|suspend', 'W_Call after offers|ate_abort')","('batch', ('W_Call after offers|suspend', 'W_Call after offers|ate_abort'))",29,"(45, 46)"
4158,4158,batch,"('W_Complete application|suspend', 'W_Complete application|resume')","('batch', ('W_Complete application|suspend', 'W_Complete application|resume'))",26,"(45, 46)"
4159,4159,batch,"('W_Validate application|suspend', 'W_Validate application|resume')","('batch', ('W_Validate application|suspend', 'W_Validate application|resume'))",58,"(45, 46)"
4160,4160,batch,"('W_Call after offers|suspend', 'W_Call after offers|ate_abort')","('batch', ('W_Call after offers|suspend', 'W_Call after offers|ate_abort'))",43,"(45, 47)"
4161,4161,batch,"('W_Call after offers|suspend', 'W_Call after offers|ate_abort')","('batch', ('W_Call after offers|suspend', 'W_Call after offers|ate_abort'))",23,"(45, 48)"
4162,4162,batch,"('W_Call after offers|suspend', 'W_Call after offers|resume')","('batch', ('W_Call after offers|suspend', 'W_Call after offers|resume'))",105,"(45, 49)"
4163,4163,batch,"('W_Call after offers|suspend', 'W_Call after offers|ate_abort')","('batch', ('W_Call after offers|suspend', 'W_Call after offers|ate_abort'))",22,"(45, 49)"
4164,4164,batch,"('W_Validate application|suspend', 'W_Validate application|resume')","('batch', ('W_Validate application|suspend', 'W_Validate application|resume'))",87,"(46, 47)"
4165,4165,batch,"('W_Validate application|suspend', 'W_Validate application|resume')","('batch', ('W_Validate application|suspend', 'W_Validate application|resume'))",58,"(46, 48)"
4166,4166,batch,"('W_Call incomplete files|suspend', 'W_Call incomplete files|ate_abort')","('batch', ('W_Call incomplete files|suspend', 'W_Call incomplete files|ate_abort'))",35,"(47, 48)"
4167,4167,batch,"('W_Validate application|suspend', 'W_Validate application|resume')","('batch', ('W_Validate application|suspend', 'W_Validate application|resume'))",85,"(47, 48)"
4168,4168,batch,"('W_Call incomplete files|suspend', 'W_Call incomplete files|resume')","('batch', ('W_Call incomplete files|suspend', 'W_Call incomplete files|resume'))",13,"(48, 49)"
4169,4169,batch,"('W_Validate application|suspend', 'W_Validate application|resume')","('batch', ('W_Validate application|suspend', 'W_Validate application|resume'))",65,"(48, 49)"
4170,4170,batch,"('W_Validate application|suspend', 'W_Validate application|resume')","('batch', ('W_Validate application|suspend', 'W_Validate application|resume'))",41,"(48, 52)"
4171,4171,delay,"('A_Concept', 'W_Complete application|start')","('delay', ('A_Concept', 'W_Complete application|start'))","(4, 31)","(48, 52)"
4172,4172,delay,"('W_Validate application|suspend', 'W_Validate application|resume')","('delay', ('W_Validate application|suspend', 'W_Validate application|resume'))","(5, 28)","(48, 53)"
4173,4173,delay,"('A_Concept', 'W_Complete application|start')","('delay', ('A_Concept', 'W_Complete application|start'))","(3, 28)","(49, 52)"
4174,4174,delay,"('W_Validate application|suspend', 'W_Validate application|resume')","('delay', ('W_Validate application|suspend', 'W_Validate application|resume'))","(5, 22)","(49, 54)"
4175,4175,batch,"('W_Call incomplete files|suspend', 'W_Call incomplete files|resume')","('batch', ('W_Call incomplete files|suspend', 'W_Call incomplete files|resume'))",11,"(49, 56)"
4176,4176,delay,"('A_Concept', 'W_Complete application|start')","('delay', ('A_Concept', 'W_Complete application|start'))","(3, 22)","(50, 53)"
4177,4177,batch,"('A_Concept', 'W_Complete application|start')","('batch', ('A_Concept', 'W_Complete application|start'))",54,"(52, 53)"
4178,4178,batch,"('W_Complete application|suspend', 'W_Complete application|resume')","('batch', ('W_Complete application|suspend', 'W_Complete application|resume'))",49,"(52, 53)"
4179,4179,batch,"('W_Call after offers|suspend', 'W_Call after offers|ate_abort')","('batch', ('W_Call after offers|suspend', 'W_Call after offers|ate_abort'))",32,"(52, 54)"
4180,4180,batch,"('W_Call after offers|suspend', 'W_Call after offers|ate_abort')","('batch', ('W_Call after offers|suspend', 'W_Call after offers|ate_abort'))",20,"(52, 55)"
4181,4181,batch,"('W_Call after offers|suspend', 'W_Call after offers|resume')","('batch', ('W_Call after offers|suspend', 'W_Call after offers|resume'))",104,"(52, 56)"
4182,4182,batch,"('W_Call after offers|suspend', 'W_Call after offers|ate_abort')","('batch', ('W_Call after offers|suspend', 'W_Call after offers|ate_abort'))",17,"(53, 54)"
4183,4183,batch,"('W_Complete application|suspend', 'W_Complete application|resume')","('batch', ('W_Complete application|suspend', 'W_Complete application|resume'))",26,"(53, 54)"
4184,4184,batch,"('W_Call after offers|suspend', 'W_Call after offers|resume')","('batch', ('W_Call after offers|suspend', 'W_Call after offers|resume'))",170,"(53, 57)"
4185,4185,batch,"('W_Call incomplete files|suspend', 'W_Call incomplete files|ate_abort')","('batch', ('W_Call incomplete files|suspend', 'W_Call incomplete files|ate_abort'))",27,"(54, 55)"
4186,4186,batch,"('W_Validate application|suspend', 'W_Validate application|resume')","('batch', ('W_Validate application|suspend', 'W_Validate application|resume'))",37,"(54, 56)"
4187,4187,batch,"('W_Call after offers|suspend', 'W_Call after offers|resume')","('batch', ('W_Call after offers|suspend', 'W_Call after offers|resume'))",104,"(54, 59)"
4188,4188,delay,"('W_Validate application|suspend', 'W_Validate application|resume')","('delay', ('W_Validate application|suspend', 'W_Validate application|resume'))","(5, 12)","(54, 59)"
4189,4189,batch,"('W_Call incomplete files|suspend', 'W_Call incomplete files|resume')","('batch', ('W_Call incomplete files|suspend', 'W_Call incomplete files|resume'))",14,"(55, 56)"
4190,4190,delay,"('W_Validate application|suspend', 'W_Validate application|resume')","('delay', ('W_Validate application|suspend', 'W_Validate application|resume'))","(5, 20)","(55, 60)"
4191,4191,batch,"('W_Call after offers|suspend', 'W_Call after offers|ate_abort')","('batch', ('W_Call after offers|suspend', 'W_Call after offers|ate_abort'))",23,"(56, 59)"
4192,4192,delay,"('W_Validate application|suspend', 'W_Validate application|resume')","('delay', ('W_Validate application|suspend', 'W_Validate application|resume'))","(5, 19)","(56, 61)"
4193,4193,batch,"('W_Call after offers|suspend', 'W_Call after offers|ate_abort')","('batch', ('W_Call after offers|suspend', 'W_Call after offers|ate_abort'))",21,"(57, 59)"
4194,4194,batch,"('W_Call after offers|suspend', 'W_Call after offers|ate_abort')","('batch', ('W_Call after offers|suspend', 'W_Call after offers|ate_abort'))",21,"(57, 61)"
4195,4195,batch,"('A_Concept', 'W_Complete application|start')","('batch', ('A_Concept', 'W_Complete application|start'))",45,"(59, 60)"
4196,4196,batch,"('W_Call after offers|suspend', 'W_Call after offers|ate_abort')","('batch', ('W_Call after offers|suspend', 'W_Call after offers|ate_abort'))",22,"(59, 60)"
4197,4197,batch,"('W_Call incomplete files|suspend', 'W_Call incomplete files|ate_abort')","('batch', ('W_Call incomplete files|suspend', 'W_Call incomplete files|ate_abort'))",19,"(59, 60)"
4198,4198,batch,"('W_Complete application|suspend', 'W_Complete application|resume')","('batch', ('W_Complete application|suspend', 'W_Complete application|resume'))",29,"(59, 60)"
4199,4199,batch,"('W_Call after offers|suspend', 'W_Call after offers|ate_abort')","('batch', ('W_Call after offers|suspend', 'W_Call after offers|ate_abort'))",43,"(59, 61)"
4200,4200,batch,"('W_Call after offers|suspend', 'W_Call after offers|ate_abort')","('batch', ('W_Call after offers|suspend', 'W_Call after offers|ate_abort'))",24,"(59, 62)"
4201,4201,batch,"('W_Call after offers|suspend', 'W_Call after offers|resume')","('batch', ('W_Call after offers|suspend', 'W_Call after offers|resume'))",96,"(59, 63)"
4202,4202,batch,"('W_Call after offers|suspend', 'W_Call after offers|ate_abort')","('batch', ('W_Call after offers|suspend', 'W_Call after offers|ate_abort'))",19,"(59, 63)"
4203,4203,batch,"('W_Call after offers|suspend', 'W_Call after offers|ate_abort')","('batch', ('W_Call after offers|suspend', 'W_Call after offers|ate_abort'))",18,"(60, 61)"
4204,4204,batch,"('W_Call after offers|suspend', 'W_Call after offers|ate_abort')","('batch', ('W_Call after offers|suspend', 'W_Call after offers|ate_abort'))",17,"(60, 63)"
4205,4205,batch,"('W_Call incomplete files|suspend', 'W_Call incomplete files|resume')","('batch', ('W_Call incomplete files|suspend', 'W_Call incomplete files|resume'))",12,"(60, 63)"
4206,4206,batch,"('W_Call after offers|suspend', 'W_Call after offers|resume')","('batch', ('W_Call after offers|suspend', 'W_Call after offers|resume'))",102,"(60, 64)"
4207,4207,batch,"('W_Call incomplete files|suspend', 'W_Call incomplete files|resume')","('batch', ('W_Call incomplete files|suspend', 'W_Call incomplete files|resume'))",22,"(61, 62)"
4208,4208,batch,"('W_Validate application|suspend', 'W_Validate application|resume')","('batch', ('W_Validate application|suspend', 'W_Validate application|resume'))",49,"(61, 63)"
4209,4209,delay,"('W_Validate application|suspend', 'W_Validate application|resume')","('delay', ('W_Validate application|suspend', 'W_Validate application|resume'))","(5, 16)","(61, 66)"
4210,4210,batch,"('W_Call incomplete files|suspend', 'W_Call incomplete files|resume')","('batch', ('W_Call incomplete files|suspend', 'W_Call incomplete files|resume'))",27,"(62, 63)"
4211,4211,delay,"('W_Validate application|suspend', 'W_Validate application|resume')","('delay', ('W_Validate application|suspend', 'W_Validate application|resume'))","(5, 19)","(62, 67)"
4212,4212,batch,"('W_Call incomplete files|suspend', 'W_Call incomplete files|ate_abort')","('batch', ('W_Call incomplete files|suspend', 'W_Call incomplete files|ate_abort'))",18,"(63, 64)"
4213,4213,batch,"('W_Call after offers|suspend', 'W_Call after offers|ate_abort')","('batch', ('W_Call after offers|suspend', 'W_Call after offers|ate_abort'))",19,"(63, 66)"
4214,4214,batch,"('W_Call incomplete files|suspend', 'W_Call incomplete files|resume')","('batch', ('W_Call incomplete files|suspend', 'W_Call incomplete files|resume'))",13,"(63, 66)"
4215,4215,batch,"('W_Call incomplete files|suspend', 'W_Call incomplete files|resume')","('batch', ('W_Call incomplete files|suspend', 'W_Call incomplete files|resume'))",11,"(63, 67)"
4216,4216,batch,"('W_Validate application|suspend', 'W_Validate application|resume')","('batch', ('W_Validate application|suspend', 'W_Validate application|resume'))",41,"(63, 67)"
4217,4217,batch,"('W_Call after offers|suspend', 'W_Call after offers|ate_abort')","('batch', ('W_Call after offers|suspend', 'W_Call after offers|ate_abort'))",24,"(64, 66)"
4218,4218,batch,"('W_Call after offers|suspend', 'W_Call after offers|ate_abort')","('batch', ('W_Call after offers|suspend', 'W_Call after offers|ate_abort'))",26,"(64, 68)"
4219,4219,batch,"('W_Call after offers|suspend', 'W_Call after offers|ate_abort')","('batch', ('W_Call after offers|suspend', 'W_Call after offers|ate_abort'))",21,"(64, 69)"
4220,4220,batch,"('A_Concept', 'W_Complete application|start')","('batch', ('A_Concept', 'W_Complete application|start'))",50,"(65, 66)"
4221,4221,batch,"('A_Concept', 'W_Complete application|start')","('batch', ('A_Concept', 'W_Complete application|start'))",49,"(66, 67)"
4222,4222,batch,"('W_Call incomplete files|suspend', 'W_Call incomplete files|resume')","('batch', ('W_Call incomplete files|suspend', 'W_Call incomplete files|resume'))",12,"(66, 67)"
4223,4223,batch,"('W_Call incomplete files|suspend', 'W_Call incomplete files|ate_abort')","('batch', ('W_Call incomplete files|suspend', 'W_Call incomplete files|ate_abort'))",19,"(66, 67)"
4224,4224,batch,"('W_Call after offers|suspend', 'W_Call after offers|ate_abort')","('batch', ('W_Call after offers|suspend', 'W_Call after offers|ate_abort'))",35,"(66, 68)"
4225,4225,batch,"('W_Call incomplete files|suspend', 'W_Call incomplete files|ate_abort')","('batch', ('W_Call incomplete files|suspend', 'W_Call incomplete files|ate_abort'))",22,"(67, 68)"
4226,4226,batch,"('W_Complete application|suspend', 'W_Complete application|resume')","('batch', ('W_Complete application|suspend', 'W_Complete application|resume'))",27,"(67, 68)"
4227,4227,batch,"('W_Validate application|suspend', 'W_Validate application|resume')","('batch', ('W_Validate application|suspend', 'W_Validate application|resume'))",67,"(67, 68)"
4228,4228,batch,"('A_Concept', 'W_Complete application|start')","('batch', ('A_Concept', 'W_Complete application|start'))",39,"(68, 69)"
4229,4229,batch,"('W_Call incomplete files|suspend', 'W_Call incomplete files|resume')","('batch', ('W_Call incomplete files|suspend', 'W_Call incomplete files|resume'))",13,"(68, 69)"
4230,4230,batch,"('W_Call incomplete files|suspend', 'W_Call incomplete files|ate_abort')","('batch', ('W_Call incomplete files|suspend', 'W_Call incomplete files|ate_abort'))",19,"(68, 69)"
4231,4231,batch,"('W_Complete application|suspend', 'W_Complete application|resume')","('batch', ('W_Complete application|suspend', 'W_Complete application|resume'))",22,"(68, 69)"
4232,4232,batch,"('W_Validate application|suspend', 'W_Validate application|resume')","('batch', ('W_Validate application|suspend', 'W_Validate application|resume'))",72,"(68, 69)"
4233,4233,batch,"('W_Validate application|suspend', 'W_Validate application|resume')","('batch', ('W_Validate application|suspend', 'W_Validate application|resume'))",36,"(68, 70)"
4234,4234,batch,"('W_Call incomplete files|suspend', 'W_Call incomplete files|resume')","('batch', ('W_Call incomplete files|suspend', 'W_Call incomplete files|resume'))",32,"(69, 70)"
4235,4235,batch,"('W_Validate application|suspend', 'W_Validate application|resume')","('batch', ('W_Validate application|suspend', 'W_Validate application|resume'))",39,"(69, 70)"
4236,4236,batch,"('W_Call after offers|suspend', 'W_Call after offers|resume')","('batch', ('W_Call after offers|suspend', 'W_Call after offers|resume'))",96,"(69, 73)"
4237,4237,batch,"('W_Call incomplete files|suspend', 'W_Call incomplete files|resume')","('batch', ('W_Call incomplete files|suspend', 'W_Call incomplete files|resume'))",36,"(70, 71)"
4238,4238,batch,"('W_Call after offers|suspend', 'W_Call after offers|ate_abort')","('batch', ('W_Call after offers|suspend', 'W_Call after offers|ate_abort'))",19,"(70, 73)"
4239,4239,delay,"('W_Validate application|suspend', 'W_Validate application|resume')","('delay', ('W_Validate application|suspend', 'W_Validate application|resume'))","(5, 13)","(70, 75)"
4240,4240,batch,"('W_Call after offers|suspend', 'W_Call after offers|ate_abort')","('batch', ('W_Call after offers|suspend', 'W_Call after offers|ate_abort'))",18,"(71, 73)"
4241,4241,batch,"('W_Complete application|suspend', 'W_Complete application|resume')","('batch', ('W_Complete application|suspend', 'W_Complete application|resume'))",21,"(71, 73)"
4242,4242,batch,"('W_Call incomplete files|suspend', 'W_Call incomplete files|ate_abort')","('batch', ('W_Call incomplete files|suspend', 'W_Call incomplete files|ate_abort'))",21,"(73, 74)"
4243,4243,batch,"('W_Complete application|suspend', 'W_Complete application|resume')","('batch', ('W_Complete application|suspend', 'W_Complete application|resume'))",30,"(73, 74)"
4244,4244,batch,"('W_Call after offers|suspend', 'W_Call after offers|ate_abort')","('batch', ('W_Call after offers|suspend', 'W_Call after offers|ate_abort'))",40,"(73, 75)"
4245,4245,batch,"('W_Call after offers|suspend', 'W_Call after offers|ate_abort')","('batch', ('W_Call after offers|suspend', 'W_Call after offers|ate_abort'))",17,"(73, 76)"
4246,4246,batch,"('A_Concept', 'W_Complete application|start')","('batch', ('A_Concept', 'W_Complete application|start'))",39,"(74, 75)"
4247,4247,batch,"('W_Complete application|suspend', 'W_Complete application|resume')","('batch', ('W_Complete application|suspend', 'W_Complete application|resume'))",26,"(74, 75)"
4248,4248,batch,"('A_Concept', 'W_Complete application|start')","('batch', ('A_Concept', 'W_Complete application|start'))",49,"(75, 76)"
4249,4249,batch,"('W_Complete application|suspend', 'W_Complete application|resume')","('batch', ('W_Complete application|suspend', 'W_Complete application|resume'))",37,"(75, 76)"
4250,4250,batch,"('W_Validate application|suspend', 'W_Validate application|resume')","('batch', ('W_Validate application|suspend', 'W_Validate application|resume'))",51,"(75, 76)"
4251,4251,batch,"('W_Validate application|suspend', 'W_Validate application|resume')","('batch', ('W_Validate application|suspend', 'W_Validate application|resume'))",43,"(75, 77)"
4252,4252,batch,"('W_Call after offers|suspend', 'W_Call after offers|resume')","('batch', ('W_Call after offers|suspend', 'W_Call after offers|resume'))",102,"(75, 80)"
4253,4253,delay,"('W_Validate application|suspend', 'W_Validate application|resume')","('delay', ('W_Validate application|suspend', 'W_Validate application|resume'))","(5, 18)","(75, 80)"
4254,4254,batch,"('W_Validate application|suspend', 'W_Validate application|ate_abort')","('batch', ('W_Validate application|suspend', 'W_Validate application|ate_abort'))",23,"(76, 77)"
4255,4255,batch,"('W_Complete application|suspend', 'W_Complete application|resume')","('batch', ('W_Complete application|suspend', 'W_Complete application|resume'))",25,"(76, 77)"
4256,4256,batch,"('W_Call after offers|suspend', 'W_Call after offers|resume')","('batch', ('W_Call after offers|suspend', 'W_Call after offers|resume'))",112,"(76, 80)"
4257,4257,batch,"('W_Call after offers|suspend', 'W_Call after offers|resume')","('batch', ('W_Call after offers|suspend', 'W_Call after offers|resume'))",118,"(77, 81)"
4258,4258,batch,"('W_Call after offers|suspend', 'W_Call after offers|ate_abort')","('batch', ('W_Call after offers|suspend', 'W_Call after offers|ate_abort'))",18,"(78, 80)"
4259,4259,batch,"('A_Concept', 'W_Complete application|start')","('batch', ('A_Concept', 'W_Complete application|start'))",40,"(79, 80)"
4260,4260,batch,"('W_Call incomplete files|suspend', 'W_Call incomplete files|resume')","('batch', ('W_Call incomplete files|suspend', 'W_Call incomplete files|resume'))",13,"(80, 81)"
4261,4261,batch,"('W_Complete application|suspend', 'W_Complete application|resume')","('batch', ('W_Complete application|suspend', 'W_Complete application|resume'))",21,"(80, 81)"
4262,4262,batch,"('W_Call after offers|suspend', 'W_Call after offers|ate_abort')","('batch', ('W_Call after offers|suspend', 'W_Call after offers|ate_abort'))",57,"(80, 82)"
4263,4263,batch,"('W_Call after offers|suspend', 'W_Call after offers|ate_abort')","('batch', ('W_Call after offers|suspend', 'W_Call after offers|ate_abort'))",33,"(80, 83)"
4264,4264,batch,"('W_Call after offers|suspend', 'W_Call after offers|ate_abort')","('batch', ('W_Call after offers|suspend', 'W_Call after offers|ate_abort'))",24,"(81, 82)"
4265,4265,batch,"('W_Call incomplete files|suspend', 'W_Call incomplete files|resume')","('batch', ('W_Call incomplete files|suspend', 'W_Call incomplete files|resume'))",13,"(81, 82)"
4266,4266,batch,"('W_Validate application|suspend', 'W_Validate application|resume')","('batch', ('W_Validate application|suspend', 'W_Validate application|resume'))",37,"(81, 82)"
4267,4267,batch,"('W_Validate application|suspend', 'W_Validate application|resume')","('batch', ('W_Validate application|suspend', 'W_Validate application|resume'))",72,"(82, 83)"
4268,4268,delay,"('W_Validate application|suspend', 'W_Validate application|resume')","('delay', ('W_Validate application|suspend', 'W_Validate application|resume'))","(6, 29)","(82, 88)"
4269,4269,delay,"('W_Validate application|suspend', 'W_Validate application|resume')","('delay', ('W_Validate application|suspend', 'W_Validate application|resume'))","(5, 16)","(83, 88)"
4270,4270,delay,"('W_Validate application|suspend', 'W_Validate application|resume')","('delay', ('W_Validate application|suspend', 'W_Validate application|resume'))","(6, 25)","(83, 89)"
4271,4271,batch,"('W_Call after offers|suspend', 'W_Call after offers|ate_abort')","('batch', ('W_Call after offers|suspend', 'W_Call after offers|ate_abort'))",19,"(84, 88)"
4272,4272,delay,"('W_Validate application|suspend', 'W_Validate application|resume')","('delay', ('W_Validate application|suspend', 'W_Validate application|resume'))","(5, 16)","(84, 89)"
4273,4273,delay,"('W_Validate application|suspend', 'W_Validate application|resume')","('delay', ('W_Validate application|suspend', 'W_Validate application|resume'))","(6, 16)","(84, 90)"
4274,4274,batch,"('W_Call after offers|suspend', 'W_Call after offers|ate_abort')","('batch', ('W_Call after offers|suspend', 'W_Call after offers|ate_abort'))",18,"(85, 88)"
4275,4275,batch,"('W_Call after offers|suspend', 'W_Call after offers|ate_abort')","('batch', ('W_Call after offers|suspend', 'W_Call after offers|ate_abort'))",17,"(87, 88)"
4276,4276,batch,"('W_Complete application|suspend', 'W_Complete application|resume')","('batch', ('W_Complete application|suspend', 'W_Complete application|resume'))",22,"(87, 88)"
4277,4277,batch,"('W_Validate application|suspend', 'W_Validate application|resume')","('batch', ('W_Validate application|suspend', 'W_Validate application|resume'))",56,"(88, 90)"
4278,4278,batch,"('W_Call after offers|suspend', 'W_Call after offers|ate_abort')","('batch', ('W_Call after offers|suspend', 'W_Call after offers|ate_abort'))",19,"(88, 91)"
4279,4279,batch,"('W_Call after offers|suspend', 'W_Call after offers|resume')","('batch', ('W_Call after offers|suspend', 'W_Call after offers|resume'))",106,"(88, 92)"
4280,4280,batch,"('W_Call incomplete files|suspend', 'W_Call incomplete files|resume')","('batch', ('W_Call incomplete files|suspend', 'W_Call incomplete files|resume'))",11,"(90, 91)"
4281,4281,batch,"('W_Validate application|suspend', 'W_Validate application|resume')","('batch', ('W_Validate application|suspend', 'W_Validate application|resume'))",57,"(90, 91)"
4282,4282,batch,"('W_Call incomplete files|suspend', 'W_Call incomplete files|resume')","('batch', ('W_Call incomplete files|suspend', 'W_Call incomplete files|resume'))",22,"(91, 94)"
4283,4283,batch,"('W_Validate application|suspend', 'W_Validate application|resume')","('batch', ('W_Validate application|suspend', 'W_Validate application|resume'))",41,"(91, 94)"
4284,4284,delay,"('A_Concept', 'W_Complete application|start')","('delay', ('A_Concept', 'W_Complete application|start'))","(3, 13)","(91, 94)"
4285,4285,batch,"('W_Call after offers|suspend', 'W_Call after offers|ate_abort')","('batch', ('W_Call after offers|suspend', 'W_Call after offers|ate_abort'))",17,"(92, 95)"
4286,4286,delay,"('A_Concept', 'W_Complete application|start')","('delay', ('A_Concept', 'W_Complete application|start'))","(3, 11)","(92, 95)"
4287,4287,batch,"('W_Call after offers|suspend', 'W_Call after offers|ate_abort')","('batch', ('W_Call after offers|suspend', 'W_Call after offers|ate_abort'))",18,"(92, 96)"
4288,4288,batch,"('W_Call after offers|suspend', 'W_Call after offers|ate_abort')","('batch', ('W_Call after offers|suspend', 'W_Call after offers|ate_abort'))",17,"(94, 95)"
4289,4289,batch,"('W_Call incomplete files|suspend', 'W_Call incomplete files|resume')","('batch', ('W_Call incomplete files|suspend', 'W_Call incomplete files|resume'))",16,"(94, 95)"
4290,4290,batch,"('W_Call incomplete files|suspend', 'W_Call incomplete files|ate_abort')","('batch', ('W_Call incomplete files|suspend', 'W_Call incomplete files|ate_abort'))",18,"(94, 95)"
4291,4291,batch,"('W_Complete application|suspend', 'W_Complete application|resume')","('batch', ('W_Complete application|suspend', 'W_Complete application|resume'))",30,"(94, 95)"
4292,4292,batch,"('W_Validate application|suspend', 'W_Validate application|resume')","('batch', ('W_Validate application|suspend', 'W_Validate application|resume'))",53,"(94, 95)"
4293,4293,batch,"('W_Call after offers|suspend', 'W_Call after offers|ate_abort')","('batch', ('W_Call after offers|suspend', 'W_Call after offers|ate_abort'))",31,"(94, 96)"
4294,4294,batch,"('W_Call incomplete files|suspend', 'W_Call incomplete files|resume')","('batch', ('W_Call incomplete files|suspend', 'W_Call incomplete files|resume'))",11,"(95, 96)"
4295,4295,batch,"('W_Validate application|suspend', 'W_Validate application|resume')","('batch', ('W_Validate application|suspend', 'W_Validate application|resume'))",50,"(95, 96)"
4296,4296,batch,"('W_Call after offers|suspend', 'W_Call after offers|resume')","('batch', ('W_Call after offers|suspend', 'W_Call after offers|resume'))",100,"(95, 99)"
4297,4297,batch,"('W_Validate application|suspend', 'W_Validate application|ate_abort')","('batch', ('W_Validate application|suspend', 'W_Validate application|ate_abort'))",25,"(96, 97)"
4298,4298,batch,"('W_Call incomplete files|suspend', 'W_Call incomplete files|resume')","('batch', ('W_Call incomplete files|suspend', 'W_Call incomplete files|resume'))",24,"(96, 97)"
4299,4299,batch,"('W_Validate application|suspend', 'W_Validate application|resume')","('batch', ('W_Validate application|suspend', 'W_Validate application|resume'))",55,"(96, 97)"
4300,4300,batch,"('W_Call incomplete files|suspend', 'W_Call incomplete files|resume')","('batch', ('W_Call incomplete files|suspend', 'W_Call incomplete files|resume'))",16,"(97, 98)"
4301,4301,batch,"('W_Validate application|suspend', 'W_Validate application|resume')","('batch', ('W_Validate application|suspend', 'W_Validate application|resume'))",61,"(97, 98)"
4302,4302,batch,"('W_Complete application|suspend', 'W_Complete application|resume')","('batch', ('W_Complete application|suspend', 'W_Complete application|resume'))",30,"(98, 99)"
4303,4303,batch,"('W_Validate application|suspend', 'W_Validate application|resume')","('batch', ('W_Validate application|suspend', 'W_Validate application|resume'))",39,"(98, 101)"
4304,4304,batch,"('W_Call after offers|suspend', 'W_Call after offers|resume')","('batch', ('W_Call after offers|suspend', 'W_Call after offers|resume'))",100,"(98, 102)"
4305,4305,batch,"('W_Call after offers|suspend', 'W_Call after offers|ate_abort')","('batch', ('W_Call after offers|suspend', 'W_Call after offers|ate_abort'))",24,"(99, 101)"
4306,4306,batch,"('W_Call incomplete files|suspend', 'W_Call incomplete files|resume')","('batch', ('W_Call incomplete files|suspend', 'W_Call incomplete files|resume'))",12,"(101, 102)"
4307,4307,batch,"('W_Complete application|suspend', 'W_Complete application|resume')","('batch', ('W_Complete application|suspend', 'W_Complete application|resume'))",30,"(101, 102)"
4308,4308,batch,"('W_Validate application|suspend', 'W_Validate application|resume')","('batch', ('W_Validate application|suspend', 'W_Validate application|resume'))",36,"(101, 102)"
4309,4309,batch,"('W_Call after offers|suspend', 'W_Call after offers|ate_abort')","('batch', ('W_Call after offers|suspend', 'W_Call after offers|ate_abort'))",30,"(101, 103)"
4310,4310,batch,"('W_Call incomplete files|suspend', 'W_Call incomplete files|resume')","('batch', ('W_Call incomplete files|suspend', 'W_Call incomplete files|resume'))",10,"(101, 103)"
4311,4311,batch,"('W_Call after offers|suspend', 'W_Call after offers|ate_abort')","('batch', ('W_Call after offers|suspend', 'W_Call after offers|ate_abort'))",24,"(101, 104)"
4312,4312,batch,"('W_Call after offers|suspend', 'W_Call after offers|ate_abort')","('batch', ('W_Call after offers|suspend', 'W_Call after offers|ate_abort'))",24,"(101, 105)"
4313,4313,batch,"('A_Concept', 'W_Complete application|start')","('batch', ('A_Concept', 'W_Complete application|start'))",51,"(102, 103)"
4314,4314,batch,"('W_Call incomplete files|suspend', 'W_Call incomplete files|ate_abort')","('batch', ('W_Call incomplete files|suspend', 'W_Call incomplete files|ate_abort'))",26,"(102, 103)"
4315,4315,batch,"('W_Validate application|suspend', 'W_Validate application|resume')","('batch', ('W_Validate application|suspend', 'W_Validate application|resume'))",56,"(102, 103)"
4316,4316,batch,"('W_Call incomplete files|suspend', 'W_Call incomplete files|ate_abort')","('batch', ('W_Call incomplete files|suspend', 'W_Call incomplete files|ate_abort'))",18,"(103, 104)"
4317,4317,batch,"('W_Complete application|suspend', 'W_Complete application|resume')","('batch', ('W_Complete application|suspend', 'W_Complete application|resume'))",24,"(103, 104)"
4318,4318,batch,"('W_Validate application|suspend', 'W_Validate application|resume')","('batch', ('W_Validate application|suspend', 'W_Validate application|resume'))",69,"(103, 104)"
4319,4319,batch,"('W_Call after offers|suspend', 'W_Call after offers|resume')","('batch', ('W_Call after offers|suspend', 'W_Call after offers|resume'))",97,"(103, 108)"
4320,4320,delay,"('W_Validate application|suspend', 'W_Validate application|resume')","('delay', ('W_Validate application|suspend', 'W_Validate application|resume'))","(5, 10)","(103, 108)"
4321,4321,batch,"('W_Call incomplete files|suspend', 'W_Call incomplete files|resume')","('batch', ('W_Call incomplete files|suspend', 'W_Call incomplete files|resume'))",28,"(104, 105)"
4322,4322,batch,"('W_Call after offers|suspend', 'W_Call after offers|resume')","('batch', ('W_Call after offers|suspend', 'W_Call after offers|resume'))",99,"(104, 108)"
4323,4323,batch,"('W_Complete application|suspend', 'W_Complete application|resume')","('batch', ('W_Complete application|suspend', 'W_Complete application|resume'))",21,"(105, 106)"
4324,4324,batch,"('W_Call after offers|suspend', 'W_Call after offers|ate_abort')","('batch', ('W_Call after offers|suspend', 'W_Call after offers|ate_abort'))",17,"(105, 108)"
4325,4325,batch,"('W_Call after offers|suspend', 'W_Call after offers|ate_abort')","('batch', ('W_Call after offers|suspend', 'W_Call after offers|ate_abort'))",24,"(108, 109)"
4326,4326,batch,"('W_Call after offers|suspend', 'W_Call after offers|ate_abort')","('batch', ('W_Call after offers|suspend', 'W_Call after offers|ate_abort'))",34,"(108, 110)"
4327,4327,batch,"('W_Validate application|suspend', 'W_Validate application|resume')","('batch', ('W_Validate application|suspend', 'W_Validate application|resume'))",39,"(108, 110)"
4328,4328,batch,"('W_Call after offers|suspend', 'W_Call after offers|ate_abort')","('batch', ('W_Call after offers|suspend', 'W_Call after offers|ate_abort'))",19,"(108, 111)"
4329,4329,batch,"('W_Call incomplete files|suspend', 'W_Call incomplete files|ate_abort')","('batch', ('W_Call incomplete files|suspend', 'W_Call incomplete files|ate_abort'))",18,"(109, 110)"
4330,4330,batch,"('W_Validate application|suspend', 'W_Validate application|resume')","('batch', ('W_Validate application|suspend', 'W_Validate application|resume'))",40,"(109, 111)"
4331,4331,batch,"('W_Call incomplete files|suspend', 'W_Call incomplete files|ate_abort')","('batch', ('W_Call incomplete files|suspend', 'W_Call incomplete files|ate_abort'))",19,"(110, 111)"
4332,4332,batch,"('W_Validate application|suspend', 'W_Validate application|resume')","('batch', ('W_Validate application|suspend', 'W_Validate application|resume'))",60,"(110, 112)"
4333,4333,batch,"('W_Call incomplete files|suspend', 'W_Call incomplete files|ate_abort')","('batch', ('W_Call incomplete files|suspend', 'W_Call incomplete files|ate_abort'))",18,"(111, 112)"
4334,4334,delay,"('W_Validate application|suspend', 'W_Validate application|resume')","('delay', ('W_Validate application|suspend', 'W_Validate application|resume'))","(5, 12)","(111, 116)"
4335,4335,batch,"('W_Validate application|suspend', 'W_Validate application|resume')","('batch', ('W_Validate application|suspend', 'W_Validate application|resume'))",38,"(112, 116)"
4336,4336,batch,"('W_Call incomplete files|suspend', 'W_Call incomplete files|resume')","('batch', ('W_Call incomplete files|suspend', 'W_Call incomplete files|resume'))",10,"(115, 116)"
4337,4337,batch,"('W_Call after offers|suspend', 'W_Call after offers|ate_abort')","('batch', ('W_Call after offers|suspend', 'W_Call after offers|ate_abort'))",27,"(115, 118)"
4338,4338,batch,"('W_Call after offers|suspend', 'W_Call after offers|resume')","('batch', ('W_Call after offers|suspend', 'W_Call after offers|resume'))",105,"(115, 119)"
4339,4339,batch,"('W_Validate application|suspend', 'W_Validate application|resume')","('batch', ('W_Validate application|suspend', 'W_Validate application|resume'))",46,"(116, 118)"
4340,4340,batch,"('A_Concept', 'W_Complete application|start')","('batch', ('A_Concept', 'W_Complete application|start'))",43,"(118, 119)"
4341,4341,batch,"('W_Call incomplete files|suspend', 'W_Call incomplete files|ate_abort')","('batch', ('W_Call incomplete files|suspend', 'W_Call incomplete files|ate_abort'))",25,"(118, 119)"
4342,4342,batch,"('W_Validate application|suspend', 'W_Validate application|resume')","('batch', ('W_Validate application|suspend', 'W_Validate application|resume'))",75,"(118, 119)"
4343,4343,batch,"('W_Call after offers|suspend', 'W_Call after offers|ate_abort')","('batch', ('W_Call after offers|suspend', 'W_Call after offers|ate_abort'))",23,"(119, 122)"
4344,4344,batch,"('W_Call incomplete files|suspend', 'W_Call incomplete files|resume')","('batch', ('W_Call incomplete files|suspend', 'W_Call incomplete files|resume'))",12,"(119, 122)"
4345,4345,batch,"('W_Call incomplete files|suspend', 'W_Call incomplete files|ate_abort')","('batch', ('W_Call incomplete files|suspend', 'W_Call incomplete files|ate_abort'))",19,"(119, 122)"
4346,4346,batch,"('W_Validate application|suspend', 'W_Validate application|resume')","('batch', ('W_Validate application|suspend', 'W_Validate application|resume'))",47,"(119, 122)"
4347,4347,batch,"('W_Call after offers|suspend', 'W_Call after offers|resume')","('batch', ('W_Call after offers|suspend', 'W_Call after offers|resume'))",101,"(119, 123)"
4348,4348,batch,"('A_Complete', 'W_Call after offers|suspend')","('batch', ('A_Complete', 'W_Call after offers|suspend'))",4,"(122, 123)"
4349,4349,batch,"('W_Call incomplete files|suspend', 'W_Call incomplete files|ate_abort')","('batch', ('W_Call incomplete files|suspend', 'W_Call incomplete files|ate_abort'))",23,"(122, 123)"
4350,4350,batch,"('W_Complete application|suspend', 'W_Complete application|resume')","('batch', ('W_Complete application|suspend', 'W_Complete application|resume'))",41,"(122, 123)"
4351,4351,batch,"('W_Validate application|suspend', 'W_Validate application|resume')","('batch', ('W_Validate application|suspend', 'W_Validate application|resume'))",47,"(122, 123)"
4352,4352,batch,"('W_Call after offers|suspend', 'W_Call after offers|ate_abort')","('batch', ('W_Call after offers|suspend', 'W_Call after offers|ate_abort'))",32,"(122, 124)"
4353,4353,batch,"('W_Validate application|suspend', 'W_Validate application|resume')","('batch', ('W_Validate application|suspend', 'W_Validate application|resume'))",36,"(122, 124)"
4354,4354,batch,"('W_Call after offers|suspend', 'W_Call after offers|ate_abort')","('batch', ('W_Call after offers|suspend', 'W_Call after offers|ate_abort'))",24,"(123, 124)"
4355,4355,batch,"('W_Call incomplete files|suspend', 'W_Call incomplete files|ate_abort')","('batch', ('W_Call incomplete files|suspend', 'W_Call incomplete files|ate_abort'))",20,"(123, 124)"
4356,4356,batch,"('W_Call after offers|suspend', 'W_Call after offers|resume')","('batch', ('W_Call after offers|suspend', 'W_Call after offers|resume'))",113,"(123, 127)"
4357,4357,batch,"('W_Call incomplete files|suspend', 'W_Call incomplete files|resume')","('batch', ('W_Call incomplete files|suspend', 'W_Call incomplete files|resume'))",19,"(124, 125)"
4358,4358,batch,"('W_Validate application|suspend', 'W_Validate application|resume')","('batch', ('W_Validate application|suspend', 'W_Validate application|resume'))",49,"(124, 129)"
4359,4359,delay,"('W_Validate application|suspend', 'W_Validate application|resume')","('delay', ('W_Validate application|suspend', 'W_Validate application|resume'))","(5, 49)","(124, 129)"
4360,4360,batch,"('W_Complete application|suspend', 'W_Complete application|resume')","('batch', ('W_Complete application|suspend', 'W_Complete application|resume'))",25,"(125, 126)"
4361,4361,batch,"('W_Call incomplete files|suspend', 'W_Call incomplete files|ate_abort')","('batch', ('W_Call incomplete files|suspend', 'W_Call incomplete files|ate_abort'))",20,"(126, 129)"
4362,4362,batch,"('W_Call after offers|suspend', 'W_Call after offers|resume')","('batch', ('W_Call after offers|suspend', 'W_Call after offers|resume'))",111,"(126, 130)"
4363,4363,batch,"('W_Call after offers|suspend', 'W_Call after offers|ate_abort')","('batch', ('W_Call after offers|suspend', 'W_Call after offers|ate_abort'))",19,"(126, 130)"
4364,4364,batch,"('W_Call after offers|suspend', 'W_Call after offers|ate_abort')","('batch', ('W_Call after offers|suspend', 'W_Call after offers|ate_abort'))",21,"(127, 130)"
4365,4365,batch,"('W_Call after offers|suspend', 'W_Call after offers|ate_abort')","('batch', ('W_Call after offers|suspend', 'W_Call after offers|ate_abort'))",18,"(127, 131)"
4366,4366,batch,"('W_Validate application|suspend', 'W_Validate application|ate_abort')","('batch', ('W_Validate application|suspend', 'W_Validate application|ate_abort'))",24,"(129, 130)"
4367,4367,batch,"('W_Call incomplete files|suspend', 'W_Call incomplete files|resume')","('batch', ('W_Call incomplete files|suspend', 'W_Call incomplete files|resume'))",31,"(129, 130)"
4368,4368,batch,"('W_Call incomplete files|suspend', 'W_Call incomplete files|ate_abort')","('batch', ('W_Call incomplete files|suspend', 'W_Call incomplete files|ate_abort'))",21,"(129, 130)"
4369,4369,batch,"('W_Validate application|suspend', 'W_Validate application|resume')","('batch', ('W_Validate application|suspend', 'W_Validate application|resume'))",45,"(129, 130)"
4370,4370,batch,"('W_Call after offers|suspend', 'W_Call after offers|ate_abort')","('batch', ('W_Call after offers|suspend', 'W_Call after offers|ate_abort'))",22,"(129, 131)"
4371,4371,batch,"('W_Call after offers|suspend', 'W_Call after offers|ate_abort')","('batch', ('W_Call after offers|suspend', 'W_Call after offers|ate_abort'))",18,"(129, 132)"
4372,4372,batch,"('W_Call after offers|suspend', 'W_Call after offers|ate_abort')","('batch', ('W_Call after offers|suspend', 'W_Call after offers|ate_abort'))",28,"(130, 131)"
4373,4373,batch,"('W_Call incomplete files|suspend', 'W_Call incomplete files|resume')","('batch', ('W_Call incomplete files|suspend', 'W_Call incomplete files|resume'))",31,"(130, 131)"
4374,4374,batch,"('W_Call incomplete files|suspend', 'W_Call incomplete files|ate_abort')","('batch', ('W_Call incomplete files|suspend', 'W_Call incomplete files|ate_abort'))",20,"(130, 131)"
4375,4375,batch,"('W_Validate application|suspend', 'W_Validate application|resume')","('batch', ('W_Validate application|suspend', 'W_Validate application|resume'))",51,"(130, 131)"
4376,4376,batch,"('W_Call after offers|suspend', 'W_Call after offers|ate_abort')","('batch', ('W_Call after offers|suspend', 'W_Call after offers|ate_abort'))",20,"(130, 132)"
4377,4377,batch,"('W_Call incomplete files|suspend', 'W_Call incomplete files|resume')","('batch', ('W_Call incomplete files|suspend', 'W_Call incomplete files|resume'))",30,"(131, 132)"
4378,4378,batch,"('W_Validate application|suspend', 'W_Validate application|resume')","('batch', ('W_Validate application|suspend', 'W_Validate application|resume'))",52,"(131, 132)"
4379,4379,batch,"('A_Accepted', 'O_Create Offer')","('batch', ('A_Accepted', 'O_Create Offer'))",2,"(131, 133)"
4380,4380,batch,"('W_Call incomplete files|suspend', 'W_Call incomplete files|resume')","('batch', ('W_Call incomplete files|suspend', 'W_Call incomplete files|resume'))",10,"(131, 133)"
4381,4381,batch,"('W_Validate application|suspend', 'W_Validate application|resume')","('batch', ('W_Validate application|suspend', 'W_Validate application|resume'))",36,"(131, 133)"
4382,4382,batch,"('W_Call incomplete files|suspend', 'W_Call incomplete files|resume')","('batch', ('W_Call incomplete files|suspend', 'W_Call incomplete files|resume'))",27,"(132, 133)"
4383,4383,batch,"('W_Call incomplete files|suspend', 'W_Call incomplete files|ate_abort')","('batch', ('W_Call incomplete files|suspend', 'W_Call incomplete files|ate_abort'))",18,"(132, 133)"
4384,4384,batch,"('W_Validate application|suspend', 'W_Validate application|resume')","('batch', ('W_Validate application|suspend', 'W_Validate application|resume'))",43,"(132, 133)"
4385,4385,delay,"('W_Validate application|suspend', 'W_Validate application|ate_abort')","('delay', ('W_Validate application|suspend', 'W_Validate application|ate_abort'))","(5, 19)","(132, 137)"
4386,4386,delay,"('W_Validate application|suspend', 'W_Validate application|resume')","('delay', ('W_Validate application|suspend', 'W_Validate application|resume'))","(5, 34)","(132, 137)"
4387,4387,delay,"('A_Concept', 'W_Complete application|start')","('delay', ('A_Concept', 'W_Complete application|start'))","(3, 12)","(133, 136)"
4388,4388,batch,"('W_Call after offers|suspend', 'W_Call after offers|ate_abort')","('batch', ('W_Call after offers|suspend', 'W_Call after offers|ate_abort'))",21,"(133, 137)"
4389,4389,batch,"('W_Call incomplete files|suspend', 'W_Call incomplete files|resume')","('batch', ('W_Call incomplete files|suspend', 'W_Call incomplete files|resume'))",23,"(133, 138)"
4390,4390,delay,"('W_Validate application|suspend', 'W_Validate application|resume')","('delay', ('W_Validate application|suspend', 'W_Validate application|resume'))","(5, 31)","(133, 138)"
4391,4391,batch,"('W_Call incomplete files|suspend', 'W_Call incomplete files|resume')","('batch', ('W_Call incomplete files|suspend', 'W_Call incomplete files|resume'))",15,"(133, 140)"
4392,4392,batch,"('W_Call after offers|suspend', 'W_Call after offers|ate_abort')","('batch', ('W_Call after offers|suspend', 'W_Call after offers|ate_abort'))",23,"(134, 137)"
4393,4393,batch,"('W_Complete application|suspend', 'W_Complete application|resume')","('batch', ('W_Complete application|suspend', 'W_Complete application|resume'))",26,"(136, 137)"
4394,4394,batch,"('W_Call after offers|suspend', 'W_Call after offers|ate_abort')","('batch', ('W_Call after offers|suspend', 'W_Call after offers|ate_abort'))",19,"(136, 138)"
4395,4395,batch,"('W_Validate application|suspend', 'W_Validate application|ate_abort')","('batch', ('W_Validate application|suspend', 'W_Validate application|ate_abort'))",29,"(137, 138)"
4396,4396,batch,"('W_Call incomplete files|suspend', 'W_Call incomplete files|resume')","('batch', ('W_Call incomplete files|suspend', 'W_Call incomplete files|resume'))",20,"(137, 138)"
4397,4397,batch,"('W_Call incomplete files|suspend', 'W_Call incomplete files|ate_abort')","('batch', ('W_Call incomplete files|suspend', 'W_Call incomplete files|ate_abort'))",18,"(137, 138)"
4398,4398,batch,"('W_Complete application|suspend', 'W_Complete application|resume')","('batch', ('W_Complete application|suspend', 'W_Complete application|resume'))",24,"(137, 138)"
4399,4399,batch,"('W_Validate application|suspend', 'W_Validate application|resume')","('batch', ('W_Validate application|suspend', 'W_Validate application|resume'))",46,"(137, 138)"
4400,4400,batch,"('W_Validate application|suspend', 'W_Validate application|resume')","('batch', ('W_Validate application|suspend', 'W_Validate application|resume'))",55,"(137, 139)"
4401,4401,batch,"('W_Call after offers|suspend', 'W_Call after offers|ate_abort')","('batch', ('W_Call after offers|suspend', 'W_Call after offers|ate_abort'))",18,"(137, 140)"
4402,4402,batch,"('W_Call incomplete files|suspend', 'W_Call incomplete files|resume')","('batch', ('W_Call incomplete files|suspend', 'W_Call incomplete files|resume'))",14,"(138, 139)"
4403,4403,batch,"('W_Call incomplete files|suspend', 'W_Call incomplete files|ate_abort')","('batch', ('W_Call incomplete files|suspend', 'W_Call incomplete files|ate_abort'))",21,"(138, 139)"
4404,4404,batch,"('W_Call incomplete files|suspend', 'W_Call incomplete files|resume')","('batch', ('W_Call incomplete files|suspend', 'W_Call incomplete files|resume'))",31,"(138, 140)"
4405,4405,batch,"('W_Call incomplete files|suspend', 'W_Call incomplete files|resume')","('batch', ('W_Call incomplete files|suspend', 'W_Call incomplete files|resume'))",25,"(139, 140)"
4406,4406,batch,"('W_Validate application|suspend', 'W_Validate application|resume')","('batch', ('W_Validate application|suspend', 'W_Validate application|resume'))",50,"(139, 140)"
4407,4407,batch,"('W_Call incomplete files|suspend', 'W_Call incomplete files|resume')","('batch', ('W_Call incomplete files|suspend', 'W_Call incomplete files|resume'))",13,"(140, 141)"
4408,4408,batch,"('W_Call incomplete files|suspend', 'W_Call incomplete files|resume')","('batch', ('W_Call incomplete files|suspend', 'W_Call incomplete files|resume'))",23,"(140, 143)"
4409,4409,batch,"('W_Call incomplete files|suspend', 'W_Call incomplete files|ate_abort')","('batch', ('W_Call incomplete files|suspend', 'W_Call incomplete files|ate_abort'))",20,"(140, 143)"
4410,4410,batch,"('W_Validate application|suspend', 'W_Validate application|resume')","('batch', ('W_Validate application|suspend', 'W_Validate application|resume'))",44,"(140, 143)"
4411,4411,delay,"('A_Concept', 'W_Complete application|start')","('delay', ('A_Concept', 'W_Complete application|start'))","(3, 23)","(140, 143)"
4412,4412,batch,"('W_Call after offers|suspend', 'W_Call after offers|ate_abort')","('batch', ('W_Call after offers|suspend', 'W_Call after offers|ate_abort'))",18,"(143, 144)"
4413,4413,batch,"('W_Validate application|suspend', 'W_Validate application|resume')","('batch', ('W_Validate application|suspend', 'W_Validate application|resume'))",71,"(143, 144)"
4414,4414,batch,"('W_Call after offers|suspend', 'W_Call after offers|ate_abort')","('batch', ('W_Call after offers|suspend', 'W_Call after offers|ate_abort'))",27,"(143, 145)"
4415,4415,batch,"('W_Call incomplete files|suspend', 'W_Call incomplete files|ate_abort')","('batch', ('W_Call incomplete files|suspend', 'W_Call incomplete files|ate_abort'))",20,"(144, 145)"
4416,4416,batch,"('W_Validate application|suspend', 'W_Validate application|resume')","('batch', ('W_Validate application|suspend', 'W_Validate application|resume'))",43,"(144, 145)"
4417,4417,batch,"('A_Concept', 'W_Complete application|start')","('batch', ('A_Concept', 'W_Complete application|start'))",51,"(145, 146)"
4418,4418,batch,"('W_Validate application|suspend', 'W_Validate application|resume')","('batch', ('W_Validate application|suspend', 'W_Validate application|resume'))",63,"(145, 146)"
4419,4419,batch,"('W_Complete application|suspend', 'W_Complete application|resume')","('batch', ('W_Complete application|suspend', 'W_Complete application|resume'))",23,"(146, 147)"
4420,4420,batch,"('W_Validate application|suspend', 'W_Validate application|resume')","('batch', ('W_Validate application|suspend', 'W_Validate application|resume'))",56,"(147, 150)"
4421,4421,delay,"('A_Concept', 'W_Complete application|start')","('delay', ('A_Concept', 'W_Complete application|start'))","(3, 26)","(147, 150)"
4422,4422,batch,"('W_Call incomplete files|suspend', 'W_Call incomplete files|resume')","('batch', ('W_Call incomplete files|suspend', 'W_Call incomplete files|resume'))",15,"(150, 151)"
4423,4423,batch,"('W_Complete application|suspend', 'W_Complete application|resume')","('batch', ('W_Complete application|suspend', 'W_Complete application|resume'))",31,"(150, 151)"
4424,4424,batch,"('W_Call after offers|suspend', 'W_Call after offers|ate_abort')","('batch', ('W_Call after offers|suspend', 'W_Call after offers|ate_abort'))",28,"(150, 152)"
4425,4425,batch,"('W_Call after offers|suspend', 'W_Call after offers|ate_abort')","('batch', ('W_Call after offers|suspend', 'W_Call after offers|ate_abort'))",22,"(150, 153)"
4426,4426,batch,"('W_Call after offers|suspend', 'W_Call after offers|resume')","('batch', ('W_Call after offers|suspend', 'W_Call after offers|resume'))",107,"(150, 154)"
4427,4427,batch,"('W_Call incomplete files|suspend', 'W_Call incomplete files|ate_abort')","('batch', ('W_Call incomplete files|suspend', 'W_Call incomplete files|ate_abort'))",25,"(151, 152)"
4428,4428,batch,"('W_Call incomplete files|suspend', 'W_Call incomplete files|resume')","('batch', ('W_Call incomplete files|suspend', 'W_Call incomplete files|resume'))",22,"(152, 153)"
4429,4429,batch,"('W_Validate application|suspend', 'W_Validate application|resume')","('batch', ('W_Validate application|suspend', 'W_Validate application|resume'))",48,"(152, 153)"
4430,4430,delay,"('A_Concept', 'W_Complete application|start')","('delay', ('A_Concept', 'W_Complete application|start'))","(3, 26)","(152, 155)"
4431,4431,batch,"('W_Call incomplete files|suspend', 'W_Call incomplete files|resume')","('batch', ('W_Call incomplete files|suspend', 'W_Call incomplete files|resume'))",24,"(153, 154)"
4432,4432,batch,"('W_Call incomplete files|suspend', 'W_Call incomplete files|ate_abort')","('batch', ('W_Call incomplete files|suspend', 'W_Call incomplete files|ate_abort'))",19,"(153, 154)"
4433,4433,batch,"('W_Validate application|suspend', 'W_Validate application|resume')","('batch', ('W_Validate application|suspend', 'W_Validate application|resume'))",44,"(153, 154)"
4434,4434,batch,"('A_Concept', 'W_Complete application|start')","('batch', ('A_Concept', 'W_Complete application|start'))",40,"(153, 157)"
4435,4435,batch,"('W_Call incomplete files|suspend', 'W_Call incomplete files|resume')","('batch', ('W_Call incomplete files|suspend', 'W_Call incomplete files|resume'))",10,"(153, 157)"
4436,4436,delay,"('A_Concept', 'W_Complete application|start')","('delay', ('A_Concept', 'W_Complete application|start'))","(4, 40)","(153, 157)"
4437,4437,batch,"('W_Call incomplete files|suspend', 'W_Call incomplete files|resume')","('batch', ('W_Call incomplete files|suspend', 'W_Call incomplete files|resume'))",38,"(154, 155)"
4438,4438,batch,"('W_Call after offers|suspend', 'W_Call after offers|ate_abort')","('batch', ('W_Call after offers|suspend', 'W_Call after offers|ate_abort'))",21,"(154, 157)"
4439,4439,batch,"('W_Call incomplete files|suspend', 'W_Call incomplete files|resume')","('batch', ('W_Call incomplete files|suspend', 'W_Call incomplete files|resume'))",14,"(154, 157)"
4440,4440,batch,"('W_Complete application|suspend', 'W_Complete application|resume')","('batch', ('W_Complete application|suspend', 'W_Complete application|resume'))",26,"(154, 157)"
4441,4441,batch,"('W_Validate application|suspend', 'W_Validate application|resume')","('batch', ('W_Validate application|suspend', 'W_Validate application|resume'))",43,"(154, 157)"
4442,4442,delay,"('A_Concept', 'W_Complete application|start')","('delay', ('A_Concept', 'W_Complete application|start'))","(3, 27)","(154, 157)"
4443,4443,batch,"('W_Call incomplete files|suspend', 'W_Call incomplete files|resume')","('batch', ('W_Call incomplete files|suspend', 'W_Call incomplete files|resume'))",12,"(155, 157)"
4444,4444,batch,"('W_Call after offers|suspend', 'W_Call after offers|ate_abort')","('batch', ('W_Call after offers|suspend', 'W_Call after offers|ate_abort'))",21,"(157, 158)"
4445,4445,batch,"('W_Call incomplete files|suspend', 'W_Call incomplete files|resume')","('batch', ('W_Call incomplete files|suspend', 'W_Call incomplete files|resume'))",30,"(157, 158)"
4446,4446,batch,"('W_Call incomplete files|suspend', 'W_Call incomplete files|ate_abort')","('batch', ('W_Call incomplete files|suspend', 'W_Call incomplete files|ate_abort'))",23,"(157, 158)"
4447,4447,batch,"('W_Complete application|suspend', 'W_Complete application|resume')","('batch', ('W_Complete application|suspend', 'W_Complete application|resume'))",37,"(157, 158)"
4448,4448,batch,"('W_Call after offers|suspend', 'W_Call after offers|ate_abort')","('batch', ('W_Call after offers|suspend', 'W_Call after offers|ate_abort'))",17,"(157, 160)"
4449,4449,batch,"('W_Call after offers|suspend', 'W_Call after offers|resume')","('batch', ('W_Call after offers|suspend', 'W_Call after offers|resume'))",136,"(157, 161)"
4450,4450,batch,"('W_Call after offers|suspend', 'W_Call after offers|ate_abort')","('batch', ('W_Call after offers|suspend', 'W_Call after offers|ate_abort'))",25,"(157, 161)"
4451,4451,batch,"('W_Call after offers|suspend', 'W_Call after offers|ate_abort')","('batch', ('W_Call after offers|suspend', 'W_Call after offers|ate_abort'))",41,"(158, 159)"
4452,4452,batch,"('W_Call incomplete files|suspend', 'W_Call incomplete files|ate_abort')","('batch', ('W_Call incomplete files|suspend', 'W_Call incomplete files|ate_abort'))",20,"(158, 159)"
4453,4453,batch,"('W_Complete application|suspend', 'W_Complete application|resume')","('batch', ('W_Complete application|suspend', 'W_Complete application|resume'))",27,"(158, 159)"
4454,4454,batch,"('W_Validate application|suspend', 'W_Validate application|resume')","('batch', ('W_Validate application|suspend', 'W_Validate application|resume'))",39,"(158, 159)"
4455,4455,batch,"('W_Call after offers|suspend', 'W_Call after offers|ate_abort')","('batch', ('W_Call after offers|suspend', 'W_Call after offers|ate_abort'))",18,"(158, 160)"
4456,4456,batch,"('W_Call after offers|suspend', 'W_Call after offers|ate_abort')","('batch', ('W_Call after offers|suspend', 'W_Call after offers|ate_abort'))",24,"(158, 161)"
4457,4457,batch,"('W_Call after offers|suspend', 'W_Call after offers|resume')","('batch', ('W_Call after offers|suspend', 'W_Call after offers|resume'))",103,"(158, 162)"
4458,4458,batch,"('W_Validate application|suspend', 'W_Validate application|resume')","('batch', ('W_Validate application|suspend', 'W_Validate application|resume'))",61,"(159, 160)"
4459,4459,batch,"('W_Call after offers|suspend', 'W_Call after offers|resume')","('batch', ('W_Call after offers|suspend', 'W_Call after offers|resume'))",123,"(159, 164)"
4460,4460,batch,"('W_Validate application|suspend', 'W_Validate application|resume')","('batch', ('W_Validate application|suspend', 'W_Validate application|resume'))",47,"(160, 161)"
4461,4461,batch,"('W_Complete application|suspend', 'W_Complete application|resume')","('batch', ('W_Complete application|suspend', 'W_Complete application|resume'))",23,"(160, 162)"
4462,4462,batch,"('W_Call after offers|suspend', 'W_Call after offers|resume')","('batch', ('W_Call after offers|suspend', 'W_Call after offers|resume'))",104,"(160, 164)"
4463,4463,batch,"('A_Concept', 'W_Complete application|start')","('batch', ('A_Concept', 'W_Complete application|start'))",42,"(161, 162)"
4464,4464,batch,"('W_Complete application|suspend', 'W_Complete application|resume')","('batch', ('W_Complete application|suspend', 'W_Complete application|resume'))",24,"(161, 162)"
4465,4465,batch,"('W_Call after offers|suspend', 'W_Call after offers|ate_abort')","('batch', ('W_Call after offers|suspend', 'W_Call after offers|ate_abort'))",22,"(161, 164)"
4466,4466,batch,"('W_Validate application|suspend', 'W_Validate application|resume')","('batch', ('W_Validate application|suspend', 'W_Validate application|resume'))",53,"(161, 164)"
4467,4467,batch,"('W_Call after offers|suspend', 'W_Call after offers|ate_abort')","('batch', ('W_Call after offers|suspend', 'W_Call after offers|ate_abort'))",19,"(161, 167)"
4468,4468,batch,"('W_Call after offers|suspend', 'W_Call after offers|ate_abort')","('batch', ('W_Call after offers|suspend', 'W_Call after offers|ate_abort'))",20,"(162, 164)"
4469,4469,batch,"('W_Complete application|suspend', 'W_Complete application|resume')","('batch', ('W_Complete application|suspend', 'W_Complete application|resume'))",23,"(162, 164)"
4470,4470,batch,"('W_Call after offers|suspend', 'W_Call after offers|resume')","('batch', ('W_Call after offers|suspend', 'W_Call after offers|resume'))",108,"(162, 166)"
4471,4471,batch,"('W_Call after offers|suspend', 'W_Call after offers|ate_abort')","('batch', ('W_Call after offers|suspend', 'W_Call after offers|ate_abort'))",20,"(164, 165)"
4472,4472,batch,"('W_Call incomplete files|suspend', 'W_Call incomplete files|ate_abort')","('batch', ('W_Call incomplete files|suspend', 'W_Call incomplete files|ate_abort'))",18,"(164, 165)"
4473,4473,batch,"('W_Complete application|suspend', 'W_Complete application|resume')","('batch', ('W_Complete application|suspend', 'W_Complete application|resume'))",30,"(164, 165)"
4474,4474,batch,"('W_Validate application|suspend', 'W_Validate application|resume')","('batch', ('W_Validate application|suspend', 'W_Validate application|resume'))",53,"(164, 165)"
4475,4475,batch,"('A_Concept', 'W_Complete application|start')","('batch', ('A_Concept', 'W_Complete application|start'))",41,"(164, 166)"
4476,4476,batch,"('W_Call after offers|suspend', 'W_Call after offers|ate_abort')","('batch', ('W_Call after offers|suspend', 'W_Call after offers|ate_abort'))",62,"(164, 166)"
4477,4477,batch,"('W_Call after offers|suspend', 'W_Call after offers|ate_abort')","('batch', ('W_Call after offers|suspend', 'W_Call after offers|ate_abort'))",30,"(164, 167)"
4478,4478,batch,"('W_Call after offers|suspend', 'W_Call after offers|ate_abort')","('batch', ('W_Call after offers|suspend', 'W_Call after offers|ate_abort'))",36,"(164, 168)"
4479,4479,batch,"('W_Call after offers|suspend', 'W_Call after offers|ate_abort')","('batch', ('W_Call after offers|suspend', 'W_Call after offers|ate_abort'))",18,"(165, 166)"
4480,4480,batch,"('W_Call incomplete files|suspend', 'W_Call incomplete files|resume')","('batch', ('W_Call incomplete files|suspend', 'W_Call incomplete files|resume'))",11,"(165, 166)"
4481,4481,batch,"('W_Call incomplete files|suspend', 'W_Call incomplete files|ate_abort')","('batch', ('W_Call incomplete files|suspend', 'W_Call incomplete files|ate_abort'))",24,"(165, 166)"
4482,4482,batch,"('W_Validate application|suspend', 'W_Validate application|resume')","('batch', ('W_Validate application|suspend', 'W_Validate application|resume'))",53,"(165, 166)"
4483,4483,batch,"('W_Call after offers|suspend', 'W_Call after offers|ate_abort')","('batch', ('W_Call after offers|suspend', 'W_Call after offers|ate_abort'))",18,"(165, 171)"
4484,4484,batch,"('W_Validate application|suspend', 'W_Validate application|resume')","('batch', ('W_Validate application|suspend', 'W_Validate application|resume'))",51,"(166, 167)"
4485,4485,batch,"('W_Validate application|suspend', 'W_Validate application|resume')","('batch', ('W_Validate application|suspend', 'W_Validate application|resume'))",51,"(166, 168)"
4486,4486,batch,"('W_Call after offers|suspend', 'W_Call after offers|resume')","('batch', ('W_Call after offers|suspend', 'W_Call after offers|resume'))",109,"(166, 171)"
4487,4487,batch,"('W_Call after offers|suspend', 'W_Call after offers|resume')","('batch', ('W_Call after offers|suspend', 'W_Call after offers|resume'))",98,"(167, 171)"
4488,4488,batch,"('W_Validate application|suspend', 'W_Validate application|resume')","('batch', ('W_Validate application|suspend', 'W_Validate application|resume'))",36,"(167, 171)"
4489,4489,delay,"('W_Validate application|suspend', 'W_Validate application|resume')","('delay', ('W_Validate application|suspend', 'W_Validate application|resume'))","(5, 21)","(167, 172)"
4490,4490,batch,"('W_Call incomplete files|suspend', 'W_Call incomplete files|resume')","('batch', ('W_Call incomplete files|suspend', 'W_Call incomplete files|resume'))",18,"(168, 171)"
4491,4491,delay,"('A_Concept', 'W_Complete application|start')","('delay', ('A_Concept', 'W_Complete application|start'))","(3, 32)","(168, 171)"
4492,4492,batch,"('W_Validate application|suspend', 'W_Validate application|resume')","('batch', ('W_Validate application|suspend', 'W_Validate application|resume'))",44,"(168, 172)"
4493,4493,delay,"('W_Validate application|suspend', 'W_Validate application|resume')","('delay', ('W_Validate application|suspend', 'W_Validate application|resume'))","(5, 20)","(168, 173)"
4494,4494,delay,"('A_Concept', 'W_Complete application|start')","('delay', ('A_Concept', 'W_Complete application|start'))","(3, 35)","(169, 172)"
4495,4495,batch,"('W_Call after offers|suspend', 'W_Call after offers|ate_abort')","('batch', ('W_Call after offers|suspend', 'W_Call after offers|ate_abort'))",33,"(171, 172)"
4496,4496,batch,"('W_Call incomplete files|suspend', 'W_Call incomplete files|ate_abort')","('batch', ('W_Call incomplete files|suspend', 'W_Call incomplete files|ate_abort'))",20,"(171, 172)"
4497,4497,batch,"('W_Complete application|suspend', 'W_Complete application|resume')","('batch', ('W_Complete application|suspend', 'W_Complete application|resume'))",37,"(171, 172)"
4498,4498,batch,"('A_Concept', 'W_Complete application|start')","('batch', ('A_Concept', 'W_Complete application|start'))",53,"(171, 173)"
4499,4499,batch,"('W_Call after offers|suspend', 'W_Call after offers|ate_abort')","('batch', ('W_Call after offers|suspend', 'W_Call after offers|ate_abort'))",50,"(171, 173)"
4500,4500,batch,"('W_Call incomplete files|suspend', 'W_Call incomplete files|resume')","('batch', ('W_Call incomplete files|suspend', 'W_Call incomplete files|resume'))",10,"(171, 173)"
4501,4501,batch,"('W_Complete application|suspend', 'W_Complete application|resume')","('batch', ('W_Complete application|suspend', 'W_Complete application|resume'))",28,"(171, 173)"
4502,4502,batch,"('W_Call after offers|suspend', 'W_Call after offers|ate_abort')","('batch', ('W_Call after offers|suspend', 'W_Call after offers|ate_abort'))",34,"(171, 174)"
4503,4503,batch,"('W_Call after offers|suspend', 'W_Call after offers|ate_abort')","('batch', ('W_Call after offers|suspend', 'W_Call after offers|ate_abort'))",51,"(171, 175)"
4504,4504,batch,"('A_Concept', 'W_Complete application|start')","('batch', ('A_Concept', 'W_Complete application|start'))",56,"(172, 173)"
4505,4505,batch,"('W_Call incomplete files|suspend', 'W_Call incomplete files|resume')","('batch', ('W_Call incomplete files|suspend', 'W_Call incomplete files|resume'))",20,"(172, 173)"
4506,4506,batch,"('W_Complete application|suspend', 'W_Complete application|resume')","('batch', ('W_Complete application|suspend', 'W_Complete application|resume'))",32,"(172, 173)"
4507,4507,batch,"('W_Validate application|suspend', 'W_Validate application|resume')","('batch', ('W_Validate application|suspend', 'W_Validate application|resume'))",36,"(172, 173)"
4508,4508,batch,"('W_Validate application|suspend', 'W_Validate application|resume')","('batch', ('W_Validate application|suspend', 'W_Validate application|resume'))",40,"(172, 174)"
4509,4509,batch,"('W_Call incomplete files|suspend', 'W_Call incomplete files|ate_abort')","('batch', ('W_Call incomplete files|suspend', 'W_Call incomplete files|ate_abort'))",23,"(173, 174)"
4510,4510,batch,"('W_Complete application|suspend', 'W_Complete application|resume')","('batch', ('W_Complete application|suspend', 'W_Complete application|resume'))",36,"(173, 174)"
4511,4511,batch,"('W_Validate application|suspend', 'W_Validate application|resume')","('batch', ('W_Validate application|suspend', 'W_Validate application|resume'))",40,"(173, 174)"
4512,4512,batch,"('W_Call after offers|suspend', 'W_Call after offers|ate_abort')","('batch', ('W_Call after offers|suspend', 'W_Call after offers|ate_abort'))",20,"(173, 175)"
4513,4513,batch,"('W_Validate application|suspend', 'W_Validate application|resume')","('batch', ('W_Validate application|suspend', 'W_Validate application|resume'))",59,"(173, 175)"
4514,4514,batch,"('W_Call after offers|suspend', 'W_Call after offers|resume')","('batch', ('W_Call after offers|suspend', 'W_Call after offers|resume'))",163,"(173, 178)"
4515,4515,batch,"('W_Call incomplete files|suspend', 'W_Call incomplete files|ate_abort')","('batch', ('W_Call incomplete files|suspend', 'W_Call incomplete files|ate_abort'))",23,"(174, 175)"
4516,4516,batch,"('W_Validate application|suspend', 'W_Validate application|resume')","('batch', ('W_Validate application|suspend', 'W_Validate application|resume'))",54,"(174, 175)"
4517,4517,batch,"('W_Call after offers|suspend', 'W_Call after offers|resume')","('batch', ('W_Call after offers|suspend', 'W_Call after offers|resume'))",116,"(174, 178)"
4518,4518,delay,"('W_Validate application|suspend', 'W_Validate application|resume')","('delay', ('W_Validate application|suspend', 'W_Validate application|resume'))","(5, 19)","(174, 179)"
4519,4519,batch,"('W_Validate application|suspend', 'W_Validate application|resume')","('batch', ('W_Validate application|suspend', 'W_Validate application|resume'))",43,"(175, 178)"
4520,4520,batch,"('W_Call after offers|suspend', 'W_Call after offers|ate_abort')","('batch', ('W_Call after offers|suspend', 'W_Call after offers|ate_abort'))",18,"(175, 180)"
4521,4521,batch,"('W_Validate application|suspend', 'W_Validate application|resume')","('batch', ('W_Validate application|suspend', 'W_Validate application|resume'))",48,"(175, 180)"
4522,4522,delay,"('W_Validate application|suspend', 'W_Validate application|resume')","('delay', ('W_Validate application|suspend', 'W_Validate application|resume'))","(5, 48)","(175, 180)"
4523,4523,batch,"('W_Complete application|suspend', 'W_Complete application|resume')","('batch', ('W_Complete application|suspend', 'W_Complete application|resume'))",22,"(176, 178)"
4524,4524,delay,"('A_Concept', 'W_Complete application|start')","('delay', ('A_Concept', 'W_Complete application|start'))","(3, 17)","(176, 179)"
4525,4525,batch,"('W_Call after offers|suspend', 'W_Call after offers|ate_abort')","('batch', ('W_Call after offers|suspend', 'W_Call after offers|ate_abort'))",24,"(178, 179)"
4526,4526,batch,"('W_Call incomplete files|suspend', 'W_Call incomplete files|ate_abort')","('batch', ('W_Call incomplete files|suspend', 'W_Call incomplete files|ate_abort'))",18,"(178, 179)"
4527,4527,batch,"('A_Concept', 'W_Complete application|start')","('batch', ('A_Concept', 'W_Complete application|start'))",39,"(178, 180)"
4528,4528,batch,"('W_Call after offers|suspend', 'W_Call after offers|ate_abort')","('batch', ('W_Call after offers|suspend', 'W_Call after offers|ate_abort'))",70,"(178, 180)"
4529,4529,batch,"('W_Complete application|suspend', 'W_Complete application|resume')","('batch', ('W_Complete application|suspend', 'W_Complete application|resume'))",28,"(178, 180)"
4530,4530,batch,"('W_Call after offers|suspend', 'W_Call after offers|ate_abort')","('batch', ('W_Call after offers|suspend', 'W_Call after offers|ate_abort'))",40,"(178, 181)"
4531,4531,batch,"('W_Validate application|suspend', 'W_Validate application|resume')","('batch', ('W_Validate application|suspend', 'W_Validate application|resume'))",39,"(178, 181)"
4532,4532,batch,"('W_Call after offers|suspend', 'W_Call after offers|ate_abort')","('batch', ('W_Call after offers|suspend', 'W_Call after offers|ate_abort'))",38,"(178, 182)"
4533,4533,batch,"('W_Call after offers|suspend', 'W_Call after offers|ate_abort')","('batch', ('W_Call after offers|suspend', 'W_Call after offers|ate_abort'))",24,"(178, 185)"
4534,4534,batch,"('W_Call after offers|suspend', 'W_Call after offers|ate_abort')","('batch', ('W_Call after offers|suspend', 'W_Call after offers|ate_abort'))",17,"(179, 180)"
4535,4535,batch,"('A_Concept', 'W_Complete application|start')","('batch', ('A_Concept', 'W_Complete application|start'))",55,"(179, 181)"
4536,4536,batch,"('W_Call after offers|suspend', 'W_Call after offers|ate_abort')","('batch', ('W_Call after offers|suspend', 'W_Call after offers|ate_abort'))",17,"(179, 185)"
4537,4537,delay,"('W_Validate application|suspend', 'W_Validate application|resume')","('delay', ('W_Validate application|suspend', 'W_Validate application|resume'))","(6, 12)","(179, 185)"
4538,4538,batch,"('W_Validate application|suspend', 'W_Validate application|ate_abort')","('batch', ('W_Validate application|suspend', 'W_Validate application|ate_abort'))",24,"(180, 182)"
4539,4539,delay,"('A_Concept', 'W_Complete application|start')","('delay', ('A_Concept', 'W_Complete application|start'))","(3, 23)","(180, 183)"
4540,4540,delay,"('W_Validate application|suspend', 'W_Validate application|resume')","('delay', ('W_Validate application|suspend', 'W_Validate application|resume'))","(5, 28)","(180, 185)"
4541,4541,batch,"('W_Validate application|suspend', 'W_Validate application|resume')","('batch', ('W_Validate application|suspend', 'W_Validate application|resume'))",44,"(180, 186)"
4542,4542,delay,"('W_Validate application|suspend', 'W_Validate application|resume')","('delay', ('W_Validate application|suspend', 'W_Validate application|resume'))","(6, 44)","(180, 186)"
4543,4543,delay,"('W_Validate application|suspend', 'W_Validate application|resume')","('delay', ('W_Validate application|suspend', 'W_Validate application|resume'))","(7, 11)","(180, 187)"
4544,4544,batch,"('A_Concept', 'W_Complete application|start')","('batch', ('A_Concept', 'W_Complete application|start'))",50,"(181, 185)"
4545,4545,batch,"('W_Complete application|suspend', 'W_Complete application|resume')","('batch', ('W_Complete application|suspend', 'W_Complete application|resume'))",39,"(181, 185)"
4546,4546,delay,"('A_Concept', 'W_Complete application|start')","('delay', ('A_Concept', 'W_Complete application|start'))","(4, 50)","(181, 185)"
4547,4547,batch,"('W_Call after offers|suspend', 'W_Call after offers|resume')","('batch', ('W_Call after offers|suspend', 'W_Call after offers|resume'))",100,"(181, 186)"
4548,4548,delay,"('W_Validate application|suspend', 'W_Validate application|resume')","('delay', ('W_Validate application|suspend', 'W_Validate application|resume'))","(6, 25)","(181, 187)"
4549,4549,delay,"('W_Validate application|suspend', 'W_Validate application|resume')","('delay', ('W_Validate application|suspend', 'W_Validate application|resume'))","(7, 21)","(181, 188)"
4550,4550,batch,"('W_Complete application|suspend', 'W_Complete application|resume')","('batch', ('W_Complete application|suspend', 'W_Complete application|resume'))",22,"(182, 185)"
4551,4551,delay,"('A_Concept', 'W_Complete application|start')","('delay', ('A_Concept', 'W_Complete application|start'))","(3, 33)","(182, 185)"
4552,4552,delay,"('A_Concept', 'W_Complete application|start')","('delay', ('A_Concept', 'W_Complete application|start'))","(4, 19)","(182, 186)"
4553,4553,batch,"('W_Validate application|suspend', 'W_Validate application|resume')","('batch', ('W_Validate application|suspend', 'W_Validate application|resume'))",46,"(182, 188)"
4554,4554,delay,"('W_Validate application|suspend', 'W_Validate application|resume')","('delay', ('W_Validate application|suspend', 'W_Validate application|resume'))","(6, 46)","(182, 188)"
4555,4555,delay,"('A_Concept', 'W_Complete application|start')","('delay', ('A_Concept', 'W_Complete application|start'))","(3, 18)","(183, 186)"
4556,4556,batch,"('W_Call after offers|suspend', 'W_Call after offers|ate_abort')","('batch', ('W_Call after offers|suspend', 'W_Call after offers|ate_abort'))",28,"(185, 186)"
4557,4557,batch,"('W_Call incomplete files|suspend', 'W_Call incomplete files|resume')","('batch', ('W_Call incomplete files|suspend', 'W_Call incomplete files|resume'))",21,"(185, 186)"
4558,4558,batch,"('W_Call incomplete files|suspend', 'W_Call incomplete files|ate_abort')","('batch', ('W_Call incomplete files|suspend', 'W_Call incomplete files|ate_abort'))",21,"(185, 186)"
4559,4559,batch,"('W_Complete application|suspend', 'W_Complete application|resume')","('batch', ('W_Complete application|suspend', 'W_Complete application|resume'))",23,"(185, 186)"
4560,4560,batch,"('W_Call after offers|suspend', 'W_Call after offers|ate_abort')","('batch', ('W_Call after offers|suspend', 'W_Call after offers|ate_abort'))",43,"(185, 187)"
4561,4561,batch,"('W_Complete application|suspend', 'W_Complete application|resume')","('batch', ('W_Complete application|suspend', 'W_Complete application|resume'))",23,"(185, 187)"
4562,4562,batch,"('W_Call after offers|suspend', 'W_Call after offers|resume')","('batch', ('W_Call after offers|suspend', 'W_Call after offers|resume'))",133,"(185, 188)"
4563,4563,batch,"('W_Call after offers|suspend', 'W_Call after offers|ate_abort')","('batch', ('W_Call after offers|suspend', 'W_Call after offers|ate_abort'))",17,"(185, 188)"
4564,4564,batch,"('W_Call after offers|suspend', 'W_Call after offers|ate_abort')","('batch', ('W_Call after offers|suspend', 'W_Call after offers|ate_abort'))",21,"(185, 189)"
4565,4565,batch,"('W_Validate application|suspend', 'W_Validate application|resume')","('batch', ('W_Validate application|suspend', 'W_Validate application|resume'))",42,"(185, 189)"
4566,4566,batch,"('W_Call after offers|suspend', 'W_Call after offers|ate_abort')","('batch', ('W_Call after offers|suspend', 'W_Call after offers|ate_abort'))",53,"(186, 187)"
4567,4567,batch,"('W_Validate application|suspend', 'W_Validate application|ate_abort')","('batch', ('W_Validate application|suspend', 'W_Validate application|ate_abort'))",26,"(186, 187)"
4568,4568,batch,"('W_Call incomplete files|suspend', 'W_Call incomplete files|resume')","('batch', ('W_Call incomplete files|suspend', 'W_Call incomplete files|resume'))",52,"(186, 187)"
4569,4569,batch,"('W_Validate application|suspend', 'W_Validate application|resume')","('batch', ('W_Validate application|suspend', 'W_Validate application|resume'))",50,"(186, 187)"
4570,4570,batch,"('W_Call after offers|suspend', 'W_Call after offers|ate_abort')","('batch', ('W_Call after offers|suspend', 'W_Call after offers|ate_abort'))",24,"(186, 188)"
4571,4571,batch,"('W_Call after offers|suspend', 'W_Call after offers|ate_abort')","('batch', ('W_Call after offers|suspend', 'W_Call after offers|ate_abort'))",30,"(186, 189)"
4572,4572,delay,"('A_Concept', 'W_Complete application|start')","('delay', ('A_Concept', 'W_Complete application|start'))","(3, 10)","(186, 189)"
4573,4573,batch,"('W_Call after offers|suspend', 'W_Call after offers|ate_abort')","('batch', ('W_Call after offers|suspend', 'W_Call after offers|ate_abort'))",28,"(186, 192)"
4574,4574,batch,"('W_Validate application|suspend', 'W_Validate application|resume')","('batch', ('W_Validate application|suspend', 'W_Validate application|resume'))",37,"(186, 192)"
4575,4575,delay,"('W_Validate application|suspend', 'W_Validate application|resume')","('delay', ('W_Validate application|suspend', 'W_Validate application|resume'))","(6, 37)","(186, 192)"
4576,4576,batch,"('W_Validate application|suspend', 'W_Validate application|ate_abort')","('batch', ('W_Validate application|suspend', 'W_Validate application|ate_abort'))",26,"(187, 188)"
4577,4577,batch,"('W_Call incomplete files|suspend', 'W_Call incomplete files|resume')","('batch', ('W_Call incomplete files|suspend', 'W_Call incomplete files|resume'))",29,"(187, 188)"
4578,4578,batch,"('W_Call incomplete files|suspend', 'W_Call incomplete files|ate_abort')","('batch', ('W_Call incomplete files|suspend', 'W_Call incomplete files|ate_abort'))",33,"(187, 188)"
4579,4579,delay,"('A_Concept', 'W_Complete application|start')","('delay', ('A_Concept', 'W_Complete application|start'))","(3, 17)","(187, 190)"
4580,4580,batch,"('W_Validate application|suspend', 'W_Validate application|resume')","('batch', ('W_Validate application|suspend', 'W_Validate application|resume'))",61,"(187, 193)"
4581,4581,delay,"('W_Validate application|suspend', 'W_Validate application|resume')","('delay', ('W_Validate application|suspend', 'W_Validate application|resume'))","(6, 61)","(187, 193)"
4582,4582,delay,"('W_Validate application|suspend', 'W_Validate application|resume')","('delay', ('W_Validate application|suspend', 'W_Validate application|resume'))","(7, 13)","(187, 194)"
4583,4583,batch,"('W_Call incomplete files|suspend', 'W_Call incomplete files|resume')","('batch', ('W_Call incomplete files|suspend', 'W_Call incomplete files|resume'))",28,"(188, 189)"
4584,4584,batch,"('W_Call incomplete files|suspend', 'W_Call incomplete files|ate_abort')","('batch', ('W_Call incomplete files|suspend', 'W_Call incomplete files|ate_abort'))",40,"(188, 189)"
4585,4585,batch,"('W_Validate application|suspend', 'W_Validate application|resume')","('batch', ('W_Validate application|suspend', 'W_Validate application|resume'))",49,"(188, 189)"
4586,4586,batch,"('A_Concept', 'W_Complete application|start')","('batch', ('A_Concept', 'W_Complete application|start'))",43,"(188, 191)"
4587,4587,delay,"('A_Concept', 'W_Complete application|start')","('delay', ('A_Concept', 'W_Complete application|start'))","(3, 43)","(188, 191)"
4588,4588,batch,"('W_Call after offers|suspend', 'W_Call after offers|resume')","('batch', ('W_Call after offers|suspend', 'W_Call after offers|resume'))",99,"(188, 192)"
4589,4589,delay,"('W_Validate application|suspend', 'W_Validate application|resume')","('delay', ('W_Validate application|suspend', 'W_Validate application|resume'))","(5, 12)","(188, 193)"
4590,4590,delay,"('W_Validate application|suspend', 'W_Validate application|resume')","('delay', ('W_Validate application|suspend', 'W_Validate application|resume'))","(6, 25)","(188, 194)"
4591,4591,batch,"('W_Call incomplete files|suspend', 'W_Call incomplete files|resume')","('batch', ('W_Call incomplete files|suspend', 'W_Call incomplete files|resume'))",10,"(188, 195)"
4592,4592,batch,"('W_Call incomplete files|suspend', 'W_Call incomplete files|resume')","('batch', ('W_Call incomplete files|suspend', 'W_Call incomplete files|resume'))",41,"(189, 190)"
4593,4593,batch,"('A_Concept', 'W_Complete application|start')","('batch', ('A_Concept', 'W_Complete application|start'))",44,"(189, 191)"
4594,4594,batch,"('W_Complete application|suspend', 'W_Complete application|resume')","('batch', ('W_Complete application|suspend', 'W_Complete application|resume'))",25,"(189, 191)"
4595,4595,delay,"('W_Validate application|suspend', 'W_Validate application|resume')","('delay', ('W_Validate application|suspend', 'W_Validate application|resume'))","(5, 25)","(189, 194)"
4596,4596,batch,"('W_Call after offers|suspend', 'W_Call after offers|ate_abort')","('batch', ('W_Call after offers|suspend', 'W_Call after offers|ate_abort'))",25,"(192, 193)"
4597,4597,batch,"('W_Call incomplete files|suspend', 'W_Call incomplete files|ate_abort')","('batch', ('W_Call incomplete files|suspend', 'W_Call incomplete files|ate_abort'))",30,"(192, 193)"
4598,4598,batch,"('W_Complete application|suspend', 'W_Complete application|resume')","('batch', ('W_Complete application|suspend', 'W_Complete application|resume'))",29,"(192, 193)"
4599,4599,batch,"('W_Call after offers|suspend', 'W_Call after offers|ate_abort')","('batch', ('W_Call after offers|suspend', 'W_Call after offers|ate_abort'))",45,"(192, 194)"
4600,4600,batch,"('W_Call after offers|suspend', 'W_Call after offers|ate_abort')","('batch', ('W_Call after offers|suspend', 'W_Call after offers|ate_abort'))",19,"(192, 195)"
4601,4601,batch,"('W_Call after offers|suspend', 'W_Call after offers|resume')","('batch', ('W_Call after offers|suspend', 'W_Call after offers|resume'))",136,"(192, 196)"
4602,4602,batch,"('W_Call after offers|suspend', 'W_Call after offers|ate_abort')","('batch', ('W_Call after offers|suspend', 'W_Call after offers|ate_abort'))",34,"(192, 196)"
4603,4603,batch,"('W_Call after offers|suspend', 'W_Call after offers|ate_abort')","('batch', ('W_Call after offers|suspend', 'W_Call after offers|ate_abort'))",51,"(193, 194)"
4604,4604,batch,"('W_Call incomplete files|suspend', 'W_Call incomplete files|resume')","('batch', ('W_Call incomplete files|suspend', 'W_Call incomplete files|resume'))",15,"(193, 194)"
4605,4605,batch,"('W_Call incomplete files|suspend', 'W_Call incomplete files|ate_abort')","('batch', ('W_Call incomplete files|suspend', 'W_Call incomplete files|ate_abort'))",29,"(193, 194)"
4606,4606,batch,"('W_Complete application|suspend', 'W_Complete application|resume')","('batch', ('W_Complete application|suspend', 'W_Complete application|resume'))",27,"(193, 194)"
4607,4607,batch,"('W_Validate application|suspend', 'W_Validate application|resume')","('batch', ('W_Validate application|suspend', 'W_Validate application|resume'))",73,"(193, 194)"
4608,4608,batch,"('W_Call after offers|suspend', 'W_Call after offers|ate_abort')","('batch', ('W_Call after offers|suspend', 'W_Call after offers|ate_abort'))",26,"(193, 195)"
4609,4609,batch,"('W_Call after offers|suspend', 'W_Call after offers|ate_abort')","('batch', ('W_Call after offers|suspend', 'W_Call after offers|ate_abort'))",29,"(193, 196)"
4610,4610,batch,"('W_Call after offers|suspend', 'W_Call after offers|resume')","('batch', ('W_Call after offers|suspend', 'W_Call after offers|resume'))",144,"(193, 197)"
4611,4611,delay,"('W_Validate application|suspend', 'W_Validate application|resume')","('delay', ('W_Validate application|suspend', 'W_Validate application|resume'))","(6, 11)","(193, 199)"
4612,4612,batch,"('W_Call incomplete files|suspend', 'W_Call incomplete files|resume')","('batch', ('W_Call incomplete files|suspend', 'W_Call incomplete files|resume'))",10,"(193, 200)"
4613,4613,batch,"('W_Validate application|suspend', 'W_Validate application|ate_abort')","('batch', ('W_Validate application|suspend', 'W_Validate application|ate_abort'))",37,"(194, 195)"
4614,4614,batch,"('W_Call incomplete files|suspend', 'W_Call incomplete files|ate_abort')","('batch', ('W_Call incomplete files|suspend', 'W_Call incomplete files|ate_abort'))",34,"(194, 195)"
4615,4615,batch,"('W_Validate application|suspend', 'W_Validate application|resume')","('batch', ('W_Validate application|suspend', 'W_Validate application|resume'))",86,"(194, 195)"
4616,4616,batch,"('W_Call after offers|suspend', 'W_Call after offers|resume')","('batch', ('W_Call after offers|suspend', 'W_Call after offers|resume'))",115,"(194, 199)"
4617,4617,delay,"('W_Validate application|suspend', 'W_Validate application|resume')","('delay', ('W_Validate application|suspend', 'W_Validate application|resume'))","(5, 23)","(194, 199)"
4618,4618,delay,"('W_Validate application|suspend', 'W_Validate application|ate_abort')","('delay', ('W_Validate application|suspend', 'W_Validate application|ate_abort'))","(6, 11)","(194, 200)"
4619,4619,delay,"('W_Validate application|suspend', 'W_Validate application|resume')","('delay', ('W_Validate application|suspend', 'W_Validate application|resume'))","(6, 12)","(194, 200)"
4620,4620,batch,"('A_Concept', 'W_Complete application|start')","('batch', ('A_Concept', 'W_Complete application|start'))",47,"(195, 196)"
4621,4621,batch,"('W_Validate application|suspend', 'W_Validate application|ate_abort')","('batch', ('W_Validate application|suspend', 'W_Validate application|ate_abort'))",29,"(195, 196)"
4622,4622,batch,"('W_Call incomplete files|suspend', 'W_Call incomplete files|resume')","('batch', ('W_Call incomplete files|suspend', 'W_Call incomplete files|resume'))",14,"(195, 196)"
4623,4623,batch,"('W_Call incomplete files|suspend', 'W_Call incomplete files|ate_abort')","('batch', ('W_Call incomplete files|suspend', 'W_Call incomplete files|ate_abort'))",31,"(195, 196)"
4624,4624,batch,"('W_Complete application|suspend', 'W_Complete application|resume')","('batch', ('W_Complete application|suspend', 'W_Complete application|resume'))",27,"(195, 196)"
4625,4625,batch,"('W_Call incomplete files|suspend', 'W_Call incomplete files|resume')","('batch', ('W_Call incomplete files|suspend', 'W_Call incomplete files|resume'))",10,"(195, 202)"
4626,4626,batch,"('A_Concept', 'W_Complete application|start')","('batch', ('A_Concept', 'W_Complete application|start'))",40,"(196, 197)"
4627,4627,batch,"('W_Complete application|suspend', 'W_Complete application|resume')","('batch', ('W_Complete application|suspend', 'W_Complete application|resume'))",22,"(196, 197)"
4628,4628,batch,"('W_Call after offers|suspend', 'W_Call after offers|ate_abort')","('batch', ('W_Call after offers|suspend', 'W_Call after offers|ate_abort'))",27,"(196, 199)"
4629,4629,batch,"('W_Validate application|suspend', 'W_Validate application|ate_abort')","('batch', ('W_Validate application|suspend', 'W_Validate application|ate_abort'))",38,"(196, 199)"
4630,4630,batch,"('W_Call after offers|suspend', 'W_Call after offers|resume')","('batch', ('W_Call after offers|suspend', 'W_Call after offers|resume'))",104,"(196, 200)"
4631,4631,delay,"('W_Validate application|suspend', 'W_Validate application|ate_abort')","('delay', ('W_Validate application|suspend', 'W_Validate application|ate_abort'))","(6, 17)","(196, 202)"
4632,4632,delay,"('W_Validate application|suspend', 'W_Validate application|resume')","('delay', ('W_Validate application|suspend', 'W_Validate application|resume'))","(6, 10)","(196, 202)"
4633,4633,batch,"('W_Call incomplete files|suspend', 'W_Call incomplete files|resume')","('batch', ('W_Call incomplete files|suspend', 'W_Call incomplete files|resume'))",10,"(196, 203)"
4634,4634,batch,"('W_Call after offers|suspend', 'W_Call after offers|ate_abort')","('batch', ('W_Call after offers|suspend', 'W_Call after offers|ate_abort'))",22,"(197, 199)"
4635,4635,batch,"('W_Call incomplete files|suspend', 'W_Call incomplete files|resume')","('batch', ('W_Call incomplete files|suspend', 'W_Call incomplete files|resume'))",10,"(197, 199)"
4636,4636,batch,"('W_Call after offers|suspend', 'W_Call after offers|ate_abort')","('batch', ('W_Call after offers|suspend', 'W_Call after offers|ate_abort'))",18,"(197, 201)"
4637,4637,batch,"('W_Call after offers|suspend', 'W_Call after offers|ate_abort')","('batch', ('W_Call after offers|suspend', 'W_Call after offers|ate_abort'))",31,"(199, 200)"
4638,4638,batch,"('W_Validate application|suspend', 'W_Validate application|ate_abort')","('batch', ('W_Validate application|suspend', 'W_Validate application|ate_abort'))",42,"(199, 200)"
4639,4639,batch,"('W_Call incomplete files|suspend', 'W_Call incomplete files|resume')","('batch', ('W_Call incomplete files|suspend', 'W_Call incomplete files|resume'))",30,"(199, 200)"
4640,4640,batch,"('W_Call incomplete files|suspend', 'W_Call incomplete files|ate_abort')","('batch', ('W_Call incomplete files|suspend', 'W_Call incomplete files|ate_abort'))",18,"(199, 200)"
4641,4641,batch,"('W_Complete application|suspend', 'W_Complete application|resume')","('batch', ('W_Complete application|suspend', 'W_Complete application|resume'))",29,"(199, 200)"
4642,4642,batch,"('W_Call after offers|suspend', 'W_Call after offers|ate_abort')","('batch', ('W_Call after offers|suspend', 'W_Call after offers|ate_abort'))",34,"(199, 201)"
4643,4643,batch,"('W_Call after offers|suspend', 'W_Call after offers|ate_abort')","('batch', ('W_Call after offers|suspend', 'W_Call after offers|ate_abort'))",29,"(199, 202)"
4644,4644,batch,"('W_Call after offers|suspend', 'W_Call after offers|resume')","('batch', ('W_Call after offers|suspend', 'W_Call after offers|resume'))",105,"(199, 203)"
4645,4645,batch,"('W_Call after offers|suspend', 'W_Call after offers|ate_abort')","('batch', ('W_Call after offers|suspend', 'W_Call after offers|ate_abort'))",28,"(199, 203)"
4646,4646,batch,"('W_Call after offers|suspend', 'W_Call after offers|ate_abort')","('batch', ('W_Call after offers|suspend', 'W_Call after offers|ate_abort'))",20,"(200, 201)"
4647,4647,batch,"('W_Validate application|suspend', 'W_Validate application|ate_abort')","('batch', ('W_Validate application|suspend', 'W_Validate application|ate_abort'))",33,"(200, 201)"
4648,4648,batch,"('W_Call incomplete files|suspend', 'W_Call incomplete files|resume')","('batch', ('W_Call incomplete files|suspend', 'W_Call incomplete files|resume'))",29,"(200, 201)"
4649,4649,batch,"('W_Call incomplete files|suspend', 'W_Call incomplete files|ate_abort')","('batch', ('W_Call incomplete files|suspend', 'W_Call incomplete files|ate_abort'))",25,"(200, 201)"
4650,4650,batch,"('W_Complete application|suspend', 'W_Complete application|resume')","('batch', ('W_Complete application|suspend', 'W_Complete application|resume'))",27,"(200, 201)"
4651,4651,delay,"('W_Validate application|suspend', 'W_Validate application|resume')","('delay', ('W_Validate application|suspend', 'W_Validate application|resume'))","(5, 10)","(200, 205)"
4652,4652,batch,"('W_Validate application|suspend', 'W_Validate application|ate_abort')","('batch', ('W_Validate application|suspend', 'W_Validate application|ate_abort'))",39,"(201, 202)"
4653,4653,batch,"('W_Call incomplete files|suspend', 'W_Call incomplete files|ate_abort')","('batch', ('W_Call incomplete files|suspend', 'W_Call incomplete files|ate_abort'))",43,"(201, 202)"
4654,4654,batch,"('W_Call after offers|suspend', 'W_Call after offers|ate_abort')","('batch', ('W_Call after offers|suspend', 'W_Call after offers|ate_abort'))",18,"(201, 203)"
4655,4655,delay,"('W_Validate application|suspend', 'W_Validate application|resume')","('delay', ('W_Validate application|suspend', 'W_Validate application|resume'))","(5, 11)","(201, 206)"
4656,4656,batch,"('W_Call incomplete files|suspend', 'W_Call incomplete files|resume')","('batch', ('W_Call incomplete files|suspend', 'W_Call incomplete files|resume'))",41,"(202, 203)"
4657,4657,batch,"('W_Call incomplete files|suspend', 'W_Call incomplete files|ate_abort')","('batch', ('W_Call incomplete files|suspend', 'W_Call incomplete files|ate_abort'))",33,"(202, 203)"
4658,4658,batch,"('W_Call incomplete files|suspend', 'W_Call incomplete files|resume')","('batch', ('W_Call incomplete files|suspend', 'W_Call incomplete files|resume'))",17,"(203, 204)"
4659,4659,batch,"('W_Call incomplete files|suspend', 'W_Call incomplete files|ate_abort')","('batch', ('W_Call incomplete files|suspend', 'W_Call incomplete files|ate_abort'))",33,"(203, 206)"
4660,4660,delay,"('A_Concept', 'W_Complete application|start')","('delay', ('A_Concept', 'W_Complete application|start'))","(4, 21)","(203, 207)"
4661,4661,delay,"('A_Concept', 'W_Complete application|start')","('delay', ('A_Concept', 'W_Complete application|start'))","(3, 11)","(205, 208)"
4662,4662,batch,"('W_Call incomplete files|suspend', 'W_Call incomplete files|ate_abort')","('batch', ('W_Call incomplete files|suspend', 'W_Call incomplete files|ate_abort'))",32,"(206, 207)"
4663,4663,batch,"('W_Call after offers|suspend', 'W_Call after offers|ate_abort')","('batch', ('W_Call after offers|suspend', 'W_Call after offers|ate_abort'))",34,"(206, 208)"
4664,4664,delay,"('A_Concept', 'W_Complete application|start')","('delay', ('A_Concept', 'W_Complete application|start'))","(3, 11)","(206, 209)"
4665,4665,batch,"('W_Call after offers|suspend', 'W_Call after offers|ate_abort')","('batch', ('W_Call after offers|suspend', 'W_Call after offers|ate_abort'))",17,"(207, 208)"
4666,4666,batch,"('W_Call incomplete files|suspend', 'W_Call incomplete files|ate_abort')","('batch', ('W_Call incomplete files|suspend', 'W_Call incomplete files|ate_abort'))",25,"(207, 208)"
4667,4667,batch,"('W_Call after offers|suspend', 'W_Call after offers|ate_abort')","('batch', ('W_Call after offers|suspend', 'W_Call after offers|ate_abort'))",23,"(207, 210)"
4668,4668,batch,"('W_Call after offers|suspend', 'W_Call after offers|resume')","('batch', ('W_Call after offers|suspend', 'W_Call after offers|resume'))",98,"(207, 211)"
4669,4669,batch,"('W_Call incomplete files|suspend', 'W_Call incomplete files|resume')","('batch', ('W_Call incomplete files|suspend', 'W_Call incomplete files|resume'))",11,"(207, 214)"
4670,4670,batch,"('W_Call incomplete files|suspend', 'W_Call incomplete files|resume')","('batch', ('W_Call incomplete files|suspend', 'W_Call incomplete files|resume'))",13,"(208, 209)"
4671,4671,batch,"('W_Call incomplete files|suspend', 'W_Call incomplete files|ate_abort')","('batch', ('W_Call incomplete files|suspend', 'W_Call incomplete files|ate_abort'))",33,"(208, 209)"
4672,4672,delay,"('W_Validate application|suspend', 'W_Validate application|resume')","('delay', ('W_Validate application|suspend', 'W_Validate application|resume'))","(5, 23)","(208, 213)"
4673,4673,batch,"('W_Call incomplete files|suspend', 'W_Call incomplete files|resume')","('batch', ('W_Call incomplete files|suspend', 'W_Call incomplete files|resume'))",10,"(208, 215)"
4674,4674,batch,"('W_Call incomplete files|suspend', 'W_Call incomplete files|ate_abort')","('batch', ('W_Call incomplete files|suspend', 'W_Call incomplete files|ate_abort'))",29,"(209, 210)"
4675,4675,batch,"('W_Call after offers|suspend', 'W_Call after offers|resume')","('batch', ('W_Call after offers|suspend', 'W_Call after offers|resume'))",121,"(209, 214)"
4676,4676,batch,"('W_Call incomplete files|suspend', 'W_Call incomplete files|resume')","('batch', ('W_Call incomplete files|suspend', 'W_Call incomplete files|resume'))",35,"(210, 211)"
4677,4677,batch,"('W_Call after offers|suspend', 'W_Call after offers|ate_abort')","('batch', ('W_Call after offers|suspend', 'W_Call after offers|ate_abort'))",20,"(210, 213)"
4678,4678,delay,"('A_Concept', 'W_Complete application|start')","('delay', ('A_Concept', 'W_Complete application|start'))","(3, 14)","(210, 213)"
4679,4679,delay,"('W_Validate application|suspend', 'W_Validate application|ate_abort')","('delay', ('W_Validate application|suspend', 'W_Validate application|ate_abort'))","(6, 13)","(210, 216)"
4680,4680,batch,"('W_Call after offers|suspend', 'W_Call after offers|ate_abort')","('batch', ('W_Call after offers|suspend', 'W_Call after offers|ate_abort'))",19,"(211, 213)"
4681,4681,batch,"('W_Call after offers|suspend', 'W_Call after offers|ate_abort')","('batch', ('W_Call after offers|suspend', 'W_Call after offers|ate_abort'))",17,"(211, 214)"
4682,4682,batch,"('A_Accepted', 'O_Create Offer')","('batch', ('A_Accepted', 'O_Create Offer'))",2,"(212, 213)"
4683,4683,batch,"('A_Concept', 'W_Complete application|start')","('batch', ('A_Concept', 'W_Complete application|start'))",43,"(213, 214)"
4684,4684,batch,"('W_Call incomplete files|suspend', 'W_Call incomplete files|resume')","('batch', ('W_Call incomplete files|suspend', 'W_Call incomplete files|resume'))",35,"(213, 214)"
4685,4685,batch,"('W_Call incomplete files|suspend', 'W_Call incomplete files|ate_abort')","('batch', ('W_Call incomplete files|suspend', 'W_Call incomplete files|ate_abort'))",20,"(213, 214)"
4686,4686,batch,"('W_Complete application|suspend', 'W_Complete application|resume')","('batch', ('W_Complete application|suspend', 'W_Complete application|resume'))",27,"(213, 214)"
4687,4687,batch,"('W_Call after offers|suspend', 'W_Call after offers|ate_abort')","('batch', ('W_Call after offers|suspend', 'W_Call after offers|ate_abort'))",21,"(213, 216)"
4688,4688,batch,"('W_Call after offers|suspend', 'W_Call after offers|ate_abort')","('batch', ('W_Call after offers|suspend', 'W_Call after offers|ate_abort'))",22,"(213, 217)"
4689,4689,batch,"('W_Call after offers|suspend', 'W_Call after offers|ate_abort')","('batch', ('W_Call after offers|suspend', 'W_Call after offers|ate_abort'))",17,"(213, 220)"
4690,4690,delay,"('W_Validate application|suspend', 'W_Validate application|ate_abort')","('delay', ('W_Validate application|suspend', 'W_Validate application|ate_abort'))","(7, 12)","(213, 220)"
4691,4691,batch,"('W_Call after offers|suspend', 'W_Call after offers|ate_abort')","('batch', ('W_Call after offers|suspend', 'W_Call after offers|ate_abort'))",58,"(214, 215)"
4692,4692,batch,"('W_Call incomplete files|suspend', 'W_Call incomplete files|resume')","('batch', ('W_Call incomplete files|suspend', 'W_Call incomplete files|resume'))",25,"(214, 215)"
4693,4693,batch,"('W_Call incomplete files|suspend', 'W_Call incomplete files|ate_abort')","('batch', ('W_Call incomplete files|suspend', 'W_Call incomplete files|ate_abort'))",51,"(214, 215)"
4694,4694,batch,"('W_Call after offers|suspend', 'W_Call after offers|ate_abort')","('batch', ('W_Call after offers|suspend', 'W_Call after offers|ate_abort'))",33,"(214, 216)"
4695,4695,batch,"('W_Call after offers|suspend', 'W_Call after offers|ate_abort')","('batch', ('W_Call after offers|suspend', 'W_Call after offers|ate_abort'))",29,"(214, 217)"
4696,4696,batch,"('W_Call after offers|suspend', 'W_Call after offers|ate_abort')","('batch', ('W_Call after offers|suspend', 'W_Call after offers|ate_abort'))",39,"(214, 220)"
4697,4697,batch,"('W_Call incomplete files|suspend', 'W_Call incomplete files|resume')","('batch', ('W_Call incomplete files|suspend', 'W_Call incomplete files|resume'))",14,"(214, 221)"
4698,4698,delay,"('W_Validate application|suspend', 'W_Validate application|ate_abort')","('delay', ('W_Validate application|suspend', 'W_Validate application|ate_abort'))","(7, 13)","(214, 221)"
4699,4699,batch,"('A_Concept', 'W_Complete application|start')","('batch', ('A_Concept', 'W_Complete application|start'))",62,"(215, 216)"
4700,4700,batch,"('W_Validate application|suspend', 'W_Validate application|ate_abort')","('batch', ('W_Validate application|suspend', 'W_Validate application|ate_abort'))",27,"(215, 216)"
4701,4701,batch,"('W_Call incomplete files|suspend', 'W_Call incomplete files|resume')","('batch', ('W_Call incomplete files|suspend', 'W_Call incomplete files|resume'))",11,"(215, 216)"
4702,4702,batch,"('W_Call incomplete files|suspend', 'W_Call incomplete files|ate_abort')","('batch', ('W_Call incomplete files|suspend', 'W_Call incomplete files|ate_abort'))",31,"(215, 216)"
4703,4703,batch,"('W_Call incomplete files|suspend', 'W_Call incomplete files|resume')","('batch', ('W_Call incomplete files|suspend', 'W_Call incomplete files|resume'))",10,"(215, 217)"
4704,4704,batch,"('W_Validate application|suspend', 'W_Validate application|ate_abort')","('batch', ('W_Validate application|suspend', 'W_Validate application|ate_abort'))",23,"(215, 222)"
4705,4705,delay,"('W_Validate application|suspend', 'W_Validate application|ate_abort')","('delay', ('W_Validate application|suspend', 'W_Validate application|ate_abort'))","(7, 23)","(215, 222)"
4706,4706,batch,"('A_Accepted', 'O_Create Offer')","('batch', ('A_Accepted', 'O_Create Offer'))",2,"(216, 217)"
4707,4707,batch,"('W_Call after offers|suspend', 'W_Call after offers|ate_abort')","('batch', ('W_Call after offers|suspend', 'W_Call after offers|ate_abort'))",24,"(216, 217)"
4708,4708,batch,"('W_Call incomplete files|suspend', 'W_Call incomplete files|resume')","('batch', ('W_Call incomplete files|suspend', 'W_Call incomplete files|resume'))",53,"(216, 217)"
4709,4709,batch,"('W_Call incomplete files|suspend', 'W_Call incomplete files|ate_abort')","('batch', ('W_Call incomplete files|suspend', 'W_Call incomplete files|ate_abort'))",26,"(216, 217)"
4710,4710,delay,"('A_Concept', 'W_Complete application|start')","('delay', ('A_Concept', 'W_Complete application|start'))","(4, 28)","(216, 220)"
4711,4711,batch,"('W_Call after offers|suspend', 'W_Call after offers|resume')","('batch', ('W_Call after offers|suspend', 'W_Call after offers|resume'))",127,"(216, 221)"
4712,4712,batch,"('W_Validate application|suspend', 'W_Validate application|ate_abort')","('batch', ('W_Validate application|suspend', 'W_Validate application|ate_abort'))",23,"(216, 223)"
4713,4713,delay,"('W_Validate application|suspend', 'W_Validate application|ate_abort')","('delay', ('W_Validate application|suspend', 'W_Validate application|ate_abort'))","(7, 23)","(216, 223)"
4714,4714,batch,"('W_Call incomplete files|suspend', 'W_Call incomplete files|resume')","('batch', ('W_Call incomplete files|suspend', 'W_Call incomplete files|resume'))",28,"(217, 218)"
4715,4715,batch,"('W_Call incomplete files|suspend', 'W_Call incomplete files|resume')","('batch', ('W_Call incomplete files|suspend', 'W_Call incomplete files|resume'))",13,"(217, 220)"
4716,4716,batch,"('W_Call incomplete files|suspend', 'W_Call incomplete files|ate_abort')","('batch', ('W_Call incomplete files|suspend', 'W_Call incomplete files|ate_abort'))",25,"(217, 220)"
4717,4717,delay,"('A_Concept', 'W_Complete application|start')","('delay', ('A_Concept', 'W_Complete application|start'))","(3, 10)","(217, 220)"
4718,4718,batch,"('W_Complete application|suspend', 'W_Complete application|resume')","('batch', ('W_Complete application|suspend', 'W_Complete application|resume'))",23,"(217, 221)"
4719,4719,delay,"('A_Concept', 'W_Complete application|start')","('delay', ('A_Concept', 'W_Complete application|start'))","(4, 31)","(217, 221)"
4720,4720,delay,"('W_Validate application|suspend', 'W_Validate application|ate_abort')","('delay', ('W_Validate application|suspend', 'W_Validate application|ate_abort'))","(6, 10)","(217, 223)"
4721,4721,delay,"('W_Validate application|suspend', 'W_Validate application|ate_abort')","('delay', ('W_Validate application|suspend', 'W_Validate application|ate_abort'))","(10, 12)","(217, 227)"
4722,4722,batch,"('W_Call incomplete files|suspend', 'W_Call incomplete files|resume')","('batch', ('W_Call incomplete files|suspend', 'W_Call incomplete files|resume'))",16,"(218, 220)"
4723,4723,delay,"('A_Concept', 'W_Complete application|start')","('delay', ('A_Concept', 'W_Complete application|start'))","(3, 28)","(218, 221)"
4724,4724,batch,"('W_Validate application|suspend', 'W_Validate application|ate_abort')","('batch', ('W_Validate application|suspend', 'W_Validate application|ate_abort'))",22,"(220, 221)"
4725,4725,batch,"('W_Call incomplete files|suspend', 'W_Call incomplete files|resume')","('batch', ('W_Call incomplete files|suspend', 'W_Call incomplete files|resume'))",38,"(220, 221)"
4726,4726,batch,"('W_Call after offers|suspend', 'W_Call after offers|ate_abort')","('batch', ('W_Call after offers|suspend', 'W_Call after offers|ate_abort'))",27,"(220, 222)"
4727,4727,batch,"('W_Complete application|suspend', 'W_Complete application|resume')","('batch', ('W_Complete application|suspend', 'W_Complete application|resume'))",29,"(220, 222)"
4728,4728,batch,"('W_Call after offers|suspend', 'W_Call after offers|ate_abort')","('batch', ('W_Call after offers|suspend', 'W_Call after offers|ate_abort'))",18,"(220, 223)"
4729,4729,batch,"('W_Call after offers|suspend', 'W_Call after offers|ate_abort')","('batch', ('W_Call after offers|suspend', 'W_Call after offers|ate_abort'))",18,"(220, 224)"
4730,4730,delay,"('W_Validate application|suspend', 'W_Validate application|ate_abort')","('delay', ('W_Validate application|suspend', 'W_Validate application|ate_abort'))","(8, 17)","(220, 228)"
4731,4731,batch,"('W_Call after offers|suspend', 'W_Call after offers|ate_abort')","('batch', ('W_Call after offers|suspend', 'W_Call after offers|ate_abort'))",61,"(221, 222)"
4732,4732,batch,"('W_Call incomplete files|suspend', 'W_Call incomplete files|ate_abort')","('batch', ('W_Call incomplete files|suspend', 'W_Call incomplete files|ate_abort'))",41,"(221, 222)"
4733,4733,batch,"('W_Call after offers|suspend', 'W_Call after offers|ate_abort')","('batch', ('W_Call after offers|suspend', 'W_Call after offers|ate_abort'))",31,"(221, 223)"
4734,4734,batch,"('W_Call after offers|suspend', 'W_Call after offers|ate_abort')","('batch', ('W_Call after offers|suspend', 'W_Call after offers|ate_abort'))",26,"(221, 224)"
4735,4735,batch,"('W_Call after offers|suspend', 'W_Call after offers|resume')","('batch', ('W_Call after offers|suspend', 'W_Call after offers|resume'))",151,"(221, 225)"
4736,4736,delay,"('W_Validate application|suspend', 'W_Validate application|ate_abort')","('delay', ('W_Validate application|suspend', 'W_Validate application|ate_abort'))","(7, 11)","(221, 228)"
4737,4737,delay,"('W_Validate application|suspend', 'W_Validate application|ate_abort')","('delay', ('W_Validate application|suspend', 'W_Validate application|ate_abort'))","(8, 11)","(221, 229)"
4738,4738,batch,"('A_Concept', 'W_Complete application|start')","('batch', ('A_Concept', 'W_Complete application|start'))",56,"(222, 223)"
4739,4739,batch,"('W_Call incomplete files|suspend', 'W_Call incomplete files|resume')","('batch', ('W_Call incomplete files|suspend', 'W_Call incomplete files|resume'))",36,"(222, 223)"
4740,4740,batch,"('W_Call incomplete files|suspend', 'W_Call incomplete files|ate_abort')","('batch', ('W_Call incomplete files|suspend', 'W_Call incomplete files|ate_abort'))",19,"(222, 223)"
4741,4741,batch,"('W_Complete application|suspend', 'W_Complete application|resume')","('batch', ('W_Complete application|suspend', 'W_Complete application|resume'))",31,"(222, 223)"
4742,4742,batch,"('W_Call incomplete files|suspend', 'W_Call incomplete files|resume')","('batch', ('W_Call incomplete files|suspend', 'W_Call incomplete files|resume'))",11,"(222, 224)"
4743,4743,batch,"('W_Call after offers|suspend', 'W_Call after offers|resume')","('batch', ('W_Call after offers|suspend', 'W_Call after offers|resume'))",113,"(222, 227)"
4744,4744,batch,"('W_Validate application|suspend', 'W_Validate application|ate_abort')","('batch', ('W_Validate application|suspend', 'W_Validate application|ate_abort'))",22,"(222, 231)"
4745,4745,delay,"('W_Validate application|suspend', 'W_Validate application|ate_abort')","('delay', ('W_Validate application|suspend', 'W_Validate application|ate_abort'))","(9, 22)","(222, 231)"
4746,4746,batch,"('W_Call incomplete files|suspend', 'W_Call incomplete files|ate_abort')","('batch', ('W_Call incomplete files|suspend', 'W_Call incomplete files|ate_abort'))",34,"(223, 224)"
4747,4747,batch,"('W_Complete application|suspend', 'W_Complete application|resume')","('batch', ('W_Complete application|suspend', 'W_Complete application|resume'))",22,"(223, 224)"
4748,4748,batch,"('W_Call after offers|suspend', 'W_Call after offers|resume')","('batch', ('W_Call after offers|suspend', 'W_Call after offers|resume'))",137,"(223, 228)"
4749,4749,batch,"('W_Call incomplete files|suspend', 'W_Call incomplete files|resume')","('batch', ('W_Call incomplete files|suspend', 'W_Call incomplete files|resume'))",11,"(224, 227)"
4750,4750,delay,"('A_Concept', 'W_Complete application|start')","('delay', ('A_Concept', 'W_Complete application|start'))","(3, 32)","(224, 227)"
4751,4751,batch,"('W_Call after offers|suspend', 'W_Call after offers|resume')","('batch', ('W_Call after offers|suspend', 'W_Call after offers|resume'))",96,"(224, 228)"
4752,4752,delay,"('W_Validate application|suspend', 'W_Validate application|resume')","('delay', ('W_Validate application|suspend', 'W_Validate application|resume'))","(10, 12)","(224, 234)"
4753,4753,delay,"('W_Validate application|suspend', 'W_Validate application|ate_abort')","('delay', ('W_Validate application|suspend', 'W_Validate application|ate_abort'))","(11, 13)","(224, 235)"
4754,4754,batch,"('W_Call after offers|suspend', 'W_Call after offers|ate_abort')","('batch', ('W_Call after offers|suspend', 'W_Call after offers|ate_abort'))",21,"(225, 227)"
4755,4755,batch,"('W_Call after offers|suspend', 'W_Call after offers|ate_abort')","('batch', ('W_Call after offers|suspend', 'W_Call after offers|ate_abort'))",20,"(225, 228)"
4756,4756,delay,"('A_Concept', 'W_Complete application|start')","('delay', ('A_Concept', 'W_Complete application|start'))","(3, 23)","(225, 228)"
4757,4757,batch,"('W_Call after offers|suspend', 'W_Call after offers|ate_abort')","('batch', ('W_Call after offers|suspend', 'W_Call after offers|ate_abort'))",21,"(225, 229)"
4758,4758,batch,"('A_Concept', 'W_Complete application|start')","('batch', ('A_Concept', 'W_Complete application|start'))",39,"(226, 228)"
4759,4759,batch,"('W_Call after offers|suspend', 'W_Call after offers|ate_abort')","('batch', ('W_Call after offers|suspend', 'W_Call after offers|ate_abort'))",17,"(227, 228)"
4760,4760,batch,"('W_Call incomplete files|suspend', 'W_Call incomplete files|resume')","('batch', ('W_Call incomplete files|suspend', 'W_Call incomplete files|resume'))",16,"(227, 228)"
4761,4761,batch,"('W_Call incomplete files|suspend', 'W_Call incomplete files|ate_abort')","('batch', ('W_Call incomplete files|suspend', 'W_Call incomplete files|ate_abort'))",27,"(227, 228)"
4762,4762,batch,"('W_Complete application|suspend', 'W_Complete application|resume')","('batch', ('W_Complete application|suspend', 'W_Complete application|resume'))",22,"(227, 228)"
4763,4763,batch,"('W_Call after offers|suspend', 'W_Call after offers|ate_abort')","('batch', ('W_Call after offers|suspend', 'W_Call after offers|ate_abort'))",23,"(227, 229)"
4764,4764,batch,"('W_Call incomplete files|suspend', 'W_Call incomplete files|resume')","('batch', ('W_Call incomplete files|suspend', 'W_Call incomplete files|resume'))",11,"(227, 229)"
4765,4765,batch,"('W_Call after offers|suspend', 'W_Call after offers|ate_abort')","('batch', ('W_Call after offers|suspend', 'W_Call after offers|ate_abort'))",23,"(227, 231)"
4766,4766,batch,"('W_Call after offers|suspend', 'W_Call after offers|ate_abort')","('batch', ('W_Call after offers|suspend', 'W_Call after offers|ate_abort'))",64,"(228, 229)"
4767,4767,batch,"('W_Validate application|suspend', 'W_Validate application|ate_abort')","('batch', ('W_Validate application|suspend', 'W_Validate application|ate_abort'))",31,"(228, 229)"
4768,4768,batch,"('W_Call incomplete files|suspend', 'W_Call incomplete files|resume')","('batch', ('W_Call incomplete files|suspend', 'W_Call incomplete files|resume'))",10,"(228, 229)"
4769,4769,batch,"('W_Call incomplete files|suspend', 'W_Call incomplete files|ate_abort')","('batch', ('W_Call incomplete files|suspend', 'W_Call incomplete files|ate_abort'))",34,"(228, 229)"
4770,4770,batch,"('A_Concept', 'W_Complete application|start')","('batch', ('A_Concept', 'W_Complete application|start'))",43,"(228, 230)"
4771,4771,batch,"('W_Call after offers|suspend', 'W_Call after offers|ate_abort')","('batch', ('W_Call after offers|suspend', 'W_Call after offers|ate_abort'))",22,"(228, 230)"
4772,4772,batch,"('W_Call after offers|suspend', 'W_Call after offers|ate_abort')","('batch', ('W_Call after offers|suspend', 'W_Call after offers|ate_abort'))",21,"(228, 231)"
4773,4773,batch,"('W_Call after offers|suspend', 'W_Call after offers|resume')","('batch', ('W_Call after offers|suspend', 'W_Call after offers|resume'))",114,"(228, 232)"
4774,4774,batch,"('A_Concept', 'W_Complete application|start')","('batch', ('A_Concept', 'W_Complete application|start'))",57,"(229, 230)"
4775,4775,batch,"('W_Validate application|suspend', 'W_Validate application|ate_abort')","('batch', ('W_Validate application|suspend', 'W_Validate application|ate_abort'))",36,"(229, 230)"
4776,4776,batch,"('W_Call incomplete files|suspend', 'W_Call incomplete files|resume')","('batch', ('W_Call incomplete files|suspend', 'W_Call incomplete files|resume'))",16,"(229, 230)"
4777,4777,batch,"('W_Call incomplete files|suspend', 'W_Call incomplete files|ate_abort')","('batch', ('W_Call incomplete files|suspend', 'W_Call incomplete files|ate_abort'))",46,"(229, 230)"
4778,4778,batch,"('W_Call incomplete files|suspend', 'W_Call incomplete files|resume')","('batch', ('W_Call incomplete files|suspend', 'W_Call incomplete files|resume'))",14,"(229, 231)"
4779,4779,delay,"('W_Validate application|suspend', 'W_Validate application|ate_abort')","('delay', ('W_Validate application|suspend', 'W_Validate application|ate_abort'))","(8, 10)","(229, 237)"
4780,4780,delay,"('W_Validate application|suspend', 'W_Validate application|ate_abort')","('delay', ('W_Validate application|suspend', 'W_Validate application|ate_abort'))","(9, 11)","(229, 238)"
4781,4781,batch,"('W_Validate application|suspend', 'W_Validate application|ate_abort')","('batch', ('W_Validate application|suspend', 'W_Validate application|ate_abort'))",38,"(230, 231)"
4782,4782,batch,"('W_Call incomplete files|suspend', 'W_Call incomplete files|resume')","('batch', ('W_Call incomplete files|suspend', 'W_Call incomplete files|resume'))",26,"(230, 231)"
4783,4783,batch,"('W_Call after offers|suspend', 'W_Call after offers|resume')","('batch', ('W_Call after offers|suspend', 'W_Call after offers|resume'))",144,"(230, 234)"
4784,4784,delay,"('A_Concept', 'W_Complete application|start')","('delay', ('A_Concept', 'W_Complete application|start'))","(4, 24)","(230, 234)"
4785,4785,batch,"('W_Call incomplete files|suspend', 'W_Call incomplete files|ate_abort')","('batch', ('W_Call incomplete files|suspend', 'W_Call incomplete files|ate_abort'))",21,"(231, 232)"
4786,4786,batch,"('W_Call incomplete files|suspend', 'W_Call incomplete files|resume')","('batch', ('W_Call incomplete files|suspend', 'W_Call incomplete files|resume'))",38,"(231, 234)"
4787,4787,delay,"('A_Concept', 'W_Complete application|start')","('delay', ('A_Concept', 'W_Complete application|start'))","(3, 35)","(231, 234)"
4788,4788,delay,"('W_Validate application|suspend', 'W_Validate application|resume')","('delay', ('W_Validate application|suspend', 'W_Validate application|resume'))","(10, 18)","(231, 241)"
4789,4789,batch,"('W_Call after offers|suspend', 'W_Call after offers|ate_abort')","('batch', ('W_Call after offers|suspend', 'W_Call after offers|ate_abort'))",30,"(232, 234)"
4790,4790,batch,"('W_Call incomplete files|suspend', 'W_Call incomplete files|resume')","('batch', ('W_Call incomplete files|suspend', 'W_Call incomplete files|resume'))",11,"(232, 234)"
4791,4791,delay,"('A_Concept', 'W_Complete application|start')","('delay', ('A_Concept', 'W_Complete application|start'))","(3, 18)","(232, 235)"
4792,4792,batch,"('W_Call after offers|suspend', 'W_Call after offers|ate_abort')","('batch', ('W_Call after offers|suspend', 'W_Call after offers|ate_abort'))",18,"(232, 236)"
4793,4793,batch,"('W_Call after offers|suspend', 'W_Call after offers|ate_abort')","('batch', ('W_Call after offers|suspend', 'W_Call after offers|ate_abort'))",18,"(232, 237)"
4794,4794,batch,"('W_Call incomplete files|suspend', 'W_Call incomplete files|ate_abort')","('batch', ('W_Call incomplete files|suspend', 'W_Call incomplete files|ate_abort'))",42,"(234, 235)"
4795,4795,batch,"('W_Complete application|suspend', 'W_Complete application|resume')","('batch', ('W_Complete application|suspend', 'W_Complete application|resume'))",22,"(234, 235)"
4796,4796,batch,"('W_Call after offers|suspend', 'W_Call after offers|ate_abort')","('batch', ('W_Call after offers|suspend', 'W_Call after offers|ate_abort'))",48,"(234, 236)"
4797,4797,batch,"('W_Call incomplete files|suspend', 'W_Call incomplete files|resume')","('batch', ('W_Call incomplete files|suspend', 'W_Call incomplete files|resume'))",11,"(234, 236)"
4798,4798,batch,"('W_Call incomplete files|suspend', 'W_Call incomplete files|ate_abort')","('batch', ('W_Call incomplete files|suspend', 'W_Call incomplete files|ate_abort'))",20,"(234, 236)"
4799,4799,batch,"('W_Call after offers|suspend', 'W_Call after offers|ate_abort')","('batch', ('W_Call after offers|suspend', 'W_Call after offers|ate_abort'))",32,"(234, 237)"
4800,4800,batch,"('W_Call after offers|suspend', 'W_Call after offers|resume')","('batch', ('W_Call after offers|suspend', 'W_Call after offers|resume'))",108,"(234, 238)"
4801,4801,batch,"('W_Call after offers|suspend', 'W_Call after offers|ate_abort')","('batch', ('W_Call after offers|suspend', 'W_Call after offers|ate_abort'))",35,"(234, 238)"
4802,4802,batch,"('W_Call incomplete files|suspend', 'W_Call incomplete files|resume')","('batch', ('W_Call incomplete files|suspend', 'W_Call incomplete files|resume'))",22,"(235, 236)"
4803,4803,batch,"('W_Call incomplete files|suspend', 'W_Call incomplete files|ate_abort')","('batch', ('W_Call incomplete files|suspend', 'W_Call incomplete files|ate_abort'))",21,"(235, 236)"
4804,4804,delay,"('W_Validate application|suspend', 'W_Validate application|resume')","('delay', ('W_Validate application|suspend', 'W_Validate application|resume'))","(6, 10)","(235, 241)"
4805,4805,batch,"('A_Concept', 'W_Complete application|start')","('batch', ('A_Concept', 'W_Complete application|start'))",42,"(236, 237)"
4806,4806,batch,"('W_Call incomplete files|suspend', 'W_Call incomplete files|ate_abort')","('batch', ('W_Call incomplete files|suspend', 'W_Call incomplete files|ate_abort'))",37,"(236, 237)"
4807,4807,batch,"('W_Complete application|suspend', 'W_Complete application|resume')","('batch', ('W_Complete application|suspend', 'W_Complete application|resume'))",21,"(236, 237)"
4808,4808,batch,"('W_Call after offers|suspend', 'W_Call after offers|resume')","('batch', ('W_Call after offers|suspend', 'W_Call after offers|resume'))",113,"(236, 241)"
4809,4809,batch,"('W_Call after offers|suspend', 'W_Call after offers|resume')","('batch', ('W_Call after offers|suspend', 'W_Call after offers|resume'))",98,"(237, 241)"
4810,4810,batch,"('W_Call incomplete files|suspend', 'W_Call incomplete files|resume')","('batch', ('W_Call incomplete files|suspend', 'W_Call incomplete files|resume'))",36,"(238, 241)"
4811,4811,delay,"('A_Concept', 'W_Complete application|start')","('delay', ('A_Concept', 'W_Complete application|start'))","(3, 16)","(238, 241)"
4812,4812,batch,"('W_Call after offers|suspend', 'W_Call after offers|ate_abort')","('batch', ('W_Call after offers|suspend', 'W_Call after offers|ate_abort'))",26,"(238, 242)"
4813,4813,delay,"('W_Validate application|suspend', 'W_Validate application|ate_abort')","('delay', ('W_Validate application|suspend', 'W_Validate application|ate_abort'))","(6, 19)","(238, 244)"
4814,4814,batch,"('W_Call after offers|suspend', 'W_Call after offers|ate_abort')","('batch', ('W_Call after offers|suspend', 'W_Call after offers|ate_abort'))",38,"(241, 242)"
4815,4815,batch,"('W_Call incomplete files|suspend', 'W_Call incomplete files|resume')","('batch', ('W_Call incomplete files|suspend', 'W_Call incomplete files|resume'))",25,"(241, 242)"
4816,4816,batch,"('W_Call incomplete files|suspend', 'W_Call incomplete files|ate_abort')","('batch', ('W_Call incomplete files|suspend', 'W_Call incomplete files|ate_abort'))",22,"(241, 242)"
4817,4817,batch,"('W_Complete application|suspend', 'W_Complete application|resume')","('batch', ('W_Complete application|suspend', 'W_Complete application|resume'))",46,"(241, 242)"
4818,4818,batch,"('W_Call after offers|suspend', 'W_Call after offers|ate_abort')","('batch', ('W_Call after offers|suspend', 'W_Call after offers|ate_abort'))",39,"(241, 243)"
4819,4819,batch,"('W_Call after offers|suspend', 'W_Call after offers|ate_abort')","('batch', ('W_Call after offers|suspend', 'W_Call after offers|ate_abort'))",63,"(241, 244)"
4820,4820,batch,"('W_Call after offers|suspend', 'W_Call after offers|resume')","('batch', ('W_Call after offers|suspend', 'W_Call after offers|resume'))",119,"(241, 245)"
4821,4821,batch,"('W_Call after offers|suspend', 'W_Call after offers|ate_abort')","('batch', ('W_Call after offers|suspend', 'W_Call after offers|ate_abort'))",24,"(241, 245)"
4822,4822,batch,"('W_Call incomplete files|suspend', 'W_Call incomplete files|ate_abort')","('batch', ('W_Call incomplete files|suspend', 'W_Call incomplete files|ate_abort'))",52,"(242, 243)"
4823,4823,batch,"('W_Call incomplete files|suspend', 'W_Call incomplete files|resume')","('batch', ('W_Call incomplete files|suspend', 'W_Call incomplete files|resume'))",10,"(242, 245)"
4824,4824,batch,"('W_Call after offers|suspend', 'W_Call after offers|resume')","('batch', ('W_Call after offers|suspend', 'W_Call after offers|resume'))",117,"(242, 246)"
4825,4825,batch,"('W_Call incomplete files|suspend', 'W_Call incomplete files|ate_abort')","('batch', ('W_Call incomplete files|suspend', 'W_Call incomplete files|ate_abort'))",32,"(243, 244)"
4826,4826,batch,"('W_Call after offers|suspend', 'W_Call after offers|resume')","('batch', ('W_Call after offers|suspend', 'W_Call after offers|resume'))",116,"(243, 248)"
4827,4827,delay,"('W_Validate application|suspend', 'W_Validate application|ate_abort')","('delay', ('W_Validate application|suspend', 'W_Validate application|ate_abort'))","(5, 15)","(243, 248)"
4828,4828,batch,"('W_Call incomplete files|suspend', 'W_Call incomplete files|resume')","('batch', ('W_Call incomplete files|suspend', 'W_Call incomplete files|resume'))",12,"(243, 251)"
4829,4829,batch,"('W_Validate application|suspend', 'W_Validate application|ate_abort')","('batch', ('W_Validate application|suspend', 'W_Validate application|ate_abort'))",23,"(244, 245)"
4830,4830,batch,"('W_Call incomplete files|suspend', 'W_Call incomplete files|resume')","('batch', ('W_Call incomplete files|suspend', 'W_Call incomplete files|resume'))",77,"(244, 245)"
4831,4831,batch,"('W_Call after offers|suspend', 'W_Call after offers|resume')","('batch', ('W_Call after offers|suspend', 'W_Call after offers|resume'))",99,"(244, 248)"
4832,4832,batch,"('W_Validate application|suspend', 'W_Validate application|ate_abort')","('batch', ('W_Validate application|suspend', 'W_Validate application|ate_abort'))",26,"(244, 248)"
4833,4833,delay,"('A_Concept', 'W_Complete application|start')","('delay', ('A_Concept', 'W_Complete application|start'))","(4, 13)","(244, 248)"
4834,4834,delay,"('W_Validate application|suspend', 'W_Validate application|ate_abort')","('delay', ('W_Validate application|suspend', 'W_Validate application|ate_abort'))","(6, 11)","(244, 250)"
4835,4835,batch,"('W_Call incomplete files|suspend', 'W_Call incomplete files|resume')","('batch', ('W_Call incomplete files|suspend', 'W_Call incomplete files|resume'))",84,"(245, 246)"
4836,4836,batch,"('W_Call incomplete files|suspend', 'W_Call incomplete files|resume')","('batch', ('W_Call incomplete files|suspend', 'W_Call incomplete files|resume'))",22,"(245, 248)"
4837,4837,delay,"('A_Concept', 'W_Complete application|start')","('delay', ('A_Concept', 'W_Complete application|start'))","(3, 23)","(245, 248)"
4838,4838,batch,"('W_Call after offers|suspend', 'W_Call after offers|resume')","('batch', ('W_Call after offers|suspend', 'W_Call after offers|resume'))",103,"(245, 249)"
4839,4839,delay,"('A_Concept', 'W_Complete application|start')","('delay', ('A_Concept', 'W_Complete application|start'))","(4, 21)","(245, 249)"
4840,4840,delay,"('W_Validate application|suspend', 'W_Validate application|ate_abort')","('delay', ('W_Validate application|suspend', 'W_Validate application|ate_abort'))","(5, 10)","(245, 250)"
4841,4841,batch,"('W_Call after offers|suspend', 'W_Call after offers|ate_abort')","('batch', ('W_Call after offers|suspend', 'W_Call after offers|ate_abort'))",17,"(246, 248)"
4842,4842,batch,"('W_Call incomplete files|suspend', 'W_Call incomplete files|ate_abort')","('batch', ('W_Call incomplete files|suspend', 'W_Call incomplete files|ate_abort'))",22,"(246, 248)"
4843,4843,delay,"('A_Concept', 'W_Complete application|start')","('delay', ('A_Concept', 'W_Complete application|start'))","(3, 11)","(246, 249)"
4844,4844,delay,"('A_Concept', 'W_Complete application|start')","('delay', ('A_Concept', 'W_Complete application|start'))","(4, 30)","(246, 250)"
4845,4845,delay,"('A_Concept', 'W_Complete application|start')","('delay', ('A_Concept', 'W_Complete application|start'))","(3, 31)","(247, 250)"
4846,4846,batch,"('W_Call after offers|suspend', 'W_Call after offers|ate_abort')","('batch', ('W_Call after offers|suspend', 'W_Call after offers|ate_abort'))",25,"(248, 249)"
4847,4847,batch,"('W_Validate application|suspend', 'W_Validate application|ate_abort')","('batch', ('W_Validate application|suspend', 'W_Validate application|ate_abort'))",33,"(248, 249)"
4848,4848,batch,"('W_Call incomplete files|suspend', 'W_Call incomplete files|resume')","('batch', ('W_Call incomplete files|suspend', 'W_Call incomplete files|resume'))",44,"(248, 249)"
4849,4849,batch,"('W_Call incomplete files|suspend', 'W_Call incomplete files|ate_abort')","('batch', ('W_Call incomplete files|suspend', 'W_Call incomplete files|ate_abort'))",33,"(248, 249)"
4850,4850,batch,"('W_Call after offers|suspend', 'W_Call after offers|ate_abort')","('batch', ('W_Call after offers|suspend', 'W_Call after offers|ate_abort'))",42,"(248, 250)"
4851,4851,batch,"('W_Call after offers|suspend', 'W_Call after offers|ate_abort')","('batch', ('W_Call after offers|suspend', 'W_Call after offers|ate_abort'))",26,"(248, 251)"
4852,4852,delay,"('A_Concept', 'W_Complete application|start')","('delay', ('A_Concept', 'W_Complete application|start'))","(3, 28)","(248, 251)"
4853,4853,batch,"('W_Call after offers|suspend', 'W_Call after offers|ate_abort')","('batch', ('W_Call after offers|suspend', 'W_Call after offers|ate_abort'))",25,"(248, 252)"
4854,4854,batch,"('W_Call incomplete files|suspend', 'W_Call incomplete files|resume')","('batch', ('W_Call incomplete files|suspend', 'W_Call incomplete files|resume'))",73,"(249, 250)"
4855,4855,batch,"('W_Call incomplete files|suspend', 'W_Call incomplete files|ate_abort')","('batch', ('W_Call incomplete files|suspend', 'W_Call incomplete files|ate_abort'))",31,"(249, 250)"
4856,4856,batch,"('A_Concept', 'W_Complete application|start')","('batch', ('A_Concept', 'W_Complete application|start'))",42,"(249, 251)"
4857,4857,batch,"('W_Call after offers|suspend', 'W_Call after offers|ate_abort')","('batch', ('W_Call after offers|suspend', 'W_Call after offers|ate_abort'))",17,"(249, 251)"
4858,4858,batch,"('W_Validate application|suspend', 'W_Validate application|ate_abort')","('batch', ('W_Validate application|suspend', 'W_Validate application|ate_abort'))",27,"(249, 251)"
4859,4859,batch,"('W_Call incomplete files|suspend', 'W_Call incomplete files|resume')","('batch', ('W_Call incomplete files|suspend', 'W_Call incomplete files|resume'))",12,"(249, 251)"
4860,4860,batch,"('A_Concept', 'W_Complete application|start')","('batch', ('A_Concept', 'W_Complete application|start'))",41,"(250, 251)"
4861,4861,batch,"('W_Call incomplete files|suspend', 'W_Call incomplete files|resume')","('batch', ('W_Call incomplete files|suspend', 'W_Call incomplete files|resume'))",66,"(250, 251)"
4862,4862,batch,"('W_Call incomplete files|suspend', 'W_Call incomplete files|ate_abort')","('batch', ('W_Call incomplete files|suspend', 'W_Call incomplete files|ate_abort'))",36,"(250, 251)"
4863,4863,batch,"('W_Validate application|suspend', 'W_Validate application|ate_abort')","('batch', ('W_Validate application|suspend', 'W_Validate application|ate_abort'))",26,"(250, 252)"
4864,4864,batch,"('W_Validate application|suspend', 'W_Validate application|ate_abort')","('batch', ('W_Validate application|suspend', 'W_Validate application|ate_abort'))",30,"(250, 255)"
4865,4865,delay,"('W_Validate application|suspend', 'W_Validate application|ate_abort')","('delay', ('W_Validate application|suspend', 'W_Validate application|ate_abort'))","(5, 30)","(250, 255)"
4866,4866,batch,"('W_Call incomplete files|suspend', 'W_Call incomplete files|resume')","('batch', ('W_Call incomplete files|suspend', 'W_Call incomplete files|resume'))",27,"(251, 252)"
4867,4867,batch,"('W_Call incomplete files|suspend', 'W_Call incomplete files|ate_abort')","('batch', ('W_Call incomplete files|suspend', 'W_Call incomplete files|ate_abort'))",57,"(251, 252)"
4868,4868,batch,"('W_Call incomplete files|suspend', 'W_Call incomplete files|resume')","('batch', ('W_Call incomplete files|suspend', 'W_Call incomplete files|resume'))",14,"(251, 253)"
4869,4869,batch,"('W_Call after offers|suspend', 'W_Call after offers|resume')","('batch', ('W_Call after offers|suspend', 'W_Call after offers|resume'))",151,"(251, 256)"
4870,4870,delay,"('W_Validate application|suspend', 'W_Validate application|resume')","('delay', ('W_Validate application|suspend', 'W_Validate application|resume'))","(5, 17)","(251, 256)"
4871,4871,delay,"('W_Complete application|suspend', 'W_Complete application|resume')","('delay', ('W_Complete application|suspend', 'W_Complete application|resume'))","(7, 10)","(251, 258)"
4872,4872,batch,"('A_Concept', 'W_Complete application|start')","('batch', ('A_Concept', 'W_Complete application|start'))",40,"(252, 253)"
4873,4873,batch,"('W_Call incomplete files|suspend', 'W_Call incomplete files|resume')","('batch', ('W_Call incomplete files|suspend', 'W_Call incomplete files|resume'))",52,"(252, 253)"
4874,4874,batch,"('W_Call incomplete files|suspend', 'W_Call incomplete files|resume')","('batch', ('W_Call incomplete files|suspend', 'W_Call incomplete files|resume'))",12,"(252, 255)"
4875,4875,batch,"('W_Call after offers|suspend', 'W_Call after offers|resume')","('batch', ('W_Call after offers|suspend', 'W_Call after offers|resume'))",115,"(252, 256)"
4876,4876,batch,"('W_Validate application|suspend', 'W_Validate application|ate_abort')","('batch', ('W_Validate application|suspend', 'W_Validate application|ate_abort'))",34,"(252, 256)"
4877,4877,batch,"('W_Call after offers|suspend', 'W_Call after offers|ate_abort')","('batch', ('W_Call after offers|suspend', 'W_Call after offers|ate_abort'))",22,"(253, 255)"
4878,4878,batch,"('W_Call incomplete files|suspend', 'W_Call incomplete files|resume')","('batch', ('W_Call incomplete files|suspend', 'W_Call incomplete files|resume'))",12,"(253, 255)"
4879,4879,batch,"('W_Call incomplete files|suspend', 'W_Call incomplete files|ate_abort')","('batch', ('W_Call incomplete files|suspend', 'W_Call incomplete files|ate_abort'))",25,"(253, 255)"
4880,4880,batch,"('W_Call after offers|suspend', 'W_Call after offers|ate_abort')","('batch', ('W_Call after offers|suspend', 'W_Call after offers|ate_abort'))",24,"(253, 257)"
4881,4881,batch,"('A_Concept', 'W_Complete application|start')","('batch', ('A_Concept', 'W_Complete application|start'))",47,"(255, 256)"
4882,4882,batch,"('W_Call incomplete files|suspend', 'W_Call incomplete files|ate_abort')","('batch', ('W_Call incomplete files|suspend', 'W_Call incomplete files|ate_abort'))",34,"(255, 256)"
4883,4883,batch,"('W_Complete application|suspend', 'W_Complete application|resume')","('batch', ('W_Complete application|suspend', 'W_Complete application|resume'))",32,"(255, 256)"
4884,4884,batch,"('W_Call after offers|suspend', 'W_Call after offers|ate_abort')","('batch', ('W_Call after offers|suspend', 'W_Call after offers|ate_abort'))",24,"(255, 257)"
4885,4885,batch,"('W_Validate application|suspend', 'W_Validate application|ate_abort')","('batch', ('W_Validate application|suspend', 'W_Validate application|ate_abort'))",31,"(255, 257)"
4886,4886,batch,"('W_Call incomplete files|suspend', 'W_Call incomplete files|resume')","('batch', ('W_Call incomplete files|suspend', 'W_Call incomplete files|resume'))",10,"(255, 257)"
4887,4887,batch,"('W_Call incomplete files|suspend', 'W_Call incomplete files|ate_abort')","('batch', ('W_Call incomplete files|suspend', 'W_Call incomplete files|ate_abort'))",18,"(255, 257)"
4888,4888,batch,"('W_Call after offers|suspend', 'W_Call after offers|ate_abort')","('batch', ('W_Call after offers|suspend', 'W_Call after offers|ate_abort'))",63,"(256, 257)"
4889,4889,batch,"('W_Call incomplete files|suspend', 'W_Call incomplete files|ate_abort')","('batch', ('W_Call incomplete files|suspend', 'W_Call incomplete files|ate_abort'))",39,"(256, 257)"
4890,4890,batch,"('W_Complete application|suspend', 'W_Complete application|resume')","('batch', ('W_Complete application|suspend', 'W_Complete application|resume'))",21,"(256, 257)"
4891,4891,batch,"('W_Call after offers|suspend', 'W_Call after offers|ate_abort')","('batch', ('W_Call after offers|suspend', 'W_Call after offers|ate_abort'))",33,"(256, 258)"
4892,4892,batch,"('W_Call after offers|suspend', 'W_Call after offers|ate_abort')","('batch', ('W_Call after offers|suspend', 'W_Call after offers|ate_abort'))",39,"(256, 259)"
4893,4893,batch,"('W_Call after offers|suspend', 'W_Call after offers|resume')","('batch', ('W_Call after offers|suspend', 'W_Call after offers|resume'))",118,"(256, 262)"
4894,4894,batch,"('W_Call after offers|suspend', 'W_Call after offers|ate_abort')","('batch', ('W_Call after offers|suspend', 'W_Call after offers|ate_abort'))",23,"(256, 262)"
4895,4895,batch,"('W_Validate application|suspend', 'W_Validate application|ate_abort')","('batch', ('W_Validate application|suspend', 'W_Validate application|ate_abort'))",22,"(257, 258)"
4896,4896,batch,"('W_Call incomplete files|suspend', 'W_Call incomplete files|resume')","('batch', ('W_Call incomplete files|suspend', 'W_Call incomplete files|resume'))",13,"(257, 258)"
4897,4897,batch,"('W_Call incomplete files|suspend', 'W_Call incomplete files|ate_abort')","('batch', ('W_Call incomplete files|suspend', 'W_Call incomplete files|ate_abort'))",45,"(257, 258)"
4898,4898,batch,"('W_Call after offers|suspend', 'W_Call after offers|ate_abort')","('batch', ('W_Call after offers|suspend', 'W_Call after offers|ate_abort'))",21,"(257, 259)"
4899,4899,batch,"('W_Validate application|suspend', 'W_Validate application|ate_abort')","('batch', ('W_Validate application|suspend', 'W_Validate application|ate_abort'))",22,"(257, 259)"
4900,4900,batch,"('W_Call after offers|suspend', 'W_Call after offers|resume')","('batch', ('W_Call after offers|suspend', 'W_Call after offers|resume'))",125,"(257, 262)"
4901,4901,batch,"('W_Validate application|suspend', 'W_Validate application|ate_abort')","('batch', ('W_Validate application|suspend', 'W_Validate application|ate_abort'))",24,"(257, 262)"
4902,4902,delay,"('W_Validate application|suspend', 'W_Validate application|ate_abort')","('delay', ('W_Validate application|suspend', 'W_Validate application|ate_abort'))","(5, 24)","(257, 262)"
4903,4903,delay,"('W_Validate application|suspend', 'W_Validate application|resume')","('delay', ('W_Validate application|suspend', 'W_Validate application|resume'))","(5, 19)","(257, 262)"
4904,4904,batch,"('W_Call incomplete files|suspend', 'W_Call incomplete files|resume')","('batch', ('W_Call incomplete files|suspend', 'W_Call incomplete files|resume'))",20,"(258, 259)"
4905,4905,batch,"('W_Call incomplete files|suspend', 'W_Call incomplete files|ate_abort')","('batch', ('W_Call incomplete files|suspend', 'W_Call incomplete files|ate_abort'))",32,"(258, 259)"
4906,4906,batch,"('W_Call incomplete files|suspend', 'W_Call incomplete files|resume')","('batch', ('W_Call incomplete files|suspend', 'W_Call incomplete files|resume'))",13,"(258, 260)"
4907,4907,batch,"('W_Call after offers|suspend', 'W_Call after offers|resume')","('batch', ('W_Call after offers|suspend', 'W_Call after offers|resume'))",114,"(258, 262)"
4908,4908,delay,"('W_Validate application|suspend', 'W_Validate application|ate_abort')","('delay', ('W_Validate application|suspend', 'W_Validate application|ate_abort'))","(5, 12)","(258, 263)"
4909,4909,batch,"('W_Call incomplete files|suspend', 'W_Call incomplete files|resume')","('batch', ('W_Call incomplete files|suspend', 'W_Call incomplete files|resume'))",37,"(259, 260)"
4910,4910,batch,"('W_Complete application|suspend', 'W_Complete application|resume')","('batch', ('W_Complete application|suspend', 'W_Complete application|resume'))",22,"(259, 260)"
4911,4911,batch,"('W_Validate application|suspend', 'W_Validate application|ate_abort')","('batch', ('W_Validate application|suspend', 'W_Validate application|ate_abort'))",31,"(259, 264)"
4912,4912,delay,"('W_Validate application|suspend', 'W_Validate application|ate_abort')","('delay', ('W_Validate application|suspend', 'W_Validate application|ate_abort'))","(5, 31)","(259, 264)"
4913,4913,delay,"('W_Validate application|suspend', 'W_Validate application|resume')","('delay', ('W_Validate application|suspend', 'W_Validate application|resume'))","(5, 22)","(259, 264)"
4914,4914,delay,"('W_Validate application|suspend', 'W_Validate application|ate_abort')","('delay', ('W_Validate application|suspend', 'W_Validate application|ate_abort'))","(6, 11)","(259, 265)"
4915,4915,batch,"('W_Call incomplete files|suspend', 'W_Call incomplete files|resume')","('batch', ('W_Call incomplete files|suspend', 'W_Call incomplete files|resume'))",11,"(260, 267)"
4916,4916,batch,"('A_Concept', 'W_Complete application|start')","('batch', ('A_Concept', 'W_Complete application|start'))",39,"(261, 262)"
4917,4917,batch,"('A_Concept', 'W_Complete application|start')","('batch', ('A_Concept', 'W_Complete application|start'))",65,"(262, 263)"
4918,4918,batch,"('W_Call after offers|suspend', 'W_Call after offers|ate_abort')","('batch', ('W_Call after offers|suspend', 'W_Call after offers|ate_abort'))",33,"(262, 263)"
4919,4919,batch,"('W_Validate application|suspend', 'W_Validate application|ate_abort')","('batch', ('W_Validate application|suspend', 'W_Validate application|ate_abort'))",23,"(262, 263)"
4920,4920,batch,"('W_Call incomplete files|suspend', 'W_Call incomplete files|ate_abort')","('batch', ('W_Call incomplete files|suspend', 'W_Call incomplete files|ate_abort'))",27,"(262, 263)"
4921,4921,batch,"('W_Complete application|suspend', 'W_Complete application|resume')","('batch', ('W_Complete application|suspend', 'W_Complete application|resume'))",36,"(262, 263)"
4922,4922,batch,"('W_Call after offers|suspend', 'W_Call after offers|ate_abort')","('batch', ('W_Call after offers|suspend', 'W_Call after offers|ate_abort'))",50,"(262, 264)"
4923,4923,batch,"('W_Call after offers|suspend', 'W_Call after offers|ate_abort')","('batch', ('W_Call after offers|suspend', 'W_Call after offers|ate_abort'))",33,"(262, 265)"
4924,4924,batch,"('W_Call after offers|suspend', 'W_Call after offers|resume')","('batch', ('W_Call after offers|suspend', 'W_Call after offers|resume'))",120,"(262, 266)"
4925,4925,batch,"('W_Call after offers|suspend', 'W_Call after offers|ate_abort')","('batch', ('W_Call after offers|suspend', 'W_Call after offers|ate_abort'))",18,"(262, 269)"
4926,4926,delay,"('W_Validate application|suspend', 'W_Validate application|resume')","('delay', ('W_Validate application|suspend', 'W_Validate application|resume'))","(7, 15)","(262, 269)"
4927,4927,batch,"('A_Concept', 'W_Complete application|start')","('batch', ('A_Concept', 'W_Complete application|start'))",50,"(263, 264)"
4928,4928,batch,"('W_Call after offers|suspend', 'W_Call after offers|ate_abort')","('batch', ('W_Call after offers|suspend', 'W_Call after offers|ate_abort'))",25,"(263, 264)"
4929,4929,batch,"('W_Call incomplete files|suspend', 'W_Call incomplete files|ate_abort')","('batch', ('W_Call incomplete files|suspend', 'W_Call incomplete files|ate_abort'))",20,"(263, 264)"
4930,4930,batch,"('W_Complete application|suspend', 'W_Complete application|resume')","('batch', ('W_Complete application|suspend', 'W_Complete application|resume'))",25,"(263, 264)"
4931,4931,batch,"('W_Call incomplete files|suspend', 'W_Call incomplete files|resume')","('batch', ('W_Call incomplete files|suspend', 'W_Call incomplete files|resume'))",10,"(263, 265)"
4932,4932,batch,"('W_Call after offers|suspend', 'W_Call after offers|resume')","('batch', ('W_Call after offers|suspend', 'W_Call after offers|resume'))",136,"(263, 267)"
4933,4933,delay,"('W_Validate application|suspend', 'W_Validate application|resume')","('delay', ('W_Validate application|suspend', 'W_Validate application|resume'))","(7, 11)","(263, 270)"
4934,4934,batch,"('A_Concept', 'W_Complete application|start')","('batch', ('A_Concept', 'W_Complete application|start'))",43,"(264, 265)"
4935,4935,batch,"('W_Call incomplete files|suspend', 'W_Call incomplete files|ate_abort')","('batch', ('W_Call incomplete files|suspend', 'W_Call incomplete files|ate_abort'))",32,"(264, 265)"
4936,4936,batch,"('W_Call incomplete files|suspend', 'W_Call incomplete files|resume')","('batch', ('W_Call incomplete files|suspend', 'W_Call incomplete files|resume'))",12,"(264, 266)"
4937,4937,batch,"('W_Call incomplete files|suspend', 'W_Call incomplete files|ate_abort')","('batch', ('W_Call incomplete files|suspend', 'W_Call incomplete files|ate_abort'))",18,"(264, 266)"
4938,4938,batch,"('W_Call after offers|suspend', 'W_Call after offers|resume')","('batch', ('W_Call after offers|suspend', 'W_Call after offers|resume'))",114,"(264, 269)"
4939,4939,delay,"('W_Validate application|suspend', 'W_Validate application|resume')","('delay', ('W_Validate application|suspend', 'W_Validate application|resume'))","(5, 12)","(264, 269)"
4940,4940,delay,"('W_Validate application|suspend', 'W_Validate application|resume')","('delay', ('W_Validate application|suspend', 'W_Validate application|resume'))","(6, 20)","(264, 270)"
4941,4941,delay,"('W_Validate application|suspend', 'W_Validate application|resume')","('delay', ('W_Validate application|suspend', 'W_Validate application|resume'))","(7, 12)","(264, 271)"
4942,4942,batch,"('W_Call incomplete files|suspend', 'W_Call incomplete files|ate_abort')","('batch', ('W_Call incomplete files|suspend', 'W_Call incomplete files|ate_abort'))",30,"(265, 266)"
4943,4943,batch,"('W_Call incomplete files|suspend', 'W_Call incomplete files|resume')","('batch', ('W_Call incomplete files|suspend', 'W_Call incomplete files|resume'))",12,"(265, 267)"
4944,4944,batch,"('W_Call after offers|suspend', 'W_Call after offers|resume')","('batch', ('W_Call after offers|suspend', 'W_Call after offers|resume'))",138,"(265, 269)"
4945,4945,delay,"('W_Validate application|suspend', 'W_Validate application|resume')","('delay', ('W_Validate application|suspend', 'W_Validate application|resume'))","(5, 14)","(265, 270)"
4946,4946,delay,"('W_Validate application|suspend', 'W_Validate application|ate_abort')","('delay', ('W_Validate application|suspend', 'W_Validate application|ate_abort'))","(7, 15)","(265, 272)"
4947,4947,delay,"('W_Validate application|suspend', 'W_Validate application|resume')","('delay', ('W_Validate application|suspend', 'W_Validate application|resume'))","(7, 21)","(265, 272)"
4948,4948,batch,"('A_Concept', 'W_Complete application|start')","('batch', ('A_Concept', 'W_Complete application|start'))",47,"(266, 267)"
4949,4949,batch,"('W_Call incomplete files|suspend', 'W_Call incomplete files|ate_abort')","('batch', ('W_Call incomplete files|suspend', 'W_Call incomplete files|ate_abort'))",28,"(266, 269)"
4950,4950,delay,"('W_Validate application|suspend', 'W_Validate application|resume')","('delay', ('W_Validate application|suspend', 'W_Validate application|resume'))","(7, 12)","(266, 273)"
4951,4951,batch,"('W_Call after offers|suspend', 'W_Call after offers|ate_abort')","('batch', ('W_Call after offers|suspend', 'W_Call after offers|ate_abort'))",19,"(267, 270)"
4952,4952,batch,"('W_Call after offers|suspend', 'W_Call after offers|ate_abort')","('batch', ('W_Call after offers|suspend', 'W_Call after offers|ate_abort'))",19,"(267, 271)"
4953,4953,batch,"('A_Concept', 'W_Complete application|start')","('batch', ('A_Concept', 'W_Complete application|start'))",43,"(269, 270)"
4954,4954,batch,"('W_Call incomplete files|suspend', 'W_Call incomplete files|ate_abort')","('batch', ('W_Call incomplete files|suspend', 'W_Call incomplete files|ate_abort'))",19,"(269, 270)"
4955,4955,batch,"('W_Complete application|suspend', 'W_Complete application|resume')","('batch', ('W_Complete application|suspend', 'W_Complete application|resume'))",50,"(269, 270)"
4956,4956,batch,"('W_Call after offers|suspend', 'W_Call after offers|ate_abort')","('batch', ('W_Call after offers|suspend', 'W_Call after offers|ate_abort'))",53,"(269, 271)"
4957,4957,batch,"('W_Call after offers|suspend', 'W_Call after offers|ate_abort')","('batch', ('W_Call after offers|suspend', 'W_Call after offers|ate_abort'))",21,"(269, 272)"
4958,4958,batch,"('W_Call after offers|suspend', 'W_Call after offers|resume')","('batch', ('W_Call after offers|suspend', 'W_Call after offers|resume'))",101,"(269, 273)"
4959,4959,batch,"('W_Call after offers|suspend', 'W_Call after offers|ate_abort')","('batch', ('W_Call after offers|suspend', 'W_Call after offers|ate_abort'))",19,"(269, 273)"
4960,4960,batch,"('W_Call incomplete files|suspend', 'W_Call incomplete files|resume')","('batch', ('W_Call incomplete files|suspend', 'W_Call incomplete files|resume'))",10,"(269, 276)"
4961,4961,batch,"('A_Concept', 'W_Complete application|start')","('batch', ('A_Concept', 'W_Complete application|start'))",66,"(270, 271)"
4962,4962,batch,"('W_Call incomplete files|suspend', 'W_Call incomplete files|ate_abort')","('batch', ('W_Call incomplete files|suspend', 'W_Call incomplete files|ate_abort'))",38,"(270, 271)"
4963,4963,batch,"('W_Complete application|suspend', 'W_Complete application|resume')","('batch', ('W_Complete application|suspend', 'W_Complete application|resume'))",23,"(270, 271)"
4964,4964,batch,"('W_Call after offers|suspend', 'W_Call after offers|resume')","('batch', ('W_Call after offers|suspend', 'W_Call after offers|resume'))",111,"(270, 274)"
4965,4965,batch,"('W_Call incomplete files|suspend', 'W_Call incomplete files|resume')","('batch', ('W_Call incomplete files|suspend', 'W_Call incomplete files|resume'))",10,"(271, 272)"
4966,4966,batch,"('W_Call incomplete files|suspend', 'W_Call incomplete files|ate_abort')","('batch', ('W_Call incomplete files|suspend', 'W_Call incomplete files|ate_abort'))",26,"(271, 272)"
4967,4967,batch,"('W_Complete application|suspend', 'W_Complete application|resume')","('batch', ('W_Complete application|suspend', 'W_Complete application|resume'))",33,"(271, 272)"
4968,4968,batch,"('W_Call after offers|suspend', 'W_Call after offers|ate_abort')","('batch', ('W_Call after offers|suspend', 'W_Call after offers|ate_abort'))",17,"(271, 273)"
4969,4969,batch,"('W_Call after offers|suspend', 'W_Call after offers|resume')","('batch', ('W_Call after offers|suspend', 'W_Call after offers|resume'))",117,"(271, 276)"
4970,4970,delay,"('W_Validate application|suspend', 'W_Validate application|resume')","('delay', ('W_Validate application|suspend', 'W_Validate application|resume'))","(5, 23)","(271, 276)"
4971,4971,batch,"('W_Call incomplete files|suspend', 'W_Call incomplete files|ate_abort')","('batch', ('W_Call incomplete files|suspend', 'W_Call incomplete files|ate_abort'))",23,"(272, 273)"
4972,4972,batch,"('W_Call after offers|suspend', 'W_Call after offers|resume')","('batch', ('W_Call after offers|suspend', 'W_Call after offers|resume'))",131,"(272, 276)"
4973,4973,delay,"('W_Validate application|suspend', 'W_Validate application|ate_abort')","('delay', ('W_Validate application|suspend', 'W_Validate application|ate_abort'))","(5, 11)","(272, 277)"
4974,4974,batch,"('W_Call incomplete files|suspend', 'W_Call incomplete files|ate_abort')","('batch', ('W_Call incomplete files|suspend', 'W_Call incomplete files|ate_abort'))",19,"(273, 274)"
4975,4975,batch,"('W_Call incomplete files|suspend', 'W_Call incomplete files|resume')","('batch', ('W_Call incomplete files|suspend', 'W_Call incomplete files|resume'))",16,"(273, 276)"
4976,4976,delay,"('W_Validate application|suspend', 'W_Validate application|ate_abort')","('delay', ('W_Validate application|suspend', 'W_Validate application|ate_abort'))","(5, 12)","(273, 278)"
4977,4977,batch,"('W_Call incomplete files|suspend', 'W_Call incomplete files|resume')","('batch', ('W_Call incomplete files|suspend', 'W_Call incomplete files|resume'))",10,"(273, 280)"
4978,4978,batch,"('W_Call after offers|suspend', 'W_Call after offers|ate_abort')","('batch', ('W_Call after offers|suspend', 'W_Call after offers|ate_abort'))",19,"(274, 276)"
4979,4979,batch,"('W_Call incomplete files|suspend', 'W_Call incomplete files|resume')","('batch', ('W_Call incomplete files|suspend', 'W_Call incomplete files|resume'))",30,"(275, 276)"
4980,4980,batch,"('A_Concept', 'W_Complete application|start')","('batch', ('A_Concept', 'W_Complete application|start'))",50,"(276, 277)"
4981,4981,batch,"('W_Call after offers|suspend', 'W_Call after offers|ate_abort')","('batch', ('W_Call after offers|suspend', 'W_Call after offers|ate_abort'))",21,"(276, 277)"
4982,4982,batch,"('W_Call incomplete files|suspend', 'W_Call incomplete files|resume')","('batch', ('W_Call incomplete files|suspend', 'W_Call incomplete files|resume'))",11,"(276, 277)"
4983,4983,batch,"('W_Call incomplete files|suspend', 'W_Call incomplete files|ate_abort')","('batch', ('W_Call incomplete files|suspend', 'W_Call incomplete files|ate_abort'))",37,"(276, 277)"
4984,4984,batch,"('W_Complete application|suspend', 'W_Complete application|resume')","('batch', ('W_Complete application|suspend', 'W_Complete application|resume'))",36,"(276, 277)"
4985,4985,batch,"('W_Call after offers|suspend', 'W_Call after offers|ate_abort')","('batch', ('W_Call after offers|suspend', 'W_Call after offers|ate_abort'))",50,"(276, 278)"
4986,4986,batch,"('W_Call after offers|suspend', 'W_Call after offers|ate_abort')","('batch', ('W_Call after offers|suspend', 'W_Call after offers|ate_abort'))",33,"(276, 279)"
4987,4987,batch,"('W_Call after offers|suspend', 'W_Call after offers|ate_abort')","('batch', ('W_Call after offers|suspend', 'W_Call after offers|ate_abort'))",38,"(276, 280)"
4988,4988,batch,"('A_Concept', 'W_Complete application|start')","('batch', ('A_Concept', 'W_Complete application|start'))",48,"(277, 278)"
4989,4989,batch,"('W_Call after offers|suspend', 'W_Call after offers|ate_abort')","('batch', ('W_Call after offers|suspend', 'W_Call after offers|ate_abort'))",17,"(277, 278)"
4990,4990,batch,"('W_Call incomplete files|suspend', 'W_Call incomplete files|ate_abort')","('batch', ('W_Call incomplete files|suspend', 'W_Call incomplete files|ate_abort'))",43,"(277, 278)"
4991,4991,batch,"('W_Validate application|suspend', 'W_Validate application|ate_abort')","('batch', ('W_Validate application|suspend', 'W_Validate application|ate_abort'))",24,"(277, 279)"
4992,4992,batch,"('W_Call after offers|suspend', 'W_Call after offers|resume')","('batch', ('W_Call after offers|suspend', 'W_Call after offers|resume'))",122,"(277, 281)"
4993,4993,batch,"('A_Concept', 'W_Complete application|start')","('batch', ('A_Concept', 'W_Complete application|start'))",50,"(278, 279)"
4994,4994,batch,"('W_Validate application|suspend', 'W_Validate application|ate_abort')","('batch', ('W_Validate application|suspend', 'W_Validate application|ate_abort'))",35,"(278, 279)"
4995,4995,batch,"('W_Call incomplete files|suspend', 'W_Call incomplete files|ate_abort')","('batch', ('W_Call incomplete files|suspend', 'W_Call incomplete files|ate_abort'))",30,"(278, 279)"
4996,4996,batch,"('W_Validate application|suspend', 'W_Validate application|ate_abort')","('batch', ('W_Validate application|suspend', 'W_Validate application|ate_abort'))",46,"(278, 280)"
4997,4997,batch,"('W_Call incomplete files|suspend', 'W_Call incomplete files|resume')","('batch', ('W_Call incomplete files|suspend', 'W_Call incomplete files|resume'))",20,"(278, 280)"
4998,4998,batch,"('A_Concept', 'W_Complete application|start')","('batch', ('A_Concept', 'W_Complete application|start'))",49,"(279, 280)"
4999,4999,batch,"('W_Call incomplete files|suspend', 'W_Call incomplete files|resume')","('batch', ('W_Call incomplete files|suspend', 'W_Call incomplete files|resume'))",56,"(279, 280)"
5000,5000,batch,"('W_Call incomplete files|suspend', 'W_Call incomplete files|ate_abort')","('batch', ('W_Call incomplete files|suspend', 'W_Call incomplete files|ate_abort'))",22,"(279, 280)"
5001,5001,batch,"('W_Call after offers|suspend', 'W_Call after offers|resume')","('batch', ('W_Call after offers|suspend', 'W_Call after offers|resume'))",96,"(279, 283)"
5002,5002,batch,"('W_Call incomplete files|suspend', 'W_Call incomplete files|resume')","('batch', ('W_Call incomplete files|suspend', 'W_Call incomplete files|resume'))",37,"(280, 281)"
5003,5003,batch,"('W_Call incomplete files|suspend', 'W_Call incomplete files|ate_abort')","('batch', ('W_Call incomplete files|suspend', 'W_Call incomplete files|ate_abort'))",18,"(280, 281)"
5004,5004,batch,"('W_Complete application|suspend', 'W_Complete application|resume')","('batch', ('W_Complete application|suspend', 'W_Complete application|resume'))",28,"(280, 281)"
5005,5005,batch,"('W_Call incomplete files|suspend', 'W_Call incomplete files|resume')","('batch', ('W_Call incomplete files|suspend', 'W_Call incomplete files|resume'))",20,"(280, 283)"
5006,5006,batch,"('W_Call incomplete files|suspend', 'W_Call incomplete files|ate_abort')","('batch', ('W_Call incomplete files|suspend', 'W_Call incomplete files|ate_abort'))",27,"(280, 283)"
5007,5007,delay,"('A_Concept', 'W_Complete application|start')","('delay', ('A_Concept', 'W_Complete application|start'))","(3, 25)","(280, 283)"
5008,5008,batch,"('W_Call after offers|suspend', 'W_Call after offers|resume')","('batch', ('W_Call after offers|suspend', 'W_Call after offers|resume'))",106,"(280, 284)"
5009,5009,batch,"('W_Call incomplete files|suspend', 'W_Call incomplete files|resume')","('batch', ('W_Call incomplete files|suspend', 'W_Call incomplete files|resume'))",10,"(280, 294)"
5010,5010,delay,"('W_Call incomplete files|suspend', 'W_Call incomplete files|resume')","('delay', ('W_Call incomplete files|suspend', 'W_Call incomplete files|resume'))","(14, 10)","(280, 294)"
5011,5011,batch,"('W_Call after offers|suspend', 'W_Call after offers|ate_abort')","('batch', ('W_Call after offers|suspend', 'W_Call after offers|ate_abort'))",25,"(281, 283)"
5012,5012,batch,"('W_Call incomplete files|suspend', 'W_Call incomplete files|ate_abort')","('batch', ('W_Call incomplete files|suspend', 'W_Call incomplete files|ate_abort'))",25,"(281, 283)"
5013,5013,batch,"('W_Call after offers|suspend', 'W_Call after offers|ate_abort')","('batch', ('W_Call after offers|suspend', 'W_Call after offers|ate_abort'))",32,"(281, 284)"
5014,5014,batch,"('W_Call after offers|suspend', 'W_Call after offers|ate_abort')","('batch', ('W_Call after offers|suspend', 'W_Call after offers|ate_abort'))",31,"(281, 285)"
5015,5015,batch,"('W_Call after offers|suspend', 'W_Call after offers|ate_abort')","('batch', ('W_Call after offers|suspend', 'W_Call after offers|ate_abort'))",18,"(281, 286)"
5016,5016,batch,"('W_Call incomplete files|suspend', 'W_Call incomplete files|resume')","('batch', ('W_Call incomplete files|suspend', 'W_Call incomplete files|resume'))",18,"(282, 283)"
5017,5017,batch,"('W_Call after offers|suspend', 'W_Call after offers|ate_abort')","('batch', ('W_Call after offers|suspend', 'W_Call after offers|ate_abort'))",19,"(283, 284)"
5018,5018,batch,"('W_Validate application|suspend', 'W_Validate application|ate_abort')","('batch', ('W_Validate application|suspend', 'W_Validate application|ate_abort'))",24,"(283, 284)"
5019,5019,batch,"('W_Call incomplete files|suspend', 'W_Call incomplete files|resume')","('batch', ('W_Call incomplete files|suspend', 'W_Call incomplete files|resume'))",11,"(283, 284)"
5020,5020,batch,"('W_Call incomplete files|suspend', 'W_Call incomplete files|ate_abort')","('batch', ('W_Call incomplete files|suspend', 'W_Call incomplete files|ate_abort'))",39,"(283, 284)"
5021,5021,batch,"('W_Complete application|suspend', 'W_Complete application|resume')","('batch', ('W_Complete application|suspend', 'W_Complete application|resume'))",23,"(283, 284)"
5022,5022,batch,"('W_Call after offers|suspend', 'W_Call after offers|ate_abort')","('batch', ('W_Call after offers|suspend', 'W_Call after offers|ate_abort'))",44,"(283, 285)"
5023,5023,batch,"('W_Call incomplete files|suspend', 'W_Call incomplete files|resume')","('batch', ('W_Call incomplete files|suspend', 'W_Call incomplete files|resume'))",10,"(283, 285)"
5024,5024,batch,"('W_Call after offers|suspend', 'W_Call after offers|ate_abort')","('batch', ('W_Call after offers|suspend', 'W_Call after offers|ate_abort'))",22,"(283, 286)"
5025,5025,batch,"('W_Call after offers|suspend', 'W_Call after offers|resume')","('batch', ('W_Call after offers|suspend', 'W_Call after offers|resume'))",102,"(283, 287)"
5026,5026,batch,"('W_Call incomplete files|suspend', 'W_Call incomplete files|resume')","('batch', ('W_Call incomplete files|suspend', 'W_Call incomplete files|resume'))",10,"(283, 290)"
5027,5027,batch,"('W_Call after offers|suspend', 'W_Call after offers|ate_abort')","('batch', ('W_Call after offers|suspend', 'W_Call after offers|ate_abort'))",25,"(284, 285)"
5028,5028,batch,"('W_Validate application|suspend', 'W_Validate application|ate_abort')","('batch', ('W_Validate application|suspend', 'W_Validate application|ate_abort'))",25,"(284, 285)"
5029,5029,batch,"('A_Concept', 'W_Complete application|start')","('batch', ('A_Concept', 'W_Complete application|start'))",51,"(284, 286)"
5030,5030,batch,"('W_Validate application|suspend', 'W_Validate application|ate_abort')","('batch', ('W_Validate application|suspend', 'W_Validate application|ate_abort'))",40,"(285, 286)"
5031,5031,batch,"('W_Call incomplete files|suspend', 'W_Call incomplete files|ate_abort')","('batch', ('W_Call incomplete files|suspend', 'W_Call incomplete files|ate_abort'))",28,"(285, 286)"
5032,5032,batch,"('W_Validate application|suspend', 'W_Validate application|resume')","('batch', ('W_Validate application|suspend', 'W_Validate application|resume'))",42,"(285, 286)"
5033,5033,batch,"('W_Call incomplete files|suspend', 'W_Call incomplete files|resume')","('batch', ('W_Call incomplete files|suspend', 'W_Call incomplete files|resume'))",11,"(285, 287)"
5034,5034,batch,"('W_Validate application|suspend', 'W_Validate application|ate_abort')","('batch', ('W_Validate application|suspend', 'W_Validate application|ate_abort'))",53,"(286, 287)"
5035,5035,batch,"('W_Call incomplete files|suspend', 'W_Call incomplete files|ate_abort')","('batch', ('W_Call incomplete files|suspend', 'W_Call incomplete files|ate_abort'))",22,"(286, 287)"
5036,5036,batch,"('W_Call after offers|suspend', 'W_Call after offers|resume')","('batch', ('W_Call after offers|suspend', 'W_Call after offers|resume'))",115,"(286, 291)"
5037,5037,batch,"('W_Call incomplete files|suspend', 'W_Call incomplete files|resume')","('batch', ('W_Call incomplete files|suspend', 'W_Call incomplete files|resume'))",36,"(287, 288)"
5038,5038,batch,"('W_Validate application|suspend', 'W_Validate application|ate_abort')","('batch', ('W_Validate application|suspend', 'W_Validate application|ate_abort'))",23,"(287, 290)"
5039,5039,batch,"('W_Call incomplete files|suspend', 'W_Call incomplete files|resume')","('batch', ('W_Call incomplete files|suspend', 'W_Call incomplete files|resume'))",27,"(287, 290)"
5040,5040,delay,"('A_Concept', 'W_Complete application|start')","('delay', ('A_Concept', 'W_Complete application|start'))","(3, 17)","(287, 290)"
5041,5041,batch,"('W_Call after offers|suspend', 'W_Call after offers|resume')","('batch', ('W_Call after offers|suspend', 'W_Call after offers|resume'))",96,"(287, 291)"
5042,5042,delay,"('A_Concept', 'W_Complete application|start')","('delay', ('A_Concept', 'W_Complete application|start'))","(4, 14)","(287, 291)"
5043,5043,batch,"('W_Call after offers|suspend', 'W_Call after offers|ate_abort')","('batch', ('W_Call after offers|suspend', 'W_Call after offers|ate_abort'))",18,"(287, 292)"
5044,5044,batch,"('W_Call incomplete files|suspend', 'W_Call incomplete files|resume')","('batch', ('W_Call incomplete files|suspend', 'W_Call incomplete files|resume'))",17,"(288, 290)"
5045,5045,delay,"('A_Concept', 'W_Complete application|start')","('delay', ('A_Concept', 'W_Complete application|start'))","(3, 21)","(288, 291)"
5046,5046,batch,"('W_Call after offers|suspend', 'W_Call after offers|ate_abort')","('batch', ('W_Call after offers|suspend', 'W_Call after offers|ate_abort'))",19,"(290, 291)"
5047,5047,batch,"('W_Validate application|suspend', 'W_Validate application|ate_abort')","('batch', ('W_Validate application|suspend', 'W_Validate application|ate_abort'))",31,"(290, 291)"
5048,5048,batch,"('W_Call incomplete files|suspend', 'W_Call incomplete files|ate_abort')","('batch', ('W_Call incomplete files|suspend', 'W_Call incomplete files|ate_abort'))",32,"(290, 291)"
5049,5049,batch,"('W_Call after offers|suspend', 'W_Call after offers|ate_abort')","('batch', ('W_Call after offers|suspend', 'W_Call after offers|ate_abort'))",33,"(290, 292)"
5050,5050,batch,"('W_Call after offers|suspend', 'W_Call after offers|ate_abort')","('batch', ('W_Call after offers|suspend', 'W_Call after offers|ate_abort'))",31,"(290, 294)"
5051,5051,batch,"('W_Call after offers|suspend', 'W_Call after offers|ate_abort')","('batch', ('W_Call after offers|suspend', 'W_Call after offers|ate_abort'))",39,"(291, 292)"
5052,5052,batch,"('W_Validate application|suspend', 'W_Validate application|ate_abort')","('batch', ('W_Validate application|suspend', 'W_Validate application|ate_abort'))",29,"(291, 292)"
5053,5053,batch,"('W_Call incomplete files|suspend', 'W_Call incomplete files|resume')","('batch', ('W_Call incomplete files|suspend', 'W_Call incomplete files|resume'))",24,"(291, 292)"
5054,5054,batch,"('W_Validate application|suspend', 'W_Validate application|resume')","('batch', ('W_Validate application|suspend', 'W_Validate application|resume'))",44,"(291, 292)"
5055,5055,batch,"('W_Call after offers|suspend', 'W_Call after offers|ate_abort')","('batch', ('W_Call after offers|suspend', 'W_Call after offers|ate_abort'))",20,"(291, 293)"
5056,5056,batch,"('W_Call after offers|suspend', 'W_Call after offers|ate_abort')","('batch', ('W_Call after offers|suspend', 'W_Call after offers|ate_abort'))",24,"(291, 294)"
5057,5057,batch,"('W_Call after offers|suspend', 'W_Call after offers|resume')","('batch', ('W_Call after offers|suspend', 'W_Call after offers|resume'))",115,"(291, 295)"
5058,5058,batch,"('W_Call after offers|suspend', 'W_Call after offers|ate_abort')","('batch', ('W_Call after offers|suspend', 'W_Call after offers|ate_abort'))",17,"(291, 299)"
5059,5059,batch,"('W_Validate application|suspend', 'W_Validate application|ate_abort')","('batch', ('W_Validate application|suspend', 'W_Validate application|ate_abort'))",35,"(292, 293)"
5060,5060,batch,"('W_Call incomplete files|suspend', 'W_Call incomplete files|resume')","('batch', ('W_Call incomplete files|suspend', 'W_Call incomplete files|resume'))",19,"(292, 293)"
5061,5061,batch,"('W_Call incomplete files|suspend', 'W_Call incomplete files|ate_abort')","('batch', ('W_Call incomplete files|suspend', 'W_Call incomplete files|ate_abort'))",35,"(292, 293)"
5062,5062,batch,"('W_Call incomplete files|suspend', 'W_Call incomplete files|resume')","('batch', ('W_Call incomplete files|suspend', 'W_Call incomplete files|resume'))",20,"(292, 294)"
5063,5063,batch,"('W_Call after offers|suspend', 'W_Call after offers|resume')","('batch', ('W_Call after offers|suspend', 'W_Call after offers|resume'))",134,"(292, 297)"
5064,5064,batch,"('W_Call incomplete files|suspend', 'W_Call incomplete files|ate_abort')","('batch', ('W_Call incomplete files|suspend', 'W_Call incomplete files|ate_abort'))",35,"(293, 294)"
5065,5065,batch,"('W_Call incomplete files|suspend', 'W_Call incomplete files|resume')","('batch', ('W_Call incomplete files|suspend', 'W_Call incomplete files|resume'))",10,"(293, 300)"
5066,5066,batch,"('W_Call incomplete files|suspend', 'W_Call incomplete files|resume')","('batch', ('W_Call incomplete files|suspend', 'W_Call incomplete files|resume'))",19,"(294, 297)"
5067,5067,batch,"('W_Call incomplete files|suspend', 'W_Call incomplete files|ate_abort')","('batch', ('W_Call incomplete files|suspend', 'W_Call incomplete files|ate_abort'))",24,"(294, 297)"
5068,5068,delay,"('A_Concept', 'W_Complete application|start')","('delay', ('A_Concept', 'W_Complete application|start'))","(3, 14)","(294, 297)"
5069,5069,batch,"('W_Call after offers|suspend', 'W_Call after offers|resume')","('batch', ('W_Call after offers|suspend', 'W_Call after offers|resume'))",107,"(294, 298)"
5070,5070,delay,"('A_Concept', 'W_Complete application|start')","('delay', ('A_Concept', 'W_Complete application|start'))","(4, 17)","(294, 298)"
5071,5071,delay,"('A_Concept', 'W_Complete application|start')","('delay', ('A_Concept', 'W_Complete application|start'))","(3, 11)","(295, 298)"
5072,5072,batch,"('W_Call after offers|suspend', 'W_Call after offers|ate_abort')","('batch', ('W_Call after offers|suspend', 'W_Call after offers|ate_abort'))",21,"(295, 299)"
5073,5073,batch,"('W_Call after offers|suspend', 'W_Call after offers|ate_abort')","('batch', ('W_Call after offers|suspend', 'W_Call after offers|ate_abort'))",31,"(297, 298)"
5074,5074,batch,"('W_Call incomplete files|suspend', 'W_Call incomplete files|ate_abort')","('batch', ('W_Call incomplete files|suspend', 'W_Call incomplete files|ate_abort'))",27,"(297, 298)"
5075,5075,batch,"('W_Call after offers|suspend', 'W_Call after offers|ate_abort')","('batch', ('W_Call after offers|suspend', 'W_Call after offers|ate_abort'))",41,"(297, 299)"
5076,5076,batch,"('W_Call incomplete files|suspend', 'W_Call incomplete files|resume')","('batch', ('W_Call incomplete files|suspend', 'W_Call incomplete files|resume'))",12,"(297, 299)"
5077,5077,batch,"('W_Call after offers|suspend', 'W_Call after offers|ate_abort')","('batch', ('W_Call after offers|suspend', 'W_Call after offers|ate_abort'))",20,"(297, 300)"
5078,5078,batch,"('W_Call after offers|suspend', 'W_Call after offers|resume')","('batch', ('W_Call after offers|suspend', 'W_Call after offers|resume'))",99,"(297, 301)"
5079,5079,batch,"('W_Call after offers|suspend', 'W_Call after offers|ate_abort')","('batch', ('W_Call after offers|suspend', 'W_Call after offers|ate_abort'))",20,"(297, 301)"
5080,5080,batch,"('A_Concept', 'W_Complete application|start')","('batch', ('A_Concept', 'W_Complete application|start'))",49,"(298, 299)"
5081,5081,batch,"('W_Validate application|suspend', 'W_Validate application|resume')","('batch', ('W_Validate application|suspend', 'W_Validate application|resume'))",36,"(298, 299)"
5082,5082,batch,"('W_Call after offers|suspend', 'W_Call after offers|ate_abort')","('batch', ('W_Call after offers|suspend', 'W_Call after offers|ate_abort'))",19,"(298, 300)"
5083,5083,batch,"('W_Call incomplete files|suspend', 'W_Call incomplete files|resume')","('batch', ('W_Call incomplete files|suspend', 'W_Call incomplete files|resume'))",10,"(298, 300)"
5084,5084,batch,"('W_Call after offers|suspend', 'W_Call after offers|ate_abort')","('batch', ('W_Call after offers|suspend', 'W_Call after offers|ate_abort'))",23,"(298, 301)"
5085,5085,batch,"('W_Call after offers|suspend', 'W_Call after offers|resume')","('batch', ('W_Call after offers|suspend', 'W_Call after offers|resume'))",163,"(298, 302)"
5086,5086,batch,"('A_Concept', 'W_Complete application|start')","('batch', ('A_Concept', 'W_Complete application|start'))",41,"(299, 300)"
5087,5087,batch,"('W_Call incomplete files|suspend', 'W_Call incomplete files|ate_abort')","('batch', ('W_Call incomplete files|suspend', 'W_Call incomplete files|ate_abort'))",42,"(299, 300)"
5088,5088,batch,"('W_Call after offers|suspend', 'W_Call after offers|resume')","('batch', ('W_Call after offers|suspend', 'W_Call after offers|resume'))",119,"(299, 304)"
5089,5089,batch,"('W_Call incomplete files|suspend', 'W_Call incomplete files|resume')","('batch', ('W_Call incomplete files|suspend', 'W_Call incomplete files|resume'))",23,"(300, 301)"
5090,5090,batch,"('W_Complete application|suspend', 'W_Complete application|resume')","('batch', ('W_Complete application|suspend', 'W_Complete application|resume'))",21,"(300, 301)"
5091,5091,batch,"('W_Complete application|suspend', 'W_Complete application|resume')","('batch', ('W_Complete application|suspend', 'W_Complete application|resume'))",23,"(301, 302)"
5092,5092,batch,"('W_Call incomplete files|suspend', 'W_Call incomplete files|resume')","('batch', ('W_Call incomplete files|suspend', 'W_Call incomplete files|resume'))",10,"(301, 304)"
5093,5093,batch,"('W_Call after offers|suspend', 'W_Call after offers|resume')","('batch', ('W_Call after offers|suspend', 'W_Call after offers|resume'))",97,"(301, 305)"
5094,5094,batch,"('W_Validate application|suspend', 'W_Validate application|ate_abort')","('batch', ('W_Validate application|suspend', 'W_Validate application|ate_abort'))",24,"(301, 305)"
5095,5095,batch,"('W_Call after offers|suspend', 'W_Call after offers|ate_abort')","('batch', ('W_Call after offers|suspend', 'W_Call after offers|ate_abort'))",25,"(302, 304)"
5096,5096,batch,"('W_Call after offers|suspend', 'W_Call after offers|ate_abort')","('batch', ('W_Call after offers|suspend', 'W_Call after offers|ate_abort'))",21,"(302, 305)"
5097,5097,batch,"('W_Call after offers|suspend', 'W_Call after offers|ate_abort')","('batch', ('W_Call after offers|suspend', 'W_Call after offers|ate_abort'))",21,"(302, 306)"
5098,5098,batch,"('W_Call after offers|suspend', 'W_Call after offers|ate_abort')","('batch', ('W_Call after offers|suspend', 'W_Call after offers|ate_abort'))",23,"(304, 305)"
5099,5099,batch,"('W_Validate application|suspend', 'W_Validate application|ate_abort')","('batch', ('W_Validate application|suspend', 'W_Validate application|ate_abort'))",23,"(304, 305)"
5100,5100,batch,"('W_Complete application|suspend', 'W_Complete application|resume')","('batch', ('W_Complete application|suspend', 'W_Complete application|resume'))",21,"(304, 305)"
5101,5101,batch,"('W_Call after offers|suspend', 'W_Call after offers|ate_abort')","('batch', ('W_Call after offers|suspend', 'W_Call after offers|ate_abort'))",44,"(304, 306)"
5102,5102,batch,"('W_Validate application|suspend', 'W_Validate application|ate_abort')","('batch', ('W_Validate application|suspend', 'W_Validate application|ate_abort'))",25,"(304, 306)"
5103,5103,batch,"('W_Call after offers|suspend', 'W_Call after offers|ate_abort')","('batch', ('W_Call after offers|suspend', 'W_Call after offers|ate_abort'))",24,"(304, 307)"
5104,5104,batch,"('W_Call after offers|suspend', 'W_Call after offers|resume')","('batch', ('W_Call after offers|suspend', 'W_Call after offers|resume'))",136,"(304, 308)"
5105,5105,batch,"('W_Call after offers|suspend', 'W_Call after offers|ate_abort')","('batch', ('W_Call after offers|suspend', 'W_Call after offers|ate_abort'))",20,"(304, 308)"
5106,5106,batch,"('W_Call after offers|suspend', 'W_Call after offers|ate_abort')","('batch', ('W_Call after offers|suspend', 'W_Call after offers|ate_abort'))",18,"(305, 306)"
5107,5107,batch,"('W_Validate application|suspend', 'W_Validate application|ate_abort')","('batch', ('W_Validate application|suspend', 'W_Validate application|ate_abort'))",33,"(305, 306)"
5108,5108,batch,"('W_Call after offers|suspend', 'W_Call after offers|resume')","('batch', ('W_Call after offers|suspend', 'W_Call after offers|resume'))",107,"(305, 309)"
5109,5109,batch,"('W_Validate application|suspend', 'W_Validate application|ate_abort')","('batch', ('W_Validate application|suspend', 'W_Validate application|ate_abort'))",36,"(306, 307)"
5110,5110,batch,"('W_Call incomplete files|suspend', 'W_Call incomplete files|resume')","('batch', ('W_Call incomplete files|suspend', 'W_Call incomplete files|resume'))",22,"(306, 307)"
5111,5111,batch,"('W_Call incomplete files|suspend', 'W_Call incomplete files|ate_abort')","('batch', ('W_Call incomplete files|suspend', 'W_Call incomplete files|ate_abort'))",25,"(306, 307)"
5112,5112,delay,"('W_Validate application|suspend', 'W_Validate application|resume')","('delay', ('W_Validate application|suspend', 'W_Validate application|resume'))","(5, 17)","(306, 311)"
5113,5113,batch,"('W_Validate application|suspend', 'W_Validate application|ate_abort')","('batch', ('W_Validate application|suspend', 'W_Validate application|ate_abort'))",22,"(307, 308)"
5114,5114,delay,"('W_Validate application|suspend', 'W_Validate application|ate_abort')","('delay', ('W_Validate application|suspend', 'W_Validate application|ate_abort'))","(5, 14)","(307, 312)"
5115,5115,delay,"('W_Validate application|suspend', 'W_Validate application|resume')","('delay', ('W_Validate application|suspend', 'W_Validate application|resume'))","(5, 18)","(307, 312)"
5116,5116,batch,"('W_Complete application|suspend', 'W_Complete application|resume')","('batch', ('W_Complete application|suspend', 'W_Complete application|resume'))",28,"(308, 309)"
5117,5117,batch,"('W_Call after offers|suspend', 'W_Call after offers|ate_abort')","('batch', ('W_Call after offers|suspend', 'W_Call after offers|ate_abort'))",22,"(308, 311)"
5118,5118,batch,"('W_Call after offers|suspend', 'W_Call after offers|resume')","('batch', ('W_Call after offers|suspend', 'W_Call after offers|resume'))",97,"(308, 312)"
5119,5119,delay,"('W_Validate application|suspend', 'W_Validate application|ate_abort')","('delay', ('W_Validate application|suspend', 'W_Validate application|ate_abort'))","(5, 12)","(308, 313)"
5120,5120,batch,"('W_Call after offers|suspend', 'W_Call after offers|ate_abort')","('batch', ('W_Call after offers|suspend', 'W_Call after offers|ate_abort'))",19,"(309, 311)"
5121,5121,batch,"('W_Validate application|suspend', 'W_Validate application|ate_abort')","('batch', ('W_Validate application|suspend', 'W_Validate application|ate_abort'))",28,"(311, 312)"
5122,5122,batch,"('W_Call incomplete files|suspend', 'W_Call incomplete files|resume')","('batch', ('W_Call incomplete files|suspend', 'W_Call incomplete files|resume'))",13,"(311, 312)"
5123,5123,batch,"('W_Call incomplete files|suspend', 'W_Call incomplete files|ate_abort')","('batch', ('W_Call incomplete files|suspend', 'W_Call incomplete files|ate_abort'))",25,"(311, 312)"
5124,5124,batch,"('W_Complete application|suspend', 'W_Complete application|resume')","('batch', ('W_Complete application|suspend', 'W_Complete application|resume'))",29,"(311, 312)"
5125,5125,batch,"('W_Call after offers|suspend', 'W_Call after offers|ate_abort')","('batch', ('W_Call after offers|suspend', 'W_Call after offers|ate_abort'))",33,"(311, 313)"
5126,5126,batch,"('W_Call incomplete files|suspend', 'W_Call incomplete files|resume')","('batch', ('W_Call incomplete files|suspend', 'W_Call incomplete files|resume'))",13,"(311, 313)"
5127,5127,batch,"('W_Call after offers|suspend', 'W_Call after offers|ate_abort')","('batch', ('W_Call after offers|suspend', 'W_Call after offers|ate_abort'))",24,"(311, 314)"
5128,5128,batch,"('W_Call after offers|suspend', 'W_Call after offers|resume')","('batch', ('W_Call after offers|suspend', 'W_Call after offers|resume'))",100,"(311, 315)"
5129,5129,batch,"('W_Call after offers|suspend', 'W_Call after offers|ate_abort')","('batch', ('W_Call after offers|suspend', 'W_Call after offers|ate_abort'))",21,"(311, 315)"
5130,5130,batch,"('W_Validate application|suspend', 'W_Validate application|ate_abort')","('batch', ('W_Validate application|suspend', 'W_Validate application|ate_abort'))",23,"(312, 313)"
5131,5131,batch,"('W_Call incomplete files|suspend', 'W_Call incomplete files|resume')","('batch', ('W_Call incomplete files|suspend', 'W_Call incomplete files|resume'))",10,"(312, 314)"
5132,5132,batch,"('W_Call after offers|suspend', 'W_Call after offers|resume')","('batch', ('W_Call after offers|suspend', 'W_Call after offers|resume'))",97,"(312, 316)"
5133,5133,batch,"('W_Call incomplete files|suspend', 'W_Call incomplete files|resume')","('batch', ('W_Call incomplete files|suspend', 'W_Call incomplete files|resume'))",25,"(313, 314)"
5134,5134,batch,"('W_Call incomplete files|suspend', 'W_Call incomplete files|ate_abort')","('batch', ('W_Call incomplete files|suspend', 'W_Call incomplete files|ate_abort'))",35,"(313, 314)"
5135,5135,batch,"('W_Complete application|suspend', 'W_Complete application|resume')","('batch', ('W_Complete application|suspend', 'W_Complete application|resume'))",28,"(313, 314)"
5136,5136,batch,"('W_Call after offers|suspend', 'W_Call after offers|ate_abort')","('batch', ('W_Call after offers|suspend', 'W_Call after offers|ate_abort'))",17,"(313, 315)"
5137,5137,batch,"('W_Call after offers|suspend', 'W_Call after offers|resume')","('batch', ('W_Call after offers|suspend', 'W_Call after offers|resume'))",102,"(313, 318)"
5138,5138,delay,"('W_Validate application|suspend', 'W_Validate application|ate_abort')","('delay', ('W_Validate application|suspend', 'W_Validate application|ate_abort'))","(5, 18)","(313, 318)"
5139,5139,delay,"('W_Validate application|suspend', 'W_Validate application|resume')","('delay', ('W_Validate application|suspend', 'W_Validate application|resume'))","(5, 10)","(313, 318)"
5140,5140,batch,"('W_Validate application|suspend', 'W_Validate application|ate_abort')","('batch', ('W_Validate application|suspend', 'W_Validate application|ate_abort'))",24,"(314, 315)"
5141,5141,batch,"('W_Call incomplete files|suspend', 'W_Call incomplete files|resume')","('batch', ('W_Call incomplete files|suspend', 'W_Call incomplete files|resume'))",14,"(314, 315)"
5142,5142,batch,"('W_Call incomplete files|suspend', 'W_Call incomplete files|ate_abort')","('batch', ('W_Call incomplete files|suspend', 'W_Call incomplete files|ate_abort'))",18,"(314, 315)"
5143,5143,batch,"('W_Call incomplete files|suspend', 'W_Call incomplete files|resume')","('batch', ('W_Call incomplete files|suspend', 'W_Call incomplete files|resume'))",10,"(314, 316)"
5144,5144,batch,"('W_Call incomplete files|suspend', 'W_Call incomplete files|resume')","('batch', ('W_Call incomplete files|suspend', 'W_Call incomplete files|resume'))",13,"(315, 316)"
5145,5145,batch,"('W_Call after offers|suspend', 'W_Call after offers|ate_abort')","('batch', ('W_Call after offers|suspend', 'W_Call after offers|ate_abort'))",22,"(315, 318)"
5146,5146,batch,"('W_Call incomplete files|suspend', 'W_Call incomplete files|resume')","('batch', ('W_Call incomplete files|suspend', 'W_Call incomplete files|resume'))",15,"(315, 318)"
5147,5147,batch,"('W_Call incomplete files|suspend', 'W_Call incomplete files|ate_abort')","('batch', ('W_Call incomplete files|suspend', 'W_Call incomplete files|ate_abort'))",19,"(315, 318)"
5148,5148,delay,"('A_Concept', 'W_Complete application|start')","('delay', ('A_Concept', 'W_Complete application|start'))","(3, 26)","(315, 318)"
5149,5149,batch,"('W_Call after offers|suspend', 'W_Call after offers|ate_abort')","('batch', ('W_Call after offers|suspend', 'W_Call after offers|ate_abort'))",19,"(316, 318)"
5150,5150,batch,"('W_Call after offers|suspend', 'W_Call after offers|ate_abort')","('batch', ('W_Call after offers|suspend', 'W_Call after offers|ate_abort'))",23,"(318, 319)"
5151,5151,batch,"('W_Validate application|suspend', 'W_Validate application|ate_abort')","('batch', ('W_Validate application|suspend', 'W_Validate application|ate_abort'))",30,"(318, 319)"
5152,5152,batch,"('W_Call incomplete files|suspend', 'W_Call incomplete files|ate_abort')","('batch', ('W_Call incomplete files|suspend', 'W_Call incomplete files|ate_abort'))",35,"(318, 319)"
5153,5153,batch,"('W_Complete application|suspend', 'W_Complete application|resume')","('batch', ('W_Complete application|suspend', 'W_Complete application|resume'))",31,"(318, 319)"
5154,5154,batch,"('W_Validate application|suspend', 'W_Validate application|resume')","('batch', ('W_Validate application|suspend', 'W_Validate application|resume'))",41,"(318, 319)"
5155,5155,batch,"('W_Call after offers|suspend', 'W_Call after offers|ate_abort')","('batch', ('W_Call after offers|suspend', 'W_Call after offers|ate_abort'))",34,"(318, 320)"
5156,5156,batch,"('W_Call incomplete files|suspend', 'W_Call incomplete files|resume')","('batch', ('W_Call incomplete files|suspend', 'W_Call incomplete files|resume'))",10,"(318, 320)"
5157,5157,batch,"('W_Call after offers|suspend', 'W_Call after offers|ate_abort')","('batch', ('W_Call after offers|suspend', 'W_Call after offers|ate_abort'))",32,"(318, 321)"
5158,5158,batch,"('W_Call after offers|suspend', 'W_Call after offers|resume')","('batch', ('W_Call after offers|suspend', 'W_Call after offers|resume'))",104,"(318, 322)"
5159,5159,batch,"('W_Call after offers|suspend', 'W_Call after offers|ate_abort')","('batch', ('W_Call after offers|suspend', 'W_Call after offers|ate_abort'))",19,"(318, 322)"
5160,5160,batch,"('W_Validate application|suspend', 'W_Validate application|ate_abort')","('batch', ('W_Validate application|suspend', 'W_Validate application|ate_abort'))",22,"(319, 320)"
5161,5161,batch,"('W_Call incomplete files|suspend', 'W_Call incomplete files|resume')","('batch', ('W_Call incomplete files|suspend', 'W_Call incomplete files|resume'))",39,"(319, 320)"
5162,5162,batch,"('W_Call incomplete files|suspend', 'W_Call incomplete files|ate_abort')","('batch', ('W_Call incomplete files|suspend', 'W_Call incomplete files|ate_abort'))",19,"(319, 320)"
5163,5163,batch,"('W_Call after offers|suspend', 'W_Call after offers|ate_abort')","('batch', ('W_Call after offers|suspend', 'W_Call after offers|ate_abort'))",24,"(319, 322)"
5164,5164,batch,"('W_Call after offers|suspend', 'W_Call after offers|resume')","('batch', ('W_Call after offers|suspend', 'W_Call after offers|resume'))",100,"(319, 323)"
5165,5165,batch,"('W_Validate application|suspend', 'W_Validate application|ate_abort')","('batch', ('W_Validate application|suspend', 'W_Validate application|ate_abort'))",32,"(320, 321)"
5166,5166,batch,"('W_Call incomplete files|suspend', 'W_Call incomplete files|ate_abort')","('batch', ('W_Call incomplete files|suspend', 'W_Call incomplete files|ate_abort'))",32,"(320, 321)"
5167,5167,batch,"('W_Call incomplete files|suspend', 'W_Call incomplete files|resume')","('batch', ('W_Call incomplete files|suspend', 'W_Call incomplete files|resume'))",16,"(320, 322)"
5168,5168,delay,"('W_Validate application|suspend', 'W_Validate application|ate_abort')","('delay', ('W_Validate application|suspend', 'W_Validate application|ate_abort'))","(5, 10)","(320, 325)"
5169,5169,delay,"('W_Validate application|suspend', 'W_Validate application|resume')","('delay', ('W_Validate application|suspend', 'W_Validate application|resume'))","(5, 16)","(320, 325)"
5170,5170,batch,"('W_Validate application|suspend', 'W_Validate application|ate_abort')","('batch', ('W_Validate application|suspend', 'W_Validate application|ate_abort'))",26,"(321, 322)"
5171,5171,delay,"('W_Validate application|suspend', 'W_Validate application|resume')","('delay', ('W_Validate application|suspend', 'W_Validate application|resume'))","(5, 23)","(321, 326)"
5172,5172,batch,"('W_Call incomplete files|suspend', 'W_Call incomplete files|resume')","('batch', ('W_Call incomplete files|suspend', 'W_Call incomplete files|resume'))",17,"(322, 325)"
5173,5173,delay,"('A_Concept', 'W_Complete application|start')","('delay', ('A_Concept', 'W_Complete application|start'))","(3, 31)","(322, 325)"
5174,5174,batch,"('W_Call after offers|suspend', 'W_Call after offers|ate_abort')","('batch', ('W_Call after offers|suspend', 'W_Call after offers|ate_abort'))",18,"(322, 327)"
5175,5175,delay,"('W_Validate application|suspend', 'W_Validate application|ate_abort')","('delay', ('W_Validate application|suspend', 'W_Validate application|ate_abort'))","(5, 12)","(322, 327)"
5176,5176,delay,"('W_Validate application|suspend', 'W_Validate application|resume')","('delay', ('W_Validate application|suspend', 'W_Validate application|resume'))","(5, 11)","(322, 327)"
5177,5177,batch,"('W_Complete application|suspend', 'W_Complete application|resume')","('batch', ('W_Complete application|suspend', 'W_Complete application|resume'))",22,"(323, 325)"
5178,5178,batch,"('A_Concept', 'W_Complete application|start')","('batch', ('A_Concept', 'W_Complete application|start'))",42,"(325, 326)"
5179,5179,batch,"('W_Call incomplete files|suspend', 'W_Call incomplete files|resume')","('batch', ('W_Call incomplete files|suspend', 'W_Call incomplete files|resume'))",13,"(325, 326)"
5180,5180,batch,"('W_Complete application|suspend', 'W_Complete application|resume')","('batch', ('W_Complete application|suspend', 'W_Complete application|resume'))",29,"(325, 326)"
5181,5181,batch,"('W_Call after offers|suspend', 'W_Call after offers|ate_abort')","('batch', ('W_Call after offers|suspend', 'W_Call after offers|ate_abort'))",30,"(325, 327)"
5182,5182,batch,"('W_Call after offers|suspend', 'W_Call after offers|ate_abort')","('batch', ('W_Call after offers|suspend', 'W_Call after offers|ate_abort'))",140,"(325, 329)"
5183,5183,batch,"('W_Call incomplete files|suspend', 'W_Call incomplete files|resume')","('batch', ('W_Call incomplete files|suspend', 'W_Call incomplete files|resume'))",10,"(325, 332)"
5184,5184,batch,"('W_Call after offers|suspend', 'W_Call after offers|ate_abort')","('batch', ('W_Call after offers|suspend', 'W_Call after offers|ate_abort'))",105,"(326, 330)"
5185,5185,batch,"('W_Call incomplete files|suspend', 'W_Call incomplete files|resume')","('batch', ('W_Call incomplete files|suspend', 'W_Call incomplete files|resume'))",10,"(327, 328)"
5186,5186,batch,"('W_Call incomplete files|suspend', 'W_Call incomplete files|ate_abort')","('batch', ('W_Call incomplete files|suspend', 'W_Call incomplete files|ate_abort'))",21,"(327, 328)"
5187,5187,batch,"('W_Complete application|suspend', 'W_Complete application|resume')","('batch', ('W_Complete application|suspend', 'W_Complete application|resume'))",28,"(327, 328)"
5188,5188,batch,"('W_Call incomplete files|suspend', 'W_Call incomplete files|resume')","('batch', ('W_Call incomplete files|suspend', 'W_Call incomplete files|resume'))",14,"(327, 329)"
5189,5189,batch,"('W_Call after offers|suspend', 'W_Call after offers|ate_abort')","('batch', ('W_Call after offers|suspend', 'W_Call after offers|ate_abort'))",94,"(327, 331)"
5190,5190,batch,"('A_Concept', 'W_Complete application|start')","('batch', ('A_Concept', 'W_Complete application|start'))",41,"(328, 329)"
5191,5191,batch,"('W_Call incomplete files|suspend', 'W_Call incomplete files|ate_abort')","('batch', ('W_Call incomplete files|suspend', 'W_Call incomplete files|ate_abort'))",25,"(328, 329)"
5192,5192,batch,"('W_Call after offers|suspend', 'W_Call after offers|ate_abort')","('batch', ('W_Call after offers|suspend', 'W_Call after offers|ate_abort'))",88,"(328, 332)"
5193,5193,batch,"('W_Complete application|suspend', 'W_Complete application|resume')","('batch', ('W_Complete application|suspend', 'W_Complete application|resume'))",21,"(329, 330)"
5194,5194,batch,"('W_Call incomplete files|suspend', 'W_Call incomplete files|resume')","('batch', ('W_Call incomplete files|suspend', 'W_Call incomplete files|resume'))",11,"(329, 332)"
5195,5195,batch,"('W_Validate application|suspend', 'W_Validate application|resume')","('batch', ('W_Validate application|suspend', 'W_Validate application|resume'))",42,"(329, 332)"
5196,5196,batch,"('W_Call after offers|suspend', 'W_Call after offers|ate_abort')","('batch', ('W_Call after offers|suspend', 'W_Call after offers|ate_abort'))",87,"(329, 333)"
5197,5197,batch,"('W_Call after offers|suspend', 'W_Call after offers|ate_abort')","('batch', ('W_Call after offers|suspend', 'W_Call after offers|ate_abort'))",71,"(330, 334)"
5198,5198,batch,"('W_Validate application|suspend', 'W_Validate application|ate_abort')","('batch', ('W_Validate application|suspend', 'W_Validate application|ate_abort'))",24,"(332, 333)"
5199,5199,batch,"('W_Call incomplete files|suspend', 'W_Call incomplete files|ate_abort')","('batch', ('W_Call incomplete files|suspend', 'W_Call incomplete files|ate_abort'))",23,"(332, 333)"
5200,5200,batch,"('W_Call after offers|suspend', 'W_Call after offers|ate_abort')","('batch', ('W_Call after offers|suspend', 'W_Call after offers|ate_abort'))",121,"(332, 336)"
5201,5201,batch,"('W_Call incomplete files|suspend', 'W_Call incomplete files|resume')","('batch', ('W_Call incomplete files|suspend', 'W_Call incomplete files|resume'))",16,"(333, 334)"
5202,5202,batch,"('W_Call incomplete files|suspend', 'W_Call incomplete files|ate_abort')","('batch', ('W_Call incomplete files|suspend', 'W_Call incomplete files|ate_abort'))",18,"(333, 334)"
5203,5203,batch,"('W_Call after offers|suspend', 'W_Call after offers|ate_abort')","('batch', ('W_Call after offers|suspend', 'W_Call after offers|ate_abort'))",91,"(333, 337)"
5204,5204,batch,"('W_Call incomplete files|suspend', 'W_Call incomplete files|resume')","('batch', ('W_Call incomplete files|suspend', 'W_Call incomplete files|resume'))",10,"(333, 340)"
5205,5205,batch,"('W_Validate application|suspend', 'W_Validate application|ate_abort')","('batch', ('W_Validate application|suspend', 'W_Validate application|ate_abort'))",30,"(334, 335)"
5206,5206,batch,"('W_Call incomplete files|suspend', 'W_Call incomplete files|ate_abort')","('batch', ('W_Call incomplete files|suspend', 'W_Call incomplete files|ate_abort'))",20,"(334, 335)"
5207,5207,batch,"('W_Validate application|suspend', 'W_Validate application|ate_abort')","('batch', ('W_Validate application|suspend', 'W_Validate application|ate_abort'))",22,"(334, 336)"
5208,5208,batch,"('W_Call incomplete files|suspend', 'W_Call incomplete files|resume')","('batch', ('W_Call incomplete files|suspend', 'W_Call incomplete files|resume'))",11,"(334, 336)"
5209,5209,batch,"('W_Call after offers|suspend', 'W_Call after offers|ate_abort')","('batch', ('W_Call after offers|suspend', 'W_Call after offers|ate_abort'))",85,"(334, 338)"
5210,5210,batch,"('W_Validate application|suspend', 'W_Validate application|ate_abort')","('batch', ('W_Validate application|suspend', 'W_Validate application|ate_abort'))",28,"(335, 336)"
5211,5211,batch,"('W_Call incomplete files|suspend', 'W_Call incomplete files|ate_abort')","('batch', ('W_Call incomplete files|suspend', 'W_Call incomplete files|ate_abort'))",34,"(335, 336)"
5212,5212,batch,"('W_Call after offers|suspend', 'W_Call after offers|ate_abort')","('batch', ('W_Call after offers|suspend', 'W_Call after offers|ate_abort'))",95,"(335, 339)"
5213,5213,batch,"('W_Call incomplete files|suspend', 'W_Call incomplete files|resume')","('batch', ('W_Call incomplete files|suspend', 'W_Call incomplete files|resume'))",28,"(336, 337)"
5214,5214,batch,"('W_Complete application|suspend', 'W_Complete application|resume')","('batch', ('W_Complete application|suspend', 'W_Complete application|resume'))",22,"(336, 337)"
5215,5215,batch,"('W_Validate application|suspend', 'W_Validate application|ate_abort')","('batch', ('W_Validate application|suspend', 'W_Validate application|ate_abort'))",32,"(336, 339)"
5216,5216,batch,"('W_Call incomplete files|suspend', 'W_Call incomplete files|resume')","('batch', ('W_Call incomplete files|suspend', 'W_Call incomplete files|resume'))",11,"(336, 339)"
5217,5217,batch,"('W_Validate application|suspend', 'W_Validate application|resume')","('batch', ('W_Validate application|suspend', 'W_Validate application|resume'))",43,"(336, 339)"
5218,5218,batch,"('W_Call after offers|suspend', 'W_Call after offers|ate_abort')","('batch', ('W_Call after offers|suspend', 'W_Call after offers|ate_abort'))",68,"(336, 340)"
5219,5219,batch,"('W_Complete application|suspend', 'W_Complete application|resume')","('batch', ('W_Complete application|suspend', 'W_Complete application|resume'))",24,"(337, 339)"
5220,5220,batch,"('W_Call after offers|suspend', 'W_Call after offers|ate_abort')","('batch', ('W_Call after offers|suspend', 'W_Call after offers|ate_abort'))",51,"(337, 341)"
5221,5221,batch,"('A_Concept', 'W_Complete application|start')","('batch', ('A_Concept', 'W_Complete application|start'))",52,"(339, 340)"
5222,5222,batch,"('W_Validate application|suspend', 'W_Validate application|ate_abort')","('batch', ('W_Validate application|suspend', 'W_Validate application|ate_abort'))",55,"(339, 340)"
5223,5223,batch,"('W_Call incomplete files|suspend', 'W_Call incomplete files|ate_abort')","('batch', ('W_Call incomplete files|suspend', 'W_Call incomplete files|ate_abort'))",23,"(339, 340)"
5224,5224,batch,"('W_Complete application|suspend', 'W_Complete application|resume')","('batch', ('W_Complete application|suspend', 'W_Complete application|resume'))",24,"(339, 340)"
5225,5225,batch,"('W_Call after offers|suspend', 'W_Call after offers|ate_abort')","('batch', ('W_Call after offers|suspend', 'W_Call after offers|ate_abort'))",126,"(339, 343)"
5226,5226,batch,"('W_Validate application|suspend', 'W_Validate application|ate_abort')","('batch', ('W_Validate application|suspend', 'W_Validate application|ate_abort'))",48,"(340, 341)"
5227,5227,batch,"('W_Call incomplete files|suspend', 'W_Call incomplete files|ate_abort')","('batch', ('W_Call incomplete files|suspend', 'W_Call incomplete files|ate_abort'))",19,"(340, 341)"
5228,5228,batch,"('W_Validate application|suspend', 'W_Validate application|resume')","('batch', ('W_Validate application|suspend', 'W_Validate application|resume'))",36,"(340, 341)"
5229,5229,batch,"('W_Call after offers|suspend', 'W_Call after offers|ate_abort')","('batch', ('W_Call after offers|suspend', 'W_Call after offers|ate_abort'))",83,"(340, 344)"
5230,5230,batch,"('W_Validate application|suspend', 'W_Validate application|ate_abort')","('batch', ('W_Validate application|suspend', 'W_Validate application|ate_abort'))",43,"(341, 342)"
5231,5231,batch,"('W_Call incomplete files|suspend', 'W_Call incomplete files|resume')","('batch', ('W_Call incomplete files|suspend', 'W_Call incomplete files|resume'))",17,"(341, 342)"
5232,5232,batch,"('W_Validate application|suspend', 'W_Validate application|resume')","('batch', ('W_Validate application|suspend', 'W_Validate application|resume'))",49,"(341, 342)"
5233,5233,batch,"('W_Call incomplete files|suspend', 'W_Call incomplete files|resume')","('batch', ('W_Call incomplete files|suspend', 'W_Call incomplete files|resume'))",10,"(341, 343)"
5234,5234,batch,"('W_Call after offers|suspend', 'W_Call after offers|ate_abort')","('batch', ('W_Call after offers|suspend', 'W_Call after offers|ate_abort'))",84,"(341, 345)"
5235,5235,batch,"('W_Validate application|suspend', 'W_Validate application|ate_abort')","('batch', ('W_Validate application|suspend', 'W_Validate application|ate_abort'))",32,"(342, 343)"
5236,5236,batch,"('W_Call incomplete files|suspend', 'W_Call incomplete files|resume')","('batch', ('W_Call incomplete files|suspend', 'W_Call incomplete files|resume'))",30,"(342, 343)"
5237,5237,batch,"('W_Call incomplete files|suspend', 'W_Call incomplete files|ate_abort')","('batch', ('W_Call incomplete files|suspend', 'W_Call incomplete files|ate_abort'))",29,"(342, 343)"
5238,5238,batch,"('W_Complete application|suspend', 'W_Complete application|resume')","('batch', ('W_Complete application|suspend', 'W_Complete application|resume'))",30,"(342, 343)"
5239,5239,batch,"('W_Call after offers|suspend', 'W_Call after offers|ate_abort')","('batch', ('W_Call after offers|suspend', 'W_Call after offers|ate_abort'))",80,"(342, 346)"
5240,5240,batch,"('W_Call incomplete files|suspend', 'W_Call incomplete files|resume')","('batch', ('W_Call incomplete files|suspend', 'W_Call incomplete files|resume'))",33,"(343, 344)"
5241,5241,batch,"('W_Complete application|suspend', 'W_Complete application|resume')","('batch', ('W_Complete application|suspend', 'W_Complete application|resume'))",27,"(343, 344)"
5242,5242,batch,"('W_Validate application|suspend', 'W_Validate application|ate_abort')","('batch', ('W_Validate application|suspend', 'W_Validate application|ate_abort'))",27,"(343, 346)"
5243,5243,batch,"('W_Call incomplete files|suspend', 'W_Call incomplete files|resume')","('batch', ('W_Call incomplete files|suspend', 'W_Call incomplete files|resume'))",10,"(343, 346)"
5244,5244,batch,"('W_Call after offers|suspend', 'W_Call after offers|ate_abort')","('batch', ('W_Call after offers|suspend', 'W_Call after offers|ate_abort'))",81,"(343, 347)"
5245,5245,batch,"('W_Call incomplete files|suspend', 'W_Call incomplete files|resume')","('batch', ('W_Call incomplete files|suspend', 'W_Call incomplete files|resume'))",10,"(343, 348)"
5246,5246,batch,"('W_Complete application|suspend', 'W_Complete application|resume')","('batch', ('W_Complete application|suspend', 'W_Complete application|resume'))",22,"(344, 346)"
5247,5247,batch,"('W_Call after offers|suspend', 'W_Call after offers|ate_abort')","('batch', ('W_Call after offers|suspend', 'W_Call after offers|ate_abort'))",79,"(344, 348)"
5248,5248,batch,"('A_Concept', 'W_Complete application|start')","('batch', ('A_Concept', 'W_Complete application|start'))",41,"(345, 346)"
5249,5249,batch,"('W_Complete application|suspend', 'W_Complete application|resume')","('batch', ('W_Complete application|suspend', 'W_Complete application|resume'))",22,"(346, 347)"
5250,5250,batch,"('W_Call incomplete files|suspend', 'W_Call incomplete files|resume')","('batch', ('W_Call incomplete files|suspend', 'W_Call incomplete files|resume'))",10,"(346, 348)"
5251,5251,batch,"('W_Call after offers|suspend', 'W_Call after offers|ate_abort')","('batch', ('W_Call after offers|suspend', 'W_Call after offers|ate_abort'))",145,"(346, 350)"
5252,5252,batch,"('W_Call incomplete files|suspend', 'W_Call incomplete files|resume')","('batch', ('W_Call incomplete files|suspend', 'W_Call incomplete files|resume'))",14,"(347, 348)"
5253,5253,batch,"('W_Call after offers|suspend', 'W_Call after offers|ate_abort')","('batch', ('W_Call after offers|suspend', 'W_Call after offers|ate_abort'))",84,"(347, 351)"
5254,5254,batch,"('W_Validate application|suspend', 'W_Validate application|ate_abort')","('batch', ('W_Validate application|suspend', 'W_Validate application|ate_abort'))",27,"(348, 349)"
5255,5255,batch,"('W_Call incomplete files|suspend', 'W_Call incomplete files|resume')","('batch', ('W_Call incomplete files|suspend', 'W_Call incomplete files|resume'))",10,"(348, 350)"
5256,5256,batch,"('W_Call after offers|suspend', 'W_Call after offers|ate_abort')","('batch', ('W_Call after offers|suspend', 'W_Call after offers|ate_abort'))",96,"(348, 352)"
5257,5257,batch,"('W_Validate application|suspend', 'W_Validate application|ate_abort')","('batch', ('W_Validate application|suspend', 'W_Validate application|ate_abort'))",26,"(349, 350)"
5258,5258,batch,"('W_Call incomplete files|suspend', 'W_Call incomplete files|resume')","('batch', ('W_Call incomplete files|suspend', 'W_Call incomplete files|resume'))",14,"(349, 350)"
5259,5259,batch,"('W_Call after offers|suspend', 'W_Call after offers|ate_abort')","('batch', ('W_Call after offers|suspend', 'W_Call after offers|ate_abort'))",81,"(349, 353)"
5260,5260,batch,"('W_Validate application|suspend', 'W_Validate application|ate_abort')","('batch', ('W_Validate application|suspend', 'W_Validate application|ate_abort'))",33,"(350, 353)"
5261,5261,batch,"('W_Call after offers|suspend', 'W_Call after offers|ate_abort')","('batch', ('W_Call after offers|suspend', 'W_Call after offers|ate_abort'))",69,"(350, 354)"
5262,5262,batch,"('W_Call after offers|suspend', 'W_Call after offers|ate_abort')","('batch', ('W_Call after offers|suspend', 'W_Call after offers|ate_abort'))",30,"(351, 355)"
5263,5263,batch,"('W_Validate application|suspend', 'W_Validate application|ate_abort')","('batch', ('W_Validate application|suspend', 'W_Validate application|ate_abort'))",39,"(353, 354)"
5264,5264,batch,"('W_Call incomplete files|suspend', 'W_Call incomplete files|resume')","('batch', ('W_Call incomplete files|suspend', 'W_Call incomplete files|resume'))",13,"(353, 354)"
5265,5265,batch,"('W_Call incomplete files|suspend', 'W_Call incomplete files|ate_abort')","('batch', ('W_Call incomplete files|suspend', 'W_Call incomplete files|ate_abort'))",20,"(353, 354)"
5266,5266,batch,"('W_Call after offers|suspend', 'W_Call after offers|ate_abort')","('batch', ('W_Call after offers|suspend', 'W_Call after offers|ate_abort'))",107,"(353, 357)"
5267,5267,batch,"('W_Call after offers|schedule', 'W_Call after offers|start')","('batch', ('W_Call after offers|schedule', 'W_Call after offers|start'))",5,"(354, 355)"
5268,5268,batch,"('W_Validate application|suspend', 'W_Validate application|ate_abort')","('batch', ('W_Validate application|suspend', 'W_Validate application|ate_abort'))",29,"(354, 355)"
5269,5269,batch,"('W_Call incomplete files|suspend', 'W_Call incomplete files|ate_abort')","('batch', ('W_Call incomplete files|suspend', 'W_Call incomplete files|ate_abort'))",21,"(354, 355)"
5270,5270,batch,"('W_Call after offers|suspend', 'W_Call after offers|ate_abort')","('batch', ('W_Call after offers|suspend', 'W_Call after offers|ate_abort'))",75,"(354, 358)"
5271,5271,batch,"('W_Call after offers|suspend', 'W_Call after offers|ate_abort')","('batch', ('W_Call after offers|suspend', 'W_Call after offers|ate_abort'))",80,"(355, 359)"
5272,5272,batch,"('W_Call incomplete files|suspend', 'W_Call incomplete files|resume')","('batch', ('W_Call incomplete files|suspend', 'W_Call incomplete files|resume'))",13,"(355, 362)"
5273,5273,batch,"('W_Call incomplete files|suspend', 'W_Call incomplete files|ate_abort')","('batch', ('W_Call incomplete files|suspend', 'W_Call incomplete files|ate_abort'))",23,"(356, 357)"
5274,5274,batch,"('W_Call after offers|suspend', 'W_Call after offers|ate_abort')","('batch', ('W_Call after offers|suspend', 'W_Call after offers|ate_abort'))",59,"(356, 360)"
5275,5275,batch,"('W_Call after offers|suspend', 'W_Call after offers|ate_abort')","('batch', ('W_Call after offers|suspend', 'W_Call after offers|ate_abort'))",55,"(357, 361)"
5276,5276,batch,"('W_Call after offers|suspend', 'W_Call after offers|ate_abort')","('batch', ('W_Call after offers|suspend', 'W_Call after offers|ate_abort'))",25,"(358, 362)"
5277,5277,batch,"('W_Call after offers|suspend', 'W_Call after offers|ate_abort')","('batch', ('W_Call after offers|suspend', 'W_Call after offers|ate_abort'))",27,"(360, 364)"
5278,5278,batch,"('W_Call after offers|suspend', 'W_Call after offers|ate_abort')","('batch', ('W_Call after offers|suspend', 'W_Call after offers|ate_abort'))",93,"(361, 365)"
5279,5279,batch,"('W_Call incomplete files|suspend', 'W_Call incomplete files|ate_abort')","('batch', ('W_Call incomplete files|suspend', 'W_Call incomplete files|ate_abort'))",22,"(362, 363)"
5280,5280,batch,"('W_Call after offers|suspend', 'W_Call after offers|ate_abort')","('batch', ('W_Call after offers|suspend', 'W_Call after offers|ate_abort'))",87,"(362, 366)"
5281,5281,batch,"('A_Accepted', 'O_Create Offer')","('batch', ('A_Accepted', 'O_Create Offer'))",2,"(363, 364)"
5282,5282,batch,"('W_Complete application|suspend', 'W_Complete application|resume')","('batch', ('W_Complete application|suspend', 'W_Complete application|resume'))",40,"(363, 364)"
5283,5283,batch,"('W_Call after offers|suspend', 'W_Call after offers|ate_abort')","('batch', ('W_Call after offers|suspend', 'W_Call after offers|ate_abort'))",65,"(363, 367)"
5284,5284,batch,"('W_Validate application|suspend', 'W_Validate application|ate_abort')","('batch', ('W_Validate application|suspend', 'W_Validate application|ate_abort'))",40,"(364, 367)"
5285,5285,delay,"('A_Concept', 'W_Complete application|start')","('delay', ('A_Concept', 'W_Complete application|start'))","(3, 17)","(364, 367)"
5286,5286,batch,"('W_Call after offers|suspend', 'W_Call after offers|ate_abort')","('batch', ('W_Call after offers|suspend', 'W_Call after offers|ate_abort'))",87,"(364, 368)"
5287,5287,batch,"('W_Call after offers|suspend', 'W_Call after offers|ate_abort')","('batch', ('W_Call after offers|suspend', 'W_Call after offers|ate_abort'))",30,"(365, 369)"
5288,5288,batch,"('W_Call incomplete files|suspend', 'W_Call incomplete files|resume')","('batch', ('W_Call incomplete files|suspend', 'W_Call incomplete files|resume'))",38,"(367, 368)"
5289,5289,batch,"('W_Call incomplete files|suspend', 'W_Call incomplete files|ate_abort')","('batch', ('W_Call incomplete files|suspend', 'W_Call incomplete files|ate_abort'))",21,"(367, 368)"
5290,5290,batch,"('W_Call after offers|suspend', 'W_Call after offers|ate_abort')","('batch', ('W_Call after offers|suspend', 'W_Call after offers|ate_abort'))",37,"(367, 371)"
5291,5291,batch,"('W_Call incomplete files|suspend', 'W_Call incomplete files|resume')","('batch', ('W_Call incomplete files|suspend', 'W_Call incomplete files|resume'))",48,"(368, 369)"
5292,5292,batch,"('W_Call incomplete files|suspend', 'W_Call incomplete files|ate_abort')","('batch', ('W_Call incomplete files|suspend', 'W_Call incomplete files|ate_abort'))",21,"(368, 369)"
5293,5293,batch,"('W_Call incomplete files|suspend', 'W_Call incomplete files|ate_abort')","('batch', ('W_Call incomplete files|suspend', 'W_Call incomplete files|ate_abort'))",39,"(369, 370)"
5294,5294,batch,"('W_Validate application|suspend', 'W_Validate application|ate_abort')","('batch', ('W_Validate application|suspend', 'W_Validate application|ate_abort'))",25,"(370, 371)"
5295,5295,batch,"('W_Call incomplete files|suspend', 'W_Call incomplete files|resume')","('batch', ('W_Call incomplete files|suspend', 'W_Call incomplete files|resume'))",13,"(370, 371)"
5296,5296,batch,"('W_Call incomplete files|suspend', 'W_Call incomplete files|ate_abort')","('batch', ('W_Call incomplete files|suspend', 'W_Call incomplete files|ate_abort'))",26,"(370, 371)"
5297,5297,batch,"('W_Call incomplete files|suspend', 'W_Call incomplete files|resume')","('batch', ('W_Call incomplete files|suspend', 'W_Call incomplete files|resume'))",11,"(371, 372)"
